Ten_mat_hang,Thi_truong,Loai_gia,Don_vi,Loai_tien,Nguon,Ngay,Gia
Cà phê Robusta nhân xô,Lâm Đồng,Thương lái thu mua,Vnđ/Kg,VNĐ,CTV địa phương,2026-06-02,86200.0
Cà phê Robusta nhân xô,Lâm Đồng,Thương lái thu mua,Vnđ/Kg,VNĐ,CTV địa phương,2026-06-01,86800.0
Cà phê Robusta nhân xô,Đắk Lắk,Thương lái thu mua,Vnđ/Kg,VNĐ,CTV địa phương,2026-05-29,89033.0
Cà phê Robusta nhân xô,Gia Lai,Thương lái thu mua,Vnđ/Kg,VNĐ,CTV địa phương,2026-05-29,89033.0
Cà phê Robusta nhân xô,Lâm Đồng,Thương lái thu mua,Vnđ/Kg,VNĐ,CTV địa phương,2026-05-29,88600.0
Cà phê Robusta nhân xô,Đắk Lắk,Thương lái thu mua,Vnđ/Kg,VNĐ,CTV địa phương,2026-05-28,87633.0
Cà phê Robusta nhân xô,Gia Lai,Thương lái thu mua,Vnđ/Kg,VNĐ,CTV địa phương,2026-05-28,87633.0
Cà phê Robusta nhân xô,Lâm Đồng,Thương lái thu mua,Vnđ/Kg,VNĐ,CTV địa phương,2026-05-28,87200.0
Cà phê Robusta nhân xô,Quảng Ngãi,Thương lái thu mua,Vnđ/Kg,VNĐ,CTV địa phương,2026-05-28,87600.0
Cà phê Robusta nhân xô,Đắk Lắk,Thương lái thu mua,Vnđ/Kg,VNĐ,CTV địa phương,2026-05-27,88433.0
Cà phê Robusta nhân xô,Gia Lai,Thương lái thu mua,Vnđ/Kg,VNĐ,CTV địa phương,2026-05-27,88433.0
Cà phê Robusta nhân xô,Lâm Đồng,Thương lái thu mua,Vnđ/Kg,VNĐ,CTV địa phương,2026-05-27,88000.0
Cà phê Robusta nhân xô,Quảng Ngãi,Thương lái thu mua,Vnđ/Kg,VNĐ,CTV địa phương,2026-05-27,88400.0
Cà phê Robusta nhân xô,Đắk Lắk,Thương lái thu mua,Vnđ/Kg,VNĐ,CTV địa phương,2026-05-26,87733.0
Cà phê Robusta nhân xô,Gia Lai,Thương lái thu mua,Vnđ/Kg,VNĐ,CTV địa phương,2026-05-26,87733.0
Cà phê Robusta nhân xô,Lâm Đồng,Thương lái thu mua,Vnđ/Kg,VNĐ,CTV địa phương,2026-05-26,87300.0
Cà phê Robusta nhân xô,Quảng Ngãi,Thương lái thu mua,Vnđ/Kg,VNĐ,CTV địa phương,2026-05-26,87700.0
Cà phê Robusta nhân xô,Đắk Lắk,Thương lái thu mua,Vnđ/Kg,VNĐ,CTV địa phương,2026-05-25,87533.0
Cà phê Robusta nhân xô,Gia Lai,Thương lái thu mua,Vnđ/Kg,VNĐ,CTV địa phương,2026-05-25,87533.0
Cà phê Robusta nhân xô,Lâm Đồng,Thương lái thu mua,Vnđ/Kg,VNĐ,CTV địa phương,2026-05-25,87000.0
Cà phê Robusta nhân xô,Quảng Ngãi,Thương lái thu mua,Vnđ/Kg,VNĐ,CTV địa phương,2026-05-25,87500.0
Cà phê Robusta nhân xô,Đắk Lắk,Thương lái thu mua,Vnđ/Kg,VNĐ,CTV địa phương,2026-05-22,86633.0
Cà phê Robusta nhân xô,Gia Lai,Thương lái thu mua,Vnđ/Kg,VNĐ,CTV địa phương,2026-05-22,86633.0
Cà phê Robusta nhân xô,Lâm Đồng,Thương lái thu mua,Vnđ/Kg,VNĐ,CTV địa phương,2026-05-22,86200.0
Cà phê Robusta nhân xô,Đắk Lắk,Thương lái thu mua,Vnđ/Kg,VNĐ,CTV địa phương,2026-05-21,85933.0
Cà phê Robusta nhân xô,Gia Lai,Thương lái thu mua,Vnđ/Kg,VNĐ,CTV địa phương,2026-05-21,85933.0
Cà phê Robusta nhân xô,Lâm Đồng,Thương lái thu mua,Vnđ/Kg,VNĐ,CTV địa phương,2026-05-21,85500.0
Cà phê Robusta nhân xô,Quảng Ngãi,Thương lái thu mua,Vnđ/Kg,VNĐ,CTV địa phương,2026-05-21,85900.0
Cà phê Robusta nhân xô,Đắk Lắk,Thương lái thu mua,Vnđ/Kg,VNĐ,CTV địa phương,2026-05-20,86033.0
Cà phê Robusta nhân xô,Gia Lai,Thương lái thu mua,Vnđ/Kg,VNĐ,CTV địa phương,2026-05-20,86033.0
Cà phê Robusta nhân xô,Lâm Đồng,Thương lái thu mua,Vnđ/Kg,VNĐ,CTV địa phương,2026-05-20,85600.0
Cà phê Robusta nhân xô,Quảng Ngãi,Thương lái thu mua,Vnđ/Kg,VNĐ,CTV địa phương,2026-05-20,86000.0
Cà phê Robusta nhân xô,Đắk Lắk,Thương lái thu mua,Vnđ/Kg,VNĐ,CTV địa phương,2026-05-19,85233.0
Cà phê Robusta nhân xô,Gia Lai,Thương lái thu mua,Vnđ/Kg,VNĐ,CTV địa phương,2026-05-19,85233.0
Cà phê Robusta nhân xô,Lâm Đồng,Thương lái thu mua,Vnđ/Kg,VNĐ,CTV địa phương,2026-05-19,84800.0
Cà phê Robusta nhân xô,Quảng Ngãi,Thương lái thu mua,Vnđ/Kg,VNĐ,CTV địa phương,2026-05-19,85200.0
Cà phê Robusta nhân xô,Đắk Lắk,Thương lái thu mua,Vnđ/Kg,VNĐ,CTV địa phương,2026-05-18,86933.0
Cà phê Robusta nhân xô,Gia Lai,Thương lái thu mua,Vnđ/Kg,VNĐ,CTV địa phương,2026-05-18,86933.0
Cà phê Robusta nhân xô,Lâm Đồng,Thương lái thu mua,Vnđ/Kg,VNĐ,CTV địa phương,2026-05-18,86200.0
Cà phê Robusta nhân xô,Quảng Ngãi,Thương lái thu mua,Vnđ/Kg,VNĐ,CTV địa phương,2026-05-18,86900.0
Cà phê Robusta nhân xô,Đắk Lắk,Thương lái thu mua,Vnđ/Kg,VNĐ,CTV địa phương,2026-05-15,87633.0
Cà phê Robusta nhân xô,Gia Lai,Thương lái thu mua,Vnđ/Kg,VNĐ,CTV địa phương,2026-05-15,87633.0
Cà phê Robusta nhân xô,Lâm Đồng,Thương lái thu mua,Vnđ/Kg,VNĐ,CTV địa phương,2026-05-15,87100.0
Cà phê Robusta nhân xô,Đắk Lắk,Thương lái thu mua,Vnđ/Kg,VNĐ,CTV địa phương,2026-05-14,88833.0
Cà phê Robusta nhân xô,Gia Lai,Thương lái thu mua,Vnđ/Kg,VNĐ,CTV địa phương,2026-05-14,88833.0
Cà phê Robusta nhân xô,Lâm Đồng,Thương lái thu mua,Vnđ/Kg,VNĐ,CTV địa phương,2026-05-14,88300.0
Cà phê Robusta nhân xô,Quảng Ngãi,Thương lái thu mua,Vnđ/Kg,VNĐ,CTV địa phương,2026-05-14,88800.0
Cà phê Robusta nhân xô,Đắk Lắk,Thương lái thu mua,Vnđ/Kg,VNĐ,CTV địa phương,2026-05-13,87833.0
Cà phê Robusta nhân xô,Gia Lai,Thương lái thu mua,Vnđ/Kg,VNĐ,CTV địa phương,2026-05-13,87833.0
Cà phê Robusta nhân xô,Lâm Đồng,Thương lái thu mua,Vnđ/Kg,VNĐ,CTV địa phương,2026-05-13,87300.0
Cà phê Robusta nhân xô,Quảng Ngãi,Thương lái thu mua,Vnđ/Kg,VNĐ,CTV địa phương,2026-05-13,87800.0
Cà phê Robusta nhân xô,Đắk Lắk,Thương lái thu mua,Vnđ/Kg,VNĐ,CTV địa phương,2026-05-12,87933.0
Cà phê Robusta nhân xô,Gia Lai,Thương lái thu mua,Vnđ/Kg,VNĐ,CTV địa phương,2026-05-12,87933.0
Cà phê Robusta nhân xô,Lâm Đồng,Thương lái thu mua,Vnđ/Kg,VNĐ,CTV địa phương,2026-05-12,87500.0
Cà phê Robusta nhân xô,Quảng Ngãi,Thương lái thu mua,Vnđ/Kg,VNĐ,CTV địa phương,2026-05-12,87900.0
Cà phê Robusta nhân xô,Đắk Lắk,Thương lái thu mua,Vnđ/Kg,VNĐ,CTV địa phương,2026-05-11,86933.0
Cà phê Robusta nhân xô,Gia Lai,Thương lái thu mua,Vnđ/Kg,VNĐ,CTV địa phương,2026-05-11,86933.0
Cà phê Robusta nhân xô,Lâm Đồng,Thương lái thu mua,Vnđ/Kg,VNĐ,CTV địa phương,2026-05-11,86300.0
Cà phê Robusta nhân xô,Quảng Ngãi,Thương lái thu mua,Vnđ/Kg,VNĐ,CTV địa phương,2026-05-11,86900.0
Cà phê Robusta nhân xô,Đắk Lắk,Thương lái thu mua,Vnđ/Kg,VNĐ,CTV địa phương,2026-05-08,87433.0
Cà phê Robusta nhân xô,Gia Lai,Thương lái thu mua,Vnđ/Kg,VNĐ,CTV địa phương,2026-05-08,87433.0
Cà phê Robusta nhân xô,Lâm Đồng,Thương lái thu mua,Vnđ/Kg,VNĐ,CTV địa phương,2026-05-08,87000.0
Cà phê Robusta nhân xô,Đắk Lắk,Thương lái thu mua,Vnđ/Kg,VNĐ,CTV địa phương,2026-05-07,86933.0
Cà phê Robusta nhân xô,Gia Lai,Thương lái thu mua,Vnđ/Kg,VNĐ,CTV địa phương,2026-05-07,86933.0
Cà phê Robusta nhân xô,Lâm Đồng,Thương lái thu mua,Vnđ/Kg,VNĐ,CTV địa phương,2026-05-07,86500.0
Cà phê Robusta nhân xô,Quảng Ngãi,Thương lái thu mua,Vnđ/Kg,VNĐ,CTV địa phương,2026-05-07,86900.0
Cà phê Robusta nhân xô,Đắk Lắk,Thương lái thu mua,Vnđ/Kg,VNĐ,CTV địa phương,2026-05-06,85933.0
Cà phê Robusta nhân xô,Gia Lai,Thương lái thu mua,Vnđ/Kg,VNĐ,CTV địa phương,2026-05-06,85933.0
Cà phê Robusta nhân xô,Lâm Đồng,Thương lái thu mua,Vnđ/Kg,VNĐ,CTV địa phương,2026-05-06,85500.0
Cà phê Robusta nhân xô,Quảng Ngãi,Thương lái thu mua,Vnđ/Kg,VNĐ,CTV địa phương,2026-05-06,85900.0
Cà phê Robusta nhân xô,Đắk Lắk,Thương lái thu mua,Vnđ/Kg,VNĐ,CTV địa phương,2026-05-05,85533.0
Cà phê Robusta nhân xô,Gia Lai,Thương lái thu mua,Vnđ/Kg,VNĐ,CTV địa phương,2026-05-05,85533.0
Cà phê Robusta nhân xô,Lâm Đồng,Thương lái thu mua,Vnđ/Kg,VNĐ,CTV địa phương,2026-05-05,85000.0
Cà phê Robusta nhân xô,Quảng Ngãi,Thương lái thu mua,Vnđ/Kg,VNĐ,CTV địa phương,2026-05-05,85500.0
Cà phê Robusta nhân xô,Đắk Lắk,Thương lái thu mua,Vnđ/Kg,VNĐ,CTV địa phương,2026-05-04,85533.0
Cà phê Robusta nhân xô,Gia Lai,Thương lái thu mua,Vnđ/Kg,VNĐ,CTV địa phương,2026-05-04,85533.0
Cà phê Robusta nhân xô,Lâm Đồng,Thương lái thu mua,Vnđ/Kg,VNĐ,CTV địa phương,2026-05-04,85000.0
Cà phê Robusta nhân xô,Quảng Ngãi,Thương lái thu mua,Vnđ/Kg,VNĐ,CTV địa phương,2026-05-04,85500.0
Cà phê Robusta nhân xô,Đắk Lắk,Thương lái thu mua,Vnđ/Kg,VNĐ,CTV địa phương,2026-05-01,86333.0
Cà phê Robusta nhân xô,Gia Lai,Thương lái thu mua,Vnđ/Kg,VNĐ,CTV địa phương,2026-05-01,86333.0
Cà phê Robusta nhân xô,Lâm Đồng,Thương lái thu mua,Vnđ/Kg,VNĐ,CTV địa phương,2026-05-01,86000.0
Cà phê Robusta nhân xô,Đắk Lắk,Thương lái thu mua,Vnđ/Kg,VNĐ,CTV địa phương,2026-04-30,87533.0
Cà phê Robusta nhân xô,Gia Lai,Thương lái thu mua,Vnđ/Kg,VNĐ,CTV địa phương,2026-04-30,87533.0
Cà phê Robusta nhân xô,Lâm Đồng,Thương lái thu mua,Vnđ/Kg,VNĐ,CTV địa phương,2026-04-30,87100.0
Cà phê Robusta nhân xô,Quảng Ngãi,Thương lái thu mua,Vnđ/Kg,VNĐ,CTV địa phương,2026-04-30,87500.0
Cà phê Robusta nhân xô,Đắk Lắk,Thương lái thu mua,Vnđ/Kg,VNĐ,CTV địa phương,2026-04-29,88533.0
Cà phê Robusta nhân xô,Gia Lai,Thương lái thu mua,Vnđ/Kg,VNĐ,CTV địa phương,2026-04-29,88533.0
Cà phê Robusta nhân xô,Lâm Đồng,Thương lái thu mua,Vnđ/Kg,VNĐ,CTV địa phương,2026-04-29,88100.0
Cà phê Robusta nhân xô,Quảng Ngãi,Thương lái thu mua,Vnđ/Kg,VNĐ,CTV địa phương,2026-04-29,88500.0
Cà phê Robusta nhân xô,Đắk Lắk,Thương lái thu mua,Vnđ/Kg,VNĐ,CTV địa phương,2026-04-28,86933.0
Cà phê Robusta nhân xô,Gia Lai,Thương lái thu mua,Vnđ/Kg,VNĐ,CTV địa phương,2026-04-28,86933.0
Cà phê Robusta nhân xô,Lâm Đồng,Thương lái thu mua,Vnđ/Kg,VNĐ,CTV địa phương,2026-04-28,86500.0
Cà phê Robusta nhân xô,Quảng Ngãi,Thương lái thu mua,Vnđ/Kg,VNĐ,CTV địa phương,2026-04-28,86900.0
Cà phê Robusta nhân xô,Đắk Lắk,Thương lái thu mua,Vnđ/Kg,VNĐ,CTV địa phương,2026-04-27,87933.0
Cà phê Robusta nhân xô,Gia Lai,Thương lái thu mua,Vnđ/Kg,VNĐ,CTV địa phương,2026-04-27,87933.0
Cà phê Robusta nhân xô,Lâm Đồng,Thương lái thu mua,Vnđ/Kg,VNĐ,CTV địa phương,2026-04-27,87500.0
Cà phê Robusta nhân xô,Quảng Ngãi,Thương lái thu mua,Vnđ/Kg,VNĐ,CTV địa phương,2026-04-27,87900.0
Cà phê Robusta nhân xô,Đắk Lắk,Thương lái thu mua,Vnđ/Kg,VNĐ,CTV địa phương,2026-04-24,89233.0
Cà phê Robusta nhân xô,Gia Lai,Thương lái thu mua,Vnđ/Kg,VNĐ,CTV địa phương,2026-04-24,89233.0
Cà phê Robusta nhân xô,Lâm Đồng,Thương lái thu mua,Vnđ/Kg,VNĐ,CTV địa phương,2026-04-24,88700.0
Cà phê Robusta nhân xô,Quảng Ngãi,Thương lái thu mua,Vnđ/Kg,VNĐ,CTV địa phương,2026-04-24,89200.0
Cà phê Robusta nhân xô,Đắk Lắk,Thương lái thu mua,Vnđ/Kg,VNĐ,CTV địa phương,2026-04-23,87733.0
Cà phê Robusta nhân xô,Gia Lai,Thương lái thu mua,Vnđ/Kg,VNĐ,CTV địa phương,2026-04-23,87733.0
Cà phê Robusta nhân xô,Lâm Đồng,Thương lái thu mua,Vnđ/Kg,VNĐ,CTV địa phương,2026-04-23,87300.0
Cà phê Robusta nhân xô,Quảng Ngãi,Thương lái thu mua,Vnđ/Kg,VNĐ,CTV địa phương,2026-04-23,87700.0
Cà phê Robusta nhân xô,Đắk Lắk,Thương lái thu mua,Vnđ/Kg,VNĐ,CTV địa phương,2026-04-22,86733.0
Cà phê Robusta nhân xô,Gia Lai,Thương lái thu mua,Vnđ/Kg,VNĐ,CTV địa phương,2026-04-22,86733.0
Cà phê Robusta nhân xô,Lâm Đồng,Thương lái thu mua,Vnđ/Kg,VNĐ,CTV địa phương,2026-04-22,86300.0
Cà phê Robusta nhân xô,Quảng Ngãi,Thương lái thu mua,Vnđ/Kg,VNĐ,CTV địa phương,2026-04-22,86700.0
Cà phê Robusta nhân xô,Đắk Lắk,Thương lái thu mua,Vnđ/Kg,VNĐ,CTV địa phương,2026-04-21,87233.0
Cà phê Robusta nhân xô,Gia Lai,Thương lái thu mua,Vnđ/Kg,VNĐ,CTV địa phương,2026-04-21,87233.0
Cà phê Robusta nhân xô,Lâm Đồng,Thương lái thu mua,Vnđ/Kg,VNĐ,CTV địa phương,2026-04-21,86800.0
Cà phê Robusta nhân xô,Quảng Ngãi,Thương lái thu mua,Vnđ/Kg,VNĐ,CTV địa phương,2026-04-21,87200.0
Cà phê Robusta nhân xô,Đắk Lắk,Thương lái thu mua,Vnđ/Kg,VNĐ,CTV địa phương,2026-04-20,85233.0
Cà phê Robusta nhân xô,Gia Lai,Thương lái thu mua,Vnđ/Kg,VNĐ,CTV địa phương,2026-04-20,85233.0
Cà phê Robusta nhân xô,Lâm Đồng,Thương lái thu mua,Vnđ/Kg,VNĐ,CTV địa phương,2026-04-20,84800.0
Cà phê Robusta nhân xô,Quảng Ngãi,Thương lái thu mua,Vnđ/Kg,VNĐ,CTV địa phương,2026-04-20,85200.0
Cà phê Robusta nhân xô,Đắk Lắk,Thương lái thu mua,Vnđ/Kg,VNĐ,CTV địa phương,2026-04-17,86933.0
Cà phê Robusta nhân xô,Gia Lai,Thương lái thu mua,Vnđ/Kg,VNĐ,CTV địa phương,2026-04-17,86933.0
Cà phê Robusta nhân xô,Lâm Đồng,Thương lái thu mua,Vnđ/Kg,VNĐ,CTV địa phương,2026-04-17,86600.0
Cà phê Robusta nhân xô,Đắk Lắk,Thương lái thu mua,Vnđ/Kg,VNĐ,CTV địa phương,2026-04-16,88233.0
Cà phê Robusta nhân xô,Gia Lai,Thương lái thu mua,Vnđ/Kg,VNĐ,CTV địa phương,2026-04-16,88233.0
Cà phê Robusta nhân xô,Lâm Đồng,Thương lái thu mua,Vnđ/Kg,VNĐ,CTV địa phương,2026-04-16,87900.0
Cà phê Robusta nhân xô,Quảng Ngãi,Thương lái thu mua,Vnđ/Kg,VNĐ,CTV địa phương,2026-04-16,88200.0
Cà phê Robusta nhân xô,Đắk Lắk,Thương lái thu mua,Vnđ/Kg,VNĐ,CTV địa phương,2026-04-15,87033.0
Cà phê Robusta nhân xô,Gia Lai,Thương lái thu mua,Vnđ/Kg,VNĐ,CTV địa phương,2026-04-15,87033.0
Cà phê Robusta nhân xô,Lâm Đồng,Thương lái thu mua,Vnđ/Kg,VNĐ,CTV địa phương,2026-04-15,86600.0
Cà phê Robusta nhân xô,Quảng Ngãi,Thương lái thu mua,Vnđ/Kg,VNĐ,CTV địa phương,2026-04-15,87000.0
Cà phê Robusta nhân xô,Đắk Lắk,Thương lái thu mua,Vnđ/Kg,VNĐ,CTV địa phương,2026-04-14,86433.0
Cà phê Robusta nhân xô,Gia Lai,Thương lái thu mua,Vnđ/Kg,VNĐ,CTV địa phương,2026-04-14,86433.0
Cà phê Robusta nhân xô,Lâm Đồng,Thương lái thu mua,Vnđ/Kg,VNĐ,CTV địa phương,2026-04-14,86000.0
Cà phê Robusta nhân xô,Quảng Ngãi,Thương lái thu mua,Vnđ/Kg,VNĐ,CTV địa phương,2026-04-14,86400.0
Cà phê Robusta nhân xô,Đắk Lắk,Thương lái thu mua,Vnđ/Kg,VNĐ,CTV địa phương,2026-04-13,85933.0
Cà phê Robusta nhân xô,Gia Lai,Thương lái thu mua,Vnđ/Kg,VNĐ,CTV địa phương,2026-04-13,85933.0
Cà phê Robusta nhân xô,Lâm Đồng,Thương lái thu mua,Vnđ/Kg,VNĐ,CTV địa phương,2026-04-13,85500.0
Cà phê Robusta nhân xô,Quảng Ngãi,Thương lái thu mua,Vnđ/Kg,VNĐ,CTV địa phương,2026-04-13,85900.0
Cà phê Robusta nhân xô,Đắk Lắk,Thương lái thu mua,Vnđ/Kg,VNĐ,CTV địa phương,2026-04-10,85433.0
Cà phê Robusta nhân xô,Gia Lai,Thương lái thu mua,Vnđ/Kg,VNĐ,CTV địa phương,2026-04-10,85333.0
Cà phê Robusta nhân xô,Lâm Đồng,Thương lái thu mua,Vnđ/Kg,VNĐ,CTV địa phương,2026-04-10,85000.0
Cà phê Robusta nhân xô,Đắk Lắk,Thương lái thu mua,Vnđ/Kg,VNĐ,CTV địa phương,2026-04-09,85733.0
Cà phê Robusta nhân xô,Gia Lai,Thương lái thu mua,Vnđ/Kg,VNĐ,CTV địa phương,2026-04-09,85733.0
Cà phê Robusta nhân xô,Lâm Đồng,Thương lái thu mua,Vnđ/Kg,VNĐ,CTV địa phương,2026-04-09,85300.0
Cà phê Robusta nhân xô,Quảng Ngãi,Thương lái thu mua,Vnđ/Kg,VNĐ,CTV địa phương,2026-04-09,85700.0
Cà phê Robusta nhân xô,Đắk Lắk,Thương lái thu mua,Vnđ/Kg,VNĐ,CTV địa phương,2026-04-08,85133.0
Cà phê Robusta nhân xô,Gia Lai,Thương lái thu mua,Vnđ/Kg,VNĐ,CTV địa phương,2026-04-08,85133.0
Cà phê Robusta nhân xô,Lâm Đồng,Thương lái thu mua,Vnđ/Kg,VNĐ,CTV địa phương,2026-04-08,84700.0
Cà phê Robusta nhân xô,Quảng Ngãi,Thương lái thu mua,Vnđ/Kg,VNĐ,CTV địa phương,2026-04-08,85100.0
Cà phê Robusta nhân xô,Đắk Lắk,Thương lái thu mua,Vnđ/Kg,VNĐ,CTV địa phương,2026-04-07,89133.0
Cà phê Robusta nhân xô,Gia Lai,Thương lái thu mua,Vnđ/Kg,VNĐ,CTV địa phương,2026-04-07,89133.0
Cà phê Robusta nhân xô,Lâm Đồng,Thương lái thu mua,Vnđ/Kg,VNĐ,CTV địa phương,2026-04-07,88700.0
Cà phê Robusta nhân xô,Quảng Ngãi,Thương lái thu mua,Vnđ/Kg,VNĐ,CTV địa phương,2026-04-07,89100.0
Cà phê Robusta nhân xô,Đắk Lắk,Thương lái thu mua,Vnđ/Kg,VNĐ,CTV địa phương,2026-04-06,89133.0
Cà phê Robusta nhân xô,Gia Lai,Thương lái thu mua,Vnđ/Kg,VNĐ,CTV địa phương,2026-04-06,89133.0
Cà phê Robusta nhân xô,Lâm Đồng,Thương lái thu mua,Vnđ/Kg,VNĐ,CTV địa phương,2026-04-06,88700.0
Cà phê Robusta nhân xô,Quảng Ngãi,Thương lái thu mua,Vnđ/Kg,VNĐ,CTV địa phương,2026-04-06,89100.0
Cà phê Robusta nhân xô,Đắk Lắk,Thương lái thu mua,Vnđ/Kg,VNĐ,CTV địa phương,2026-04-03,89133.0
Cà phê Robusta nhân xô,Gia Lai,Thương lái thu mua,Vnđ/Kg,VNĐ,CTV địa phương,2026-04-03,89133.0
Cà phê Robusta nhân xô,Lâm Đồng,Thương lái thu mua,Vnđ/Kg,VNĐ,CTV địa phương,2026-04-03,88700.0
Cà phê Robusta nhân xô,Đắk Lắk,Thương lái thu mua,Vnđ/Kg,VNĐ,CTV địa phương,2026-04-02,89933.0
Cà phê Robusta nhân xô,Gia Lai,Thương lái thu mua,Vnđ/Kg,VNĐ,CTV địa phương,2026-04-02,89933.0
Cà phê Robusta nhân xô,Lâm Đồng,Thương lái thu mua,Vnđ/Kg,VNĐ,CTV địa phương,2026-04-02,89700.0
Cà phê Robusta nhân xô,Quảng Ngãi,Thương lái thu mua,Vnđ/Kg,VNĐ,CTV địa phương,2026-04-02,89900.0
Cà phê Robusta nhân xô,Đắk Lắk,Thương lái thu mua,Vnđ/Kg,VNĐ,CTV địa phương,2026-04-01,89133.0
Cà phê Robusta nhân xô,Gia Lai,Thương lái thu mua,Vnđ/Kg,VNĐ,CTV địa phương,2026-04-01,89133.0
Cà phê Robusta nhân xô,Lâm Đồng,Thương lái thu mua,Vnđ/Kg,VNĐ,CTV địa phương,2026-04-01,88700.0
Cà phê Robusta nhân xô,Quảng Ngãi,Thương lái thu mua,Vnđ/Kg,VNĐ,CTV địa phương,2026-04-01,89100.0
Cà phê Robusta nhân xô,Đắk Lắk,Thương lái thu mua,Vnđ/Kg,VNĐ,CTV địa phương,2026-03-31,87433.0
Cà phê Robusta nhân xô,Gia Lai,Thương lái thu mua,Vnđ/Kg,VNĐ,CTV địa phương,2026-03-31,87433.0
Cà phê Robusta nhân xô,Lâm Đồng,Thương lái thu mua,Vnđ/Kg,VNĐ,CTV địa phương,2026-03-31,87000.0
Cà phê Robusta nhân xô,Quảng Ngãi,Thương lái thu mua,Vnđ/Kg,VNĐ,CTV địa phương,2026-03-31,87400.0
Cà phê Robusta nhân xô,Đắk Lắk,Thương lái thu mua,Vnđ/Kg,VNĐ,CTV địa phương,2026-03-30,92233.0
Cà phê Robusta nhân xô,Gia Lai,Thương lái thu mua,Vnđ/Kg,VNĐ,CTV địa phương,2026-03-30,92233.0
Cà phê Robusta nhân xô,Lâm Đồng,Thương lái thu mua,Vnđ/Kg,VNĐ,CTV địa phương,2026-03-30,91700.0
Cà phê Robusta nhân xô,Quảng Ngãi,Thương lái thu mua,Vnđ/Kg,VNĐ,CTV địa phương,2026-03-30,92200.0
Cà phê Robusta nhân xô,Đắk Lắk,Thương lái thu mua,Vnđ/Kg,VNĐ,CTV địa phương,2026-03-27,92433.0
Cà phê Robusta nhân xô,Gia Lai,Thương lái thu mua,Vnđ/Kg,VNĐ,CTV địa phương,2026-03-27,92433.0
Cà phê Robusta nhân xô,Lâm Đồng,Thương lái thu mua,Vnđ/Kg,VNĐ,CTV địa phương,2026-03-27,91700.0
Cà phê Robusta nhân xô,Đắk Lắk,Thương lái thu mua,Vnđ/Kg,VNĐ,CTV địa phương,2026-03-26,93133.0
Cà phê Robusta nhân xô,Gia Lai,Thương lái thu mua,Vnđ/Kg,VNĐ,CTV địa phương,2026-03-26,93133.0
Cà phê Robusta nhân xô,Lâm Đồng,Thương lái thu mua,Vnđ/Kg,VNĐ,CTV địa phương,2026-03-26,92200.0
Cà phê Robusta nhân xô,Quảng Ngãi,Thương lái thu mua,Vnđ/Kg,VNĐ,CTV địa phương,2026-03-26,93100.0
Cà phê Robusta nhân xô,Đắk Lắk,Thương lái thu mua,Vnđ/Kg,VNĐ,CTV địa phương,2026-03-25,93933.0
Cà phê Robusta nhân xô,Gia Lai,Thương lái thu mua,Vnđ/Kg,VNĐ,CTV địa phương,2026-03-25,93933.0
Cà phê Robusta nhân xô,Lâm Đồng,Thương lái thu mua,Vnđ/Kg,VNĐ,CTV địa phương,2026-03-25,93200.0
Cà phê Robusta nhân xô,Quảng Ngãi,Thương lái thu mua,Vnđ/Kg,VNĐ,CTV địa phương,2026-03-25,93900.0
Cà phê Robusta nhân xô,Đắk Lắk,Thương lái thu mua,Vnđ/Kg,VNĐ,CTV địa phương,2026-03-24,93433.0
Cà phê Robusta nhân xô,Gia Lai,Thương lái thu mua,Vnđ/Kg,VNĐ,CTV địa phương,2026-03-24,93433.0
Cà phê Robusta nhân xô,Lâm Đồng,Thương lái thu mua,Vnđ/Kg,VNĐ,CTV địa phương,2026-03-24,92600.0
Cà phê Robusta nhân xô,Quảng Ngãi,Thương lái thu mua,Vnđ/Kg,VNĐ,CTV địa phương,2026-03-24,93400.0
Cà phê Robusta nhân xô,Đắk Lắk,Thương lái thu mua,Vnđ/Kg,VNĐ,CTV địa phương,2026-03-23,93933.0
Cà phê Robusta nhân xô,Gia Lai,Thương lái thu mua,Vnđ/Kg,VNĐ,CTV địa phương,2026-03-23,93933.0
Cà phê Robusta nhân xô,Lâm Đồng,Thương lái thu mua,Vnđ/Kg,VNĐ,CTV địa phương,2026-03-23,93000.0
Cà phê Robusta nhân xô,Quảng Ngãi,Thương lái thu mua,Vnđ/Kg,VNĐ,CTV địa phương,2026-03-23,93900.0
Cà phê Robusta nhân xô,Đắk Lắk,Thương lái thu mua,Vnđ/Kg,VNĐ,CTV địa phương,2026-03-20,93433.0
Cà phê Robusta nhân xô,Gia Lai,Thương lái thu mua,Vnđ/Kg,VNĐ,CTV địa phương,2026-03-20,93433.0
Cà phê Robusta nhân xô,Lâm Đồng,Thương lái thu mua,Vnđ/Kg,VNĐ,CTV địa phương,2026-03-20,92300.0
Cà phê Robusta nhân xô,Đắk Lắk,Thương lái thu mua,Vnđ/Kg,VNĐ,CTV địa phương,2026-03-19,92433.0
Cà phê Robusta nhân xô,Gia Lai,Thương lái thu mua,Vnđ/Kg,VNĐ,CTV địa phương,2026-03-19,92433.0
Cà phê Robusta nhân xô,Lâm Đồng,Thương lái thu mua,Vnđ/Kg,VNĐ,CTV địa phương,2026-03-19,91500.0
Cà phê Robusta nhân xô,Quảng Ngãi,Thương lái thu mua,Vnđ/Kg,VNĐ,CTV địa phương,2026-03-19,92400.0
Cà phê Robusta nhân xô,Đắk Lắk,Thương lái thu mua,Vnđ/Kg,VNĐ,CTV địa phương,2026-03-18,91933.0
Cà phê Robusta nhân xô,Gia Lai,Thương lái thu mua,Vnđ/Kg,VNĐ,CTV địa phương,2026-03-18,91933.0
Cà phê Robusta nhân xô,Lâm Đồng,Thương lái thu mua,Vnđ/Kg,VNĐ,CTV địa phương,2026-03-18,91000.0
Cà phê Robusta nhân xô,Quảng Ngãi,Thương lái thu mua,Vnđ/Kg,VNĐ,CTV địa phương,2026-03-18,91900.0
Cà phê Robusta nhân xô,Đắk Lắk,Thương lái thu mua,Vnđ/Kg,VNĐ,CTV địa phương,2026-03-17,90433.0
Cà phê Robusta nhân xô,Gia Lai,Thương lái thu mua,Vnđ/Kg,VNĐ,CTV địa phương,2026-03-17,90433.0
Cà phê Robusta nhân xô,Lâm Đồng,Thương lái thu mua,Vnđ/Kg,VNĐ,CTV địa phương,2026-03-17,89700.0
Cà phê Robusta nhân xô,Quảng Ngãi,Thương lái thu mua,Vnđ/Kg,VNĐ,CTV địa phương,2026-03-17,90400.0
Cà phê Robusta nhân xô,Đắk Lắk,Thương lái thu mua,Vnđ/Kg,VNĐ,CTV địa phương,2026-03-16,90233.0
Cà phê Robusta nhân xô,Gia Lai,Thương lái thu mua,Vnđ/Kg,VNĐ,CTV địa phương,2026-03-16,90233.0
Cà phê Robusta nhân xô,Lâm Đồng,Thương lái thu mua,Vnđ/Kg,VNĐ,CTV địa phương,2026-03-16,89500.0
Cà phê Robusta nhân xô,Quảng Ngãi,Thương lái thu mua,Vnđ/Kg,VNĐ,CTV địa phương,2026-03-16,90200.0
Cà phê Robusta nhân xô,Đắk Lắk,Thương lái thu mua,Vnđ/Kg,VNĐ,CTV địa phương,2026-03-13,93933.0
Cà phê Robusta nhân xô,Gia Lai,Thương lái thu mua,Vnđ/Kg,VNĐ,CTV địa phương,2026-03-13,93933.0
Cà phê Robusta nhân xô,Lâm Đồng,Thương lái thu mua,Vnđ/Kg,VNĐ,CTV địa phương,2026-03-13,93200.0
Cà phê Robusta nhân xô,Đắk Lắk,Thương lái thu mua,Vnđ/Kg,VNĐ,CTV địa phương,2026-03-12,92633.0
Cà phê Robusta nhân xô,Gia Lai,Thương lái thu mua,Vnđ/Kg,VNĐ,CTV địa phương,2026-03-12,92633.0
Cà phê Robusta nhân xô,Lâm Đồng,Thương lái thu mua,Vnđ/Kg,VNĐ,CTV địa phương,2026-03-12,91600.0
Cà phê Robusta nhân xô,Quảng Ngãi,Thương lái thu mua,Vnđ/Kg,VNĐ,CTV địa phương,2026-03-12,92600.0
Cà phê Robusta nhân xô,Đắk Lắk,Thương lái thu mua,Vnđ/Kg,VNĐ,CTV địa phương,2026-03-11,95633.0
Cà phê Robusta nhân xô,Gia Lai,Thương lái thu mua,Vnđ/Kg,VNĐ,CTV địa phương,2026-03-11,95633.0
Cà phê Robusta nhân xô,Lâm Đồng,Thương lái thu mua,Vnđ/Kg,VNĐ,CTV địa phương,2026-03-11,95300.0
Cà phê Robusta nhân xô,Quảng Ngãi,Thương lái thu mua,Vnđ/Kg,VNĐ,CTV địa phương,2026-03-11,95600.0
Cà phê Robusta nhân xô,Đắk Lắk,Thương lái thu mua,Vnđ/Kg,VNĐ,CTV địa phương,2026-03-10,96433.0
Cà phê Robusta nhân xô,Gia Lai,Thương lái thu mua,Vnđ/Kg,VNĐ,CTV địa phương,2026-03-10,96433.0
Cà phê Robusta nhân xô,Lâm Đồng,Thương lái thu mua,Vnđ/Kg,VNĐ,CTV địa phương,2026-03-10,96300.0
Cà phê Robusta nhân xô,Quảng Ngãi,Thương lái thu mua,Vnđ/Kg,VNĐ,CTV địa phương,2026-03-10,96400.0
Cà phê Robusta nhân xô,Đắk Lắk,Thương lái thu mua,Vnđ/Kg,VNĐ,CTV địa phương,2026-03-09,96433.0
Cà phê Robusta nhân xô,Gia Lai,Thương lái thu mua,Vnđ/Kg,VNĐ,CTV địa phương,2026-03-09,96433.0
Cà phê Robusta nhân xô,Lâm Đồng,Thương lái thu mua,Vnđ/Kg,VNĐ,CTV địa phương,2026-03-09,96300.0
Cà phê Robusta nhân xô,Quảng Ngãi,Thương lái thu mua,Vnđ/Kg,VNĐ,CTV địa phương,2026-03-09,96400.0
Cà phê Robusta nhân xô,Đắk Lắk,Thương lái thu mua,Vnđ/Kg,VNĐ,CTV địa phương,2026-03-06,95933.0
Cà phê Robusta nhân xô,Gia Lai,Thương lái thu mua,Vnđ/Kg,VNĐ,CTV địa phương,2026-03-06,95933.0
Cà phê Robusta nhân xô,Lâm Đồng,Thương lái thu mua,Vnđ/Kg,VNĐ,CTV địa phương,2026-03-06,95500.0
Cà phê Robusta nhân xô,Đắk Lắk,Thương lái thu mua,Vnđ/Kg,VNĐ,CTV địa phương,2026-03-05,95933.0
Cà phê Robusta nhân xô,Gia Lai,Thương lái thu mua,Vnđ/Kg,VNĐ,CTV địa phương,2026-03-05,95933.0
Cà phê Robusta nhân xô,Lâm Đồng,Thương lái thu mua,Vnđ/Kg,VNĐ,CTV địa phương,2026-03-05,95500.0
Cà phê Robusta nhân xô,Quảng Ngãi,Thương lái thu mua,Vnđ/Kg,VNĐ,CTV địa phương,2026-03-05,95900.0
Cà phê Robusta nhân xô,Đắk Lắk,Thương lái thu mua,Vnđ/Kg,VNĐ,CTV địa phương,2026-03-04,95333.0
Cà phê Robusta nhân xô,Gia Lai,Thương lái thu mua,Vnđ/Kg,VNĐ,CTV địa phương,2026-03-04,94133.0
Cà phê Robusta nhân xô,Lâm Đồng,Thương lái thu mua,Vnđ/Kg,VNĐ,CTV địa phương,2026-03-04,94200.0
Cà phê Robusta nhân xô,Quảng Ngãi,Thương lái thu mua,Vnđ/Kg,VNĐ,CTV địa phương,2026-03-04,94100.0
Cà phê Robusta nhân xô,Đắk Lắk,Thương lái thu mua,Vnđ/Kg,VNĐ,CTV địa phương,2026-03-03,96133.0
Cà phê Robusta nhân xô,Gia Lai,Thương lái thu mua,Vnđ/Kg,VNĐ,CTV địa phương,2026-03-03,96133.0
Cà phê Robusta nhân xô,Lâm Đồng,Thương lái thu mua,Vnđ/Kg,VNĐ,CTV địa phương,2026-03-03,95300.0
Cà phê Robusta nhân xô,Quảng Ngãi,Thương lái thu mua,Vnđ/Kg,VNĐ,CTV địa phương,2026-03-03,96100.0
Cà phê Robusta nhân xô,Đắk Lắk,Thương lái thu mua,Vnđ/Kg,VNĐ,CTV địa phương,2026-03-02,95433.0
Cà phê Robusta nhân xô,Gia Lai,Thương lái thu mua,Vnđ/Kg,VNĐ,CTV địa phương,2026-03-02,95433.0
Cà phê Robusta nhân xô,Lâm Đồng,Thương lái thu mua,Vnđ/Kg,VNĐ,CTV địa phương,2026-03-02,94800.0
Cà phê Robusta nhân xô,Quảng Ngãi,Thương lái thu mua,Vnđ/Kg,VNĐ,CTV địa phương,2026-03-02,95400.0
Cà phê Robusta nhân xô,Đắk Lắk,Thương lái thu mua,Vnđ/Kg,VNĐ,CTV địa phương,2026-02-27,95933.0
Cà phê Robusta nhân xô,Gia Lai,Thương lái thu mua,Vnđ/Kg,VNĐ,CTV địa phương,2026-02-27,95933.0
Cà phê Robusta nhân xô,Lâm Đồng,Thương lái thu mua,Vnđ/Kg,VNĐ,CTV địa phương,2026-02-27,95500.0
Cà phê Robusta nhân xô,Quảng Ngãi,Thương lái thu mua,Vnđ/Kg,VNĐ,CTV địa phương,2026-02-27,95900.0
Cà phê Robusta nhân xô,Đắk Lắk,Thương lái thu mua,Vnđ/Kg,VNĐ,CTV địa phương,2026-02-26,96933.0
Cà phê Robusta nhân xô,Gia Lai,Thương lái thu mua,Vnđ/Kg,VNĐ,CTV địa phương,2026-02-26,96933.0
Cà phê Robusta nhân xô,Lâm Đồng,Thương lái thu mua,Vnđ/Kg,VNĐ,CTV địa phương,2026-02-26,96300.0
Cà phê Robusta nhân xô,Quảng Ngãi,Thương lái thu mua,Vnđ/Kg,VNĐ,CTV địa phương,2026-02-26,96900.0
Cà phê Robusta nhân xô,Đắk Lắk,Thương lái thu mua,Vnđ/Kg,VNĐ,CTV địa phương,2026-02-25,95933.0
Cà phê Robusta nhân xô,Gia Lai,Thương lái thu mua,Vnđ/Kg,VNĐ,CTV địa phương,2026-02-25,95933.0
Cà phê Robusta nhân xô,Lâm Đồng,Thương lái thu mua,Vnđ/Kg,VNĐ,CTV địa phương,2026-02-25,95300.0
Cà phê Robusta nhân xô,Quảng Ngãi,Thương lái thu mua,Vnđ/Kg,VNĐ,CTV địa phương,2026-02-25,95900.0
Cà phê Robusta nhân xô,Đắk Lắk,Thương lái thu mua,Vnđ/Kg,VNĐ,CTV địa phương,2026-02-24,93333.0
Cà phê Robusta nhân xô,Gia Lai,Thương lái thu mua,Vnđ/Kg,VNĐ,CTV địa phương,2026-02-24,93233.0
Cà phê Robusta nhân xô,Lâm Đồng,Thương lái thu mua,Vnđ/Kg,VNĐ,CTV địa phương,2026-02-24,92800.0
Cà phê Robusta nhân xô,Quảng Ngãi,Thương lái thu mua,Vnđ/Kg,VNĐ,CTV địa phương,2026-02-24,93200.0
Cà phê Robusta nhân xô,Đắk Lắk,Thương lái thu mua,Vnđ/Kg,VNĐ,CTV địa phương,2026-02-23,93633.0
Cà phê Robusta nhân xô,Gia Lai,Thương lái thu mua,Vnđ/Kg,VNĐ,CTV địa phương,2026-02-23,93533.0
Cà phê Robusta nhân xô,Lâm Đồng,Thương lái thu mua,Vnđ/Kg,VNĐ,CTV địa phương,2026-02-23,93200.0
Cà phê Robusta nhân xô,Quảng Ngãi,Thương lái thu mua,Vnđ/Kg,VNĐ,CTV địa phương,2026-02-23,93500.0
Cà phê Robusta nhân xô,Đắk Lắk,Thương lái thu mua,Vnđ/Kg,VNĐ,CTV địa phương,2026-02-20,93633.0
Cà phê Robusta nhân xô,Gia Lai,Thương lái thu mua,Vnđ/Kg,VNĐ,CTV địa phương,2026-02-20,93533.0
Cà phê Robusta nhân xô,Lâm Đồng,Thương lái thu mua,Vnđ/Kg,VNĐ,CTV địa phương,2026-02-20,93200.0
Cà phê Robusta nhân xô,Quảng Ngãi,Thương lái thu mua,Vnđ/Kg,VNĐ,CTV địa phương,2026-02-20,93500.0
Cà phê Robusta nhân xô,Đắk Lắk,Thương lái thu mua,Vnđ/Kg,VNĐ,CTV địa phương,2026-02-19,97633.0
Cà phê Robusta nhân xô,Gia Lai,Thương lái thu mua,Vnđ/Kg,VNĐ,CTV địa phương,2026-02-19,97633.0
Cà phê Robusta nhân xô,Lâm Đồng,Thương lái thu mua,Vnđ/Kg,VNĐ,CTV địa phương,2026-02-19,96400.0
Cà phê Robusta nhân xô,Quảng Ngãi,Thương lái thu mua,Vnđ/Kg,VNĐ,CTV địa phương,2026-02-19,97600.0
Cà phê Robusta nhân xô,Đắk Lắk,Thương lái thu mua,Vnđ/Kg,VNĐ,CTV địa phương,2026-02-18,97633.0
Cà phê Robusta nhân xô,Gia Lai,Thương lái thu mua,Vnđ/Kg,VNĐ,CTV địa phương,2026-02-18,97633.0
Cà phê Robusta nhân xô,Lâm Đồng,Thương lái thu mua,Vnđ/Kg,VNĐ,CTV địa phương,2026-02-18,96400.0
Cà phê Robusta nhân xô,Quảng Ngãi,Thương lái thu mua,Vnđ/Kg,VNĐ,CTV địa phương,2026-02-18,97600.0
Cà phê Robusta nhân xô,Đắk Lắk,Thương lái thu mua,Vnđ/Kg,VNĐ,CTV địa phương,2026-02-17,97633.0
Cà phê Robusta nhân xô,Gia Lai,Thương lái thu mua,Vnđ/Kg,VNĐ,CTV địa phương,2026-02-17,97633.0
Cà phê Robusta nhân xô,Lâm Đồng,Thương lái thu mua,Vnđ/Kg,VNĐ,CTV địa phương,2026-02-17,96400.0
Cà phê Robusta nhân xô,Quảng Ngãi,Thương lái thu mua,Vnđ/Kg,VNĐ,CTV địa phương,2026-02-17,97600.0
Cà phê Robusta nhân xô,Đắk Lắk,Thương lái thu mua,Vnđ/Kg,VNĐ,CTV địa phương,2026-02-16,97633.0
Cà phê Robusta nhân xô,Gia Lai,Thương lái thu mua,Vnđ/Kg,VNĐ,CTV địa phương,2026-02-16,97633.0
Cà phê Robusta nhân xô,Lâm Đồng,Thương lái thu mua,Vnđ/Kg,VNĐ,CTV địa phương,2026-02-16,96400.0
Cà phê Robusta nhân xô,Quảng Ngãi,Thương lái thu mua,Vnđ/Kg,VNĐ,CTV địa phương,2026-02-16,97600.0
Cà phê Robusta nhân xô,Đắk Lắk,Thương lái thu mua,Vnđ/Kg,VNĐ,CTV địa phương,2026-02-06,94967.0
Cà phê Robusta nhân xô,Gia Lai,Thương lái thu mua,Vnđ/Kg,VNĐ,CTV địa phương,2026-02-06,95433.0
Cà phê Robusta nhân xô,Lâm Đồng,Thương lái thu mua,Vnđ/Kg,VNĐ,CTV địa phương,2026-02-06,94800.0
Cà phê Robusta nhân xô,Quảng Ngãi,Thương lái thu mua,Vnđ/Kg,VNĐ,CTV địa phương,2026-02-06,95400.0
Cà phê Robusta nhân xô,Đắk Lắk,Thương lái thu mua,Vnđ/Kg,VNĐ,CTV địa phương,2026-02-05,94433.0
Cà phê Robusta nhân xô,Gia Lai,Thương lái thu mua,Vnđ/Kg,VNĐ,CTV địa phương,2026-02-05,94433.0
Cà phê Robusta nhân xô,Lâm Đồng,Thương lái thu mua,Vnđ/Kg,VNĐ,CTV địa phương,2026-02-05,93700.0
Cà phê Robusta nhân xô,Quảng Ngãi,Thương lái thu mua,Vnđ/Kg,VNĐ,CTV địa phương,2026-02-05,94400.0
Cà phê Robusta nhân xô,Đắk Lắk,Thương lái thu mua,Vnđ/Kg,VNĐ,CTV địa phương,2026-02-04,97733.0
Cà phê Robusta nhân xô,Gia Lai,Thương lái thu mua,Vnđ/Kg,VNĐ,CTV địa phương,2026-02-04,97533.0
Cà phê Robusta nhân xô,Lâm Đồng,Thương lái thu mua,Vnđ/Kg,VNĐ,CTV địa phương,2026-02-04,97300.0
Cà phê Robusta nhân xô,Quảng Ngãi,Thương lái thu mua,Vnđ/Kg,VNĐ,CTV địa phương,2026-02-04,97500.0
Cà phê Robusta nhân xô,Đắk Lắk,Thương lái thu mua,Vnđ/Kg,VNĐ,CTV địa phương,2026-02-03,99733.0
Cà phê Robusta nhân xô,Gia Lai,Thương lái thu mua,Vnđ/Kg,VNĐ,CTV địa phương,2026-02-03,99733.0
Cà phê Robusta nhân xô,Lâm Đồng,Thương lái thu mua,Vnđ/Kg,VNĐ,CTV địa phương,2026-02-03,99300.0
Cà phê Robusta nhân xô,Quảng Ngãi,Thương lái thu mua,Vnđ/Kg,VNĐ,CTV địa phương,2026-02-03,99700.0
Cà phê Robusta nhân xô,Đắk Lắk,Thương lái thu mua,Vnđ/Kg,VNĐ,CTV địa phương,2026-02-02,100866.5
Cà phê Robusta nhân xô,Gia Lai,Thương lái thu mua,Vnđ/Kg,VNĐ,CTV địa phương,2026-02-02,100816.5
Cà phê Robusta nhân xô,Lâm Đồng,Thương lái thu mua,Vnđ/Kg,VNĐ,CTV địa phương,2026-02-02,100150.0
Cà phê Robusta nhân xô,Quảng Ngãi,Thương lái thu mua,Vnđ/Kg,VNĐ,CTV địa phương,2026-02-02,100900.0
Cà phê Robusta nhân xô,Đắk Lắk,Thương lái thu mua,Vnđ/Kg,VNĐ,CTV địa phương,2026-01-30,101733.0
Cà phê Robusta nhân xô,Gia Lai,Thương lái thu mua,Vnđ/Kg,VNĐ,CTV địa phương,2026-01-30,101733.0
Cà phê Robusta nhân xô,Lâm Đồng,Thương lái thu mua,Vnđ/Kg,VNĐ,CTV địa phương,2026-01-30,101000.0
Cà phê Robusta nhân xô,Đắk Lắk,Thương lái thu mua,Vnđ/Kg,VNĐ,CTV địa phương,2026-01-29,101033.0
Cà phê Robusta nhân xô,Gia Lai,Thương lái thu mua,Vnđ/Kg,VNĐ,CTV địa phương,2026-01-29,100733.0
Cà phê Robusta nhân xô,Lâm Đồng,Thương lái thu mua,Vnđ/Kg,VNĐ,CTV địa phương,2026-01-29,100000.0
Cà phê Robusta nhân xô,Quảng Ngãi,Thương lái thu mua,Vnđ/Kg,VNĐ,CTV địa phương,2026-01-29,100700.0
Cà phê Robusta nhân xô,Đắk Lắk,Thương lái thu mua,Vnđ/Kg,VNĐ,CTV địa phương,2026-01-28,103033.0
Cà phê Robusta nhân xô,Gia Lai,Thương lái thu mua,Vnđ/Kg,VNĐ,CTV địa phương,2026-01-28,102733.0
Cà phê Robusta nhân xô,Lâm Đồng,Thương lái thu mua,Vnđ/Kg,VNĐ,CTV địa phương,2026-01-28,102500.0
Cà phê Robusta nhân xô,Quảng Ngãi,Thương lái thu mua,Vnđ/Kg,VNĐ,CTV địa phương,2026-01-28,102700.0
Cà phê Robusta nhân xô,Đắk Lắk,Thương lái thu mua,Vnđ/Kg,VNĐ,CTV địa phương,2026-01-27,101533.0
Cà phê Robusta nhân xô,Gia Lai,Thương lái thu mua,Vnđ/Kg,VNĐ,CTV địa phương,2026-01-27,101533.0
Cà phê Robusta nhân xô,Lâm Đồng,Thương lái thu mua,Vnđ/Kg,VNĐ,CTV địa phương,2026-01-27,101200.0
Cà phê Robusta nhân xô,Quảng Ngãi,Thương lái thu mua,Vnđ/Kg,VNĐ,CTV địa phương,2026-01-27,101500.0
Cà phê Robusta nhân xô,Đắk Lắk,Thương lái thu mua,Vnđ/Kg,VNĐ,CTV địa phương,2026-01-26,100933.0
Cà phê Robusta nhân xô,Gia Lai,Thương lái thu mua,Vnđ/Kg,VNĐ,CTV địa phương,2026-01-26,100933.0
Cà phê Robusta nhân xô,Lâm Đồng,Thương lái thu mua,Vnđ/Kg,VNĐ,CTV địa phương,2026-01-26,100700.0
Cà phê Robusta nhân xô,Quảng Ngãi,Thương lái thu mua,Vnđ/Kg,VNĐ,CTV địa phương,2026-01-26,100900.0
Cà phê Robusta nhân xô,Đắk Lắk,Thương lái thu mua,Vnđ/Kg,VNĐ,CTV địa phương,2026-01-23,98933.0
Cà phê Robusta nhân xô,Gia Lai,Thương lái thu mua,Vnđ/Kg,VNĐ,CTV địa phương,2026-01-23,98933.0
Cà phê Robusta nhân xô,Lâm Đồng,Thương lái thu mua,Vnđ/Kg,VNĐ,CTV địa phương,2026-01-23,98500.0
Cà phê Robusta nhân xô,Quảng Ngãi,Thương lái thu mua,Vnđ/Kg,VNĐ,CTV địa phương,2026-01-23,98900.0
Cà phê Robusta nhân xô,Đắk Lắk,Thương lái thu mua,Vnđ/Kg,VNĐ,CTV địa phương,2026-01-22,99833.0
Cà phê Robusta nhân xô,Gia Lai,Thương lái thu mua,Vnđ/Kg,VNĐ,CTV địa phương,2026-01-22,99733.0
Cà phê Robusta nhân xô,Lâm Đồng,Thương lái thu mua,Vnđ/Kg,VNĐ,CTV địa phương,2026-01-22,99100.0
Cà phê Robusta nhân xô,Quảng Ngãi,Thương lái thu mua,Vnđ/Kg,VNĐ,CTV địa phương,2026-01-22,99700.0
Cà phê Robusta nhân xô,Đắk Lắk,Thương lái thu mua,Vnđ/Kg,VNĐ,CTV địa phương,2026-01-21,98133.0
Cà phê Robusta nhân xô,Gia Lai,Thương lái thu mua,Vnđ/Kg,VNĐ,CTV địa phương,2026-01-21,98233.0
Cà phê Robusta nhân xô,Lâm Đồng,Thương lái thu mua,Vnđ/Kg,VNĐ,CTV địa phương,2026-01-21,97400.0
Cà phê Robusta nhân xô,Quảng Ngãi,Thương lái thu mua,Vnđ/Kg,VNĐ,CTV địa phương,2026-01-21,98100.0
Cà phê Robusta nhân xô,Đắk Lắk,Thương lái thu mua,Vnđ/Kg,VNĐ,CTV địa phương,2026-01-20,99233.0
Cà phê Robusta nhân xô,Gia Lai,Thương lái thu mua,Vnđ/Kg,VNĐ,CTV địa phương,2026-01-20,99033.0
Cà phê Robusta nhân xô,Lâm Đồng,Thương lái thu mua,Vnđ/Kg,VNĐ,CTV địa phương,2026-01-20,98600.0
Cà phê Robusta nhân xô,Quảng Ngãi,Thương lái thu mua,Vnđ/Kg,VNĐ,CTV địa phương,2026-01-20,99000.0
Cà phê Robusta nhân xô,Đắk Lắk,Thương lái thu mua,Vnđ/Kg,VNĐ,CTV địa phương,2026-01-19,98933.0
Cà phê Robusta nhân xô,Gia Lai,Thương lái thu mua,Vnđ/Kg,VNĐ,CTV địa phương,2026-01-19,98933.0
Cà phê Robusta nhân xô,Lâm Đồng,Thương lái thu mua,Vnđ/Kg,VNĐ,CTV địa phương,2026-01-19,98300.0
Cà phê Robusta nhân xô,Quảng Ngãi,Thương lái thu mua,Vnđ/Kg,VNĐ,CTV địa phương,2026-01-19,99300.0
Cà phê Robusta nhân xô,Đắk Lắk,Thương lái thu mua,Vnđ/Kg,VNĐ,CTV địa phương,2026-01-16,98933.0
Cà phê Robusta nhân xô,Đắk Nông,Thương lái thu mua,Vnđ/Kg,VNĐ,CTV địa phương,2026-01-16,99250.0
Cà phê Robusta nhân xô,Gia Lai,Thương lái thu mua,Vnđ/Kg,VNĐ,CTV địa phương,2026-01-16,98933.0
Cà phê Robusta nhân xô,Kon Tum,Thương lái thu mua,Vnđ/Kg,VNĐ,CTV địa phương,2026-01-16,98900.0
Cà phê Robusta nhân xô,Lâm Đồng,Thương lái thu mua,Vnđ/Kg,VNĐ,CTV địa phương,2026-01-16,98500.0
Cà phê Robusta nhân xô,Đắk Lắk,Thương lái thu mua,Vnđ/Kg,VNĐ,CTV địa phương,2026-01-15,98433.0
Cà phê Robusta nhân xô,Đắk Nông,Thương lái thu mua,Vnđ/Kg,VNĐ,CTV địa phương,2026-01-15,98450.0
Cà phê Robusta nhân xô,Gia Lai,Thương lái thu mua,Vnđ/Kg,VNĐ,CTV địa phương,2026-01-15,98433.0
Cà phê Robusta nhân xô,Kon Tum,Thương lái thu mua,Vnđ/Kg,VNĐ,CTV địa phương,2026-01-15,98400.0
Cà phê Robusta nhân xô,Lâm Đồng,Thương lái thu mua,Vnđ/Kg,VNĐ,CTV địa phương,2026-01-15,97900.0
Cà phê Robusta nhân xô,Đắk Lắk,Thương lái thu mua,Vnđ/Kg,VNĐ,CTV địa phương,2026-01-14,98333.0
Cà phê Robusta nhân xô,Đắk Nông,Thương lái thu mua,Vnđ/Kg,VNĐ,CTV địa phương,2026-01-14,98450.0
Cà phê Robusta nhân xô,Gia Lai,Thương lái thu mua,Vnđ/Kg,VNĐ,CTV địa phương,2026-01-14,98233.0
Cà phê Robusta nhân xô,Kon Tum,Thương lái thu mua,Vnđ/Kg,VNĐ,CTV địa phương,2026-01-14,98200.0
Cà phê Robusta nhân xô,Lâm Đồng,Thương lái thu mua,Vnđ/Kg,VNĐ,CTV địa phương,2026-01-14,97700.0
Cà phê Robusta nhân xô,Đắk Lắk,Thương lái thu mua,Vnđ/Kg,VNĐ,CTV địa phương,2026-01-13,97433.0
Cà phê Robusta nhân xô,Đắk Nông,Thương lái thu mua,Vnđ/Kg,VNĐ,CTV địa phương,2026-01-13,97750.0
Cà phê Robusta nhân xô,Gia Lai,Thương lái thu mua,Vnđ/Kg,VNĐ,CTV địa phương,2026-01-13,97433.0
Cà phê Robusta nhân xô,Kon Tum,Thương lái thu mua,Vnđ/Kg,VNĐ,CTV địa phương,2026-01-13,97400.0
Cà phê Robusta nhân xô,Lâm Đồng,Thương lái thu mua,Vnđ/Kg,VNĐ,CTV địa phương,2026-01-13,97000.0
Cà phê Robusta nhân xô,Đắk Lắk,Thương lái thu mua,Vnđ/Kg,VNĐ,CTV địa phương,2026-01-12,97433.0
Cà phê Robusta nhân xô,Đắk Nông,Thương lái thu mua,Vnđ/Kg,VNĐ,CTV địa phương,2026-01-12,97750.0
Cà phê Robusta nhân xô,Gia Lai,Thương lái thu mua,Vnđ/Kg,VNĐ,CTV địa phương,2026-01-12,97433.0
Cà phê Robusta nhân xô,Kon Tum,Thương lái thu mua,Vnđ/Kg,VNĐ,CTV địa phương,2026-01-12,97400.0
Cà phê Robusta nhân xô,Lâm Đồng,Thương lái thu mua,Vnđ/Kg,VNĐ,CTV địa phương,2026-01-12,97200.0
Cà phê Robusta nhân xô,Đắk Lắk,Thương lái thu mua,Vnđ/Kg,VNĐ,CTV địa phương,2026-01-09,97733.0
Cà phê Robusta nhân xô,Đắk Nông,Thương lái thu mua,Vnđ/Kg,VNĐ,CTV địa phương,2026-01-09,97950.0
Cà phê Robusta nhân xô,Gia Lai,Thương lái thu mua,Vnđ/Kg,VNĐ,CTV địa phương,2026-01-09,97733.0
Cà phê Robusta nhân xô,Kon Tum,Thương lái thu mua,Vnđ/Kg,VNĐ,CTV địa phương,2026-01-09,97700.0
Cà phê Robusta nhân xô,Lâm Đồng,Thương lái thu mua,Vnđ/Kg,VNĐ,CTV địa phương,2026-01-09,97500.0
Cà phê Robusta nhân xô,Đắk Lắk,Thương lái thu mua,Vnđ/Kg,VNĐ,CTV địa phương,2026-01-08,97933.0
Cà phê Robusta nhân xô,Đắk Nông,Thương lái thu mua,Vnđ/Kg,VNĐ,CTV địa phương,2026-01-08,98150.0
Cà phê Robusta nhân xô,Gia Lai,Thương lái thu mua,Vnđ/Kg,VNĐ,CTV địa phương,2026-01-08,97933.0
Cà phê Robusta nhân xô,Kon Tum,Thương lái thu mua,Vnđ/Kg,VNĐ,CTV địa phương,2026-01-08,97900.0
Cà phê Robusta nhân xô,Lâm Đồng,Thương lái thu mua,Vnđ/Kg,VNĐ,CTV địa phương,2026-01-08,97500.0
Cà phê Robusta nhân xô,Đắk Lắk,Thương lái thu mua,Vnđ/Kg,VNĐ,CTV địa phương,2026-01-07,98933.0
Cà phê Robusta nhân xô,Đắk Nông,Thương lái thu mua,Vnđ/Kg,VNĐ,CTV địa phương,2026-01-07,99150.0
Cà phê Robusta nhân xô,Gia Lai,Thương lái thu mua,Vnđ/Kg,VNĐ,CTV địa phương,2026-01-07,98933.0
Cà phê Robusta nhân xô,Kon Tum,Thương lái thu mua,Vnđ/Kg,VNĐ,CTV địa phương,2026-01-07,98900.0
Cà phê Robusta nhân xô,Lâm Đồng,Thương lái thu mua,Vnđ/Kg,VNĐ,CTV địa phương,2026-01-07,98500.0
Cà phê Robusta nhân xô,Đắk Lắk,Thương lái thu mua,Vnđ/Kg,VNĐ,CTV địa phương,2026-01-06,97933.0
Cà phê Robusta nhân xô,Đắk Nông,Thương lái thu mua,Vnđ/Kg,VNĐ,CTV địa phương,2026-01-06,98150.0
Cà phê Robusta nhân xô,Gia Lai,Thương lái thu mua,Vnđ/Kg,VNĐ,CTV địa phương,2026-01-06,97933.0
Cà phê Robusta nhân xô,Kon Tum,Thương lái thu mua,Vnđ/Kg,VNĐ,CTV địa phương,2026-01-06,97900.0
Cà phê Robusta nhân xô,Lâm Đồng,Thương lái thu mua,Vnđ/Kg,VNĐ,CTV địa phương,2026-01-06,97500.0
Cà phê Robusta nhân xô,Đắk Lắk,Thương lái thu mua,Vnđ/Kg,VNĐ,CTV địa phương,2026-01-05,94933.0
Cà phê Robusta nhân xô,Đắk Nông,Thương lái thu mua,Vnđ/Kg,VNĐ,CTV địa phương,2026-01-05,98450.0
Cà phê Robusta nhân xô,Gia Lai,Thương lái thu mua,Vnđ/Kg,VNĐ,CTV địa phương,2026-01-05,98433.0
Cà phê Robusta nhân xô,Kon Tum,Thương lái thu mua,Vnđ/Kg,VNĐ,CTV địa phương,2026-01-05,98400.0
Cà phê Robusta nhân xô,Lâm Đồng,Thương lái thu mua,Vnđ/Kg,VNĐ,CTV địa phương,2026-01-05,98000.0
Cà phê Robusta nhân xô,Đắk Lắk,Thương lái thu mua,Vnđ/Kg,VNĐ,CTV địa phương,2026-01-02,98433.0
Cà phê Robusta nhân xô,Đắk Nông,Thương lái thu mua,Vnđ/Kg,VNĐ,CTV địa phương,2026-01-02,98450.0
Cà phê Robusta nhân xô,Gia Lai,Thương lái thu mua,Vnđ/Kg,VNĐ,CTV địa phương,2026-01-02,98333.0
Cà phê Robusta nhân xô,Kon Tum,Thương lái thu mua,Vnđ/Kg,VNĐ,CTV địa phương,2026-01-02,98300.0
Cà phê Robusta nhân xô,Lâm Đồng,Thương lái thu mua,Vnđ/Kg,VNĐ,CTV địa phương,2026-01-02,97700.0
Cà phê Robusta nhân xô,Đắk Lắk,Thương lái thu mua,Vnđ/Kg,VNĐ,CTV địa phương,2026-01-01,98233.0
Cà phê Robusta nhân xô,Đắk Nông,Thương lái thu mua,Vnđ/Kg,VNĐ,CTV địa phương,2026-01-01,98250.0
Cà phê Robusta nhân xô,Gia Lai,Thương lái thu mua,Vnđ/Kg,VNĐ,CTV địa phương,2026-01-01,97933.0
Cà phê Robusta nhân xô,Kon Tum,Thương lái thu mua,Vnđ/Kg,VNĐ,CTV địa phương,2026-01-01,97900.0
Cà phê Robusta nhân xô,Lâm Đồng,Thương lái thu mua,Vnđ/Kg,VNĐ,CTV địa phương,2026-01-01,97500.0
Cà phê Robusta nhân xô,Đắk Lắk,Thương lái thu mua,Vnđ/Kg,VNĐ,CTV địa phương,2025-12-31,97933.0
Cà phê Robusta nhân xô,Đắk Nông,Thương lái thu mua,Vnđ/Kg,VNĐ,CTV địa phương,2025-12-31,97950.0
Cà phê Robusta nhân xô,Gia Lai,Thương lái thu mua,Vnđ/Kg,VNĐ,CTV địa phương,2025-12-31,97733.0
Cà phê Robusta nhân xô,Kon Tum,Thương lái thu mua,Vnđ/Kg,VNĐ,CTV địa phương,2025-12-31,97700.0
Cà phê Robusta nhân xô,Lâm Đồng,Thương lái thu mua,Vnđ/Kg,VNĐ,CTV địa phương,2025-12-31,97000.0
Cà phê Robusta nhân xô,Đắk Lắk,Thương lái thu mua,Vnđ/Kg,VNĐ,CTV địa phương,2025-12-30,97233.0
Cà phê Robusta nhân xô,Đắk Nông,Thương lái thu mua,Vnđ/Kg,VNĐ,CTV địa phương,2025-12-30,97450.0
Cà phê Robusta nhân xô,Gia Lai,Thương lái thu mua,Vnđ/Kg,VNĐ,CTV địa phương,2025-12-30,97233.0
Cà phê Robusta nhân xô,Kon Tum,Thương lái thu mua,Vnđ/Kg,VNĐ,CTV địa phương,2025-12-30,97200.0
Cà phê Robusta nhân xô,Lâm Đồng,Thương lái thu mua,Vnđ/Kg,VNĐ,CTV địa phương,2025-12-30,95700.0
Cà phê Robusta nhân xô,Đắk Lắk,Thương lái thu mua,Vnđ/Kg,VNĐ,CTV địa phương,2025-12-29,96433.0
Cà phê Robusta nhân xô,Đắk Nông,Thương lái thu mua,Vnđ/Kg,VNĐ,CTV địa phương,2025-12-29,96450.0
Cà phê Robusta nhân xô,Gia Lai,Thương lái thu mua,Vnđ/Kg,VNĐ,CTV địa phương,2025-12-29,96233.0
Cà phê Robusta nhân xô,Kon Tum,Thương lái thu mua,Vnđ/Kg,VNĐ,CTV địa phương,2025-12-29,96200.0
Cà phê Robusta nhân xô,Lâm Đồng,Thương lái thu mua,Vnđ/Kg,VNĐ,CTV địa phương,2025-12-29,95000.0
Cà phê Robusta nhân xô,Đắk Lắk,Thương lái thu mua,Vnđ/Kg,VNĐ,CTV địa phương,2025-12-26,96633.0
Cà phê Robusta nhân xô,Đắk Nông,Thương lái thu mua,Vnđ/Kg,VNĐ,CTV địa phương,2025-12-26,96750.0
Cà phê Robusta nhân xô,Gia Lai,Thương lái thu mua,Vnđ/Kg,VNĐ,CTV địa phương,2025-12-26,96433.0
Cà phê Robusta nhân xô,Lâm Đồng,Thương lái thu mua,Vnđ/Kg,VNĐ,CTV địa phương,2025-12-26,95000.0
Cà phê Robusta nhân xô,Đắk Lắk,Thương lái thu mua,Vnđ/Kg,VNĐ,CTV địa phương,2025-12-25,96633.0
Cà phê Robusta nhân xô,Đắk Nông,Thương lái thu mua,Vnđ/Kg,VNĐ,CTV địa phương,2025-12-25,96950.0
Cà phê Robusta nhân xô,Gia Lai,Thương lái thu mua,Vnđ/Kg,VNĐ,CTV địa phương,2025-12-25,96433.0
Cà phê Robusta nhân xô,Kon Tum,Thương lái thu mua,Vnđ/Kg,VNĐ,CTV địa phương,2025-12-25,96400.0
Cà phê Robusta nhân xô,Lâm Đồng,Thương lái thu mua,Vnđ/Kg,VNĐ,CTV địa phương,2025-12-25,95200.0
Cà phê Robusta nhân xô,Đắk Lắk,Thương lái thu mua,Vnđ/Kg,VNĐ,CTV địa phương,2025-12-24,94933.0
Cà phê Robusta nhân xô,Đắk Nông,Thương lái thu mua,Vnđ/Kg,VNĐ,CTV địa phương,2025-12-24,95250.0
Cà phê Robusta nhân xô,Gia Lai,Thương lái thu mua,Vnđ/Kg,VNĐ,CTV địa phương,2025-12-24,94733.0
Cà phê Robusta nhân xô,Kon Tum,Thương lái thu mua,Vnđ/Kg,VNĐ,CTV địa phương,2025-12-24,94700.0
Cà phê Robusta nhân xô,Lâm Đồng,Thương lái thu mua,Vnđ/Kg,VNĐ,CTV địa phương,2025-12-24,94500.0
Cà phê Robusta nhân xô,Đắk Lắk,Thương lái thu mua,Vnđ/Kg,VNĐ,CTV địa phương,2025-12-23,92433.0
Cà phê Robusta nhân xô,Đắk Nông,Thương lái thu mua,Vnđ/Kg,VNĐ,CTV địa phương,2025-12-23,92750.0
Cà phê Robusta nhân xô,Gia Lai,Thương lái thu mua,Vnđ/Kg,VNĐ,CTV địa phương,2025-12-23,92633.0
Cà phê Robusta nhân xô,Kon Tum,Thương lái thu mua,Vnđ/Kg,VNĐ,CTV địa phương,2025-12-23,92600.0
Cà phê Robusta nhân xô,Lâm Đồng,Thương lái thu mua,Vnđ/Kg,VNĐ,CTV địa phương,2025-12-23,92000.0
Cà phê Robusta nhân xô,Đắk Lắk,Thương lái thu mua,Vnđ/Kg,VNĐ,CTV địa phương,2025-12-22,91433.0
Cà phê Robusta nhân xô,Đắk Nông,Thương lái thu mua,Vnđ/Kg,VNĐ,CTV địa phương,2025-12-22,91950.0
Cà phê Robusta nhân xô,Gia Lai,Thương lái thu mua,Vnđ/Kg,VNĐ,CTV địa phương,2025-12-22,91133.0
Cà phê Robusta nhân xô,Kon Tum,Thương lái thu mua,Vnđ/Kg,VNĐ,CTV địa phương,2025-12-22,91100.0
Cà phê Robusta nhân xô,Lâm Đồng,Thương lái thu mua,Vnđ/Kg,VNĐ,CTV địa phương,2025-12-22,91000.0
Cà phê Robusta nhân xô,Đắk Lắk,Thương lái thu mua,Vnđ/Kg,VNĐ,CTV địa phương,2025-12-19,89233.0
Cà phê Robusta nhân xô,Đắk Nông,Thương lái thu mua,Vnđ/Kg,VNĐ,CTV địa phương,2025-12-19,89450.0
Cà phê Robusta nhân xô,Gia Lai,Thương lái thu mua,Vnđ/Kg,VNĐ,CTV địa phương,2025-12-19,88933.0
Cà phê Robusta nhân xô,Lâm Đồng,Thương lái thu mua,Vnđ/Kg,VNĐ,CTV địa phương,2025-12-19,88500.0
Cà phê Robusta nhân xô,Đắk Lắk,Thương lái thu mua,Vnđ/Kg,VNĐ,CTV địa phương,2025-12-18,89733.0
Cà phê Robusta nhân xô,Đắk Nông,Thương lái thu mua,Vnđ/Kg,VNĐ,CTV địa phương,2025-12-18,89950.0
Cà phê Robusta nhân xô,Gia Lai,Thương lái thu mua,Vnđ/Kg,VNĐ,CTV địa phương,2025-12-18,89233.0
Cà phê Robusta nhân xô,Kon Tum,Thương lái thu mua,Vnđ/Kg,VNĐ,CTV địa phương,2025-12-18,89200.0
Cà phê Robusta nhân xô,Lâm Đồng,Thương lái thu mua,Vnđ/Kg,VNĐ,CTV địa phương,2025-12-18,88700.0
Cà phê Robusta nhân xô,Đắk Lắk,Thương lái thu mua,Vnđ/Kg,VNĐ,CTV địa phương,2025-12-17,93233.0
Cà phê Robusta nhân xô,Đắk Nông,Thương lái thu mua,Vnđ/Kg,VNĐ,CTV địa phương,2025-12-17,93450.0
Cà phê Robusta nhân xô,Gia Lai,Thương lái thu mua,Vnđ/Kg,VNĐ,CTV địa phương,2025-12-17,93133.0
Cà phê Robusta nhân xô,Kon Tum,Thương lái thu mua,Vnđ/Kg,VNĐ,CTV địa phương,2025-12-17,93100.0
Cà phê Robusta nhân xô,Lâm Đồng,Thương lái thu mua,Vnđ/Kg,VNĐ,CTV địa phương,2025-12-17,92500.0
Cà phê Robusta nhân xô,Đắk Lắk,Thương lái thu mua,Vnđ/Kg,VNĐ,CTV địa phương,2025-12-16,95233.0
Cà phê Robusta nhân xô,Đắk Nông,Thương lái thu mua,Vnđ/Kg,VNĐ,CTV địa phương,2025-12-16,95450.0
Cà phê Robusta nhân xô,Gia Lai,Thương lái thu mua,Vnđ/Kg,VNĐ,CTV địa phương,2025-12-16,95133.0
Cà phê Robusta nhân xô,Kon Tum,Thương lái thu mua,Vnđ/Kg,VNĐ,CTV địa phương,2025-12-16,95100.0
Cà phê Robusta nhân xô,Lâm Đồng,Thương lái thu mua,Vnđ/Kg,VNĐ,CTV địa phương,2025-12-16,94500.0
Cà phê Robusta nhân xô,Đắk Lắk,Thương lái thu mua,Vnđ/Kg,VNĐ,CTV địa phương,2025-12-15,97233.0
Cà phê Robusta nhân xô,Đắk Nông,Thương lái thu mua,Vnđ/Kg,VNĐ,CTV địa phương,2025-12-15,97450.0
Cà phê Robusta nhân xô,Gia Lai,Thương lái thu mua,Vnđ/Kg,VNĐ,CTV địa phương,2025-12-15,96733.0
Cà phê Robusta nhân xô,Kon Tum,Thương lái thu mua,Vnđ/Kg,VNĐ,CTV địa phương,2025-12-15,96700.0
Cà phê Robusta nhân xô,Lâm Đồng,Thương lái thu mua,Vnđ/Kg,VNĐ,CTV địa phương,2025-12-15,96700.0
Cà phê Robusta nhân xô,Đắk Lắk,Thương lái thu mua,Vnđ/Kg,VNĐ,CTV địa phương,2025-12-12,100933.0
Cà phê Robusta nhân xô,Đắk Nông,Thương lái thu mua,Vnđ/Kg,VNĐ,CTV địa phương,2025-12-12,101150.0
Cà phê Robusta nhân xô,Gia Lai,Thương lái thu mua,Vnđ/Kg,VNĐ,CTV địa phương,2025-12-12,100633.0
Cà phê Robusta nhân xô,Lâm Đồng,Thương lái thu mua,Vnđ/Kg,VNĐ,CTV địa phương,2025-12-12,100500.0
Cà phê Robusta nhân xô,Đắk Lắk,Thương lái thu mua,Vnđ/Kg,VNĐ,CTV địa phương,2025-12-11,101733.0
Cà phê Robusta nhân xô,Đắk Nông,Thương lái thu mua,Vnđ/Kg,VNĐ,CTV địa phương,2025-12-11,101950.0
Cà phê Robusta nhân xô,Gia Lai,Thương lái thu mua,Vnđ/Kg,VNĐ,CTV địa phương,2025-12-11,101233.0
Cà phê Robusta nhân xô,Kon Tum,Thương lái thu mua,Vnđ/Kg,VNĐ,CTV địa phương,2025-12-11,101200.0
Cà phê Robusta nhân xô,Lâm Đồng,Thương lái thu mua,Vnđ/Kg,VNĐ,CTV địa phương,2025-12-11,101300.0
Cà phê Robusta nhân xô,Đắk Lắk,Thương lái thu mua,Vnđ/Kg,VNĐ,CTV địa phương,2025-12-10,101233.0
Cà phê Robusta nhân xô,Đắk Nông,Thương lái thu mua,Vnđ/Kg,VNĐ,CTV địa phương,2025-12-10,101450.0
Cà phê Robusta nhân xô,Gia Lai,Thương lái thu mua,Vnđ/Kg,VNĐ,CTV địa phương,2025-12-10,100733.0
Cà phê Robusta nhân xô,Kon Tum,Thương lái thu mua,Vnđ/Kg,VNĐ,CTV địa phương,2025-12-10,100700.0
Cà phê Robusta nhân xô,Lâm Đồng,Thương lái thu mua,Vnđ/Kg,VNĐ,CTV địa phương,2025-12-10,100700.0
Cà phê Robusta nhân xô,Đắk Lắk,Thương lái thu mua,Vnđ/Kg,VNĐ,CTV địa phương,2025-12-09,100367.0
Cà phê Robusta nhân xô,Đắk Nông,Thương lái thu mua,Vnđ/Kg,VNĐ,CTV địa phương,2025-12-09,101150.0
Cà phê Robusta nhân xô,Gia Lai,Thương lái thu mua,Vnđ/Kg,VNĐ,CTV địa phương,2025-12-09,100533.0
Cà phê Robusta nhân xô,Kon Tum,Thương lái thu mua,Vnđ/Kg,VNĐ,CTV địa phương,2025-12-09,100500.0
Cà phê Robusta nhân xô,Lâm Đồng,Thương lái thu mua,Vnđ/Kg,VNĐ,CTV địa phương,2025-12-09,100500.0
Cà phê Robusta nhân xô,Đắk Lắk,Thương lái thu mua,Vnđ/Kg,VNĐ,CTV địa phương,2025-12-08,103133.0
Cà phê Robusta nhân xô,Đắk Nông,Thương lái thu mua,Vnđ/Kg,VNĐ,CTV địa phương,2025-12-08,103250.0
Cà phê Robusta nhân xô,Gia Lai,Thương lái thu mua,Vnđ/Kg,VNĐ,CTV địa phương,2025-12-08,102633.0
Cà phê Robusta nhân xô,Kon Tum,Thương lái thu mua,Vnđ/Kg,VNĐ,CTV địa phương,2025-12-08,102600.0
Cà phê Robusta nhân xô,Lâm Đồng,Thương lái thu mua,Vnđ/Kg,VNĐ,CTV địa phương,2025-12-08,102500.0
Cà phê Robusta nhân xô,Đắk Lắk,Thương lái thu mua,Vnđ/Kg,VNĐ,CTV địa phương,2025-12-05,103933.0
Cà phê Robusta nhân xô,Đắk Nông,Thương lái thu mua,Vnđ/Kg,VNĐ,CTV địa phương,2025-12-05,103950.0
Cà phê Robusta nhân xô,Gia Lai,Thương lái thu mua,Vnđ/Kg,VNĐ,CTV địa phương,2025-12-05,103533.0
Cà phê Robusta nhân xô,Lâm Đồng,Thương lái thu mua,Vnđ/Kg,VNĐ,CTV địa phương,2025-12-05,103300.0
Cà phê Robusta nhân xô,Đắk Lắk,Thương lái thu mua,Vnđ/Kg,VNĐ,CTV địa phương,2025-12-04,103533.0
Cà phê Robusta nhân xô,Đắk Nông,Thương lái thu mua,Vnđ/Kg,VNĐ,CTV địa phương,2025-12-04,103750.0
Cà phê Robusta nhân xô,Gia Lai,Thương lái thu mua,Vnđ/Kg,VNĐ,CTV địa phương,2025-12-04,103133.0
Cà phê Robusta nhân xô,Kon Tum,Thương lái thu mua,Vnđ/Kg,VNĐ,CTV địa phương,2025-12-04,103100.0
Cà phê Robusta nhân xô,Lâm Đồng,Thương lái thu mua,Vnđ/Kg,VNĐ,CTV địa phương,2025-12-04,102800.0
Cà phê Robusta nhân xô,Đắk Lắk,Thương lái thu mua,Vnđ/Kg,VNĐ,CTV địa phương,2025-12-03,105433.0
Cà phê Robusta nhân xô,Đắk Nông,Thương lái thu mua,Vnđ/Kg,VNĐ,CTV địa phương,2025-12-03,105450.0
Cà phê Robusta nhân xô,Gia Lai,Thương lái thu mua,Vnđ/Kg,VNĐ,CTV địa phương,2025-12-03,104933.0
Cà phê Robusta nhân xô,Kon Tum,Thương lái thu mua,Vnđ/Kg,VNĐ,CTV địa phương,2025-12-03,104900.0
Cà phê Robusta nhân xô,Lâm Đồng,Thương lái thu mua,Vnđ/Kg,VNĐ,CTV địa phương,2025-12-03,104500.0
Cà phê Robusta nhân xô,Đắk Lắk,Thương lái thu mua,Vnđ/Kg,VNĐ,CTV địa phương,2025-12-02,106933.0
Cà phê Robusta nhân xô,Đắk Nông,Thương lái thu mua,Vnđ/Kg,VNĐ,CTV địa phương,2025-12-02,106950.0
Cà phê Robusta nhân xô,Gia Lai,Thương lái thu mua,Vnđ/Kg,VNĐ,CTV địa phương,2025-12-02,105933.0
Cà phê Robusta nhân xô,Kon Tum,Thương lái thu mua,Vnđ/Kg,VNĐ,CTV địa phương,2025-12-02,105900.0
Cà phê Robusta nhân xô,Lâm Đồng,Thương lái thu mua,Vnđ/Kg,VNĐ,CTV địa phương,2025-12-02,106500.0
Cà phê Robusta nhân xô,Đắk Lắk,Thương lái thu mua,Vnđ/Kg,VNĐ,CTV địa phương,2025-12-01,110933.0
Cà phê Robusta nhân xô,Đắk Nông,Thương lái thu mua,Vnđ/Kg,VNĐ,CTV địa phương,2025-12-01,111150.0
Cà phê Robusta nhân xô,Gia Lai,Thương lái thu mua,Vnđ/Kg,VNĐ,CTV địa phương,2025-12-01,110767.0
Cà phê Robusta nhân xô,Kon Tum,Thương lái thu mua,Vnđ/Kg,VNĐ,CTV địa phương,2025-12-01,110800.0
Cà phê Robusta nhân xô,Lâm Đồng,Thương lái thu mua,Vnđ/Kg,VNĐ,CTV địa phương,2025-12-01,110500.0
Cà phê Robusta nhân xô,Đắk Lắk,Thương lái thu mua,Vnđ/Kg,VNĐ,CTV địa phương,2025-11-28,111933.0
Cà phê Robusta nhân xô,Đắk Nông,Thương lái thu mua,Vnđ/Kg,VNĐ,CTV địa phương,2025-11-28,111950.0
Cà phê Robusta nhân xô,Gia Lai,Thương lái thu mua,Vnđ/Kg,VNĐ,CTV địa phương,2025-11-28,111433.0
Cà phê Robusta nhân xô,Lâm Đồng,Thương lái thu mua,Vnđ/Kg,VNĐ,CTV địa phương,2025-11-28,111000.0
Cà phê Robusta nhân xô,Đắk Lắk,Thương lái thu mua,Vnđ/Kg,VNĐ,CTV địa phương,2025-11-27,111433.0
Cà phê Robusta nhân xô,Đắk Nông,Thương lái thu mua,Vnđ/Kg,VNĐ,CTV địa phương,2025-11-27,111450.0
Cà phê Robusta nhân xô,Gia Lai,Thương lái thu mua,Vnđ/Kg,VNĐ,CTV địa phương,2025-11-27,110933.0
Cà phê Robusta nhân xô,Kon Tum,Thương lái thu mua,Vnđ/Kg,VNĐ,CTV địa phương,2025-11-27,110900.0
Cà phê Robusta nhân xô,Lâm Đồng,Thương lái thu mua,Vnđ/Kg,VNĐ,CTV địa phương,2025-11-27,110500.0
Cà phê Robusta nhân xô,Đắk Lắk,Thương lái thu mua,Vnđ/Kg,VNĐ,CTV địa phương,2025-11-26,111933.0
Cà phê Robusta nhân xô,Đắk Nông,Thương lái thu mua,Vnđ/Kg,VNĐ,CTV địa phương,2025-11-26,111950.0
Cà phê Robusta nhân xô,Gia Lai,Thương lái thu mua,Vnđ/Kg,VNĐ,CTV địa phương,2025-11-26,111433.0
Cà phê Robusta nhân xô,Kon Tum,Thương lái thu mua,Vnđ/Kg,VNĐ,CTV địa phương,2025-11-26,111400.0
Cà phê Robusta nhân xô,Lâm Đồng,Thương lái thu mua,Vnđ/Kg,VNĐ,CTV địa phương,2025-11-26,111300.0
Cà phê Robusta nhân xô,Đắk Lắk,Thương lái thu mua,Vnđ/Kg,VNĐ,CTV địa phương,2025-11-25,110933.0
Cà phê Robusta nhân xô,Đắk Nông,Thương lái thu mua,Vnđ/Kg,VNĐ,CTV địa phương,2025-11-25,110950.0
Cà phê Robusta nhân xô,Gia Lai,Thương lái thu mua,Vnđ/Kg,VNĐ,CTV địa phương,2025-11-25,110433.0
Cà phê Robusta nhân xô,Kon Tum,Thương lái thu mua,Vnđ/Kg,VNĐ,CTV địa phương,2025-11-25,110400.0
Cà phê Robusta nhân xô,Lâm Đồng,Thương lái thu mua,Vnđ/Kg,VNĐ,CTV địa phương,2025-11-25,109500.0
Cà phê Robusta nhân xô,Đắk Lắk,Thương lái thu mua,Vnđ/Kg,VNĐ,CTV địa phương,2025-11-24,111933.0
Cà phê Robusta nhân xô,Đắk Nông,Thương lái thu mua,Vnđ/Kg,VNĐ,CTV địa phương,2025-11-24,111950.0
Cà phê Robusta nhân xô,Gia Lai,Thương lái thu mua,Vnđ/Kg,VNĐ,CTV địa phương,2025-11-24,111767.0
Cà phê Robusta nhân xô,Kon Tum,Thương lái thu mua,Vnđ/Kg,VNĐ,CTV địa phương,2025-11-24,111800.0
Cà phê Robusta nhân xô,Lâm Đồng,Thương lái thu mua,Vnđ/Kg,VNĐ,CTV địa phương,2025-11-24,111000.0
Cà phê Robusta nhân xô,Đắk Lắk,Thương lái thu mua,Vnđ/Kg,VNĐ,CTV địa phương,2025-11-21,114633.0
Cà phê Robusta nhân xô,Đắk Nông,Thương lái thu mua,Vnđ/Kg,VNĐ,CTV địa phương,2025-11-21,114750.0
Cà phê Robusta nhân xô,Gia Lai,Thương lái thu mua,Vnđ/Kg,VNĐ,CTV địa phương,2025-11-21,113933.0
Cà phê Robusta nhân xô,Lâm Đồng,Thương lái thu mua,Vnđ/Kg,VNĐ,CTV địa phương,2025-11-21,113500.0
Cà phê Robusta nhân xô,Đắk Lắk,Thương lái thu mua,Vnđ/Kg,VNĐ,CTV địa phương,2025-11-20,113433.0
Cà phê Robusta nhân xô,Đắk Nông,Thương lái thu mua,Vnđ/Kg,VNĐ,CTV địa phương,2025-11-20,113450.0
Cà phê Robusta nhân xô,Gia Lai,Thương lái thu mua,Vnđ/Kg,VNĐ,CTV địa phương,2025-11-20,112933.0
Cà phê Robusta nhân xô,Kon Tum,Thương lái thu mua,Vnđ/Kg,VNĐ,CTV địa phương,2025-11-20,112900.0
Cà phê Robusta nhân xô,Lâm Đồng,Thương lái thu mua,Vnđ/Kg,VNĐ,CTV địa phương,2025-11-20,112500.0
Cà phê Robusta nhân xô,Đắk Lắk,Thương lái thu mua,Vnđ/Kg,VNĐ,CTV địa phương,2025-11-19,114633.0
Cà phê Robusta nhân xô,Đắk Nông,Thương lái thu mua,Vnđ/Kg,VNĐ,CTV địa phương,2025-11-19,114750.0
Cà phê Robusta nhân xô,Gia Lai,Thương lái thu mua,Vnđ/Kg,VNĐ,CTV địa phương,2025-11-19,114133.0
Cà phê Robusta nhân xô,Kon Tum,Thương lái thu mua,Vnđ/Kg,VNĐ,CTV địa phương,2025-11-19,114100.0
Cà phê Robusta nhân xô,Lâm Đồng,Thương lái thu mua,Vnđ/Kg,VNĐ,CTV địa phương,2025-11-19,113700.0
Cà phê Robusta nhân xô,Đắk Lắk,Thương lái thu mua,Vnđ/Kg,VNĐ,CTV địa phương,2025-11-18,113633.0
Cà phê Robusta nhân xô,Đắk Nông,Thương lái thu mua,Vnđ/Kg,VNĐ,CTV địa phương,2025-11-18,113750.0
Cà phê Robusta nhân xô,Gia Lai,Thương lái thu mua,Vnđ/Kg,VNĐ,CTV địa phương,2025-11-18,112933.0
Cà phê Robusta nhân xô,Kon Tum,Thương lái thu mua,Vnđ/Kg,VNĐ,CTV địa phương,2025-11-18,112900.0
Cà phê Robusta nhân xô,Lâm Đồng,Thương lái thu mua,Vnđ/Kg,VNĐ,CTV địa phương,2025-11-18,112600.0
Cà phê Robusta nhân xô,Đắk Lắk,Thương lái thu mua,Vnđ/Kg,VNĐ,CTV địa phương,2025-11-17,100433.0
Cà phê Robusta nhân xô,Đắk Nông,Thương lái thu mua,Vnđ/Kg,VNĐ,CTV địa phương,2025-11-17,105450.0
Cà phê Robusta nhân xô,Gia Lai,Thương lái thu mua,Vnđ/Kg,VNĐ,CTV địa phương,2025-11-17,109733.0
Cà phê Robusta nhân xô,Kon Tum,Thương lái thu mua,Vnđ/Kg,VNĐ,CTV địa phương,2025-11-17,109700.0
Cà phê Robusta nhân xô,Lâm Đồng,Thương lái thu mua,Vnđ/Kg,VNĐ,CTV địa phương,2025-11-17,108500.0
Cà phê Robusta nhân xô,Đắk Lắk,Thương lái thu mua,Vnđ/Kg,VNĐ,CTV địa phương,2025-11-14,112933.0
Cà phê Robusta nhân xô,Đắk Nông,Thương lái thu mua,Vnđ/Kg,VNĐ,CTV địa phương,2025-11-14,112950.0
Cà phê Robusta nhân xô,Gia Lai,Thương lái thu mua,Vnđ/Kg,VNĐ,CTV địa phương,2025-11-14,112433.0
Cà phê Robusta nhân xô,Lâm Đồng,Thương lái thu mua,Vnđ/Kg,VNĐ,CTV địa phương,2025-11-14,111000.0
Cà phê Robusta nhân xô,Đắk Lắk,Thương lái thu mua,Vnđ/Kg,VNĐ,CTV địa phương,2025-11-13,113433.0
Cà phê Robusta nhân xô,Đắk Nông,Thương lái thu mua,Vnđ/Kg,VNĐ,CTV địa phương,2025-11-13,113450.0
Cà phê Robusta nhân xô,Gia Lai,Thương lái thu mua,Vnđ/Kg,VNĐ,CTV địa phương,2025-11-13,112933.0
Cà phê Robusta nhân xô,Kon Tum,Thương lái thu mua,Vnđ/Kg,VNĐ,CTV địa phương,2025-11-13,112900.0
Cà phê Robusta nhân xô,Lâm Đồng,Thương lái thu mua,Vnđ/Kg,VNĐ,CTV địa phương,2025-11-13,111500.0
Cà phê Robusta nhân xô,Đắk Lắk,Thương lái thu mua,Vnđ/Kg,VNĐ,CTV địa phương,2025-11-12,118433.0
Cà phê Robusta nhân xô,Đắk Nông,Thương lái thu mua,Vnđ/Kg,VNĐ,CTV địa phương,2025-11-12,117950.0
Cà phê Robusta nhân xô,Gia Lai,Thương lái thu mua,Vnđ/Kg,VNĐ,CTV địa phương,2025-11-12,117933.0
Cà phê Robusta nhân xô,Kon Tum,Thương lái thu mua,Vnđ/Kg,VNĐ,CTV địa phương,2025-11-12,117900.0
Cà phê Robusta nhân xô,Lâm Đồng,Thương lái thu mua,Vnđ/Kg,VNĐ,CTV địa phương,2025-11-12,117300.0
Cà phê Robusta nhân xô,Đắk Lắk,Thương lái thu mua,Vnđ/Kg,VNĐ,CTV địa phương,2025-11-11,118933.0
Cà phê Robusta nhân xô,Đắk Nông,Thương lái thu mua,Vnđ/Kg,VNĐ,CTV địa phương,2025-11-11,118450.0
Cà phê Robusta nhân xô,Gia Lai,Thương lái thu mua,Vnđ/Kg,VNĐ,CTV địa phương,2025-11-11,118533.0
Cà phê Robusta nhân xô,Kon Tum,Thương lái thu mua,Vnđ/Kg,VNĐ,CTV địa phương,2025-11-11,118500.0
Cà phê Robusta nhân xô,Lâm Đồng,Thương lái thu mua,Vnđ/Kg,VNĐ,CTV địa phương,2025-11-11,117600.0
Cà phê Robusta nhân xô,Đắk Lắk,Thương lái thu mua,Vnđ/Kg,VNĐ,CTV địa phương,2025-11-10,119533.0
Cà phê Robusta nhân xô,Đắk Nông,Thương lái thu mua,Vnđ/Kg,VNĐ,CTV địa phương,2025-11-10,119650.0
Cà phê Robusta nhân xô,Gia Lai,Thương lái thu mua,Vnđ/Kg,VNĐ,CTV địa phương,2025-11-10,118833.0
Cà phê Robusta nhân xô,Kon Tum,Thương lái thu mua,Vnđ/Kg,VNĐ,CTV địa phương,2025-11-10,118800.0
Cà phê Robusta nhân xô,Lâm Đồng,Thương lái thu mua,Vnđ/Kg,VNĐ,CTV địa phương,2025-11-10,118200.0
Cà phê Robusta nhân xô,Đắk Lắk,Thương lái thu mua,Vnđ/Kg,VNĐ,CTV địa phương,2025-11-07,116733.0
Cà phê Robusta nhân xô,Đắk Nông,Thương lái thu mua,Vnđ/Kg,VNĐ,CTV địa phương,2025-11-07,116950.0
Cà phê Robusta nhân xô,Gia Lai,Thương lái thu mua,Vnđ/Kg,VNĐ,CTV địa phương,2025-11-07,116433.0
Cà phê Robusta nhân xô,Lâm Đồng,Thương lái thu mua,Vnđ/Kg,VNĐ,CTV địa phương,2025-11-07,115700.0
Cà phê Robusta nhân xô,Đắk Lắk,Thương lái thu mua,Vnđ/Kg,VNĐ,CTV địa phương,2025-11-06,118933.0
Cà phê Robusta nhân xô,Đắk Nông,Thương lái thu mua,Vnđ/Kg,VNĐ,CTV địa phương,2025-11-06,119250.0
Cà phê Robusta nhân xô,Gia Lai,Thương lái thu mua,Vnđ/Kg,VNĐ,CTV địa phương,2025-11-06,118133.0
Cà phê Robusta nhân xô,Kon Tum,Thương lái thu mua,Vnđ/Kg,VNĐ,CTV địa phương,2025-11-06,118100.0
Cà phê Robusta nhân xô,Lâm Đồng,Thương lái thu mua,Vnđ/Kg,VNĐ,CTV địa phương,2025-11-06,118200.0
Cà phê Robusta nhân xô,Đắk Lắk,Thương lái thu mua,Vnđ/Kg,VNĐ,CTV địa phương,2025-11-05,118633.0
Cà phê Robusta nhân xô,Đắk Nông,Thương lái thu mua,Vnđ/Kg,VNĐ,CTV địa phương,2025-11-05,118950.0
Cà phê Robusta nhân xô,Gia Lai,Thương lái thu mua,Vnđ/Kg,VNĐ,CTV địa phương,2025-11-05,117933.0
Cà phê Robusta nhân xô,Kon Tum,Thương lái thu mua,Vnđ/Kg,VNĐ,CTV địa phương,2025-11-05,117900.0
Cà phê Robusta nhân xô,Lâm Đồng,Thương lái thu mua,Vnđ/Kg,VNĐ,CTV địa phương,2025-11-05,117800.0
Cà phê Robusta nhân xô,Đắk Lắk,Thương lái thu mua,Vnđ/Kg,VNĐ,CTV địa phương,2025-11-04,118933.0
Cà phê Robusta nhân xô,Đắk Nông,Thương lái thu mua,Vnđ/Kg,VNĐ,CTV địa phương,2025-11-04,119450.0
Cà phê Robusta nhân xô,Gia Lai,Thương lái thu mua,Vnđ/Kg,VNĐ,CTV địa phương,2025-11-04,118433.0
Cà phê Robusta nhân xô,Kon Tum,Thương lái thu mua,Vnđ/Kg,VNĐ,CTV địa phương,2025-11-04,118400.0
Cà phê Robusta nhân xô,Lâm Đồng,Thương lái thu mua,Vnđ/Kg,VNĐ,CTV địa phương,2025-11-04,118200.0
Cà phê Robusta nhân xô,Đắk Lắk,Thương lái thu mua,Vnđ/Kg,VNĐ,CTV địa phương,2025-11-03,116933.0
Cà phê Robusta nhân xô,Đắk Nông,Thương lái thu mua,Vnđ/Kg,VNĐ,CTV địa phương,2025-11-03,116950.0
Cà phê Robusta nhân xô,Gia Lai,Thương lái thu mua,Vnđ/Kg,VNĐ,CTV địa phương,2025-11-03,116433.0
Cà phê Robusta nhân xô,Kon Tum,Thương lái thu mua,Vnđ/Kg,VNĐ,CTV địa phương,2025-11-03,116400.0
Cà phê Robusta nhân xô,Lâm Đồng,Thương lái thu mua,Vnđ/Kg,VNĐ,CTV địa phương,2025-11-03,115600.0
Cà phê Robusta nhân xô,Đắk Lắk,Thương lái thu mua,Vnđ/Kg,VNĐ,CTV địa phương,2025-10-31,117933.0
Cà phê Robusta nhân xô,Đắk Nông,Thương lái thu mua,Vnđ/Kg,VNĐ,CTV địa phương,2025-10-31,118150.0
Cà phê Robusta nhân xô,Gia Lai,Thương lái thu mua,Vnđ/Kg,VNĐ,CTV địa phương,2025-10-31,117633.0
Cà phê Robusta nhân xô,Lâm Đồng,Thương lái thu mua,Vnđ/Kg,VNĐ,CTV địa phương,2025-10-31,116800.0
Cà phê Robusta nhân xô,Đắk Lắk,Thương lái thu mua,Vnđ/Kg,VNĐ,CTV địa phương,2025-10-30,116433.0
Cà phê Robusta nhân xô,Đắk Nông,Thương lái thu mua,Vnđ/Kg,VNĐ,CTV địa phương,2025-10-30,116650.0
Cà phê Robusta nhân xô,Gia Lai,Thương lái thu mua,Vnđ/Kg,VNĐ,CTV địa phương,2025-10-30,116133.0
Cà phê Robusta nhân xô,Kon Tum,Thương lái thu mua,Vnđ/Kg,VNĐ,CTV địa phương,2025-10-30,116100.0
Cà phê Robusta nhân xô,Lâm Đồng,Thương lái thu mua,Vnđ/Kg,VNĐ,CTV địa phương,2025-10-30,115500.0
Cà phê Robusta nhân xô,Đắk Lắk,Thương lái thu mua,Vnđ/Kg,VNĐ,CTV địa phương,2025-10-29,115733.0
Cà phê Robusta nhân xô,Đắk Nông,Thương lái thu mua,Vnđ/Kg,VNĐ,CTV địa phương,2025-10-29,115750.0
Cà phê Robusta nhân xô,Gia Lai,Thương lái thu mua,Vnđ/Kg,VNĐ,CTV địa phương,2025-10-29,115333.0
Cà phê Robusta nhân xô,Kon Tum,Thương lái thu mua,Vnđ/Kg,VNĐ,CTV địa phương,2025-10-29,115300.0
Cà phê Robusta nhân xô,Lâm Đồng,Thương lái thu mua,Vnđ/Kg,VNĐ,CTV địa phương,2025-10-29,114600.0
Cà phê Robusta nhân xô,Đắk Lắk,Thương lái thu mua,Vnđ/Kg,VNĐ,CTV địa phương,2025-10-28,115633.0
Cà phê Robusta nhân xô,Đắk Nông,Thương lái thu mua,Vnđ/Kg,VNĐ,CTV địa phương,2025-10-28,115450.0
Cà phê Robusta nhân xô,Gia Lai,Thương lái thu mua,Vnđ/Kg,VNĐ,CTV địa phương,2025-10-28,115233.0
Cà phê Robusta nhân xô,Kon Tum,Thương lái thu mua,Vnđ/Kg,VNĐ,CTV địa phương,2025-10-28,115200.0
Cà phê Robusta nhân xô,Lâm Đồng,Thương lái thu mua,Vnđ/Kg,VNĐ,CTV địa phương,2025-10-28,114500.0
Cà phê Robusta nhân xô,Đắk Lắk,Thương lái thu mua,Vnđ/Kg,VNĐ,CTV địa phương,2025-10-27,116933.0
Cà phê Robusta nhân xô,Đắk Nông,Thương lái thu mua,Vnđ/Kg,VNĐ,CTV địa phương,2025-10-27,116950.0
Cà phê Robusta nhân xô,Gia Lai,Thương lái thu mua,Vnđ/Kg,VNĐ,CTV địa phương,2025-10-27,116433.0
Cà phê Robusta nhân xô,Kon Tum,Thương lái thu mua,Vnđ/Kg,VNĐ,CTV địa phương,2025-10-27,116400.0
Cà phê Robusta nhân xô,Lâm Đồng,Thương lái thu mua,Vnđ/Kg,VNĐ,CTV địa phương,2025-10-27,115700.0
Cà phê Robusta nhân xô,Đắk Lắk,Thương lái thu mua,Vnđ/Kg,VNĐ,CTV địa phương,2025-10-24,115933.0
Cà phê Robusta nhân xô,Đắk Nông,Thương lái thu mua,Vnđ/Kg,VNĐ,CTV địa phương,2025-10-24,115950.0
Cà phê Robusta nhân xô,Gia Lai,Thương lái thu mua,Vnđ/Kg,VNĐ,CTV địa phương,2025-10-24,115133.0
Cà phê Robusta nhân xô,Lâm Đồng,Thương lái thu mua,Vnđ/Kg,VNĐ,CTV địa phương,2025-10-24,114500.0
Cà phê Robusta nhân xô,Đắk Lắk,Thương lái thu mua,Vnđ/Kg,VNĐ,CTV địa phương,2025-10-23,118433.0
Cà phê Robusta nhân xô,Đắk Nông,Thương lái thu mua,Vnđ/Kg,VNĐ,CTV địa phương,2025-10-23,118450.0
Cà phê Robusta nhân xô,Gia Lai,Thương lái thu mua,Vnđ/Kg,VNĐ,CTV địa phương,2025-10-23,117933.0
Cà phê Robusta nhân xô,Kon Tum,Thương lái thu mua,Vnđ/Kg,VNĐ,CTV địa phương,2025-10-23,117900.0
Cà phê Robusta nhân xô,Lâm Đồng,Thương lái thu mua,Vnđ/Kg,VNĐ,CTV địa phương,2025-10-23,117000.0
Cà phê Robusta nhân xô,Đắk Lắk,Thương lái thu mua,Vnđ/Kg,VNĐ,CTV địa phương,2025-10-22,115533.0
Cà phê Robusta nhân xô,Đắk Nông,Thương lái thu mua,Vnđ/Kg,VNĐ,CTV địa phương,2025-10-22,115650.0
Cà phê Robusta nhân xô,Gia Lai,Thương lái thu mua,Vnđ/Kg,VNĐ,CTV địa phương,2025-10-22,115133.0
Cà phê Robusta nhân xô,Kon Tum,Thương lái thu mua,Vnđ/Kg,VNĐ,CTV địa phương,2025-10-22,115100.0
Cà phê Robusta nhân xô,Lâm Đồng,Thương lái thu mua,Vnđ/Kg,VNĐ,CTV địa phương,2025-10-22,114900.0
Cà phê Robusta nhân xô,Đắk Lắk,Thương lái thu mua,Vnđ/Kg,VNĐ,CTV địa phương,2025-10-21,114433.0
Cà phê Robusta nhân xô,Đắk Nông,Thương lái thu mua,Vnđ/Kg,VNĐ,CTV địa phương,2025-10-21,114450.0
Cà phê Robusta nhân xô,Gia Lai,Thương lái thu mua,Vnđ/Kg,VNĐ,CTV địa phương,2025-10-21,113933.0
Cà phê Robusta nhân xô,Kon Tum,Thương lái thu mua,Vnđ/Kg,VNĐ,CTV địa phương,2025-10-21,113900.0
Cà phê Robusta nhân xô,Lâm Đồng,Thương lái thu mua,Vnđ/Kg,VNĐ,CTV địa phương,2025-10-21,113700.0
Cà phê Robusta nhân xô,Đắk Lắk,Thương lái thu mua,Vnđ/Kg,VNĐ,CTV địa phương,2025-10-20,114433.0
Cà phê Robusta nhân xô,Đắk Nông,Thương lái thu mua,Vnđ/Kg,VNĐ,CTV địa phương,2025-10-20,114450.0
Cà phê Robusta nhân xô,Gia Lai,Thương lái thu mua,Vnđ/Kg,VNĐ,CTV địa phương,2025-10-20,113933.0
Cà phê Robusta nhân xô,Kon Tum,Thương lái thu mua,Vnđ/Kg,VNĐ,CTV địa phương,2025-10-20,113900.0
Cà phê Robusta nhân xô,Lâm Đồng,Thương lái thu mua,Vnđ/Kg,VNĐ,CTV địa phương,2025-10-20,113500.0
Cà phê Robusta nhân xô,Đắk Lắk,Thương lái thu mua,Vnđ/Kg,VNĐ,CTV địa phương,2025-10-17,115433.0
Cà phê Robusta nhân xô,Đắk Nông,Thương lái thu mua,Vnđ/Kg,VNĐ,CTV địa phương,2025-10-17,115450.0
Cà phê Robusta nhân xô,Gia Lai,Thương lái thu mua,Vnđ/Kg,VNĐ,CTV địa phương,2025-10-17,114933.0
Cà phê Robusta nhân xô,Lâm Đồng,Thương lái thu mua,Vnđ/Kg,VNĐ,CTV địa phương,2025-10-17,114500.0
Cà phê Robusta nhân xô,Đắk Lắk,Thương lái thu mua,Vnđ/Kg,VNĐ,CTV địa phương,2025-10-16,114433.0
Cà phê Robusta nhân xô,Đắk Nông,Thương lái thu mua,Vnđ/Kg,VNĐ,CTV địa phương,2025-10-16,114450.0
Cà phê Robusta nhân xô,Gia Lai,Thương lái thu mua,Vnđ/Kg,VNĐ,CTV địa phương,2025-10-16,114133.0
Cà phê Robusta nhân xô,Kon Tum,Thương lái thu mua,Vnđ/Kg,VNĐ,CTV địa phương,2025-10-16,114100.0
Cà phê Robusta nhân xô,Lâm Đồng,Thương lái thu mua,Vnđ/Kg,VNĐ,CTV địa phương,2025-10-16,113700.0
Cà phê Robusta nhân xô,Đắk Lắk,Thương lái thu mua,Vnđ/Kg,VNĐ,CTV địa phương,2025-10-15,113733.0
Cà phê Robusta nhân xô,Đắk Nông,Thương lái thu mua,Vnđ/Kg,VNĐ,CTV địa phương,2025-10-15,113750.0
Cà phê Robusta nhân xô,Gia Lai,Thương lái thu mua,Vnđ/Kg,VNĐ,CTV địa phương,2025-10-15,113433.0
Cà phê Robusta nhân xô,Kon Tum,Thương lái thu mua,Vnđ/Kg,VNĐ,CTV địa phương,2025-10-15,113400.0
Cà phê Robusta nhân xô,Lâm Đồng,Thương lái thu mua,Vnđ/Kg,VNĐ,CTV địa phương,2025-10-15,113000.0
Cà phê Robusta nhân xô,Đắk Lắk,Thương lái thu mua,Vnđ/Kg,VNĐ,CTV địa phương,2025-10-14,114433.0
Cà phê Robusta nhân xô,Đắk Nông,Thương lái thu mua,Vnđ/Kg,VNĐ,CTV địa phương,2025-10-14,114550.0
Cà phê Robusta nhân xô,Gia Lai,Thương lái thu mua,Vnđ/Kg,VNĐ,CTV địa phương,2025-10-14,114133.0
Cà phê Robusta nhân xô,Kon Tum,Thương lái thu mua,Vnđ/Kg,VNĐ,CTV địa phương,2025-10-14,114100.0
Cà phê Robusta nhân xô,Lâm Đồng,Thương lái thu mua,Vnđ/Kg,VNĐ,CTV địa phương,2025-10-14,113700.0
Cà phê Robusta nhân xô,Đắk Lắk,Thương lái thu mua,Vnđ/Kg,VNĐ,CTV địa phương,2025-10-13,113733.0
Cà phê Robusta nhân xô,Đắk Nông,Thương lái thu mua,Vnđ/Kg,VNĐ,CTV địa phương,2025-10-13,113950.0
Cà phê Robusta nhân xô,Gia Lai,Thương lái thu mua,Vnđ/Kg,VNĐ,CTV địa phương,2025-10-13,113433.0
Cà phê Robusta nhân xô,Kon Tum,Thương lái thu mua,Vnđ/Kg,VNĐ,CTV địa phương,2025-10-13,113400.0
Cà phê Robusta nhân xô,Lâm Đồng,Thương lái thu mua,Vnđ/Kg,VNĐ,CTV địa phương,2025-10-13,113000.0
Cà phê Robusta nhân xô,Đắk Lắk,Thương lái thu mua,Vnđ/Kg,VNĐ,CTV địa phương,2025-10-10,114433.0
Cà phê Robusta nhân xô,Đắk Nông,Thương lái thu mua,Vnđ/Kg,VNĐ,CTV địa phương,2025-10-10,114450.0
Cà phê Robusta nhân xô,Gia Lai,Thương lái thu mua,Vnđ/Kg,VNĐ,CTV địa phương,2025-10-10,113933.0
Cà phê Robusta nhân xô,Lâm Đồng,Thương lái thu mua,Vnđ/Kg,VNĐ,CTV địa phương,2025-10-10,113600.0
Cà phê Robusta nhân xô,Đắk Lắk,Thương lái thu mua,Vnđ/Kg,VNĐ,CTV địa phương,2025-09-26,112933.0
Cà phê Robusta nhân xô,Đắk Nông,Thương lái thu mua,Vnđ/Kg,VNĐ,CTV địa phương,2025-09-26,113100.0
Cà phê Robusta nhân xô,Gia Lai,Thương lái thu mua,Vnđ/Kg,VNĐ,CTV địa phương,2025-09-26,112533.0
Cà phê Robusta nhân xô,Lâm Đồng,Thương lái thu mua,Vnđ/Kg,VNĐ,CTV địa phương,2025-09-26,112200.0
Cà phê Robusta nhân xô,Đắk Lắk,Thương lái thu mua,Vnđ/Kg,VNĐ,CTV địa phương,2025-09-25,113433.0
Cà phê Robusta nhân xô,Đắk Nông,Thương lái thu mua,Vnđ/Kg,VNĐ,CTV địa phương,2025-09-25,113450.0
Cà phê Robusta nhân xô,Gia Lai,Thương lái thu mua,Vnđ/Kg,VNĐ,CTV địa phương,2025-09-25,113333.0
Cà phê Robusta nhân xô,Kon Tum,Thương lái thu mua,Vnđ/Kg,VNĐ,CTV địa phương,2025-09-25,113300.0
Cà phê Robusta nhân xô,Lâm Đồng,Thương lái thu mua,Vnđ/Kg,VNĐ,CTV địa phương,2025-09-25,112500.0
Cà phê Robusta nhân xô,Đắk Lắk,Thương lái thu mua,Vnđ/Kg,VNĐ,CTV địa phương,2025-09-24,111933.0
Cà phê Robusta nhân xô,Đắk Nông,Thương lái thu mua,Vnđ/Kg,VNĐ,CTV địa phương,2025-09-24,111950.0
Cà phê Robusta nhân xô,Gia Lai,Thương lái thu mua,Vnđ/Kg,VNĐ,CTV địa phương,2025-09-24,111433.0
Cà phê Robusta nhân xô,Kon Tum,Thương lái thu mua,Vnđ/Kg,VNĐ,CTV địa phương,2025-09-24,111400.0
Cà phê Robusta nhân xô,Lâm Đồng,Thương lái thu mua,Vnđ/Kg,VNĐ,CTV địa phương,2025-09-24,111000.0
Cà phê Robusta nhân xô,Đắk Lắk,Thương lái thu mua,Vnđ/Kg,VNĐ,CTV địa phương,2025-09-23,112933.0
Cà phê Robusta nhân xô,Đắk Nông,Thương lái thu mua,Vnđ/Kg,VNĐ,CTV địa phương,2025-09-23,113150.0
Cà phê Robusta nhân xô,Gia Lai,Thương lái thu mua,Vnđ/Kg,VNĐ,CTV địa phương,2025-09-23,112933.0
Cà phê Robusta nhân xô,Kon Tum,Thương lái thu mua,Vnđ/Kg,VNĐ,CTV địa phương,2025-09-23,112900.0
Cà phê Robusta nhân xô,Lâm Đồng,Thương lái thu mua,Vnđ/Kg,VNĐ,CTV địa phương,2025-09-23,112500.0
Cà phê Robusta nhân xô,Đắk Lắk,Thương lái thu mua,Vnđ/Kg,VNĐ,CTV địa phương,2025-09-22,111433.0
Cà phê Robusta nhân xô,Đắk Nông,Thương lái thu mua,Vnđ/Kg,VNĐ,CTV địa phương,2025-09-22,111450.0
Cà phê Robusta nhân xô,Gia Lai,Thương lái thu mua,Vnđ/Kg,VNĐ,CTV địa phương,2025-09-22,111133.0
Cà phê Robusta nhân xô,Kon Tum,Thương lái thu mua,Vnđ/Kg,VNĐ,CTV địa phương,2025-09-22,111100.0
Cà phê Robusta nhân xô,Lâm Đồng,Thương lái thu mua,Vnđ/Kg,VNĐ,CTV địa phương,2025-09-22,110800.0
Cà phê Robusta nhân xô,Đắk Lắk,Thương lái thu mua,Vnđ/Kg,VNĐ,CTV địa phương,2025-09-19,116433.0
Cà phê Robusta nhân xô,Đắk Nông,Thương lái thu mua,Vnđ/Kg,VNĐ,CTV địa phương,2025-09-19,116450.0
Cà phê Robusta nhân xô,Gia Lai,Thương lái thu mua,Vnđ/Kg,VNĐ,CTV địa phương,2025-09-19,116133.0
Cà phê Robusta nhân xô,Lâm Đồng,Thương lái thu mua,Vnđ/Kg,VNĐ,CTV địa phương,2025-09-19,115800.0
Cà phê Robusta nhân xô,Đắk Lắk,Thương lái thu mua,Vnđ/Kg,VNĐ,CTV địa phương,2025-09-18,116433.0
Cà phê Robusta nhân xô,Đắk Nông,Thương lái thu mua,Vnđ/Kg,VNĐ,CTV địa phương,2025-09-18,116650.0
Cà phê Robusta nhân xô,Gia Lai,Thương lái thu mua,Vnđ/Kg,VNĐ,CTV địa phương,2025-09-18,116133.0
Cà phê Robusta nhân xô,Kon Tum,Thương lái thu mua,Vnđ/Kg,VNĐ,CTV địa phương,2025-09-18,116100.0
Cà phê Robusta nhân xô,Lâm Đồng,Thương lái thu mua,Vnđ/Kg,VNĐ,CTV địa phương,2025-09-18,115800.0
Cà phê Robusta nhân xô,Đắk Lắk,Thương lái thu mua,Vnđ/Kg,VNĐ,CTV địa phương,2025-09-17,120133.0
Cà phê Robusta nhân xô,Đắk Nông,Thương lái thu mua,Vnđ/Kg,VNĐ,CTV địa phương,2025-09-17,121450.0
Cà phê Robusta nhân xô,Gia Lai,Thương lái thu mua,Vnđ/Kg,VNĐ,CTV địa phương,2025-09-17,120933.0
Cà phê Robusta nhân xô,Kon Tum,Thương lái thu mua,Vnđ/Kg,VNĐ,CTV địa phương,2025-09-17,120900.0
Cà phê Robusta nhân xô,Lâm Đồng,Thương lái thu mua,Vnđ/Kg,VNĐ,CTV địa phương,2025-09-17,120000.0
Cà phê Robusta nhân xô,Đắk Lắk,Thương lái thu mua,Vnđ/Kg,VNĐ,CTV địa phương,2025-09-16,122333.0
Cà phê Robusta nhân xô,Đắk Nông,Thương lái thu mua,Vnđ/Kg,VNĐ,CTV địa phương,2025-09-16,122650.0
Cà phê Robusta nhân xô,Gia Lai,Thương lái thu mua,Vnđ/Kg,VNĐ,CTV địa phương,2025-09-16,122333.0
Cà phê Robusta nhân xô,Kon Tum,Thương lái thu mua,Vnđ/Kg,VNĐ,CTV địa phương,2025-09-16,122300.0
Cà phê Robusta nhân xô,Lâm Đồng,Thương lái thu mua,Vnđ/Kg,VNĐ,CTV địa phương,2025-09-16,122000.0
Cà phê Robusta nhân xô,Đắk Lắk,Thương lái thu mua,Vnđ/Kg,VNĐ,CTV địa phương,2025-09-15,120133.0
Cà phê Robusta nhân xô,Đắk Nông,Thương lái thu mua,Vnđ/Kg,VNĐ,CTV địa phương,2025-09-15,120450.0
Cà phê Robusta nhân xô,Gia Lai,Thương lái thu mua,Vnđ/Kg,VNĐ,CTV địa phương,2025-09-15,120133.0
Cà phê Robusta nhân xô,Kon Tum,Thương lái thu mua,Vnđ/Kg,VNĐ,CTV địa phương,2025-09-15,120100.0
Cà phê Robusta nhân xô,Lâm Đồng,Thương lái thu mua,Vnđ/Kg,VNĐ,CTV địa phương,2025-09-15,119800.0
Cà phê Robusta nhân xô,Đắk Lắk,Thương lái thu mua,Vnđ/Kg,VNĐ,CTV địa phương,2025-09-10,114933.0
Cà phê Robusta nhân xô,Đắk Nông,Thương lái thu mua,Vnđ/Kg,VNĐ,CTV địa phương,2025-09-10,114950.0
Cà phê Robusta nhân xô,Gia Lai,Thương lái thu mua,Vnđ/Kg,VNĐ,CTV địa phương,2025-09-10,114433.0
Cà phê Robusta nhân xô,Kon Tum,Thương lái thu mua,Vnđ/Kg,VNĐ,CTV địa phương,2025-09-10,114400.0
Cà phê Robusta nhân xô,Lâm Đồng,Thương lái thu mua,Vnđ/Kg,VNĐ,CTV địa phương,2025-09-10,114000.0
Cà phê Robusta nhân xô,Đắk Lắk,Thương lái thu mua,Vnđ/Kg,VNĐ,CTV địa phương,2025-09-09,115433.0
Cà phê Robusta nhân xô,Đắk Nông,Thương lái thu mua,Vnđ/Kg,VNĐ,CTV địa phương,2025-09-09,115550.0
Cà phê Robusta nhân xô,Gia Lai,Thương lái thu mua,Vnđ/Kg,VNĐ,CTV địa phương,2025-09-09,115233.0
Cà phê Robusta nhân xô,Kon Tum,Thương lái thu mua,Vnđ/Kg,VNĐ,CTV địa phương,2025-09-09,115200.0
Cà phê Robusta nhân xô,Lâm Đồng,Thương lái thu mua,Vnđ/Kg,VNĐ,CTV địa phương,2025-09-09,114500.0
Cà phê Robusta nhân xô,Đắk Lắk,Thương lái thu mua,Vnđ/Kg,VNĐ,CTV địa phương,2025-08-29,122233.0
Cà phê Robusta nhân xô,Đắk Nông,Thương lái thu mua,Vnđ/Kg,VNĐ,CTV địa phương,2025-08-29,122450.0
Cà phê Robusta nhân xô,Gia Lai,Thương lái thu mua,Vnđ/Kg,VNĐ,CTV địa phương,2025-08-29,121933.0
Cà phê Robusta nhân xô,Lâm Đồng,Thương lái thu mua,Vnđ/Kg,VNĐ,CTV địa phương,2025-08-29,121700.0
Cà phê Robusta nhân xô,Đắk Lắk,Thương lái thu mua,Vnđ/Kg,VNĐ,CTV địa phương,2025-08-28,123633.0
Cà phê Robusta nhân xô,Đắk Nông,Thương lái thu mua,Vnđ/Kg,VNĐ,CTV địa phương,2025-08-28,123750.0
Cà phê Robusta nhân xô,Gia Lai,Thương lái thu mua,Vnđ/Kg,VNĐ,CTV địa phương,2025-08-28,123433.0
Cà phê Robusta nhân xô,Kon Tum,Thương lái thu mua,Vnđ/Kg,VNĐ,CTV địa phương,2025-08-28,123400.0
Cà phê Robusta nhân xô,Lâm Đồng,Thương lái thu mua,Vnđ/Kg,VNĐ,CTV địa phương,2025-08-28,123200.0
Cà phê Robusta nhân xô,Đắk Lắk,Thương lái thu mua,Vnđ/Kg,VNĐ,CTV địa phương,2025-08-27,122233.0
Cà phê Robusta nhân xô,Đắk Nông,Thương lái thu mua,Vnđ/Kg,VNĐ,CTV địa phương,2025-08-27,122250.0
Cà phê Robusta nhân xô,Gia Lai,Thương lái thu mua,Vnđ/Kg,VNĐ,CTV địa phương,2025-08-27,121933.0
Cà phê Robusta nhân xô,Kon Tum,Thương lái thu mua,Vnđ/Kg,VNĐ,CTV địa phương,2025-08-27,121900.0
Cà phê Robusta nhân xô,Lâm Đồng,Thương lái thu mua,Vnđ/Kg,VNĐ,CTV địa phương,2025-08-27,121700.0
Cà phê Robusta nhân xô,Đắk Lắk,Thương lái thu mua,Vnđ/Kg,VNĐ,CTV địa phương,2025-08-26,121933.0
Cà phê Robusta nhân xô,Đắk Nông,Thương lái thu mua,Vnđ/Kg,VNĐ,CTV địa phương,2025-08-26,121950.0
Cà phê Robusta nhân xô,Gia Lai,Thương lái thu mua,Vnđ/Kg,VNĐ,CTV địa phương,2025-08-26,121733.0
Cà phê Robusta nhân xô,Kon Tum,Thương lái thu mua,Vnđ/Kg,VNĐ,CTV địa phương,2025-08-26,121700.0
Cà phê Robusta nhân xô,Lâm Đồng,Thương lái thu mua,Vnđ/Kg,VNĐ,CTV địa phương,2025-08-26,121500.0
Cà phê Robusta nhân xô,Đắk Lắk,Thương lái thu mua,Vnđ/Kg,VNĐ,CTV địa phương,2025-08-25,123967.0
Cà phê Robusta nhân xô,Đắk Nông,Thương lái thu mua,Vnđ/Kg,VNĐ,CTV địa phương,2025-08-25,123950.0
Cà phê Robusta nhân xô,Gia Lai,Thương lái thu mua,Vnđ/Kg,VNĐ,CTV địa phương,2025-08-25,123733.0
Cà phê Robusta nhân xô,Kon Tum,Thương lái thu mua,Vnđ/Kg,VNĐ,CTV địa phương,2025-08-25,123700.0
Cà phê Robusta nhân xô,Lâm Đồng,Thương lái thu mua,Vnđ/Kg,VNĐ,CTV địa phương,2025-08-25,123500.0
Cà phê Robusta nhân xô,Đắk Lắk,Thương lái thu mua,Vnđ/Kg,VNĐ,CTV địa phương,2025-08-22,124433.0
Cà phê Robusta nhân xô,Đắk Nông,Thương lái thu mua,Vnđ/Kg,VNĐ,CTV địa phương,2025-08-22,124650.0
Cà phê Robusta nhân xô,Gia Lai,Thương lái thu mua,Vnđ/Kg,VNĐ,CTV địa phương,2025-08-22,124133.0
Cà phê Robusta nhân xô,Kon Tum,Thương lái thu mua,Vnđ/Kg,VNĐ,CTV địa phương,2025-08-22,124100.0
Cà phê Robusta nhân xô,Lâm Đồng,Thương lái thu mua,Vnđ/Kg,VNĐ,CTV địa phương,2025-08-22,124100.0
Cà phê Robusta nhân xô,Đắk Lắk,Thương lái thu mua,Vnđ/Kg,VNĐ,CTV địa phương,2025-08-21,123633.0
Cà phê Robusta nhân xô,Đắk Nông,Thương lái thu mua,Vnđ/Kg,VNĐ,CTV địa phương,2025-08-21,123350.0
Cà phê Robusta nhân xô,Gia Lai,Thương lái thu mua,Vnđ/Kg,VNĐ,CTV địa phương,2025-08-21,123433.0
Cà phê Robusta nhân xô,Kon Tum,Thương lái thu mua,Vnđ/Kg,VNĐ,CTV địa phương,2025-08-21,123400.0
Cà phê Robusta nhân xô,Lâm Đồng,Thương lái thu mua,Vnđ/Kg,VNĐ,CTV địa phương,2025-08-21,123000.0
Cà phê Robusta nhân xô,Đắk Lắk,Thương lái thu mua,Vnđ/Kg,VNĐ,CTV địa phương,2025-08-20,120033.0
Cà phê Robusta nhân xô,Đắk Nông,Thương lái thu mua,Vnđ/Kg,VNĐ,CTV địa phương,2025-08-20,120250.0
Cà phê Robusta nhân xô,Gia Lai,Thương lái thu mua,Vnđ/Kg,VNĐ,CTV địa phương,2025-08-20,120000.0
Cà phê Robusta nhân xô,Kon Tum,Thương lái thu mua,Vnđ/Kg,VNĐ,CTV địa phương,2025-08-20,120000.0
Cà phê Robusta nhân xô,Lâm Đồng,Thương lái thu mua,Vnđ/Kg,VNĐ,CTV địa phương,2025-08-20,119700.0
Cà phê Robusta nhân xô,Đắk Lắk,Thương lái thu mua,Vnđ/Kg,VNĐ,CTV địa phương,2025-08-19,117033.0
Cà phê Robusta nhân xô,Đắk Nông,Thương lái thu mua,Vnđ/Kg,VNĐ,CTV địa phương,2025-08-19,117250.0
Cà phê Robusta nhân xô,Gia Lai,Thương lái thu mua,Vnđ/Kg,VNĐ,CTV địa phương,2025-08-19,117033.0
Cà phê Robusta nhân xô,Kon Tum,Thương lái thu mua,Vnđ/Kg,VNĐ,CTV địa phương,2025-08-19,117000.0
Cà phê Robusta nhân xô,Lâm Đồng,Thương lái thu mua,Vnđ/Kg,VNĐ,CTV địa phương,2025-08-19,116700.0
Cà phê Robusta nhân xô,Đắk Lắk,Thương lái thu mua,Vnđ/Kg,VNĐ,CTV địa phương,2025-08-18,117233.0
Cà phê Robusta nhân xô,Đắk Nông,Thương lái thu mua,Vnđ/Kg,VNĐ,CTV địa phương,2025-08-18,117450.0
Cà phê Robusta nhân xô,Gia Lai,Thương lái thu mua,Vnđ/Kg,VNĐ,CTV địa phương,2025-08-18,117133.0
Cà phê Robusta nhân xô,Kon Tum,Thương lái thu mua,Vnđ/Kg,VNĐ,CTV địa phương,2025-08-18,117100.0
Cà phê Robusta nhân xô,Lâm Đồng,Thương lái thu mua,Vnđ/Kg,VNĐ,CTV địa phương,2025-08-18,116800.0
Cà phê Robusta nhân xô,Đắk Lắk,Thương lái thu mua,Vnđ/Kg,VNĐ,CTV địa phương,2025-08-15,114733.0
Cà phê Robusta nhân xô,Đắk Nông,Thương lái thu mua,Vnđ/Kg,VNĐ,CTV địa phương,2025-08-15,114950.0
Cà phê Robusta nhân xô,Gia Lai,Thương lái thu mua,Vnđ/Kg,VNĐ,CTV địa phương,2025-08-15,114533.0
Cà phê Robusta nhân xô,Kon Tum,Thương lái thu mua,Vnđ/Kg,VNĐ,CTV địa phương,2025-08-15,114600.0
Cà phê Robusta nhân xô,Lâm Đồng,Thương lái thu mua,Vnđ/Kg,VNĐ,CTV địa phương,2025-08-15,114000.0
Cà phê Robusta nhân xô,Đắk Lắk,Thương lái thu mua,Vnđ/Kg,VNĐ,CTV địa phương,2025-08-14,111433.0
Cà phê Robusta nhân xô,Đắk Nông,Thương lái thu mua,Vnđ/Kg,VNĐ,CTV địa phương,2025-08-14,111550.0
Cà phê Robusta nhân xô,Gia Lai,Thương lái thu mua,Vnđ/Kg,VNĐ,CTV địa phương,2025-08-14,111133.0
Cà phê Robusta nhân xô,Kon Tum,Thương lái thu mua,Vnđ/Kg,VNĐ,CTV địa phương,2025-08-14,111100.0
Cà phê Robusta nhân xô,Lâm Đồng,Thương lái thu mua,Vnđ/Kg,VNĐ,CTV địa phương,2025-08-14,111000.0
Cà phê Robusta nhân xô,Đắk Lắk,Thương lái thu mua,Vnđ/Kg,VNĐ,CTV địa phương,2025-08-13,107933.0
Cà phê Robusta nhân xô,Đắk Nông,Thương lái thu mua,Vnđ/Kg,VNĐ,CTV địa phương,2025-08-13,108150.0
Cà phê Robusta nhân xô,Gia Lai,Thương lái thu mua,Vnđ/Kg,VNĐ,CTV địa phương,2025-08-13,107733.0
Cà phê Robusta nhân xô,Kon Tum,Thương lái thu mua,Vnđ/Kg,VNĐ,CTV địa phương,2025-08-13,107700.0
Cà phê Robusta nhân xô,Lâm Đồng,Thương lái thu mua,Vnđ/Kg,VNĐ,CTV địa phương,2025-08-13,107300.0
Cà phê Robusta nhân xô,Đắk Lắk,Thương lái thu mua,Vnđ/Kg,VNĐ,CTV địa phương,2025-08-12,107233.0
Cà phê Robusta nhân xô,Đắk Nông,Thương lái thu mua,Vnđ/Kg,VNĐ,CTV địa phương,2025-08-12,107450.0
Cà phê Robusta nhân xô,Gia Lai,Thương lái thu mua,Vnđ/Kg,VNĐ,CTV địa phương,2025-08-12,106933.0
Cà phê Robusta nhân xô,Kon Tum,Thương lái thu mua,Vnđ/Kg,VNĐ,CTV địa phương,2025-08-12,107000.0
Cà phê Robusta nhân xô,Lâm Đồng,Thương lái thu mua,Vnđ/Kg,VNĐ,CTV địa phương,2025-08-12,106500.0
Cà phê Robusta nhân xô,Đắk Lắk,Thương lái thu mua,Vnđ/Kg,VNĐ,CTV địa phương,2025-08-11,103733.0
Cà phê Robusta nhân xô,Đắk Nông,Thương lái thu mua,Vnđ/Kg,VNĐ,CTV địa phương,2025-08-11,103950.0
Cà phê Robusta nhân xô,Gia Lai,Thương lái thu mua,Vnđ/Kg,VNĐ,CTV địa phương,2025-08-11,103533.0
Cà phê Robusta nhân xô,Kon Tum,Thương lái thu mua,Vnđ/Kg,VNĐ,CTV địa phương,2025-08-11,103500.0
Cà phê Robusta nhân xô,Lâm Đồng,Thương lái thu mua,Vnđ/Kg,VNĐ,CTV địa phương,2025-08-11,103500.0
Cà phê Robusta nhân xô,Đắk Lắk,Thương lái thu mua,Vnđ/Kg,VNĐ,CTV địa phương,2025-08-10,113933.0
Cà phê Robusta nhân xô,Đắk Nông,Thương lái thu mua,Vnđ/Kg,VNĐ,CTV địa phương,2025-08-10,113950.0
Cà phê Robusta nhân xô,Gia Lai,Thương lái thu mua,Vnđ/Kg,VNĐ,CTV địa phương,2025-08-10,113433.0
Cà phê Robusta nhân xô,Kon Tum,Thương lái thu mua,Vnđ/Kg,VNĐ,CTV địa phương,2025-08-10,113400.0
Cà phê Robusta nhân xô,Lâm Đồng,Thương lái thu mua,Vnđ/Kg,VNĐ,CTV địa phương,2025-08-10,113000.0
Cà phê Robusta nhân xô,Đắk Lắk,Thương lái thu mua,Vnđ/Kg,VNĐ,CTV địa phương,2025-08-09,113133.0
Cà phê Robusta nhân xô,Đắk Nông,Thương lái thu mua,Vnđ/Kg,VNĐ,CTV địa phương,2025-08-09,113250.0
Cà phê Robusta nhân xô,Gia Lai,Thương lái thu mua,Vnđ/Kg,VNĐ,CTV địa phương,2025-08-09,112733.0
Cà phê Robusta nhân xô,Kon Tum,Thương lái thu mua,Vnđ/Kg,VNĐ,CTV địa phương,2025-08-09,112700.0
Cà phê Robusta nhân xô,Lâm Đồng,Thương lái thu mua,Vnđ/Kg,VNĐ,CTV địa phương,2025-08-09,112000.0
Cà phê Robusta nhân xô,Đắk Lắk,Thương lái thu mua,Vnđ/Kg,VNĐ,CTV địa phương,2025-08-08,101433.0
Cà phê Robusta nhân xô,Đắk Nông,Thương lái thu mua,Vnđ/Kg,VNĐ,CTV địa phương,2025-08-08,101850.0
Cà phê Robusta nhân xô,Gia Lai,Thương lái thu mua,Vnđ/Kg,VNĐ,CTV địa phương,2025-08-08,101233.0
Cà phê Robusta nhân xô,Kon Tum,Thương lái thu mua,Vnđ/Kg,VNĐ,CTV địa phương,2025-08-08,101300.0
Cà phê Robusta nhân xô,Lâm Đồng,Thương lái thu mua,Vnđ/Kg,VNĐ,CTV địa phương,2025-08-08,101000.0
Cà phê Robusta nhân xô,Đắk Lắk,Thương lái thu mua,Vnđ/Kg,VNĐ,CTV địa phương,2025-08-07,104333.0
Cà phê Robusta nhân xô,Đắk Nông,Thương lái thu mua,Vnđ/Kg,VNĐ,CTV địa phương,2025-08-07,106500.0
Cà phê Robusta nhân xô,Gia Lai,Thương lái thu mua,Vnđ/Kg,VNĐ,CTV địa phương,2025-08-07,100233.0
Cà phê Robusta nhân xô,Kon Tum,Thương lái thu mua,Vnđ/Kg,VNĐ,CTV địa phương,2025-08-07,100300.0
Cà phê Robusta nhân xô,Lâm Đồng,Thương lái thu mua,Vnđ/Kg,VNĐ,CTV địa phương,2025-08-07,100000.0
Cà phê Robusta nhân xô,Đắk Lắk,Thương lái thu mua,Vnđ/Kg,VNĐ,CTV địa phương,2025-08-06,100933.0
Cà phê Robusta nhân xô,Đắk Nông,Thương lái thu mua,Vnđ/Kg,VNĐ,CTV địa phương,2025-08-06,101150.0
Cà phê Robusta nhân xô,Gia Lai,Thương lái thu mua,Vnđ/Kg,VNĐ,CTV địa phương,2025-08-06,100733.0
Cà phê Robusta nhân xô,Kon Tum,Thương lái thu mua,Vnđ/Kg,VNĐ,CTV địa phương,2025-08-06,100700.0
Cà phê Robusta nhân xô,Lâm Đồng,Thương lái thu mua,Vnđ/Kg,VNĐ,CTV địa phương,2025-08-06,100700.0
Cà phê Robusta nhân xô,Đắk Lắk,Thương lái thu mua,Vnđ/Kg,VNĐ,CTV địa phương,2025-08-05,100433.0
Cà phê Robusta nhân xô,Đắk Nông,Thương lái thu mua,Vnđ/Kg,VNĐ,CTV địa phương,2025-08-05,100450.0
Cà phê Robusta nhân xô,Gia Lai,Thương lái thu mua,Vnđ/Kg,VNĐ,CTV địa phương,2025-08-05,100333.0
Cà phê Robusta nhân xô,Kon Tum,Thương lái thu mua,Vnđ/Kg,VNĐ,CTV địa phương,2025-08-05,100300.0
Cà phê Robusta nhân xô,Lâm Đồng,Thương lái thu mua,Vnđ/Kg,VNĐ,CTV địa phương,2025-08-05,99700.0
Cà phê Robusta nhân xô,Đắk Lắk,Thương lái thu mua,Vnđ/Kg,VNĐ,CTV địa phương,2025-08-04,99433.0
Cà phê Robusta nhân xô,Đắk Nông,Thương lái thu mua,Vnđ/Kg,VNĐ,CTV địa phương,2025-08-04,99450.0
Cà phê Robusta nhân xô,Gia Lai,Thương lái thu mua,Vnđ/Kg,VNĐ,CTV địa phương,2025-08-04,99333.0
Cà phê Robusta nhân xô,Kon Tum,Thương lái thu mua,Vnđ/Kg,VNĐ,CTV địa phương,2025-08-04,99300.0
Cà phê Robusta nhân xô,Lâm Đồng,Thương lái thu mua,Vnđ/Kg,VNĐ,CTV địa phương,2025-08-04,98700.0
Cà phê Robusta nhân xô,Đắk Lắk,Thương lái thu mua,Vnđ/Kg,VNĐ,CTV địa phương,2025-08-01,98933.0
Cà phê Robusta nhân xô,Đắk Nông,Thương lái thu mua,Vnđ/Kg,VNĐ,CTV địa phương,2025-08-01,98950.0
Cà phê Robusta nhân xô,Gia Lai,Thương lái thu mua,Vnđ/Kg,VNĐ,CTV địa phương,2025-08-01,98800.0
Cà phê Robusta nhân xô,Kon Tum,Thương lái thu mua,Vnđ/Kg,VNĐ,CTV địa phương,2025-08-01,98700.0
Cà phê Robusta nhân xô,Lâm Đồng,Thương lái thu mua,Vnđ/Kg,VNĐ,CTV địa phương,2025-08-01,98800.0
Cà phê Robusta nhân xô,Đắk Lắk,Thương lái thu mua,Vnđ/Kg,VNĐ,CTV địa phương,2025-07-31,99133.0
Cà phê Robusta nhân xô,Đắk Nông,Thương lái thu mua,Vnđ/Kg,VNĐ,CTV địa phương,2025-07-31,99150.0
Cà phê Robusta nhân xô,Gia Lai,Thương lái thu mua,Vnđ/Kg,VNĐ,CTV địa phương,2025-07-31,99000.0
Cà phê Robusta nhân xô,Kon Tum,Thương lái thu mua,Vnđ/Kg,VNĐ,CTV địa phương,2025-07-31,98900.0
Cà phê Robusta nhân xô,Lâm Đồng,Thương lái thu mua,Vnđ/Kg,VNĐ,CTV địa phương,2025-07-31,99000.0
Cà phê Robusta nhân xô,Đắk Lắk,Thương lái thu mua,Vnđ/Kg,VNĐ,CTV địa phương,2025-07-30,97933.0
Cà phê Robusta nhân xô,Đắk Nông,Thương lái thu mua,Vnđ/Kg,VNĐ,CTV địa phương,2025-07-30,97950.0
Cà phê Robusta nhân xô,Gia Lai,Thương lái thu mua,Vnđ/Kg,VNĐ,CTV địa phương,2025-07-30,97733.0
Cà phê Robusta nhân xô,Kon Tum,Thương lái thu mua,Vnđ/Kg,VNĐ,CTV địa phương,2025-07-30,97800.0
Cà phê Robusta nhân xô,Lâm Đồng,Thương lái thu mua,Vnđ/Kg,VNĐ,CTV địa phương,2025-07-30,97300.0
Cà phê Robusta nhân xô,Đắk Lắk,Thương lái thu mua,Vnđ/Kg,VNĐ,CTV địa phương,2025-07-29,97233.0
Cà phê Robusta nhân xô,Đắk Nông,Thương lái thu mua,Vnđ/Kg,VNĐ,CTV địa phương,2025-07-29,97450.0
Cà phê Robusta nhân xô,Gia Lai,Thương lái thu mua,Vnđ/Kg,VNĐ,CTV địa phương,2025-07-29,97067.0
Cà phê Robusta nhân xô,Kon Tum,Thương lái thu mua,Vnđ/Kg,VNĐ,CTV địa phương,2025-07-29,97200.0
Cà phê Robusta nhân xô,Lâm Đồng,Thương lái thu mua,Vnđ/Kg,VNĐ,CTV địa phương,2025-07-29,96800.0
Cà phê Robusta nhân xô,Đắk Lắk,Thương lái thu mua,Vnđ/Kg,VNĐ,CTV địa phương,2025-07-28,96433.0
Cà phê Robusta nhân xô,Đắk Nông,Thương lái thu mua,Vnđ/Kg,VNĐ,CTV địa phương,2025-07-28,96650.0
Cà phê Robusta nhân xô,Gia Lai,Thương lái thu mua,Vnđ/Kg,VNĐ,CTV địa phương,2025-07-28,96233.0
Cà phê Robusta nhân xô,Kon Tum,Thương lái thu mua,Vnđ/Kg,VNĐ,CTV địa phương,2025-07-28,96300.0
Cà phê Robusta nhân xô,Lâm Đồng,Thương lái thu mua,Vnđ/Kg,VNĐ,CTV địa phương,2025-07-28,96000.0
Cà phê Robusta nhân xô,Đắk Lắk,Thương lái thu mua,Vnđ/Kg,VNĐ,CTV địa phương,2025-07-25,95933.0
Cà phê Robusta nhân xô,Đắk Nông,Thương lái thu mua,Vnđ/Kg,VNĐ,CTV địa phương,2025-07-25,96150.0
Cà phê Robusta nhân xô,Gia Lai,Thương lái thu mua,Vnđ/Kg,VNĐ,CTV địa phương,2025-07-25,95933.0
Cà phê Robusta nhân xô,Kon Tum,Thương lái thu mua,Vnđ/Kg,VNĐ,CTV địa phương,2025-07-25,95900.0
Cà phê Robusta nhân xô,Lâm Đồng,Thương lái thu mua,Vnđ/Kg,VNĐ,CTV địa phương,2025-07-25,95700.0
Cà phê Robusta nhân xô,Đắk Lắk,Thương lái thu mua,Vnđ/Kg,VNĐ,CTV địa phương,2025-07-24,95433.0
Cà phê Robusta nhân xô,Đắk Nông,Thương lái thu mua,Vnđ/Kg,VNĐ,CTV địa phương,2025-07-24,95650.0
Cà phê Robusta nhân xô,Gia Lai,Thương lái thu mua,Vnđ/Kg,VNĐ,CTV địa phương,2025-07-24,95433.0
Cà phê Robusta nhân xô,Kon Tum,Thương lái thu mua,Vnđ/Kg,VNĐ,CTV địa phương,2025-07-24,95400.0
Cà phê Robusta nhân xô,Lâm Đồng,Thương lái thu mua,Vnđ/Kg,VNĐ,CTV địa phương,2025-07-24,95300.0
Cà phê Robusta nhân xô,Đắk Lắk,Thương lái thu mua,Vnđ/Kg,VNĐ,CTV địa phương,2025-07-23,93233.0
Cà phê Robusta nhân xô,Đắk Nông,Thương lái thu mua,Vnđ/Kg,VNĐ,CTV địa phương,2025-07-23,93250.0
Cà phê Robusta nhân xô,Gia Lai,Thương lái thu mua,Vnđ/Kg,VNĐ,CTV địa phương,2025-07-23,93133.0
Cà phê Robusta nhân xô,Kon Tum,Thương lái thu mua,Vnđ/Kg,VNĐ,CTV địa phương,2025-07-23,93100.0
Cà phê Robusta nhân xô,Lâm Đồng,Thương lái thu mua,Vnđ/Kg,VNĐ,CTV địa phương,2025-07-23,92600.0
Cà phê Robusta nhân xô,Đắk Lắk,Thương lái thu mua,Vnđ/Kg,VNĐ,CTV địa phương,2025-07-22,91733.0
Cà phê Robusta nhân xô,Đắk Nông,Thương lái thu mua,Vnđ/Kg,VNĐ,CTV địa phương,2025-07-22,91950.0
Cà phê Robusta nhân xô,Gia Lai,Thương lái thu mua,Vnđ/Kg,VNĐ,CTV địa phương,2025-07-22,91733.0
Cà phê Robusta nhân xô,Kon Tum,Thương lái thu mua,Vnđ/Kg,VNĐ,CTV địa phương,2025-07-22,91700.0
Cà phê Robusta nhân xô,Lâm Đồng,Thương lái thu mua,Vnđ/Kg,VNĐ,CTV địa phương,2025-07-22,91500.0
Cà phê Robusta nhân xô,Đắk Lắk,Thương lái thu mua,Vnđ/Kg,VNĐ,CTV địa phương,2025-07-21,93733.0
Cà phê Robusta nhân xô,Đắk Nông,Thương lái thu mua,Vnđ/Kg,VNĐ,CTV địa phương,2025-07-21,93950.0
Cà phê Robusta nhân xô,Gia Lai,Thương lái thu mua,Vnđ/Kg,VNĐ,CTV địa phương,2025-07-21,93733.0
Cà phê Robusta nhân xô,Kon Tum,Thương lái thu mua,Vnđ/Kg,VNĐ,CTV địa phương,2025-07-21,93700.0
Cà phê Robusta nhân xô,Lâm Đồng,Thương lái thu mua,Vnđ/Kg,VNĐ,CTV địa phương,2025-07-21,93500.0
Cà phê Robusta nhân xô,Đắk Lắk,Thương lái thu mua,Vnđ/Kg,VNĐ,CTV địa phương,2025-07-18,91933.0
Cà phê Robusta nhân xô,Đắk Nông,Thương lái thu mua,Vnđ/Kg,VNĐ,CTV địa phương,2025-07-18,91950.0
Cà phê Robusta nhân xô,Gia Lai,Thương lái thu mua,Vnđ/Kg,VNĐ,CTV địa phương,2025-07-18,91933.0
Cà phê Robusta nhân xô,Kon Tum,Thương lái thu mua,Vnđ/Kg,VNĐ,CTV địa phương,2025-07-18,91900.0
Cà phê Robusta nhân xô,Lâm Đồng,Thương lái thu mua,Vnđ/Kg,VNĐ,CTV địa phương,2025-07-18,91800.0
Cà phê Robusta nhân xô,Đắk Lắk,Thương lái thu mua,Vnđ/Kg,VNĐ,CTV địa phương,2025-07-17,92033.0
Cà phê Robusta nhân xô,Đắk Nông,Thương lái thu mua,Vnđ/Kg,VNĐ,CTV địa phương,2025-07-17,92250.0
Cà phê Robusta nhân xô,Gia Lai,Thương lái thu mua,Vnđ/Kg,VNĐ,CTV địa phương,2025-07-17,92033.0
Cà phê Robusta nhân xô,Kon Tum,Thương lái thu mua,Vnđ/Kg,VNĐ,CTV địa phương,2025-07-17,92000.0
Cà phê Robusta nhân xô,Lâm Đồng,Thương lái thu mua,Vnđ/Kg,VNĐ,CTV địa phương,2025-07-17,91700.0
Cà phê Robusta nhân xô,Đắk Lắk,Thương lái thu mua,Vnđ/Kg,VNĐ,CTV địa phương,2025-07-16,91533.0
Cà phê Robusta nhân xô,Đắk Nông,Thương lái thu mua,Vnđ/Kg,VNĐ,CTV địa phương,2025-07-16,91650.0
Cà phê Robusta nhân xô,Gia Lai,Thương lái thu mua,Vnđ/Kg,VNĐ,CTV địa phương,2025-07-16,91433.0
Cà phê Robusta nhân xô,Kon Tum,Thương lái thu mua,Vnđ/Kg,VNĐ,CTV địa phương,2025-07-16,91400.0
Cà phê Robusta nhân xô,Lâm Đồng,Thương lái thu mua,Vnđ/Kg,VNĐ,CTV địa phương,2025-07-16,91200.0
Cà phê Robusta nhân xô,Đắk Lắk,Thương lái thu mua,Vnđ/Kg,VNĐ,CTV địa phương,2025-07-15,92233.0
Cà phê Robusta nhân xô,Đắk Nông,Thương lái thu mua,Vnđ/Kg,VNĐ,CTV địa phương,2025-07-15,92450.0
Cà phê Robusta nhân xô,Gia Lai,Thương lái thu mua,Vnđ/Kg,VNĐ,CTV địa phương,2025-07-15,92133.0
Cà phê Robusta nhân xô,Kon Tum,Thương lái thu mua,Vnđ/Kg,VNĐ,CTV địa phương,2025-07-15,92100.0
Cà phê Robusta nhân xô,Lâm Đồng,Thương lái thu mua,Vnđ/Kg,VNĐ,CTV địa phương,2025-07-15,92000.0
Cà phê Robusta nhân xô,Đắk Lắk,Thương lái thu mua,Vnđ/Kg,VNĐ,CTV địa phương,2025-07-14,90233.0
Cà phê Robusta nhân xô,Đắk Nông,Thương lái thu mua,Vnđ/Kg,VNĐ,CTV địa phương,2025-07-14,90250.0
Cà phê Robusta nhân xô,Gia Lai,Thương lái thu mua,Vnđ/Kg,VNĐ,CTV địa phương,2025-07-14,90133.0
Cà phê Robusta nhân xô,Kon Tum,Thương lái thu mua,Vnđ/Kg,VNĐ,CTV địa phương,2025-07-14,90100.0
Cà phê Robusta nhân xô,Lâm Đồng,Thương lái thu mua,Vnđ/Kg,VNĐ,CTV địa phương,2025-07-14,89500.0
Cà phê Robusta nhân xô,Đắk Lắk,Thương lái thu mua,Vnđ/Kg,VNĐ,CTV địa phương,2025-07-11,90533.0
Cà phê Robusta nhân xô,Đắk Nông,Thương lái thu mua,Vnđ/Kg,VNĐ,CTV địa phương,2025-07-11,90650.0
Cà phê Robusta nhân xô,Gia Lai,Thương lái thu mua,Vnđ/Kg,VNĐ,CTV địa phương,2025-07-11,90433.0
Cà phê Robusta nhân xô,Kon Tum,Thương lái thu mua,Vnđ/Kg,VNĐ,CTV địa phương,2025-07-11,90400.0
Cà phê Robusta nhân xô,Lâm Đồng,Thương lái thu mua,Vnđ/Kg,VNĐ,CTV địa phương,2025-07-11,90300.0
Cà phê Robusta nhân xô,Đắk Lắk,Thương lái thu mua,Vnđ/Kg,VNĐ,CTV địa phương,2025-07-10,108066.33
Cà phê Robusta nhân xô,Đắk Nông,Thương lái thu mua,Vnđ/Kg,VNĐ,CTV địa phương,2025-07-10,108116.67
Cà phê Robusta nhân xô,Gia Lai,Thương lái thu mua,Vnđ/Kg,VNĐ,CTV địa phương,2025-07-10,107899.67
Cà phê Robusta nhân xô,Kon Tum,Thương lái thu mua,Vnđ/Kg,VNĐ,CTV địa phương,2025-07-10,107866.67
Cà phê Robusta nhân xô,Lâm Đồng,Thương lái thu mua,Vnđ/Kg,VNĐ,CTV địa phương,2025-07-10,107700.0
Cà phê Robusta nhân xô,Đắk Lắk,Thương lái thu mua,Vnđ/Kg,VNĐ,CTV địa phương,2025-07-09,94733.0
Cà phê Robusta nhân xô,Đắk Nông,Thương lái thu mua,Vnđ/Kg,VNĐ,CTV địa phương,2025-07-09,94650.0
Cà phê Robusta nhân xô,Gia Lai,Thương lái thu mua,Vnđ/Kg,VNĐ,CTV địa phương,2025-07-09,94533.0
Cà phê Robusta nhân xô,Kon Tum,Thương lái thu mua,Vnđ/Kg,VNĐ,CTV địa phương,2025-07-09,94500.0
Cà phê Robusta nhân xô,Lâm Đồng,Thương lái thu mua,Vnđ/Kg,VNĐ,CTV địa phương,2025-07-09,94300.0
Cà phê Robusta nhân xô,Đắk Lắk,Thương lái thu mua,Vnđ/Kg,VNĐ,CTV địa phương,2025-07-08,93933.0
Cà phê Robusta nhân xô,Đắk Nông,Thương lái thu mua,Vnđ/Kg,VNĐ,CTV địa phương,2025-07-08,93950.0
Cà phê Robusta nhân xô,Gia Lai,Thương lái thu mua,Vnđ/Kg,VNĐ,CTV địa phương,2025-07-08,93833.0
Cà phê Robusta nhân xô,Kon Tum,Thương lái thu mua,Vnđ/Kg,VNĐ,CTV địa phương,2025-07-08,93800.0
Cà phê Robusta nhân xô,Lâm Đồng,Thương lái thu mua,Vnđ/Kg,VNĐ,CTV địa phương,2025-07-08,93500.0
Cà phê Robusta nhân xô,Đắk Lắk,Thương lái thu mua,Vnđ/Kg,VNĐ,CTV địa phương,2025-07-07,96233.0
Cà phê Robusta nhân xô,Đắk Nông,Thương lái thu mua,Vnđ/Kg,VNĐ,CTV địa phương,2025-07-07,96350.0
Cà phê Robusta nhân xô,Gia Lai,Thương lái thu mua,Vnđ/Kg,VNĐ,CTV địa phương,2025-07-07,96233.0
Cà phê Robusta nhân xô,Kon Tum,Thương lái thu mua,Vnđ/Kg,VNĐ,CTV địa phương,2025-07-07,96200.0
Cà phê Robusta nhân xô,Lâm Đồng,Thương lái thu mua,Vnđ/Kg,VNĐ,CTV địa phương,2025-07-07,95800.0
Cà phê Robusta nhân xô,Đắk Lắk,Thương lái thu mua,Vnđ/Kg,VNĐ,CTV địa phương,2025-07-04,95433.0
Cà phê Robusta nhân xô,Đắk Nông,Thương lái thu mua,Vnđ/Kg,VNĐ,CTV địa phương,2025-07-04,95550.0
Cà phê Robusta nhân xô,Gia Lai,Thương lái thu mua,Vnđ/Kg,VNĐ,CTV địa phương,2025-07-04,95433.0
Cà phê Robusta nhân xô,Kon Tum,Thương lái thu mua,Vnđ/Kg,VNĐ,CTV địa phương,2025-07-04,95500.0
Cà phê Robusta nhân xô,Lâm Đồng,Thương lái thu mua,Vnđ/Kg,VNĐ,CTV địa phương,2025-07-04,95000.0
Cà phê Robusta nhân xô,Đắk Lắk,Thương lái thu mua,Vnđ/Kg,VNĐ,CTV địa phương,2025-07-03,94633.0
Cà phê Robusta nhân xô,Đắk Nông,Thương lái thu mua,Vnđ/Kg,VNĐ,CTV địa phương,2025-07-03,94750.0
Cà phê Robusta nhân xô,Gia Lai,Thương lái thu mua,Vnđ/Kg,VNĐ,CTV địa phương,2025-07-03,94433.0
Cà phê Robusta nhân xô,Kon Tum,Thương lái thu mua,Vnđ/Kg,VNĐ,CTV địa phương,2025-07-03,94400.0
Cà phê Robusta nhân xô,Lâm Đồng,Thương lái thu mua,Vnđ/Kg,VNĐ,CTV địa phương,2025-07-03,94300.0
Cà phê Robusta nhân xô,Đắk Lắk,Thương lái thu mua,Vnđ/Kg,VNĐ,CTV địa phương,2025-07-02,95433.0
Cà phê Robusta nhân xô,Đắk Nông,Thương lái thu mua,Vnđ/Kg,VNĐ,CTV địa phương,2025-07-02,95550.0
Cà phê Robusta nhân xô,Gia Lai,Thương lái thu mua,Vnđ/Kg,VNĐ,CTV địa phương,2025-07-02,94667.0
Cà phê Robusta nhân xô,Kon Tum,Thương lái thu mua,Vnđ/Kg,VNĐ,CTV địa phương,2025-07-02,94300.0
Cà phê Robusta nhân xô,Lâm Đồng,Thương lái thu mua,Vnđ/Kg,VNĐ,CTV địa phương,2025-07-02,95100.0
Cà phê Robusta nhân xô,Đắk Lắk,Thương lái thu mua,Vnđ/Kg,VNĐ,CTV địa phương,2025-07-01,94633.0
Cà phê Robusta nhân xô,Đắk Nông,Thương lái thu mua,Vnđ/Kg,VNĐ,CTV địa phương,2025-07-01,94650.0
Cà phê Robusta nhân xô,Gia Lai,Thương lái thu mua,Vnđ/Kg,VNĐ,CTV địa phương,2025-07-01,94433.0
Cà phê Robusta nhân xô,Kon Tum,Thương lái thu mua,Vnđ/Kg,VNĐ,CTV địa phương,2025-07-01,94400.0
Cà phê Robusta nhân xô,Lâm Đồng,Thương lái thu mua,Vnđ/Kg,VNĐ,CTV địa phương,2025-07-01,94300.0
Cà phê Robusta nhân xô,Đắk Lắk,Thương lái thu mua,Vnđ/Kg,VNĐ,CTV địa phương,2025-06-30,94133.0
Cà phê Robusta nhân xô,Đắk Nông,Thương lái thu mua,Vnđ/Kg,VNĐ,CTV địa phương,2025-06-30,94150.0
Cà phê Robusta nhân xô,Gia Lai,Thương lái thu mua,Vnđ/Kg,VNĐ,CTV địa phương,2025-06-30,94033.0
Cà phê Robusta nhân xô,Kon Tum,Thương lái thu mua,Vnđ/Kg,VNĐ,CTV địa phương,2025-06-30,94000.0
Cà phê Robusta nhân xô,Lâm Đồng,Thương lái thu mua,Vnđ/Kg,VNĐ,CTV địa phương,2025-06-30,93900.0
Cà phê Robusta nhân xô,Đắk Lắk,Thương lái thu mua,Vnđ/Kg,VNĐ,CTV địa phương,2025-06-27,93733.0
Cà phê Robusta nhân xô,Đắk Nông,Thương lái thu mua,Vnđ/Kg,VNĐ,CTV địa phương,2025-06-27,93750.0
Cà phê Robusta nhân xô,Gia Lai,Thương lái thu mua,Vnđ/Kg,VNĐ,CTV địa phương,2025-06-27,93733.0
Cà phê Robusta nhân xô,Kon Tum,Thương lái thu mua,Vnđ/Kg,VNĐ,CTV địa phương,2025-06-27,93700.0
Cà phê Robusta nhân xô,Lâm Đồng,Thương lái thu mua,Vnđ/Kg,VNĐ,CTV địa phương,2025-06-27,93500.0
Cà phê Robusta nhân xô,Đắk Lắk,Thương lái thu mua,Vnđ/Kg,VNĐ,CTV địa phương,2025-06-26,92433.0
Cà phê Robusta nhân xô,Đắk Nông,Thương lái thu mua,Vnđ/Kg,VNĐ,CTV địa phương,2025-06-26,92450.0
Cà phê Robusta nhân xô,Gia Lai,Thương lái thu mua,Vnđ/Kg,VNĐ,CTV địa phương,2025-06-26,92433.0
Cà phê Robusta nhân xô,Kon Tum,Thương lái thu mua,Vnđ/Kg,VNĐ,CTV địa phương,2025-06-26,92400.0
Cà phê Robusta nhân xô,Lâm Đồng,Thương lái thu mua,Vnđ/Kg,VNĐ,CTV địa phương,2025-06-26,92000.0
Cà phê Robusta nhân xô,Đắk Lắk,Thương lái thu mua,Vnđ/Kg,VNĐ,CTV địa phương,2025-06-25,94433.0
Cà phê Robusta nhân xô,Đắk Nông,Thương lái thu mua,Vnđ/Kg,VNĐ,CTV địa phương,2025-06-25,94450.0
Cà phê Robusta nhân xô,Gia Lai,Thương lái thu mua,Vnđ/Kg,VNĐ,CTV địa phương,2025-06-25,94433.0
Cà phê Robusta nhân xô,Kon Tum,Thương lái thu mua,Vnđ/Kg,VNĐ,CTV địa phương,2025-06-25,94400.0
Cà phê Robusta nhân xô,Lâm Đồng,Thương lái thu mua,Vnđ/Kg,VNĐ,CTV địa phương,2025-06-25,94000.0
Cà phê Robusta nhân xô,Đắk Lắk,Thương lái thu mua,Vnđ/Kg,VNĐ,CTV địa phương,2025-06-24,98933.0
Cà phê Robusta nhân xô,Đắk Nông,Thương lái thu mua,Vnđ/Kg,VNĐ,CTV địa phương,2025-06-24,98950.0
Cà phê Robusta nhân xô,Gia Lai,Thương lái thu mua,Vnđ/Kg,VNĐ,CTV địa phương,2025-06-24,98900.0
Cà phê Robusta nhân xô,Kon Tum,Thương lái thu mua,Vnđ/Kg,VNĐ,CTV địa phương,2025-06-24,98900.0
Cà phê Robusta nhân xô,Lâm Đồng,Thương lái thu mua,Vnđ/Kg,VNĐ,CTV địa phương,2025-06-24,98500.0
Cà phê Robusta nhân xô,Đắk Lắk,Thương lái thu mua,Vnđ/Kg,VNĐ,CTV địa phương,2025-06-23,95933.0
Cà phê Robusta nhân xô,Đắk Nông,Thương lái thu mua,Vnđ/Kg,VNĐ,CTV địa phương,2025-06-23,95950.0
Cà phê Robusta nhân xô,Gia Lai,Thương lái thu mua,Vnđ/Kg,VNĐ,CTV địa phương,2025-06-23,95933.0
Cà phê Robusta nhân xô,Kon Tum,Thương lái thu mua,Vnđ/Kg,VNĐ,CTV địa phương,2025-06-23,95900.0
Cà phê Robusta nhân xô,Lâm Đồng,Thương lái thu mua,Vnđ/Kg,VNĐ,CTV địa phương,2025-06-23,95500.0
Cà phê Robusta nhân xô,Đắk Lắk,Thương lái thu mua,Vnđ/Kg,VNĐ,CTV địa phương,2025-06-20,103433.0
Cà phê Robusta nhân xô,Đắk Nông,Thương lái thu mua,Vnđ/Kg,VNĐ,CTV địa phương,2025-06-20,103450.0
Cà phê Robusta nhân xô,Gia Lai,Thương lái thu mua,Vnđ/Kg,VNĐ,CTV địa phương,2025-06-20,103233.0
Cà phê Robusta nhân xô,Kon Tum,Thương lái thu mua,Vnđ/Kg,VNĐ,CTV địa phương,2025-06-20,103200.0
Cà phê Robusta nhân xô,Lâm Đồng,Thương lái thu mua,Vnđ/Kg,VNĐ,CTV địa phương,2025-06-20,103000.0
Cà phê Robusta nhân xô,Đắk Lắk,Thương lái thu mua,Vnđ/Kg,VNĐ,CTV địa phương,2025-06-19,107633.0
Cà phê Robusta nhân xô,Đắk Nông,Thương lái thu mua,Vnđ/Kg,VNĐ,CTV địa phương,2025-06-19,107650.0
Cà phê Robusta nhân xô,Gia Lai,Thương lái thu mua,Vnđ/Kg,VNĐ,CTV địa phương,2025-06-19,107500.0
Cà phê Robusta nhân xô,Kon Tum,Thương lái thu mua,Vnđ/Kg,VNĐ,CTV địa phương,2025-06-19,107400.0
Cà phê Robusta nhân xô,Lâm Đồng,Thương lái thu mua,Vnđ/Kg,VNĐ,CTV địa phương,2025-06-19,107100.0
Cà phê Robusta nhân xô,Đắk Lắk,Thương lái thu mua,Vnđ/Kg,VNĐ,CTV địa phương,2025-06-18,109933.0
Cà phê Robusta nhân xô,Đắk Nông,Thương lái thu mua,Vnđ/Kg,VNĐ,CTV địa phương,2025-06-18,109850.0
Cà phê Robusta nhân xô,Gia Lai,Thương lái thu mua,Vnđ/Kg,VNĐ,CTV địa phương,2025-06-18,109733.0
Cà phê Robusta nhân xô,Kon Tum,Thương lái thu mua,Vnđ/Kg,VNĐ,CTV địa phương,2025-06-18,109700.0
Cà phê Robusta nhân xô,Lâm Đồng,Thương lái thu mua,Vnđ/Kg,VNĐ,CTV địa phương,2025-06-18,109400.0
Cà phê Robusta nhân xô,Đắk Lắk,Thương lái thu mua,Vnđ/Kg,VNĐ,CTV địa phương,2025-06-17,111433.0
Cà phê Robusta nhân xô,Đắk Nông,Thương lái thu mua,Vnđ/Kg,VNĐ,CTV địa phương,2025-06-17,111450.0
Cà phê Robusta nhân xô,Gia Lai,Thương lái thu mua,Vnđ/Kg,VNĐ,CTV địa phương,2025-06-17,111233.0
Cà phê Robusta nhân xô,Kon Tum,Thương lái thu mua,Vnđ/Kg,VNĐ,CTV địa phương,2025-06-17,111200.0
Cà phê Robusta nhân xô,Lâm Đồng,Thương lái thu mua,Vnđ/Kg,VNĐ,CTV địa phương,2025-06-17,111000.0
Cà phê Robusta nhân xô,Đắk Lắk,Thương lái thu mua,Vnđ/Kg,VNĐ,CTV địa phương,2025-06-16,112433.0
Cà phê Robusta nhân xô,Đắk Nông,Thương lái thu mua,Vnđ/Kg,VNĐ,CTV địa phương,2025-06-16,112250.0
Cà phê Robusta nhân xô,Gia Lai,Thương lái thu mua,Vnđ/Kg,VNĐ,CTV địa phương,2025-06-16,112233.0
Cà phê Robusta nhân xô,Kon Tum,Thương lái thu mua,Vnđ/Kg,VNĐ,CTV địa phương,2025-06-16,112200.0
Cà phê Robusta nhân xô,Lâm Đồng,Thương lái thu mua,Vnđ/Kg,VNĐ,CTV địa phương,2025-06-16,112000.0
Cà phê Robusta nhân xô,Đắk Lắk,Thương lái thu mua,Vnđ/Kg,VNĐ,CTV địa phương,2025-06-13,112333.0
Cà phê Robusta nhân xô,Đắk Nông,Thương lái thu mua,Vnđ/Kg,VNĐ,CTV địa phương,2025-06-13,112450.0
Cà phê Robusta nhân xô,Gia Lai,Thương lái thu mua,Vnđ/Kg,VNĐ,CTV địa phương,2025-06-13,112233.0
Cà phê Robusta nhân xô,Kon Tum,Thương lái thu mua,Vnđ/Kg,VNĐ,CTV địa phương,2025-06-13,112300.0
Cà phê Robusta nhân xô,Lâm Đồng,Thương lái thu mua,Vnđ/Kg,VNĐ,CTV địa phương,2025-06-13,111800.0
Cà phê Robusta nhân xô,Đắk Lắk,Thương lái thu mua,Vnđ/Kg,VNĐ,CTV địa phương,2025-06-12,112000.0
Cà phê Robusta nhân xô,Đắk Nông,Thương lái thu mua,Vnđ/Kg,VNĐ,CTV địa phương,2025-06-12,112250.0
Cà phê Robusta nhân xô,Gia Lai,Thương lái thu mua,Vnđ/Kg,VNĐ,CTV địa phương,2025-06-12,112000.0
Cà phê Robusta nhân xô,Kon Tum,Thương lái thu mua,Vnđ/Kg,VNĐ,CTV địa phương,2025-06-12,112000.0
Cà phê Robusta nhân xô,Lâm Đồng,Thương lái thu mua,Vnđ/Kg,VNĐ,CTV địa phương,2025-06-12,111500.0
Cà phê Robusta nhân xô,Đắk Lắk,Thương lái thu mua,Vnđ/Kg,VNĐ,CTV địa phương,2025-06-11,114000.0
Cà phê Robusta nhân xô,Đắk Nông,Thương lái thu mua,Vnđ/Kg,VNĐ,CTV địa phương,2025-06-11,114300.0
Cà phê Robusta nhân xô,Gia Lai,Thương lái thu mua,Vnđ/Kg,VNĐ,CTV địa phương,2025-06-11,114000.0
Cà phê Robusta nhân xô,Kon Tum,Thương lái thu mua,Vnđ/Kg,VNĐ,CTV địa phương,2025-06-11,114000.0
Cà phê Robusta nhân xô,Lâm Đồng,Thương lái thu mua,Vnđ/Kg,VNĐ,CTV địa phương,2025-06-11,113500.0
Cà phê Robusta nhân xô,Đắk Lắk,Thương lái thu mua,Vnđ/Kg,VNĐ,CTV địa phương,2025-06-10,116199.67
Cà phê Robusta nhân xô,Đắk Nông,Thương lái thu mua,Vnđ/Kg,VNĐ,CTV địa phương,2025-06-10,116116.67
Cà phê Robusta nhân xô,Gia Lai,Thương lái thu mua,Vnđ/Kg,VNĐ,CTV địa phương,2025-06-10,115966.33
Cà phê Robusta nhân xô,Kon Tum,Thương lái thu mua,Vnđ/Kg,VNĐ,CTV địa phương,2025-06-10,115966.67
Cà phê Robusta nhân xô,Lâm Đồng,Thương lái thu mua,Vnđ/Kg,VNĐ,CTV địa phương,2025-06-10,115733.33
Cà phê Robusta nhân xô,Đắk Lắk,Thương lái thu mua,Vnđ/Kg,VNĐ,CTV địa phương,2025-06-09,113933.0
Cà phê Robusta nhân xô,Đắk Nông,Thương lái thu mua,Vnđ/Kg,VNĐ,CTV địa phương,2025-06-09,113950.0
Cà phê Robusta nhân xô,Gia Lai,Thương lái thu mua,Vnđ/Kg,VNĐ,CTV địa phương,2025-06-09,113733.0
Cà phê Robusta nhân xô,Kon Tum,Thương lái thu mua,Vnđ/Kg,VNĐ,CTV địa phương,2025-06-09,113800.0
Cà phê Robusta nhân xô,Lâm Đồng,Thương lái thu mua,Vnđ/Kg,VNĐ,CTV địa phương,2025-06-09,113500.0
Cà phê Robusta nhân xô,Đắk Lắk,Thương lái thu mua,Vnđ/Kg,VNĐ,CTV địa phương,2025-06-06,115633.0
Cà phê Robusta nhân xô,Đắk Nông,Thương lái thu mua,Vnđ/Kg,VNĐ,CTV địa phương,2025-06-06,115650.0
Cà phê Robusta nhân xô,Gia Lai,Thương lái thu mua,Vnđ/Kg,VNĐ,CTV địa phương,2025-06-06,115533.0
Cà phê Robusta nhân xô,Kon Tum,Thương lái thu mua,Vnđ/Kg,VNĐ,CTV địa phương,2025-06-06,115600.0
Cà phê Robusta nhân xô,Lâm Đồng,Thương lái thu mua,Vnđ/Kg,VNĐ,CTV địa phương,2025-06-06,115000.0
Cà phê Robusta nhân xô,Đắk Lắk,Thương lái thu mua,Vnđ/Kg,VNĐ,CTV địa phương,2025-06-05,114033.0
Cà phê Robusta nhân xô,Đắk Nông,Thương lái thu mua,Vnđ/Kg,VNĐ,CTV địa phương,2025-06-05,114050.0
Cà phê Robusta nhân xô,Gia Lai,Thương lái thu mua,Vnđ/Kg,VNĐ,CTV địa phương,2025-06-05,113733.0
Cà phê Robusta nhân xô,Kon Tum,Thương lái thu mua,Vnđ/Kg,VNĐ,CTV địa phương,2025-06-05,113800.0
Cà phê Robusta nhân xô,Lâm Đồng,Thương lái thu mua,Vnđ/Kg,VNĐ,CTV địa phương,2025-06-05,113600.0
Cà phê Robusta nhân xô,Đắk Lắk,Thương lái thu mua,Vnđ/Kg,VNĐ,CTV địa phương,2025-06-04,113933.0
Cà phê Robusta nhân xô,Đắk Nông,Thương lái thu mua,Vnđ/Kg,VNĐ,CTV địa phương,2025-06-04,113950.0
Cà phê Robusta nhân xô,Gia Lai,Thương lái thu mua,Vnđ/Kg,VNĐ,CTV địa phương,2025-06-04,113633.0
Cà phê Robusta nhân xô,Kon Tum,Thương lái thu mua,Vnđ/Kg,VNĐ,CTV địa phương,2025-06-04,113700.0
Cà phê Robusta nhân xô,Lâm Đồng,Thương lái thu mua,Vnđ/Kg,VNĐ,CTV địa phương,2025-06-04,113500.0
Cà phê Robusta nhân xô,Đắk Lắk,Thương lái thu mua,Vnđ/Kg,VNĐ,CTV địa phương,2025-06-03,116366.5
Cà phê Robusta nhân xô,Đắk Nông,Thương lái thu mua,Vnđ/Kg,VNĐ,CTV địa phương,2025-06-03,116475.0
Cà phê Robusta nhân xô,Gia Lai,Thương lái thu mua,Vnđ/Kg,VNĐ,CTV địa phương,2025-06-03,116411.0
Cà phê Robusta nhân xô,Kon Tum,Thương lái thu mua,Vnđ/Kg,VNĐ,CTV địa phương,2025-06-03,116500.0
Cà phê Robusta nhân xô,Lâm Đồng,Thương lái thu mua,Vnđ/Kg,VNĐ,CTV địa phương,2025-06-03,116000.0
Cà phê Robusta nhân xô,Đắk Lắk,Thương lái thu mua,Vnđ/Kg,VNĐ,CTV địa phương,2025-06-02,117433.0
Cà phê Robusta nhân xô,Đắk Nông,Thương lái thu mua,Vnđ/Kg,VNĐ,CTV địa phương,2025-06-02,117475.0
Cà phê Robusta nhân xô,Gia Lai,Thương lái thu mua,Vnđ/Kg,VNĐ,CTV địa phương,2025-06-02,117344.33
Cà phê Robusta nhân xô,Kon Tum,Thương lái thu mua,Vnđ/Kg,VNĐ,CTV địa phương,2025-06-02,117300.0
Cà phê Robusta nhân xô,Lâm Đồng,Thương lái thu mua,Vnđ/Kg,VNĐ,CTV địa phương,2025-06-02,117000.0
Cà phê Robusta nhân xô,Đắk Lắk,Thương lái thu mua,Vnđ/Kg,VNĐ,CTV địa phương,2025-05-30,118433.0
Cà phê Robusta nhân xô,Đắk Nông,Thương lái thu mua,Vnđ/Kg,VNĐ,CTV địa phương,2025-05-30,118650.0
Cà phê Robusta nhân xô,Gia Lai,Thương lái thu mua,Vnđ/Kg,VNĐ,CTV địa phương,2025-05-30,118433.0
Cà phê Robusta nhân xô,Kon Tum,Thương lái thu mua,Vnđ/Kg,VNĐ,CTV địa phương,2025-05-30,118500.0
Cà phê Robusta nhân xô,Lâm Đồng,Thương lái thu mua,Vnđ/Kg,VNĐ,CTV địa phương,2025-05-30,118200.0
Cà phê Robusta nhân xô,Đắk Lắk,Thương lái thu mua,Vnđ/Kg,VNĐ,CTV địa phương,2025-05-29,119933.0
Cà phê Robusta nhân xô,Đắk Nông,Thương lái thu mua,Vnđ/Kg,VNĐ,CTV địa phương,2025-05-29,120150.0
Cà phê Robusta nhân xô,Gia Lai,Thương lái thu mua,Vnđ/Kg,VNĐ,CTV địa phương,2025-05-29,119933.0
Cà phê Robusta nhân xô,Kon Tum,Thương lái thu mua,Vnđ/Kg,VNĐ,CTV địa phương,2025-05-29,126400.0
Cà phê Robusta nhân xô,Lâm Đồng,Thương lái thu mua,Vnđ/Kg,VNĐ,CTV địa phương,2025-05-29,119700.0
Cà phê Robusta nhân xô,Đắk Lắk,Thương lái thu mua,Vnđ/Kg,VNĐ,CTV địa phương,2025-05-28,122133.0
Cà phê Robusta nhân xô,Đắk Nông,Thương lái thu mua,Vnđ/Kg,VNĐ,CTV địa phương,2025-05-28,122250.0
Cà phê Robusta nhân xô,Gia Lai,Thương lái thu mua,Vnđ/Kg,VNĐ,CTV địa phương,2025-05-28,122133.0
Cà phê Robusta nhân xô,Kon Tum,Thương lái thu mua,Vnđ/Kg,VNĐ,CTV địa phương,2025-05-28,122200.0
Cà phê Robusta nhân xô,Lâm Đồng,Thương lái thu mua,Vnđ/Kg,VNĐ,CTV địa phương,2025-05-28,121700.0
Cà phê Robusta nhân xô,Đắk Lắk,Thương lái thu mua,Vnđ/Kg,VNĐ,CTV địa phương,2025-05-27,122433.0
Cà phê Robusta nhân xô,Đắk Nông,Thương lái thu mua,Vnđ/Kg,VNĐ,CTV địa phương,2025-05-27,122450.0
Cà phê Robusta nhân xô,Gia Lai,Thương lái thu mua,Vnđ/Kg,VNĐ,CTV địa phương,2025-05-27,122433.0
Cà phê Robusta nhân xô,Kon Tum,Thương lái thu mua,Vnđ/Kg,VNĐ,CTV địa phương,2025-05-27,122400.0
Cà phê Robusta nhân xô,Lâm Đồng,Thương lái thu mua,Vnđ/Kg,VNĐ,CTV địa phương,2025-05-27,122000.0
Cà phê Robusta nhân xô,Đắk Lắk,Thương lái thu mua,Vnđ/Kg,VNĐ,CTV địa phương,2025-05-26,122433.0
Cà phê Robusta nhân xô,Đắk Nông,Thương lái thu mua,Vnđ/Kg,VNĐ,CTV địa phương,2025-05-26,122450.0
Cà phê Robusta nhân xô,Gia Lai,Thương lái thu mua,Vnđ/Kg,VNĐ,CTV địa phương,2025-05-26,122433.0
Cà phê Robusta nhân xô,Kon Tum,Thương lái thu mua,Vnđ/Kg,VNĐ,CTV địa phương,2025-05-26,122400.0
Cà phê Robusta nhân xô,Lâm Đồng,Thương lái thu mua,Vnđ/Kg,VNĐ,CTV địa phương,2025-05-26,122000.0
Cà phê Robusta nhân xô,Đắk Lắk,Thương lái thu mua,Vnđ/Kg,VNĐ,CTV địa phương,2025-05-23,122933.0
Cà phê Robusta nhân xô,Đắk Nông,Thương lái thu mua,Vnđ/Kg,VNĐ,CTV địa phương,2025-05-23,123150.0
Cà phê Robusta nhân xô,Gia Lai,Thương lái thu mua,Vnđ/Kg,VNĐ,CTV địa phương,2025-05-23,122933.0
Cà phê Robusta nhân xô,Kon Tum,Thương lái thu mua,Vnđ/Kg,VNĐ,CTV địa phương,2025-05-23,122900.0
Cà phê Robusta nhân xô,Lâm Đồng,Thương lái thu mua,Vnđ/Kg,VNĐ,CTV địa phương,2025-05-23,122500.0
Cà phê Robusta nhân xô,Đắk Lắk,Thương lái thu mua,Vnđ/Kg,VNĐ,CTV địa phương,2025-05-22,124933.0
Cà phê Robusta nhân xô,Đắk Nông,Thương lái thu mua,Vnđ/Kg,VNĐ,CTV địa phương,2025-05-22,125150.0
Cà phê Robusta nhân xô,Gia Lai,Thương lái thu mua,Vnđ/Kg,VNĐ,CTV địa phương,2025-05-22,124933.0
Cà phê Robusta nhân xô,Kon Tum,Thương lái thu mua,Vnđ/Kg,VNĐ,CTV địa phương,2025-05-22,125000.0
Cà phê Robusta nhân xô,Lâm Đồng,Thương lái thu mua,Vnđ/Kg,VNĐ,CTV địa phương,2025-05-22,124500.0
Cà phê Robusta nhân xô,Đắk Lắk,Thương lái thu mua,Vnđ/Kg,VNĐ,CTV địa phương,2025-05-21,125633.0
Cà phê Robusta nhân xô,Đắk Nông,Thương lái thu mua,Vnđ/Kg,VNĐ,CTV địa phương,2025-05-21,125650.0
Cà phê Robusta nhân xô,Gia Lai,Thương lái thu mua,Vnđ/Kg,VNĐ,CTV địa phương,2025-05-21,126433.0
Cà phê Robusta nhân xô,Kon Tum,Thương lái thu mua,Vnđ/Kg,VNĐ,CTV địa phương,2025-05-21,126500.0
Cà phê Robusta nhân xô,Lâm Đồng,Thương lái thu mua,Vnđ/Kg,VNĐ,CTV địa phương,2025-05-21,125000.0
Cà phê Robusta nhân xô,Đắk Lắk,Thương lái thu mua,Vnđ/Kg,VNĐ,CTV địa phương,2025-05-20,126433.0
Cà phê Robusta nhân xô,Đắk Nông,Thương lái thu mua,Vnđ/Kg,VNĐ,CTV địa phương,2025-05-20,126650.0
Cà phê Robusta nhân xô,Gia Lai,Thương lái thu mua,Vnđ/Kg,VNĐ,CTV địa phương,2025-05-20,126433.0
Cà phê Robusta nhân xô,Kon Tum,Thương lái thu mua,Vnđ/Kg,VNĐ,CTV địa phương,2025-05-20,126500.0
Cà phê Robusta nhân xô,Lâm Đồng,Thương lái thu mua,Vnđ/Kg,VNĐ,CTV địa phương,2025-05-20,126000.0
Cà phê Robusta nhân xô,Đắk Lắk,Thương lái thu mua,Vnđ/Kg,VNĐ,CTV địa phương,2025-05-19,124433.0
Cà phê Robusta nhân xô,Đắk Nông,Thương lái thu mua,Vnđ/Kg,VNĐ,CTV địa phương,2025-05-19,124650.0
Cà phê Robusta nhân xô,Gia Lai,Thương lái thu mua,Vnđ/Kg,VNĐ,CTV địa phương,2025-05-19,124433.0
Cà phê Robusta nhân xô,Kon Tum,Thương lái thu mua,Vnđ/Kg,VNĐ,CTV địa phương,2025-05-19,124500.0
Cà phê Robusta nhân xô,Lâm Đồng,Thương lái thu mua,Vnđ/Kg,VNĐ,CTV địa phương,2025-05-19,123800.0
Cà phê Robusta nhân xô,Đắk Lắk,Thương lái thu mua,Vnđ/Kg,VNĐ,CTV địa phương,2025-05-16,126133.0
Cà phê Robusta nhân xô,Đắk Nông,Thương lái thu mua,Vnđ/Kg,VNĐ,CTV địa phương,2025-05-16,126150.0
Cà phê Robusta nhân xô,Gia Lai,Thương lái thu mua,Vnđ/Kg,VNĐ,CTV địa phương,2025-05-16,126133.0
Cà phê Robusta nhân xô,Kon Tum,Thương lái thu mua,Vnđ/Kg,VNĐ,CTV địa phương,2025-05-16,126200.0
Cà phê Robusta nhân xô,Lâm Đồng,Thương lái thu mua,Vnđ/Kg,VNĐ,CTV địa phương,2025-05-16,125900.0
Cà phê Robusta nhân xô,Đắk Lắk,Thương lái thu mua,Vnđ/Kg,VNĐ,CTV địa phương,2025-05-15,125933.0
Cà phê Robusta nhân xô,Đắk Nông,Thương lái thu mua,Vnđ/Kg,VNĐ,CTV địa phương,2025-05-15,126150.0
Cà phê Robusta nhân xô,Gia Lai,Thương lái thu mua,Vnđ/Kg,VNĐ,CTV địa phương,2025-05-15,125933.0
Cà phê Robusta nhân xô,Kon Tum,Thương lái thu mua,Vnđ/Kg,VNĐ,CTV địa phương,2025-05-15,125900.0
Cà phê Robusta nhân xô,Lâm Đồng,Thương lái thu mua,Vnđ/Kg,VNĐ,CTV địa phương,2025-05-15,125700.0
Cà phê Robusta nhân xô,Đắk Lắk,Thương lái thu mua,Vnđ/Kg,VNĐ,CTV địa phương,2025-05-14,128433.0
Cà phê Robusta nhân xô,Đắk Nông,Thương lái thu mua,Vnđ/Kg,VNĐ,CTV địa phương,2025-05-14,128450.0
Cà phê Robusta nhân xô,Gia Lai,Thương lái thu mua,Vnđ/Kg,VNĐ,CTV địa phương,2025-05-14,128333.0
Cà phê Robusta nhân xô,Kon Tum,Thương lái thu mua,Vnđ/Kg,VNĐ,CTV địa phương,2025-05-14,128400.0
Cà phê Robusta nhân xô,Lâm Đồng,Thương lái thu mua,Vnđ/Kg,VNĐ,CTV địa phương,2025-05-14,128000.0
Cà phê Robusta nhân xô,Đắk Lắk,Thương lái thu mua,Vnđ/Kg,VNĐ,CTV địa phương,2025-05-13,126000.0
Cà phê Robusta nhân xô,Đắk Nông,Thương lái thu mua,Vnđ/Kg,VNĐ,CTV địa phương,2025-05-13,126000.0
Cà phê Robusta nhân xô,Gia Lai,Thương lái thu mua,Vnđ/Kg,VNĐ,CTV địa phương,2025-05-13,125733.0
Cà phê Robusta nhân xô,Kon Tum,Thương lái thu mua,Vnđ/Kg,VNĐ,CTV địa phương,2025-05-13,125800.0
Cà phê Robusta nhân xô,Lâm Đồng,Thương lái thu mua,Vnđ/Kg,VNĐ,CTV địa phương,2025-05-13,125500.0
Cà phê Robusta nhân xô,Đắk Lắk,Thương lái thu mua,Vnđ/Kg,VNĐ,CTV địa phương,2025-05-12,128000.0
Cà phê Robusta nhân xô,Đắk Nông,Thương lái thu mua,Vnđ/Kg,VNĐ,CTV địa phương,2025-05-12,128000.0
Cà phê Robusta nhân xô,Gia Lai,Thương lái thu mua,Vnđ/Kg,VNĐ,CTV địa phương,2025-05-12,128000.0
Cà phê Robusta nhân xô,Kon Tum,Thương lái thu mua,Vnđ/Kg,VNĐ,CTV địa phương,2025-05-12,128000.0
Cà phê Robusta nhân xô,Lâm Đồng,Thương lái thu mua,Vnđ/Kg,VNĐ,CTV địa phương,2025-05-12,128000.0
Cà phê Robusta nhân xô,Đắk Lắk,Thương lái thu mua,Vnđ/Kg,VNĐ,CTV địa phương,2025-05-09,121583.0
Cà phê Robusta nhân xô,Đắk Nông,Thương lái thu mua,Vnđ/Kg,VNĐ,CTV địa phương,2025-05-09,121650.0
Cà phê Robusta nhân xô,Gia Lai,Thương lái thu mua,Vnđ/Kg,VNĐ,CTV địa phương,2025-05-09,121483.0
Cà phê Robusta nhân xô,Kon Tum,Thương lái thu mua,Vnđ/Kg,VNĐ,CTV địa phương,2025-05-09,128200.0
Cà phê Robusta nhân xô,Lâm Đồng,Thương lái thu mua,Vnđ/Kg,VNĐ,CTV địa phương,2025-05-09,121000.0
Cà phê Robusta nhân xô,Đắk Lắk,Thương lái thu mua,Vnđ/Kg,VNĐ,CTV địa phương,2025-05-08,127933.0
Cà phê Robusta nhân xô,Đắk Nông,Thương lái thu mua,Vnđ/Kg,VNĐ,CTV địa phương,2025-05-08,128150.0
Cà phê Robusta nhân xô,Gia Lai,Thương lái thu mua,Vnđ/Kg,VNĐ,CTV địa phương,2025-05-08,127933.0
Cà phê Robusta nhân xô,Kon Tum,Thương lái thu mua,Vnđ/Kg,VNĐ,CTV địa phương,2025-05-08,127900.0
Cà phê Robusta nhân xô,Lâm Đồng,Thương lái thu mua,Vnđ/Kg,VNĐ,CTV địa phương,2025-05-08,127700.0
Cà phê Robusta nhân xô,Đắk Lắk,Thương lái thu mua,Vnđ/Kg,VNĐ,CTV địa phương,2025-05-07,128233.0
Cà phê Robusta nhân xô,Đắk Nông,Thương lái thu mua,Vnđ/Kg,VNĐ,CTV địa phương,2025-05-07,128450.0
Cà phê Robusta nhân xô,Gia Lai,Thương lái thu mua,Vnđ/Kg,VNĐ,CTV địa phương,2025-05-07,128233.0
Cà phê Robusta nhân xô,Kon Tum,Thương lái thu mua,Vnđ/Kg,VNĐ,CTV địa phương,2025-05-07,128200.0
Cà phê Robusta nhân xô,Lâm Đồng,Thương lái thu mua,Vnđ/Kg,VNĐ,CTV địa phương,2025-05-07,128000.0
Cà phê Robusta nhân xô,Đắk Lắk,Thương lái thu mua,Vnđ/Kg,VNĐ,CTV địa phương,2025-05-06,128433.0
Cà phê Robusta nhân xô,Đắk Nông,Thương lái thu mua,Vnđ/Kg,VNĐ,CTV địa phương,2025-05-06,128650.0
Cà phê Robusta nhân xô,Gia Lai,Thương lái thu mua,Vnđ/Kg,VNĐ,CTV địa phương,2025-05-06,128433.0
Cà phê Robusta nhân xô,Kon Tum,Thương lái thu mua,Vnđ/Kg,VNĐ,CTV địa phương,2025-05-06,128400.0
Cà phê Robusta nhân xô,Lâm Đồng,Thương lái thu mua,Vnđ/Kg,VNĐ,CTV địa phương,2025-05-06,128200.0
Cà phê Robusta nhân xô,Đắk Lắk,Thương lái thu mua,Vnđ/Kg,VNĐ,CTV địa phương,2025-05-05,129933.0
Cà phê Robusta nhân xô,Đắk Nông,Thương lái thu mua,Vnđ/Kg,VNĐ,CTV địa phương,2025-05-05,129950.0
Cà phê Robusta nhân xô,Gia Lai,Thương lái thu mua,Vnđ/Kg,VNĐ,CTV địa phương,2025-05-05,129633.0
Cà phê Robusta nhân xô,Kon Tum,Thương lái thu mua,Vnđ/Kg,VNĐ,CTV địa phương,2025-05-05,129600.0
Cà phê Robusta nhân xô,Lâm Đồng,Thương lái thu mua,Vnđ/Kg,VNĐ,CTV địa phương,2025-05-05,129000.0
Cà phê Robusta nhân xô,Đắk Lắk,Thương lái thu mua,Vnđ/Kg,VNĐ,CTV địa phương,2025-05-02,130733.0
Cà phê Robusta nhân xô,Đắk Nông,Thương lái thu mua,Vnđ/Kg,VNĐ,CTV địa phương,2025-05-02,130750.0
Cà phê Robusta nhân xô,Gia Lai,Thương lái thu mua,Vnđ/Kg,VNĐ,CTV địa phương,2025-05-02,130633.0
Cà phê Robusta nhân xô,Kon Tum,Thương lái thu mua,Vnđ/Kg,VNĐ,CTV địa phương,2025-05-02,130600.0
Cà phê Robusta nhân xô,Lâm Đồng,Thương lái thu mua,Vnđ/Kg,VNĐ,CTV địa phương,2025-05-02,130200.0
Cà phê Robusta nhân xô,Đắk Lắk,Thương lái thu mua,Vnđ/Kg,VNĐ,CTV địa phương,2025-05-01,130733.0
Cà phê Robusta nhân xô,Đắk Nông,Thương lái thu mua,Vnđ/Kg,VNĐ,CTV địa phương,2025-05-01,130750.0
Cà phê Robusta nhân xô,Gia Lai,Thương lái thu mua,Vnđ/Kg,VNĐ,CTV địa phương,2025-05-01,130633.0
Cà phê Robusta nhân xô,Kon Tum,Thương lái thu mua,Vnđ/Kg,VNĐ,CTV địa phương,2025-05-01,130600.0
Cà phê Robusta nhân xô,Lâm Đồng,Thương lái thu mua,Vnđ/Kg,VNĐ,CTV địa phương,2025-05-01,130200.0
Cà phê Robusta nhân xô,Đắk Lắk,Thương lái thu mua,Vnđ/Kg,VNĐ,CTV địa phương,2025-04-30,130733.0
Cà phê Robusta nhân xô,Đắk Nông,Thương lái thu mua,Vnđ/Kg,VNĐ,CTV địa phương,2025-04-30,130750.0
Cà phê Robusta nhân xô,Gia Lai,Thương lái thu mua,Vnđ/Kg,VNĐ,CTV địa phương,2025-04-30,130633.0
Cà phê Robusta nhân xô,Kon Tum,Thương lái thu mua,Vnđ/Kg,VNĐ,CTV địa phương,2025-04-30,130600.0
Cà phê Robusta nhân xô,Lâm Đồng,Thương lái thu mua,Vnđ/Kg,VNĐ,CTV địa phương,2025-04-30,130200.0
Cà phê Robusta nhân xô,Đắk Lắk,Thương lái thu mua,Vnđ/Kg,VNĐ,CTV địa phương,2025-04-29,130733.0
Cà phê Robusta nhân xô,Đắk Nông,Thương lái thu mua,Vnđ/Kg,VNĐ,CTV địa phương,2025-04-29,130750.0
Cà phê Robusta nhân xô,Gia Lai,Thương lái thu mua,Vnđ/Kg,VNĐ,CTV địa phương,2025-04-29,130633.0
Cà phê Robusta nhân xô,Kon Tum,Thương lái thu mua,Vnđ/Kg,VNĐ,CTV địa phương,2025-04-29,130600.0
Cà phê Robusta nhân xô,Lâm Đồng,Thương lái thu mua,Vnđ/Kg,VNĐ,CTV địa phương,2025-04-29,130200.0
Cà phê Robusta nhân xô,Đắk Lắk,Thương lái thu mua,Vnđ/Kg,VNĐ,CTV địa phương,2025-04-28,130633.0
Cà phê Robusta nhân xô,Đắk Nông,Thương lái thu mua,Vnđ/Kg,VNĐ,CTV địa phương,2025-04-28,130650.0
Cà phê Robusta nhân xô,Gia Lai,Thương lái thu mua,Vnđ/Kg,VNĐ,CTV địa phương,2025-04-28,130533.0
Cà phê Robusta nhân xô,Kon Tum,Thương lái thu mua,Vnđ/Kg,VNĐ,CTV địa phương,2025-04-28,130500.0
Cà phê Robusta nhân xô,Lâm Đồng,Thương lái thu mua,Vnđ/Kg,VNĐ,CTV địa phương,2025-04-28,130100.0
Cà phê Robusta nhân xô,Đắk Lắk,Thương lái thu mua,Vnđ/Kg,VNĐ,CTV địa phương,2025-04-25,132133.0
Cà phê Robusta nhân xô,Đắk Nông,Thương lái thu mua,Vnđ/Kg,VNĐ,CTV địa phương,2025-04-25,132150.0
Cà phê Robusta nhân xô,Gia Lai,Thương lái thu mua,Vnđ/Kg,VNĐ,CTV địa phương,2025-04-25,131933.0
Cà phê Robusta nhân xô,Kon Tum,Thương lái thu mua,Vnđ/Kg,VNĐ,CTV địa phương,2025-04-25,131900.0
Cà phê Robusta nhân xô,Lâm Đồng,Thương lái thu mua,Vnđ/Kg,VNĐ,CTV địa phương,2025-04-25,131500.0
Cà phê Robusta nhân xô,Đắk Lắk,Thương lái thu mua,Vnđ/Kg,VNĐ,CTV địa phương,2025-04-24,130433.0
Cà phê Robusta nhân xô,Đắk Nông,Thương lái thu mua,Vnđ/Kg,VNĐ,CTV địa phương,2025-04-24,130450.0
Cà phê Robusta nhân xô,Gia Lai,Thương lái thu mua,Vnđ/Kg,VNĐ,CTV địa phương,2025-04-24,130133.0
Cà phê Robusta nhân xô,Kon Tum,Thương lái thu mua,Vnđ/Kg,VNĐ,CTV địa phương,2025-04-24,130200.0
Cà phê Robusta nhân xô,Lâm Đồng,Thương lái thu mua,Vnđ/Kg,VNĐ,CTV địa phương,2025-04-24,129900.0
Cà phê Robusta nhân xô,Đắk Lắk,Thương lái thu mua,Vnđ/Kg,VNĐ,CTV địa phương,2025-04-23,129000.0
Cà phê Robusta nhân xô,Đắk Nông,Thương lái thu mua,Vnđ/Kg,VNĐ,CTV địa phương,2025-04-23,129000.0
Cà phê Robusta nhân xô,Gia Lai,Thương lái thu mua,Vnđ/Kg,VNĐ,CTV địa phương,2025-04-23,129000.0
Cà phê Robusta nhân xô,Kon Tum,Thương lái thu mua,Vnđ/Kg,VNĐ,CTV địa phương,2025-04-23,129000.0
Cà phê Robusta nhân xô,Lâm Đồng,Thương lái thu mua,Vnđ/Kg,VNĐ,CTV địa phương,2025-04-23,128400.0
Cà phê Robusta nhân xô,Đắk Lắk,Thương lái thu mua,Vnđ/Kg,VNĐ,CTV địa phương,2025-04-22,129133.0
Cà phê Robusta nhân xô,Đắk Nông,Thương lái thu mua,Vnđ/Kg,VNĐ,CTV địa phương,2025-04-22,129150.0
Cà phê Robusta nhân xô,Gia Lai,Thương lái thu mua,Vnđ/Kg,VNĐ,CTV địa phương,2025-04-22,129000.0
Cà phê Robusta nhân xô,Kon Tum,Thương lái thu mua,Vnđ/Kg,VNĐ,CTV địa phương,2025-04-22,129000.0
Cà phê Robusta nhân xô,Lâm Đồng,Thương lái thu mua,Vnđ/Kg,VNĐ,CTV địa phương,2025-04-22,128500.0
Cà phê Robusta nhân xô,Đắk Lắk,Thương lái thu mua,Vnđ/Kg,VNĐ,CTV địa phương,2025-04-21,129700.0
Cà phê Robusta nhân xô,Đắk Nông,Thương lái thu mua,Vnđ/Kg,VNĐ,CTV địa phương,2025-04-21,129700.0
Cà phê Robusta nhân xô,Gia Lai,Thương lái thu mua,Vnđ/Kg,VNĐ,CTV địa phương,2025-04-21,129500.0
Cà phê Robusta nhân xô,Kon Tum,Thương lái thu mua,Vnđ/Kg,VNĐ,CTV địa phương,2025-04-21,129500.0
Cà phê Robusta nhân xô,Lâm Đồng,Thương lái thu mua,Vnđ/Kg,VNĐ,CTV địa phương,2025-04-21,129000.0
Cà phê Robusta nhân xô,Đắk Lắk,Thương lái thu mua,Vnđ/Kg,VNĐ,CTV địa phương,2025-04-18,132733.0
Cà phê Robusta nhân xô,Đắk Nông,Thương lái thu mua,Vnđ/Kg,VNĐ,CTV địa phương,2025-04-18,132750.0
Cà phê Robusta nhân xô,Gia Lai,Thương lái thu mua,Vnđ/Kg,VNĐ,CTV địa phương,2025-04-18,132733.0
Cà phê Robusta nhân xô,Kon Tum,Thương lái thu mua,Vnđ/Kg,VNĐ,CTV địa phương,2025-04-18,132700.0
Cà phê Robusta nhân xô,Lâm Đồng,Thương lái thu mua,Vnđ/Kg,VNĐ,CTV địa phương,2025-04-18,132700.0
Cà phê Robusta nhân xô,Đắk Lắk,Thương lái thu mua,Vnđ/Kg,VNĐ,CTV địa phương,2025-04-17,133533.0
Cà phê Robusta nhân xô,Đắk Nông,Thương lái thu mua,Vnđ/Kg,VNĐ,CTV địa phương,2025-04-17,133550.0
Cà phê Robusta nhân xô,Gia Lai,Thương lái thu mua,Vnđ/Kg,VNĐ,CTV địa phương,2025-04-17,133533.0
Cà phê Robusta nhân xô,Kon Tum,Thương lái thu mua,Vnđ/Kg,VNĐ,CTV địa phương,2025-04-17,133500.0
Cà phê Robusta nhân xô,Lâm Đồng,Thương lái thu mua,Vnđ/Kg,VNĐ,CTV địa phương,2025-04-17,132600.0
Cà phê Robusta nhân xô,Đắk Lắk,Thương lái thu mua,Vnđ/Kg,VNĐ,CTV địa phương,2025-04-16,132133.0
Cà phê Robusta nhân xô,Đắk Nông,Thương lái thu mua,Vnđ/Kg,VNĐ,CTV địa phương,2025-04-16,132150.0
Cà phê Robusta nhân xô,Gia Lai,Thương lái thu mua,Vnđ/Kg,VNĐ,CTV địa phương,2025-04-16,131933.0
Cà phê Robusta nhân xô,Kon Tum,Thương lái thu mua,Vnđ/Kg,VNĐ,CTV địa phương,2025-04-16,131900.0
Cà phê Robusta nhân xô,Lâm Đồng,Thương lái thu mua,Vnđ/Kg,VNĐ,CTV địa phương,2025-04-16,131300.0
Cà phê Robusta nhân xô,Đắk Lắk,Thương lái thu mua,Vnđ/Kg,VNĐ,CTV địa phương,2025-04-15,130200.0
Cà phê Robusta nhân xô,Đắk Nông,Thương lái thu mua,Vnđ/Kg,VNĐ,CTV địa phương,2025-04-15,130200.0
Cà phê Robusta nhân xô,Gia Lai,Thương lái thu mua,Vnđ/Kg,VNĐ,CTV địa phương,2025-04-15,130000.0
Cà phê Robusta nhân xô,Kon Tum,Thương lái thu mua,Vnđ/Kg,VNĐ,CTV địa phương,2025-04-15,130000.0
Cà phê Robusta nhân xô,Lâm Đồng,Thương lái thu mua,Vnđ/Kg,VNĐ,CTV địa phương,2025-04-15,129300.0
Cà phê Robusta nhân xô,Đắk Lắk,Thương lái thu mua,Vnđ/Kg,VNĐ,CTV địa phương,2025-04-14,125000.0
Cà phê Robusta nhân xô,Đắk Nông,Thương lái thu mua,Vnđ/Kg,VNĐ,CTV địa phương,2025-04-14,125200.0
Cà phê Robusta nhân xô,Gia Lai,Thương lái thu mua,Vnđ/Kg,VNĐ,CTV địa phương,2025-04-14,125000.0
Cà phê Robusta nhân xô,Kon Tum,Thương lái thu mua,Vnđ/Kg,VNĐ,CTV địa phương,2025-04-14,125000.0
Cà phê Robusta nhân xô,Lâm Đồng,Thương lái thu mua,Vnđ/Kg,VNĐ,CTV địa phương,2025-04-14,124300.0
Cà phê Robusta nhân xô,Đắk Lắk,Thương lái thu mua,Vnđ/Kg,VNĐ,CTV địa phương,2025-04-11,118967.0
Cà phê Robusta nhân xô,Đắk Nông,Thương lái thu mua,Vnđ/Kg,VNĐ,CTV địa phương,2025-04-11,118950.0
Cà phê Robusta nhân xô,Gia Lai,Thương lái thu mua,Vnđ/Kg,VNĐ,CTV địa phương,2025-04-11,118967.0
Cà phê Robusta nhân xô,Kon Tum,Thương lái thu mua,Vnđ/Kg,VNĐ,CTV địa phương,2025-04-11,119000.0
Cà phê Robusta nhân xô,Lâm Đồng,Thương lái thu mua,Vnđ/Kg,VNĐ,CTV địa phương,2025-04-11,117300.0
Cà phê Robusta nhân xô,Đắk Lắk,Thương lái thu mua,Vnđ/Kg,VNĐ,CTV địa phương,2025-04-10,117967.0
Cà phê Robusta nhân xô,Đắk Nông,Thương lái thu mua,Vnđ/Kg,VNĐ,CTV địa phương,2025-04-10,117950.0
Cà phê Robusta nhân xô,Gia Lai,Thương lái thu mua,Vnđ/Kg,VNĐ,CTV địa phương,2025-04-10,117967.0
Cà phê Robusta nhân xô,Kon Tum,Thương lái thu mua,Vnđ/Kg,VNĐ,CTV địa phương,2025-04-10,118000.0
Cà phê Robusta nhân xô,Lâm Đồng,Thương lái thu mua,Vnđ/Kg,VNĐ,CTV địa phương,2025-04-10,116000.0
Cà phê Robusta nhân xô,Đắk Lắk,Thương lái thu mua,Vnđ/Kg,VNĐ,CTV địa phương,2025-04-09,116811.0
Cà phê Robusta nhân xô,Đắk Nông,Thương lái thu mua,Vnđ/Kg,VNĐ,CTV địa phương,2025-04-09,116816.67
Cà phê Robusta nhân xô,Gia Lai,Thương lái thu mua,Vnđ/Kg,VNĐ,CTV địa phương,2025-04-09,116677.67
Cà phê Robusta nhân xô,Kon Tum,Thương lái thu mua,Vnđ/Kg,VNĐ,CTV địa phương,2025-04-09,116666.67
Cà phê Robusta nhân xô,Lâm Đồng,Thương lái thu mua,Vnđ/Kg,VNĐ,CTV địa phương,2025-04-09,115733.33
Cà phê Robusta nhân xô,Đắk Lắk,Thương lái thu mua,Vnđ/Kg,VNĐ,CTV địa phương,2025-04-08,127167.0
Cà phê Robusta nhân xô,Đắk Nông,Thương lái thu mua,Vnđ/Kg,VNĐ,CTV địa phương,2025-04-08,127150.0
Cà phê Robusta nhân xô,Gia Lai,Thương lái thu mua,Vnđ/Kg,VNĐ,CTV địa phương,2025-04-08,126967.0
Cà phê Robusta nhân xô,Kon Tum,Thương lái thu mua,Vnđ/Kg,VNĐ,CTV địa phương,2025-04-08,127000.0
Cà phê Robusta nhân xô,Lâm Đồng,Thương lái thu mua,Vnđ/Kg,VNĐ,CTV địa phương,2025-04-08,126000.0
Cà phê Robusta nhân xô,Đắk Lắk,Thương lái thu mua,Vnđ/Kg,VNĐ,CTV địa phương,2025-04-07,126967.0
Cà phê Robusta nhân xô,Đắk Nông,Thương lái thu mua,Vnđ/Kg,VNĐ,CTV địa phương,2025-04-07,127150.0
Cà phê Robusta nhân xô,Gia Lai,Thương lái thu mua,Vnđ/Kg,VNĐ,CTV địa phương,2025-04-07,126967.0
Cà phê Robusta nhân xô,Kon Tum,Thương lái thu mua,Vnđ/Kg,VNĐ,CTV địa phương,2025-04-07,127000.0
Cà phê Robusta nhân xô,Lâm Đồng,Thương lái thu mua,Vnđ/Kg,VNĐ,CTV địa phương,2025-04-07,126000.0
Cà phê Robusta nhân xô,Đắk Lắk,Thương lái thu mua,Vnđ/Kg,VNĐ,CTV địa phương,2025-04-04,132250.0
Cà phê Robusta nhân xô,Đắk Nông,Thương lái thu mua,Vnđ/Kg,VNĐ,CTV địa phương,2025-04-04,132167.0
Cà phê Robusta nhân xô,Gia Lai,Thương lái thu mua,Vnđ/Kg,VNĐ,CTV địa phương,2025-04-04,133467.0
Cà phê Robusta nhân xô,Lâm Đồng,Thương lái thu mua,Vnđ/Kg,VNĐ,CTV địa phương,2025-04-04,132267.0
Cà phê Robusta nhân xô,Đắk Lắk,Thương lái thu mua,Vnđ/Kg,VNĐ,CTV địa phương,2025-04-03,133467.0
Cà phê Robusta nhân xô,Đắk Nông,Thương lái thu mua,Vnđ/Kg,VNĐ,CTV địa phương,2025-04-03,133550.0
Cà phê Robusta nhân xô,Gia Lai,Thương lái thu mua,Vnđ/Kg,VNĐ,CTV địa phương,2025-04-03,133467.0
Cà phê Robusta nhân xô,Lâm Đồng,Thương lái thu mua,Vnđ/Kg,VNĐ,CTV địa phương,2025-04-03,132500.0
Cà phê Robusta nhân xô,Đắk Lắk,Thương lái thu mua,Vnđ/Kg,VNĐ,CTV địa phương,2025-04-02,133467.0
Cà phê Robusta nhân xô,Đắk Nông,Thương lái thu mua,Vnđ/Kg,VNĐ,CTV địa phương,2025-04-02,133550.0
Cà phê Robusta nhân xô,Gia Lai,Thương lái thu mua,Vnđ/Kg,VNĐ,CTV địa phương,2025-04-02,133467.0
Cà phê Robusta nhân xô,Lâm Đồng,Thương lái thu mua,Vnđ/Kg,VNĐ,CTV địa phương,2025-04-02,132300.0
Cà phê Robusta nhân xô,Đắk Lắk,Thương lái thu mua,Vnđ/Kg,VNĐ,CTV địa phương,2025-04-01,132267.0
Cà phê Robusta nhân xô,Đắk Nông,Thương lái thu mua,Vnđ/Kg,VNĐ,CTV địa phương,2025-04-01,132250.0
Cà phê Robusta nhân xô,Gia Lai,Thương lái thu mua,Vnđ/Kg,VNĐ,CTV địa phương,2025-04-01,132167.0
Cà phê Robusta nhân xô,Lâm Đồng,Thương lái thu mua,Vnđ/Kg,VNĐ,CTV địa phương,2025-04-01,131200.0
Cà phê Robusta nhân xô,Đắk Lắk,Thương lái thu mua,Vnđ/Kg,VNĐ,CTV địa phương,2025-03-31,132967.0
Cà phê Robusta nhân xô,Đắk Nông,Thương lái thu mua,Vnđ/Kg,VNĐ,CTV địa phương,2025-03-31,132950.0
Cà phê Robusta nhân xô,Gia Lai,Thương lái thu mua,Vnđ/Kg,VNĐ,CTV địa phương,2025-03-31,132767.0
Cà phê Robusta nhân xô,Lâm Đồng,Thương lái thu mua,Vnđ/Kg,VNĐ,CTV địa phương,2025-03-31,132000.0
Cà phê Robusta nhân xô,Đắk Lắk,Thương lái thu mua,Vnđ/Kg,VNĐ,CTV địa phương,2025-03-28,133450.0
Cà phê Robusta nhân xô,Đắk Nông,Thương lái thu mua,Vnđ/Kg,VNĐ,CTV địa phương,2025-03-28,132967.0
Cà phê Robusta nhân xô,Gia Lai,Thương lái thu mua,Vnđ/Kg,VNĐ,CTV địa phương,2025-03-28,132100.0
Cà phê Robusta nhân xô,Kon Tum,Thương lái thu mua,Vnđ/Kg,VNĐ,CTV địa phương,2025-03-28,133300.0
Cà phê Robusta nhân xô,Lâm Đồng,Thương lái thu mua,Vnđ/Kg,VNĐ,CTV địa phương,2025-03-28,133967.0
Cà phê Robusta nhân xô,Đắk Lắk,Thương lái thu mua,Vnđ/Kg,VNĐ,CTV địa phương,2025-03-27,133367.0
Cà phê Robusta nhân xô,Đắk Nông,Thương lái thu mua,Vnđ/Kg,VNĐ,CTV địa phương,2025-03-27,133350.0
Cà phê Robusta nhân xô,Gia Lai,Thương lái thu mua,Vnđ/Kg,VNĐ,CTV địa phương,2025-03-27,133267.0
Cà phê Robusta nhân xô,Kon Tum,Thương lái thu mua,Vnđ/Kg,VNĐ,CTV địa phương,2025-03-27,133300.0
Cà phê Robusta nhân xô,Lâm Đồng,Thương lái thu mua,Vnđ/Kg,VNĐ,CTV địa phương,2025-03-27,133450.0
Cà phê Robusta nhân xô,Đắk Lắk,Thương lái thu mua,Vnđ/Kg,VNĐ,CTV địa phương,2025-03-26,135467.0
Cà phê Robusta nhân xô,Đắk Nông,Thương lái thu mua,Vnđ/Kg,VNĐ,CTV địa phương,2025-03-26,135450.0
Cà phê Robusta nhân xô,Gia Lai,Thương lái thu mua,Vnđ/Kg,VNĐ,CTV địa phương,2025-03-26,135267.0
Cà phê Robusta nhân xô,Kon Tum,Thương lái thu mua,Vnđ/Kg,VNĐ,CTV địa phương,2025-03-26,135300.0
Cà phê Robusta nhân xô,Lâm Đồng,Thương lái thu mua,Vnđ/Kg,VNĐ,CTV địa phương,2025-03-26,133950.0
Cà phê Robusta nhân xô,Đắk Lắk,Thương lái thu mua,Vnđ/Kg,VNĐ,CTV địa phương,2025-03-25,133767.0
Cà phê Robusta nhân xô,Đắk Nông,Thương lái thu mua,Vnđ/Kg,VNĐ,CTV địa phương,2025-03-25,133450.0
Cà phê Robusta nhân xô,Gia Lai,Thương lái thu mua,Vnđ/Kg,VNĐ,CTV địa phương,2025-03-25,132967.0
Cà phê Robusta nhân xô,Kon Tum,Thương lái thu mua,Vnđ/Kg,VNĐ,CTV địa phương,2025-03-25,133000.0
Cà phê Robusta nhân xô,Lâm Đồng,Thương lái thu mua,Vnđ/Kg,VNĐ,CTV địa phương,2025-03-25,133150.0
Cà phê Robusta nhân xô,Đắk Lắk,Thương lái thu mua,Vnđ/Kg,VNĐ,CTV địa phương,2025-03-24,133667.0
Cà phê Robusta nhân xô,Đắk Nông,Thương lái thu mua,Vnđ/Kg,VNĐ,CTV địa phương,2025-03-24,133350.0
Cà phê Robusta nhân xô,Gia Lai,Thương lái thu mua,Vnđ/Kg,VNĐ,CTV địa phương,2025-03-24,133067.0
Cà phê Robusta nhân xô,Kon Tum,Thương lái thu mua,Vnđ/Kg,VNĐ,CTV địa phương,2025-03-24,133100.0
Cà phê Robusta nhân xô,Lâm Đồng,Thương lái thu mua,Vnđ/Kg,VNĐ,CTV địa phương,2025-03-24,132800.0
Cà phê Robusta nhân xô,Đắk Lắk,Thương lái thu mua,Vnđ/Kg,VNĐ,CTV địa phương,2025-03-21,132000.0
Cà phê Robusta nhân xô,Đắk Nông,Thương lái thu mua,Vnđ/Kg,VNĐ,CTV địa phương,2025-03-21,131867.0
Cà phê Robusta nhân xô,Gia Lai,Thương lái thu mua,Vnđ/Kg,VNĐ,CTV địa phương,2025-03-21,131900.0
Cà phê Robusta nhân xô,Lâm Đồng,Thương lái thu mua,Vnđ/Kg,VNĐ,CTV địa phương,2025-03-21,131967.0
Cà phê Robusta nhân xô,Đắk Lắk,Thương lái thu mua,Vnđ/Kg,VNĐ,CTV địa phương,2025-03-20,134967.0
Cà phê Robusta nhân xô,Đắk Nông,Thương lái thu mua,Vnđ/Kg,VNĐ,CTV địa phương,2025-03-20,134950.0
Cà phê Robusta nhân xô,Gia Lai,Thương lái thu mua,Vnđ/Kg,VNĐ,CTV địa phương,2025-03-20,134467.0
Cà phê Robusta nhân xô,Lâm Đồng,Thương lái thu mua,Vnđ/Kg,VNĐ,CTV địa phương,2025-03-20,134000.0
Cà phê Robusta nhân xô,Đắk Lắk,Thương lái thu mua,Vnđ/Kg,VNĐ,CTV địa phương,2025-03-19,133867.0
Cà phê Robusta nhân xô,Đắk Nông,Thương lái thu mua,Vnđ/Kg,VNĐ,CTV địa phương,2025-03-19,133950.0
Cà phê Robusta nhân xô,Gia Lai,Thương lái thu mua,Vnđ/Kg,VNĐ,CTV địa phương,2025-03-19,133467.0
Cà phê Robusta nhân xô,Lâm Đồng,Thương lái thu mua,Vnđ/Kg,VNĐ,CTV địa phương,2025-03-19,132700.0
Cà phê Robusta nhân xô,Đắk Lắk,Thương lái thu mua,Vnđ/Kg,VNĐ,CTV địa phương,2025-03-18,133933.5
Cà phê Robusta nhân xô,Đắk Nông,Thương lái thu mua,Vnđ/Kg,VNĐ,CTV địa phương,2025-03-18,133975.0
Cà phê Robusta nhân xô,Gia Lai,Thương lái thu mua,Vnđ/Kg,VNĐ,CTV địa phương,2025-03-18,133733.5
Cà phê Robusta nhân xô,Kon Tum,Thương lái thu mua,Vnđ/Kg,VNĐ,CTV địa phương,2025-03-18,134000.0
Cà phê Robusta nhân xô,Lâm Đồng,Thương lái thu mua,Vnđ/Kg,VNĐ,CTV địa phương,2025-03-18,132700.0
Cà phê Robusta nhân xô,Đắk Lắk,Thương lái thu mua,Vnđ/Kg,VNĐ,CTV địa phương,2025-03-17,132683.5
Cà phê Robusta nhân xô,Đắk Nông,Thương lái thu mua,Vnđ/Kg,VNĐ,CTV địa phương,2025-03-17,132975.0
Cà phê Robusta nhân xô,Gia Lai,Thương lái thu mua,Vnđ/Kg,VNĐ,CTV địa phương,2025-03-17,132683.5
Cà phê Robusta nhân xô,Kon Tum,Thương lái thu mua,Vnđ/Kg,VNĐ,CTV địa phương,2025-03-17,132700.0
Cà phê Robusta nhân xô,Lâm Đồng,Thương lái thu mua,Vnđ/Kg,VNĐ,CTV địa phương,2025-03-17,131000.0
Cà phê Robusta nhân xô,Đắk Lắk,Thương lái thu mua,Vnđ/Kg,VNĐ,CTV địa phương,2025-03-14,133433.0
Cà phê Robusta nhân xô,Đắk Nông,Thương lái thu mua,Vnđ/Kg,VNĐ,CTV địa phương,2025-03-14,133450.0
Cà phê Robusta nhân xô,Gia Lai,Thương lái thu mua,Vnđ/Kg,VNĐ,CTV địa phương,2025-03-14,133033.0
Cà phê Robusta nhân xô,Kon Tum,Thương lái thu mua,Vnđ/Kg,VNĐ,CTV địa phương,2025-03-14,133000.0
Cà phê Robusta nhân xô,Lâm Đồng,Thương lái thu mua,Vnđ/Kg,VNĐ,CTV địa phương,2025-03-14,131600.0
Cà phê Robusta nhân xô,Đắk Lắk,Thương lái thu mua,Vnđ/Kg,VNĐ,CTV địa phương,2025-03-13,132933.0
Cà phê Robusta nhân xô,Đắk Nông,Thương lái thu mua,Vnđ/Kg,VNĐ,CTV địa phương,2025-03-13,132950.0
Cà phê Robusta nhân xô,Gia Lai,Thương lái thu mua,Vnđ/Kg,VNĐ,CTV địa phương,2025-03-13,132633.0
Cà phê Robusta nhân xô,Kon Tum,Thương lái thu mua,Vnđ/Kg,VNĐ,CTV địa phương,2025-03-13,132700.0
Cà phê Robusta nhân xô,Lâm Đồng,Thương lái thu mua,Vnđ/Kg,VNĐ,CTV địa phương,2025-03-13,131500.0
Cà phê Robusta nhân xô,Đắk Lắk,Thương lái thu mua,Vnđ/Kg,VNĐ,CTV địa phương,2025-03-12,132733.0
Cà phê Robusta nhân xô,Đắk Nông,Thương lái thu mua,Vnđ/Kg,VNĐ,CTV địa phương,2025-03-12,132950.0
Cà phê Robusta nhân xô,Gia Lai,Thương lái thu mua,Vnđ/Kg,VNĐ,CTV địa phương,2025-03-12,132633.0
Cà phê Robusta nhân xô,Kon Tum,Thương lái thu mua,Vnđ/Kg,VNĐ,CTV địa phương,2025-03-12,132700.0
Cà phê Robusta nhân xô,Lâm Đồng,Thương lái thu mua,Vnđ/Kg,VNĐ,CTV địa phương,2025-03-12,132000.0
Cà phê Robusta nhân xô,Đắk Lắk,Thương lái thu mua,Vnđ/Kg,VNĐ,CTV địa phương,2025-03-11,132733.0
Cà phê Robusta nhân xô,Đắk Nông,Thương lái thu mua,Vnđ/Kg,VNĐ,CTV địa phương,2025-03-11,132950.0
Cà phê Robusta nhân xô,Gia Lai,Thương lái thu mua,Vnđ/Kg,VNĐ,CTV địa phương,2025-03-11,132633.0
Cà phê Robusta nhân xô,Kon Tum,Thương lái thu mua,Vnđ/Kg,VNĐ,CTV địa phương,2025-03-11,132700.0
Cà phê Robusta nhân xô,Lâm Đồng,Thương lái thu mua,Vnđ/Kg,VNĐ,CTV địa phương,2025-03-11,132000.0
Cà phê Robusta nhân xô,Đắk Lắk,Thương lái thu mua,Vnđ/Kg,VNĐ,CTV địa phương,2025-03-10,129733.0
Cà phê Robusta nhân xô,Đắk Nông,Thương lái thu mua,Vnđ/Kg,VNĐ,CTV địa phương,2025-03-10,129750.0
Cà phê Robusta nhân xô,Gia Lai,Thương lái thu mua,Vnđ/Kg,VNĐ,CTV địa phương,2025-03-10,129533.0
Cà phê Robusta nhân xô,Kon Tum,Thương lái thu mua,Vnđ/Kg,VNĐ,CTV địa phương,2025-03-10,129500.0
Cà phê Robusta nhân xô,Lâm Đồng,Thương lái thu mua,Vnđ/Kg,VNĐ,CTV địa phương,2025-03-10,129000.0
Cà phê Robusta nhân xô,Đắk Lắk,Thương lái thu mua,Vnđ/Kg,VNĐ,CTV địa phương,2025-03-09,114933.0
Cà phê Robusta nhân xô,Đắk Nông,Thương lái thu mua,Vnđ/Kg,VNĐ,CTV địa phương,2025-03-09,114950.0
Cà phê Robusta nhân xô,Gia Lai,Thương lái thu mua,Vnđ/Kg,VNĐ,CTV địa phương,2025-03-09,114733.0
Cà phê Robusta nhân xô,Kon Tum,Thương lái thu mua,Vnđ/Kg,VNĐ,CTV địa phương,2025-03-09,114700.0
Cà phê Robusta nhân xô,Lâm Đồng,Thương lái thu mua,Vnđ/Kg,VNĐ,CTV địa phương,2025-03-09,114300.0
Cà phê Robusta nhân xô,Đắk Lắk,Thương lái thu mua,Vnđ/Kg,VNĐ,CTV địa phương,2025-03-07,131933.0
Cà phê Robusta nhân xô,Đắk Nông,Thương lái thu mua,Vnđ/Kg,VNĐ,CTV địa phương,2025-03-07,132050.0
Cà phê Robusta nhân xô,Gia Lai,Thương lái thu mua,Vnđ/Kg,VNĐ,CTV địa phương,2025-03-07,131733.0
Cà phê Robusta nhân xô,Kon Tum,Thương lái thu mua,Vnđ/Kg,VNĐ,CTV địa phương,2025-03-07,131700.0
Cà phê Robusta nhân xô,Lâm Đồng,Thương lái thu mua,Vnđ/Kg,VNĐ,CTV địa phương,2025-03-07,131000.0
Cà phê Robusta nhân xô,Đắk Lắk,Thương lái thu mua,Vnđ/Kg,VNĐ,CTV địa phương,2025-03-06,134933.0
Cà phê Robusta nhân xô,Đắk Nông,Thương lái thu mua,Vnđ/Kg,VNĐ,CTV địa phương,2025-03-06,135050.0
Cà phê Robusta nhân xô,Gia Lai,Thương lái thu mua,Vnđ/Kg,VNĐ,CTV địa phương,2025-03-06,134733.0
Cà phê Robusta nhân xô,Kon Tum,Thương lái thu mua,Vnđ/Kg,VNĐ,CTV địa phương,2025-03-06,134700.0
Cà phê Robusta nhân xô,Lâm Đồng,Thương lái thu mua,Vnđ/Kg,VNĐ,CTV địa phương,2025-03-06,133000.0
Cà phê Robusta nhân xô,Đắk Lắk,Thương lái thu mua,Vnđ/Kg,VNĐ,CTV địa phương,2025-03-05,134933.0
Cà phê Robusta nhân xô,Đắk Nông,Thương lái thu mua,Vnđ/Kg,VNĐ,CTV địa phương,2025-03-05,135050.0
Cà phê Robusta nhân xô,Gia Lai,Thương lái thu mua,Vnđ/Kg,VNĐ,CTV địa phương,2025-03-05,134733.0
Cà phê Robusta nhân xô,Kon Tum,Thương lái thu mua,Vnđ/Kg,VNĐ,CTV địa phương,2025-03-05,134700.0
Cà phê Robusta nhân xô,Lâm Đồng,Thương lái thu mua,Vnđ/Kg,VNĐ,CTV địa phương,2025-03-05,133000.0
Cà phê Robusta nhân xô,Đắk Lắk,Thương lái thu mua,Vnđ/Kg,VNĐ,CTV địa phương,2025-03-04,132933.0
Cà phê Robusta nhân xô,Đắk Nông,Thương lái thu mua,Vnđ/Kg,VNĐ,CTV địa phương,2025-03-04,132950.0
Cà phê Robusta nhân xô,Gia Lai,Thương lái thu mua,Vnđ/Kg,VNĐ,CTV địa phương,2025-03-04,132933.0
Cà phê Robusta nhân xô,Kon Tum,Thương lái thu mua,Vnđ/Kg,VNĐ,CTV địa phương,2025-03-04,132900.0
Cà phê Robusta nhân xô,Lâm Đồng,Thương lái thu mua,Vnđ/Kg,VNĐ,CTV địa phương,2025-03-04,131000.0
Cà phê Robusta nhân xô,Đắk Lắk,Thương lái thu mua,Vnđ/Kg,VNĐ,CTV địa phương,2025-03-03,129500.0
Cà phê Robusta nhân xô,Đắk Nông,Thương lái thu mua,Vnđ/Kg,VNĐ,CTV địa phương,2025-03-03,129450.0
Cà phê Robusta nhân xô,Gia Lai,Thương lái thu mua,Vnđ/Kg,VNĐ,CTV địa phương,2025-03-03,129433.0
Cà phê Robusta nhân xô,Kon Tum,Thương lái thu mua,Vnđ/Kg,VNĐ,CTV địa phương,2025-03-03,129400.0
Cà phê Robusta nhân xô,Lâm Đồng,Thương lái thu mua,Vnđ/Kg,VNĐ,CTV địa phương,2025-03-03,127500.0
Cà phê Robusta nhân xô,Đắk Lắk,Thương lái thu mua,Vnđ/Kg,VNĐ,CTV địa phương,2025-02-28,130433.0
Cà phê Robusta nhân xô,Đắk Nông,Thương lái thu mua,Vnđ/Kg,VNĐ,CTV địa phương,2025-02-28,130450.0
Cà phê Robusta nhân xô,Gia Lai,Thương lái thu mua,Vnđ/Kg,VNĐ,CTV địa phương,2025-02-28,130433.0
Cà phê Robusta nhân xô,Kon Tum,Thương lái thu mua,Vnđ/Kg,VNĐ,CTV địa phương,2025-02-28,130400.0
Cà phê Robusta nhân xô,Lâm Đồng,Thương lái thu mua,Vnđ/Kg,VNĐ,CTV địa phương,2025-02-28,128500.0
Cà phê Robusta nhân xô,Đắk Lắk,Thương lái thu mua,Vnđ/Kg,VNĐ,CTV địa phương,2025-02-27,130233.0
Cà phê Robusta nhân xô,Đắk Nông,Thương lái thu mua,Vnđ/Kg,VNĐ,CTV địa phương,2025-02-27,130250.0
Cà phê Robusta nhân xô,Gia Lai,Thương lái thu mua,Vnđ/Kg,VNĐ,CTV địa phương,2025-02-27,130233.0
Cà phê Robusta nhân xô,Kon Tum,Thương lái thu mua,Vnđ/Kg,VNĐ,CTV địa phương,2025-02-27,130200.0
Cà phê Robusta nhân xô,Lâm Đồng,Thương lái thu mua,Vnđ/Kg,VNĐ,CTV địa phương,2025-02-27,128300.0
Cà phê Robusta nhân xô,Đắk Lắk,Thương lái thu mua,Vnđ/Kg,VNĐ,CTV địa phương,2025-02-26,129933.0
Cà phê Robusta nhân xô,Đắk Nông,Thương lái thu mua,Vnđ/Kg,VNĐ,CTV địa phương,2025-02-26,129950.0
Cà phê Robusta nhân xô,Gia Lai,Thương lái thu mua,Vnđ/Kg,VNĐ,CTV địa phương,2025-02-26,129933.0
Cà phê Robusta nhân xô,Kon Tum,Thương lái thu mua,Vnđ/Kg,VNĐ,CTV địa phương,2025-02-26,129900.0
Cà phê Robusta nhân xô,Lâm Đồng,Thương lái thu mua,Vnđ/Kg,VNĐ,CTV địa phương,2025-02-26,128000.0
Cà phê Robusta nhân xô,Đắk Lắk,Thương lái thu mua,Vnđ/Kg,VNĐ,CTV địa phương,2025-02-25,131933.0
Cà phê Robusta nhân xô,Đắk Nông,Thương lái thu mua,Vnđ/Kg,VNĐ,CTV địa phương,2025-02-25,131950.0
Cà phê Robusta nhân xô,Gia Lai,Thương lái thu mua,Vnđ/Kg,VNĐ,CTV địa phương,2025-02-25,131933.0
Cà phê Robusta nhân xô,Kon Tum,Thương lái thu mua,Vnđ/Kg,VNĐ,CTV địa phương,2025-02-25,131900.0
Cà phê Robusta nhân xô,Lâm Đồng,Thương lái thu mua,Vnđ/Kg,VNĐ,CTV địa phương,2025-02-25,130800.0
Cà phê Robusta nhân xô,Đắk Lắk,Thương lái thu mua,Vnđ/Kg,VNĐ,CTV địa phương,2025-02-24,133933.0
Cà phê Robusta nhân xô,Đắk Nông,Thương lái thu mua,Vnđ/Kg,VNĐ,CTV địa phương,2025-02-24,133950.0
Cà phê Robusta nhân xô,Gia Lai,Thương lái thu mua,Vnđ/Kg,VNĐ,CTV địa phương,2025-02-24,133933.0
Cà phê Robusta nhân xô,Kon Tum,Thương lái thu mua,Vnđ/Kg,VNĐ,CTV địa phương,2025-02-24,133900.0
Cà phê Robusta nhân xô,Lâm Đồng,Thương lái thu mua,Vnđ/Kg,VNĐ,CTV địa phương,2025-02-24,132800.0
Cà phê Robusta nhân xô,Đắk Lắk,Thương lái thu mua,Vnđ/Kg,VNĐ,CTV địa phương,2025-02-21,131733.0
Cà phê Robusta nhân xô,Đắk Nông,Thương lái thu mua,Vnđ/Kg,VNĐ,CTV địa phương,2025-02-21,132000.0
Cà phê Robusta nhân xô,Gia Lai,Thương lái thu mua,Vnđ/Kg,VNĐ,CTV địa phương,2025-02-21,131733.0
Cà phê Robusta nhân xô,Kon Tum,Thương lái thu mua,Vnđ/Kg,VNĐ,CTV địa phương,2025-02-21,131700.0
Cà phê Robusta nhân xô,Lâm Đồng,Thương lái thu mua,Vnđ/Kg,VNĐ,CTV địa phương,2025-02-21,130700.0
Cà phê Robusta nhân xô,Đắk Lắk,Thương lái thu mua,Vnđ/Kg,VNĐ,CTV địa phương,2025-02-20,133233.0
Cà phê Robusta nhân xô,Đắk Nông,Thương lái thu mua,Vnđ/Kg,VNĐ,CTV địa phương,2025-02-20,133450.0
Cà phê Robusta nhân xô,Gia Lai,Thương lái thu mua,Vnđ/Kg,VNĐ,CTV địa phương,2025-02-20,133233.0
Cà phê Robusta nhân xô,Kon Tum,Thương lái thu mua,Vnđ/Kg,VNĐ,CTV địa phương,2025-02-20,133200.0
Cà phê Robusta nhân xô,Lâm Đồng,Thương lái thu mua,Vnđ/Kg,VNĐ,CTV địa phương,2025-02-20,132200.0
Cà phê Robusta nhân xô,Đắk Lắk,Thương lái thu mua,Vnđ/Kg,VNĐ,CTV địa phương,2025-02-19,131933.0
Cà phê Robusta nhân xô,Đắk Nông,Thương lái thu mua,Vnđ/Kg,VNĐ,CTV địa phương,2025-02-19,131950.0
Cà phê Robusta nhân xô,Gia Lai,Thương lái thu mua,Vnđ/Kg,VNĐ,CTV địa phương,2025-02-19,131933.0
Cà phê Robusta nhân xô,Kon Tum,Thương lái thu mua,Vnđ/Kg,VNĐ,CTV địa phương,2025-02-19,131900.0
Cà phê Robusta nhân xô,Lâm Đồng,Thương lái thu mua,Vnđ/Kg,VNĐ,CTV địa phương,2025-02-19,130300.0
Cà phê Robusta nhân xô,Đắk Lắk,Thương lái thu mua,Vnđ/Kg,VNĐ,CTV địa phương,2025-02-18,130267.0
Cà phê Robusta nhân xô,Đắk Nông,Thương lái thu mua,Vnđ/Kg,VNĐ,CTV địa phương,2025-02-18,130450.0
Cà phê Robusta nhân xô,Gia Lai,Thương lái thu mua,Vnđ/Kg,VNĐ,CTV địa phương,2025-02-18,130267.0
Cà phê Robusta nhân xô,Kon Tum,Thương lái thu mua,Vnđ/Kg,VNĐ,CTV địa phương,2025-02-18,129900.0
Cà phê Robusta nhân xô,Lâm Đồng,Thương lái thu mua,Vnđ/Kg,VNĐ,CTV địa phương,2025-02-18,129500.0
Cà phê Robusta nhân xô,Đắk Lắk,Thương lái thu mua,Vnđ/Kg,VNĐ,CTV địa phương,2025-02-17,131133.5
Cà phê Robusta nhân xô,Đắk Nông,Thương lái thu mua,Vnđ/Kg,VNĐ,CTV địa phương,2025-02-17,131225.0
Cà phê Robusta nhân xô,Gia Lai,Thương lái thu mua,Vnđ/Kg,VNĐ,CTV địa phương,2025-02-17,131133.5
Cà phê Robusta nhân xô,Kon Tum,Thương lái thu mua,Vnđ/Kg,VNĐ,CTV địa phương,2025-02-17,130900.0
Cà phê Robusta nhân xô,Lâm Đồng,Thương lái thu mua,Vnđ/Kg,VNĐ,CTV địa phương,2025-02-17,129900.0
Cà phê Robusta nhân xô,Đắk Lắk,Thương lái thu mua,Vnđ/Kg,VNĐ,CTV địa phương,2025-02-14,132300.0
Cà phê Robusta nhân xô,Đắk Nông,Thương lái thu mua,Vnđ/Kg,VNĐ,CTV địa phương,2025-02-14,132500.0
Cà phê Robusta nhân xô,Gia Lai,Thương lái thu mua,Vnđ/Kg,VNĐ,CTV địa phương,2025-02-14,132300.0
Cà phê Robusta nhân xô,Kon Tum,Thương lái thu mua,Vnđ/Kg,VNĐ,CTV địa phương,2025-02-14,132400.0
Cà phê Robusta nhân xô,Lâm Đồng,Thương lái thu mua,Vnđ/Kg,VNĐ,CTV địa phương,2025-02-14,131000.0
Cà phê Robusta nhân xô,Đắk Nông,Thương lái thu mua,Vnđ/Kg,VNĐ,CTV địa phương,2025-02-13,133000.0
Cà phê Robusta nhân xô,Gia Lai,Thương lái thu mua,Vnđ/Kg,VNĐ,CTV địa phương,2025-02-13,132800.0
Cà phê Robusta nhân xô,Kon Tum,Thương lái thu mua,Vnđ/Kg,VNĐ,CTV địa phương,2025-02-13,132900.0
Cà phê Robusta nhân xô,Lâm Đồng,Thương lái thu mua,Vnđ/Kg,VNĐ,CTV địa phương,2025-02-13,132000.0
Cà phê Robusta nhân xô,Đắk Lắk,Thương lái thu mua,Vnđ/Kg,VNĐ,CTV địa phương,2025-02-11,131000.0
Cà phê Robusta nhân xô,Đắk Nông,Thương lái thu mua,Vnđ/Kg,VNĐ,CTV địa phương,2025-02-11,131000.0
Cà phê Robusta nhân xô,Gia Lai,Thương lái thu mua,Vnđ/Kg,VNĐ,CTV địa phương,2025-02-11,131000.0
Cà phê Robusta nhân xô,Kon Tum,Thương lái thu mua,Vnđ/Kg,VNĐ,CTV địa phương,2025-02-11,131000.0
Cà phê Robusta nhân xô,Lâm Đồng,Thương lái thu mua,Vnđ/Kg,VNĐ,CTV địa phương,2025-02-11,130000.0
Cà phê Robusta nhân xô,Đắk Lắk,Thương lái thu mua,Vnđ/Kg,VNĐ,CTV địa phương,2025-02-10,123316.5
Cà phê Robusta nhân xô,Đắk Nông,Thương lái thu mua,Vnđ/Kg,VNĐ,CTV địa phương,2025-02-10,123425.0
Cà phê Robusta nhân xô,Gia Lai,Thương lái thu mua,Vnđ/Kg,VNĐ,CTV địa phương,2025-02-10,121288.67
Cà phê Robusta nhân xô,Kon Tum,Thương lái thu mua,Vnđ/Kg,VNĐ,CTV địa phương,2025-02-10,123200.0
Cà phê Robusta nhân xô,Lâm Đồng,Thương lái thu mua,Vnđ/Kg,VNĐ,CTV địa phương,2025-02-10,122250.0
Cà phê Robusta nhân xô,Đắk Lắk,Thương lái thu mua,Vnđ/Kg,VNĐ,CTV địa phương,2025-02-09,121233.0
Cà phê Robusta nhân xô,Đắk Nông,Thương lái thu mua,Vnđ/Kg,VNĐ,CTV địa phương,2025-02-09,121450.0
Cà phê Robusta nhân xô,Gia Lai,Thương lái thu mua,Vnđ/Kg,VNĐ,CTV địa phương,2025-02-09,120933.0
Cà phê Robusta nhân xô,Kon Tum,Thương lái thu mua,Vnđ/Kg,VNĐ,CTV địa phương,2025-02-09,120900.0
Cà phê Robusta nhân xô,Lâm Đồng,Thương lái thu mua,Vnđ/Kg,VNĐ,CTV địa phương,2025-02-09,120500.0
Cà phê Robusta nhân xô,Đắk Lắk,Thương lái thu mua,Vnđ/Kg,VNĐ,CTV địa phương,2025-02-07,130433.0
Cà phê Robusta nhân xô,Đắk Nông,Thương lái thu mua,Vnđ/Kg,VNĐ,CTV địa phương,2025-02-07,130650.0
Cà phê Robusta nhân xô,Gia Lai,Thương lái thu mua,Vnđ/Kg,VNĐ,CTV địa phương,2025-02-07,130433.0
Cà phê Robusta nhân xô,Kon Tum,Thương lái thu mua,Vnđ/Kg,VNĐ,CTV địa phương,2025-02-07,130500.0
Cà phê Robusta nhân xô,Lâm Đồng,Thương lái thu mua,Vnđ/Kg,VNĐ,CTV địa phương,2025-02-07,129800.0
Cà phê Robusta nhân xô,Đắk Lắk,Thương lái thu mua,Vnđ/Kg,VNĐ,CTV địa phương,2025-02-06,130433.0
Cà phê Robusta nhân xô,Đắk Nông,Thương lái thu mua,Vnđ/Kg,VNĐ,CTV địa phương,2025-02-06,130650.0
Cà phê Robusta nhân xô,Gia Lai,Thương lái thu mua,Vnđ/Kg,VNĐ,CTV địa phương,2025-02-06,130433.0
Cà phê Robusta nhân xô,Kon Tum,Thương lái thu mua,Vnđ/Kg,VNĐ,CTV địa phương,2025-02-06,130500.0
Cà phê Robusta nhân xô,Lâm Đồng,Thương lái thu mua,Vnđ/Kg,VNĐ,CTV địa phương,2025-02-06,129800.0
Cà phê Robusta nhân xô,Đắk Lắk,Thương lái thu mua,Vnđ/Kg,VNĐ,CTV địa phương,2025-02-05,128333.0
Cà phê Robusta nhân xô,Đắk Nông,Thương lái thu mua,Vnđ/Kg,VNĐ,CTV địa phương,2025-02-05,128550.0
Cà phê Robusta nhân xô,Gia Lai,Thương lái thu mua,Vnđ/Kg,VNĐ,CTV địa phương,2025-02-05,128333.0
Cà phê Robusta nhân xô,Kon Tum,Thương lái thu mua,Vnđ/Kg,VNĐ,CTV địa phương,2025-02-05,128400.0
Cà phê Robusta nhân xô,Lâm Đồng,Thương lái thu mua,Vnđ/Kg,VNĐ,CTV địa phương,2025-02-05,127600.0
Cà phê Robusta nhân xô,Đắk Lắk,Thương lái thu mua,Vnđ/Kg,VNĐ,CTV địa phương,2025-02-04,130433.0
Cà phê Robusta nhân xô,Đắk Nông,Thương lái thu mua,Vnđ/Kg,VNĐ,CTV địa phương,2025-02-04,130650.0
Cà phê Robusta nhân xô,Gia Lai,Thương lái thu mua,Vnđ/Kg,VNĐ,CTV địa phương,2025-02-04,130433.0
Cà phê Robusta nhân xô,Kon Tum,Thương lái thu mua,Vnđ/Kg,VNĐ,CTV địa phương,2025-02-04,130500.0
Cà phê Robusta nhân xô,Lâm Đồng,Thương lái thu mua,Vnđ/Kg,VNĐ,CTV địa phương,2025-02-04,129700.0
Cà phê Robusta nhân xô,Đắk Lắk,Thương lái thu mua,Vnđ/Kg,VNĐ,CTV địa phương,2025-02-03,128733.0
Cà phê Robusta nhân xô,Đắk Nông,Thương lái thu mua,Vnđ/Kg,VNĐ,CTV địa phương,2025-02-03,128950.0
Cà phê Robusta nhân xô,Gia Lai,Thương lái thu mua,Vnđ/Kg,VNĐ,CTV địa phương,2025-02-03,128733.0
Cà phê Robusta nhân xô,Kon Tum,Thương lái thu mua,Vnđ/Kg,VNĐ,CTV địa phương,2025-02-03,128800.0
Cà phê Robusta nhân xô,Lâm Đồng,Thương lái thu mua,Vnđ/Kg,VNĐ,CTV địa phương,2025-02-03,127800.0
Cà phê Robusta nhân xô,Đắk Lắk,Thương lái thu mua,Vnđ/Kg,VNĐ,CTV địa phương,2025-01-24,124267.0
Cà phê Robusta nhân xô,Đắk Nông,Thương lái thu mua,Vnđ/Kg,VNĐ,CTV địa phương,2025-01-24,124550.0
Cà phê Robusta nhân xô,Kon Tum,Thương lái thu mua,Vnđ/Kg,VNĐ,CTV địa phương,2025-01-24,124200.0
Cà phê Robusta nhân xô,Lâm Đồng,Thương lái thu mua,Vnđ/Kg,VNĐ,CTV địa phương,2025-01-24,123500.0
Cà phê Robusta nhân xô,Đắk Lắk,Thương lái thu mua,Vnđ/Kg,VNĐ,CTV địa phương,2025-01-23,124267.0
Cà phê Robusta nhân xô,Đắk Nông,Thương lái thu mua,Vnđ/Kg,VNĐ,CTV địa phương,2025-01-23,124550.0
Cà phê Robusta nhân xô,Kon Tum,Thương lái thu mua,Vnđ/Kg,VNĐ,CTV địa phương,2025-01-23,124200.0
Cà phê Robusta nhân xô,Lâm Đồng,Thương lái thu mua,Vnđ/Kg,VNĐ,CTV địa phương,2025-01-23,123500.0
Cà phê Robusta nhân xô,Đắk Lắk,Thương lái thu mua,Vnđ/Kg,VNĐ,CTV địa phương,2025-01-22,121067.0
Cà phê Robusta nhân xô,Đắk Nông,Thương lái thu mua,Vnđ/Kg,VNĐ,CTV địa phương,2025-01-22,121350.0
Cà phê Robusta nhân xô,Kon Tum,Thương lái thu mua,Vnđ/Kg,VNĐ,CTV địa phương,2025-01-22,120900.0
Cà phê Robusta nhân xô,Lâm Đồng,Thương lái thu mua,Vnđ/Kg,VNĐ,CTV địa phương,2025-01-22,120300.0
Cà phê Robusta nhân xô,Đắk Lắk,Thương lái thu mua,Vnđ/Kg,VNĐ,CTV địa phương,2025-01-21,119067.0
Cà phê Robusta nhân xô,Đắk Nông,Thương lái thu mua,Vnđ/Kg,VNĐ,CTV địa phương,2025-01-21,119050.0
Cà phê Robusta nhân xô,Kon Tum,Thương lái thu mua,Vnđ/Kg,VNĐ,CTV địa phương,2025-01-21,119000.0
Cà phê Robusta nhân xô,Lâm Đồng,Thương lái thu mua,Vnđ/Kg,VNĐ,CTV địa phương,2025-01-21,118200.0
Cà phê Robusta nhân xô,Đắk Lắk,Thương lái thu mua,Vnđ/Kg,VNĐ,CTV địa phương,2025-01-20,120067.0
Cà phê Robusta nhân xô,Đắk Nông,Thương lái thu mua,Vnđ/Kg,VNĐ,CTV địa phương,2025-01-20,120550.0
Cà phê Robusta nhân xô,Kon Tum,Thương lái thu mua,Vnđ/Kg,VNĐ,CTV địa phương,2025-01-20,119800.0
Cà phê Robusta nhân xô,Lâm Đồng,Thương lái thu mua,Vnđ/Kg,VNĐ,CTV địa phương,2025-01-20,119300.0
Cà phê Robusta nhân xô,Đắk Lắk,Thương lái thu mua,Vnđ/Kg,VNĐ,CTV địa phương,2025-01-10,117683.0
Cà phê Robusta nhân xô,Đắk Nông,Thương lái thu mua,Vnđ/Kg,VNĐ,CTV địa phương,2025-01-10,117800.0
Cà phê Robusta nhân xô,Gia Lai,Thương lái thu mua,Vnđ/Kg,VNĐ,CTV địa phương,2025-01-10,116988.67
Cà phê Robusta nhân xô,Kon Tum,Thương lái thu mua,Vnđ/Kg,VNĐ,CTV địa phương,2025-01-10,117600.0
Cà phê Robusta nhân xô,Lâm Đồng,Thương lái thu mua,Vnđ/Kg,VNĐ,CTV địa phương,2025-01-10,116600.0
Cà phê Robusta nhân xô,Đắk Lắk,Thương lái thu mua,Vnđ/Kg,VNĐ,CTV địa phương,2025-01-09,121366.33
Cà phê Robusta nhân xô,Đắk Nông,Thương lái thu mua,Vnđ/Kg,VNĐ,CTV địa phương,2025-01-09,121583.33
Cà phê Robusta nhân xô,Gia Lai,Thương lái thu mua,Vnđ/Kg,VNĐ,CTV địa phương,2025-01-09,121188.67
Cà phê Robusta nhân xô,Kon Tum,Thương lái thu mua,Vnđ/Kg,VNĐ,CTV địa phương,2025-01-09,121166.67
Cà phê Robusta nhân xô,Lâm Đồng,Thương lái thu mua,Vnđ/Kg,VNĐ,CTV địa phương,2025-01-09,120633.33
Cà phê Robusta nhân xô,Đắk Lắk,Thương lái thu mua,Vnđ/Kg,VNĐ,CTV địa phương,2025-01-08,121433.0
Cà phê Robusta nhân xô,Đắk Nông,Thương lái thu mua,Vnđ/Kg,VNĐ,CTV địa phương,2025-01-08,121550.0
Cà phê Robusta nhân xô,Gia Lai,Thương lái thu mua,Vnđ/Kg,VNĐ,CTV địa phương,2025-01-08,121433.0
Cà phê Robusta nhân xô,Kon Tum,Thương lái thu mua,Vnđ/Kg,VNĐ,CTV địa phương,2025-01-08,121500.0
Cà phê Robusta nhân xô,Lâm Đồng,Thương lái thu mua,Vnđ/Kg,VNĐ,CTV địa phương,2025-01-08,121000.0
Cà phê Robusta nhân xô,Đắk Lắk,Thương lái thu mua,Vnđ/Kg,VNĐ,CTV địa phương,2025-01-07,120733.0
Cà phê Robusta nhân xô,Đắk Nông,Thương lái thu mua,Vnđ/Kg,VNĐ,CTV địa phương,2025-01-07,120750.0
Cà phê Robusta nhân xô,Gia Lai,Thương lái thu mua,Vnđ/Kg,VNĐ,CTV địa phương,2025-01-07,120533.0
Cà phê Robusta nhân xô,Kon Tum,Thương lái thu mua,Vnđ/Kg,VNĐ,CTV địa phương,2025-01-07,120500.0
Cà phê Robusta nhân xô,Lâm Đồng,Thương lái thu mua,Vnđ/Kg,VNĐ,CTV địa phương,2025-01-07,120300.0
Cà phê Robusta nhân xô,Đắk Lắk,Thương lái thu mua,Vnđ/Kg,VNĐ,CTV địa phương,2025-01-06,120433.0
Cà phê Robusta nhân xô,Đắk Nông,Thương lái thu mua,Vnđ/Kg,VNĐ,CTV địa phương,2025-01-06,120450.0
Cà phê Robusta nhân xô,Gia Lai,Thương lái thu mua,Vnđ/Kg,VNĐ,CTV địa phương,2025-01-06,120333.0
Cà phê Robusta nhân xô,Kon Tum,Thương lái thu mua,Vnđ/Kg,VNĐ,CTV địa phương,2025-01-06,120300.0
Cà phê Robusta nhân xô,Lâm Đồng,Thương lái thu mua,Vnđ/Kg,VNĐ,CTV địa phương,2025-01-06,119800.0
Cà phê Robusta nhân xô,Đắk Lắk,Thương lái thu mua,Vnđ/Kg,VNĐ,CTV địa phương,2025-01-03,119333.0
Cà phê Robusta nhân xô,Đắk Nông,Thương lái thu mua,Vnđ/Kg,VNĐ,CTV địa phương,2025-01-03,119450.0
Cà phê Robusta nhân xô,Gia Lai,Thương lái thu mua,Vnđ/Kg,VNĐ,CTV địa phương,2025-01-03,119333.0
Cà phê Robusta nhân xô,Kon Tum,Thương lái thu mua,Vnđ/Kg,VNĐ,CTV địa phương,2025-01-03,119300.0
Cà phê Robusta nhân xô,Lâm Đồng,Thương lái thu mua,Vnđ/Kg,VNĐ,CTV địa phương,2025-01-03,118700.0
Cà phê Robusta nhân xô,Đắk Lắk,Thương lái thu mua,Vnđ/Kg,VNĐ,CTV địa phương,2025-01-02,119333.0
Cà phê Robusta nhân xô,Đắk Nông,Thương lái thu mua,Vnđ/Kg,VNĐ,CTV địa phương,2025-01-02,119450.0
Cà phê Robusta nhân xô,Gia Lai,Thương lái thu mua,Vnđ/Kg,VNĐ,CTV địa phương,2025-01-02,119333.0
Cà phê Robusta nhân xô,Kon Tum,Thương lái thu mua,Vnđ/Kg,VNĐ,CTV địa phương,2025-01-02,119300.0
Cà phê Robusta nhân xô,Lâm Đồng,Thương lái thu mua,Vnđ/Kg,VNĐ,CTV địa phương,2025-01-02,118700.0
Cà phê Robusta nhân xô,Đắk Lắk,Thương lái thu mua,Vnđ/Kg,VNĐ,CTV địa phương,2025-01-01,120933.0
Cà phê Robusta nhân xô,Đắk Nông,Thương lái thu mua,Vnđ/Kg,VNĐ,CTV địa phương,2025-01-01,121200.0
Cà phê Robusta nhân xô,Gia Lai,Thương lái thu mua,Vnđ/Kg,VNĐ,CTV địa phương,2025-01-01,120933.0
Cà phê Robusta nhân xô,Kon Tum,Thương lái thu mua,Vnđ/Kg,VNĐ,CTV địa phương,2025-01-01,120900.0
Cà phê Robusta nhân xô,Lâm Đồng,Thương lái thu mua,Vnđ/Kg,VNĐ,CTV địa phương,2025-01-01,120500.0
Cà phê Robusta nhân xô,Đắk Lắk,Thương lái thu mua,Vnđ/Kg,VNĐ,CTV địa phương,2024-12-31,120933.0
Cà phê Robusta nhân xô,Đắk Nông,Thương lái thu mua,Vnđ/Kg,VNĐ,CTV địa phương,2024-12-31,121200.0
Cà phê Robusta nhân xô,Gia Lai,Thương lái thu mua,Vnđ/Kg,VNĐ,CTV địa phương,2024-12-31,120933.0
Cà phê Robusta nhân xô,Kon Tum,Thương lái thu mua,Vnđ/Kg,VNĐ,CTV địa phương,2024-12-31,120900.0
Cà phê Robusta nhân xô,Lâm Đồng,Thương lái thu mua,Vnđ/Kg,VNĐ,CTV địa phương,2024-12-31,120500.0
Cà phê Robusta nhân xô,Đắk Lắk,Thương lái thu mua,Vnđ/Kg,VNĐ,CTV địa phương,2024-12-30,120733.0
Cà phê Robusta nhân xô,Đắk Nông,Thương lái thu mua,Vnđ/Kg,VNĐ,CTV địa phương,2024-12-30,121000.0
Cà phê Robusta nhân xô,Gia Lai,Thương lái thu mua,Vnđ/Kg,VNĐ,CTV địa phương,2024-12-30,120733.0
Cà phê Robusta nhân xô,Kon Tum,Thương lái thu mua,Vnđ/Kg,VNĐ,CTV địa phương,2024-12-30,120700.0
Cà phê Robusta nhân xô,Lâm Đồng,Thương lái thu mua,Vnđ/Kg,VNĐ,CTV địa phương,2024-12-30,120300.0
Cà phê Robusta nhân xô,Đắk Lắk,Thương lái thu mua,Vnđ/Kg,VNĐ,CTV địa phương,2024-12-28,124933.0
Cà phê Robusta nhân xô,Đắk Nông,Thương lái thu mua,Vnđ/Kg,VNĐ,CTV địa phương,2024-12-28,125150.0
Cà phê Robusta nhân xô,Gia Lai,Thương lái thu mua,Vnđ/Kg,VNĐ,CTV địa phương,2024-12-28,124900.0
Cà phê Robusta nhân xô,Kon Tum,Thương lái thu mua,Vnđ/Kg,VNĐ,CTV địa phương,2024-12-28,124900.0
Cà phê Robusta nhân xô,Lâm Đồng,Thương lái thu mua,Vnđ/Kg,VNĐ,CTV địa phương,2024-12-28,123500.0
Cà phê Robusta nhân xô,Đắk Lắk,Thương lái thu mua,Vnđ/Kg,VNĐ,CTV địa phương,2024-12-17,124933.0
Cà phê Robusta nhân xô,Đắk Nông,Thương lái thu mua,Vnđ/Kg,VNĐ,CTV địa phương,2024-12-17,125150.0
Cà phê Robusta nhân xô,Gia Lai,Thương lái thu mua,Vnđ/Kg,VNĐ,CTV địa phương,2024-12-17,124900.0
Cà phê Robusta nhân xô,Kon Tum,Thương lái thu mua,Vnđ/Kg,VNĐ,CTV địa phương,2024-12-17,124900.0
Cà phê Robusta nhân xô,Lâm Đồng,Thương lái thu mua,Vnđ/Kg,VNĐ,CTV địa phương,2024-12-17,123500.0
Cà phê Robusta nhân xô,Đắk Lắk,Thương lái thu mua,Vnđ/Kg,VNĐ,CTV địa phương,2024-12-13,124833.0
Cà phê Robusta nhân xô,Đắk Nông,Thương lái thu mua,Vnđ/Kg,VNĐ,CTV địa phương,2024-12-13,124850.0
Cà phê Robusta nhân xô,Gia Lai,Thương lái thu mua,Vnđ/Kg,VNĐ,CTV địa phương,2024-12-13,124633.0
Cà phê Robusta nhân xô,Kon Tum,Thương lái thu mua,Vnđ/Kg,VNĐ,CTV địa phương,2024-12-13,124700.0
Cà phê Robusta nhân xô,Lâm Đồng,Thương lái thu mua,Vnđ/Kg,VNĐ,CTV địa phương,2024-12-13,124400.0
Cà phê Robusta nhân xô,Đắk Lắk,Thương lái thu mua,Vnđ/Kg,VNĐ,CTV địa phương,2024-12-12,124633.0
Cà phê Robusta nhân xô,Đắk Nông,Thương lái thu mua,Vnđ/Kg,VNĐ,CTV địa phương,2024-12-12,124650.0
Cà phê Robusta nhân xô,Gia Lai,Thương lái thu mua,Vnđ/Kg,VNĐ,CTV địa phương,2024-12-12,124433.0
Cà phê Robusta nhân xô,Kon Tum,Thương lái thu mua,Vnđ/Kg,VNĐ,CTV địa phương,2024-12-12,124500.0
Cà phê Robusta nhân xô,Lâm Đồng,Thương lái thu mua,Vnđ/Kg,VNĐ,CTV địa phương,2024-12-12,124200.0
Cà phê Robusta nhân xô,Đắk Lắk,Thương lái thu mua,Vnđ/Kg,VNĐ,CTV địa phương,2024-12-11,123933.0
Cà phê Robusta nhân xô,Đắk Nông,Thương lái thu mua,Vnđ/Kg,VNĐ,CTV địa phương,2024-12-11,123950.0
Cà phê Robusta nhân xô,Gia Lai,Thương lái thu mua,Vnđ/Kg,VNĐ,CTV địa phương,2024-12-11,123933.0
Cà phê Robusta nhân xô,Kon Tum,Thương lái thu mua,Vnđ/Kg,VNĐ,CTV địa phương,2024-12-11,124000.0
Cà phê Robusta nhân xô,Lâm Đồng,Thương lái thu mua,Vnđ/Kg,VNĐ,CTV địa phương,2024-12-11,123000.0
Cà phê Robusta nhân xô,Đắk Lắk,Thương lái thu mua,Vnđ/Kg,VNĐ,CTV địa phương,2024-12-10,123933.0
Cà phê Robusta nhân xô,Đắk Nông,Thương lái thu mua,Vnđ/Kg,VNĐ,CTV địa phương,2024-12-10,123950.0
Cà phê Robusta nhân xô,Gia Lai,Thương lái thu mua,Vnđ/Kg,VNĐ,CTV địa phương,2024-12-10,123933.0
Cà phê Robusta nhân xô,Kon Tum,Thương lái thu mua,Vnđ/Kg,VNĐ,CTV địa phương,2024-12-10,124000.0
Cà phê Robusta nhân xô,Lâm Đồng,Thương lái thu mua,Vnđ/Kg,VNĐ,CTV địa phương,2024-12-10,123000.0
Cà phê Robusta nhân xô,Đắk Lắk,Thương lái thu mua,Vnđ/Kg,VNĐ,CTV địa phương,2024-12-09,123000.0
Cà phê Robusta nhân xô,Đắk Nông,Thương lái thu mua,Vnđ/Kg,VNĐ,CTV địa phương,2024-12-09,123633.0
Cà phê Robusta nhân xô,Gia Lai,Thương lái thu mua,Vnđ/Kg,VNĐ,CTV địa phương,2024-12-09,123850.0
Cà phê Robusta nhân xô,Kon Tum,Thương lái thu mua,Vnđ/Kg,VNĐ,CTV địa phương,2024-12-09,123633.0
Cà phê Robusta nhân xô,Lâm Đồng,Thương lái thu mua,Vnđ/Kg,VNĐ,CTV địa phương,2024-12-09,114400.0
Cà phê Robusta nhân xô,Đắk Lắk,Thương lái thu mua,Vnđ/Kg,VNĐ,CTV địa phương,2024-12-06,118266.5
Cà phê Robusta nhân xô,Đắk Nông,Thương lái thu mua,Vnđ/Kg,VNĐ,CTV địa phương,2024-12-06,119058.5
Cà phê Robusta nhân xô,Gia Lai,Thương lái thu mua,Vnđ/Kg,VNĐ,CTV địa phương,2024-12-06,118891.5
Cà phê Robusta nhân xô,Kon Tum,Thương lái thu mua,Vnđ/Kg,VNĐ,CTV địa phương,2024-12-06,118716.5
Cà phê Robusta nhân xô,Lâm Đồng,Thương lái thu mua,Vnđ/Kg,VNĐ,CTV địa phương,2024-12-06,118600.0
Cà phê Robusta nhân xô,Đắk Lắk,Thương lái thu mua,Vnđ/Kg,VNĐ,CTV địa phương,2024-12-05,108033.0
Cà phê Robusta nhân xô,Đắk Nông,Thương lái thu mua,Vnđ/Kg,VNĐ,CTV địa phương,2024-12-05,108050.0
Cà phê Robusta nhân xô,Gia Lai,Thương lái thu mua,Vnđ/Kg,VNĐ,CTV địa phương,2024-12-05,108033.0
Cà phê Robusta nhân xô,Kon Tum,Thương lái thu mua,Vnđ/Kg,VNĐ,CTV địa phương,2024-12-05,108500.0
Cà phê Robusta nhân xô,Lâm Đồng,Thương lái thu mua,Vnđ/Kg,VNĐ,CTV địa phương,2024-12-05,107000.0
Cà phê Robusta nhân xô,Đắk Lắk,Thương lái thu mua,Vnđ/Kg,VNĐ,CTV địa phương,2024-12-04,108933.0
Cà phê Robusta nhân xô,Đắk Nông,Thương lái thu mua,Vnđ/Kg,VNĐ,CTV địa phương,2024-12-04,108950.0
Cà phê Robusta nhân xô,Gia Lai,Thương lái thu mua,Vnđ/Kg,VNĐ,CTV địa phương,2024-12-04,108933.0
Cà phê Robusta nhân xô,Kon Tum,Thương lái thu mua,Vnđ/Kg,VNĐ,CTV địa phương,2024-12-04,109500.0
Cà phê Robusta nhân xô,Lâm Đồng,Thương lái thu mua,Vnđ/Kg,VNĐ,CTV địa phương,2024-12-04,108000.0
Cà phê Robusta nhân xô,Đắk Lắk,Thương lái thu mua,Vnđ/Kg,VNĐ,CTV địa phương,2024-12-03,128033.0
Cà phê Robusta nhân xô,Đắk Nông,Thương lái thu mua,Vnđ/Kg,VNĐ,CTV địa phương,2024-12-03,128550.0
Cà phê Robusta nhân xô,Gia Lai,Thương lái thu mua,Vnđ/Kg,VNĐ,CTV địa phương,2024-12-03,128033.0
Cà phê Robusta nhân xô,Kon Tum,Thương lái thu mua,Vnđ/Kg,VNĐ,CTV địa phương,2024-12-03,128000.0
Cà phê Robusta nhân xô,Lâm Đồng,Thương lái thu mua,Vnđ/Kg,VNĐ,CTV địa phương,2024-12-03,127800.0
Cà phê Robusta nhân xô,Đắk Lắk,Thương lái thu mua,Vnđ/Kg,VNĐ,CTV địa phương,2024-12-02,129933.0
Cà phê Robusta nhân xô,Đắk Nông,Thương lái thu mua,Vnđ/Kg,VNĐ,CTV địa phương,2024-12-02,130450.0
Cà phê Robusta nhân xô,Gia Lai,Thương lái thu mua,Vnđ/Kg,VNĐ,CTV địa phương,2024-12-02,130000.0
Cà phê Robusta nhân xô,Kon Tum,Thương lái thu mua,Vnđ/Kg,VNĐ,CTV địa phương,2024-12-02,130000.0
Cà phê Robusta nhân xô,Lâm Đồng,Thương lái thu mua,Vnđ/Kg,VNĐ,CTV địa phương,2024-12-02,129700.0
Cà phê Robusta nhân xô,Đắk Lắk,Thương lái thu mua,Vnđ/Kg,VNĐ,CTV địa phương,2024-11-29,128433.0
Cà phê Robusta nhân xô,Đắk Nông,Thương lái thu mua,Vnđ/Kg,VNĐ,CTV địa phương,2024-11-29,128750.0
Cà phê Robusta nhân xô,Gia Lai,Thương lái thu mua,Vnđ/Kg,VNĐ,CTV địa phương,2024-11-29,128233.0
Cà phê Robusta nhân xô,Kon Tum,Thương lái thu mua,Vnđ/Kg,VNĐ,CTV địa phương,2024-11-29,128300.0
Cà phê Robusta nhân xô,Lâm Đồng,Thương lái thu mua,Vnđ/Kg,VNĐ,CTV địa phương,2024-11-29,128000.0
Cà phê Robusta nhân xô,Đắk Lắk,Thương lái thu mua,Vnđ/Kg,VNĐ,CTV địa phương,2024-11-28,127433.0
Cà phê Robusta nhân xô,Đắk Nông,Thương lái thu mua,Vnđ/Kg,VNĐ,CTV địa phương,2024-11-28,127750.0
Cà phê Robusta nhân xô,Gia Lai,Thương lái thu mua,Vnđ/Kg,VNĐ,CTV địa phương,2024-11-28,127233.0
Cà phê Robusta nhân xô,Kon Tum,Thương lái thu mua,Vnđ/Kg,VNĐ,CTV địa phương,2024-11-28,127300.0
Cà phê Robusta nhân xô,Lâm Đồng,Thương lái thu mua,Vnđ/Kg,VNĐ,CTV địa phương,2024-11-28,127000.0
Cà phê Robusta nhân xô,Đắk Lắk,Thương lái thu mua,Vnđ/Kg,VNĐ,CTV địa phương,2024-11-27,122333.0
Cà phê Robusta nhân xô,Đắk Nông,Thương lái thu mua,Vnđ/Kg,VNĐ,CTV địa phương,2024-11-27,122650.0
Cà phê Robusta nhân xô,Gia Lai,Thương lái thu mua,Vnđ/Kg,VNĐ,CTV địa phương,2024-11-27,122333.0
Cà phê Robusta nhân xô,Kon Tum,Thương lái thu mua,Vnđ/Kg,VNĐ,CTV địa phương,2024-11-27,122400.0
Cà phê Robusta nhân xô,Lâm Đồng,Thương lái thu mua,Vnđ/Kg,VNĐ,CTV địa phương,2024-11-27,121800.0
Cà phê Robusta nhân xô,Đắk Lắk,Thương lái thu mua,Vnđ/Kg,VNĐ,CTV địa phương,2024-11-26,122000.0
Cà phê Robusta nhân xô,Đắk Nông,Thương lái thu mua,Vnđ/Kg,VNĐ,CTV địa phương,2024-11-26,121950.0
Cà phê Robusta nhân xô,Gia Lai,Thương lái thu mua,Vnđ/Kg,VNĐ,CTV địa phương,2024-11-26,121833.0
Cà phê Robusta nhân xô,Kon Tum,Thương lái thu mua,Vnđ/Kg,VNĐ,CTV địa phương,2024-11-26,121800.0
Cà phê Robusta nhân xô,Lâm Đồng,Thương lái thu mua,Vnđ/Kg,VNĐ,CTV địa phương,2024-11-26,120800.0
Cà phê Robusta nhân xô,Đắk Lắk,Thương lái thu mua,Vnđ/Kg,VNĐ,CTV địa phương,2024-11-25,118933.0
Cà phê Robusta nhân xô,Đắk Nông,Thương lái thu mua,Vnđ/Kg,VNĐ,CTV địa phương,2024-11-25,118950.0
Cà phê Robusta nhân xô,Gia Lai,Thương lái thu mua,Vnđ/Kg,VNĐ,CTV địa phương,2024-11-25,118833.0
Cà phê Robusta nhân xô,Kon Tum,Thương lái thu mua,Vnđ/Kg,VNĐ,CTV địa phương,2024-11-25,118800.0
Cà phê Robusta nhân xô,Lâm Đồng,Thương lái thu mua,Vnđ/Kg,VNĐ,CTV địa phương,2024-11-25,118000.0
Cà phê Robusta nhân xô,Đắk Lắk,Thương lái thu mua,Vnđ/Kg,VNĐ,CTV địa phương,2024-11-22,114933.0
Cà phê Robusta nhân xô,Đắk Nông,Thương lái thu mua,Vnđ/Kg,VNĐ,CTV địa phương,2024-11-22,115050.0
Cà phê Robusta nhân xô,Gia Lai,Thương lái thu mua,Vnđ/Kg,VNĐ,CTV địa phương,2024-11-22,114733.0
Cà phê Robusta nhân xô,Kon Tum,Thương lái thu mua,Vnđ/Kg,VNĐ,CTV địa phương,2024-11-22,114700.0
Cà phê Robusta nhân xô,Lâm Đồng,Thương lái thu mua,Vnđ/Kg,VNĐ,CTV địa phương,2024-11-22,114400.0
Cà phê Robusta nhân xô,Đắk Lắk,Thương lái thu mua,Vnđ/Kg,VNĐ,CTV địa phương,2024-11-21,114933.0
Cà phê Robusta nhân xô,Đắk Nông,Thương lái thu mua,Vnđ/Kg,VNĐ,CTV địa phương,2024-11-21,115050.0
Cà phê Robusta nhân xô,Gia Lai,Thương lái thu mua,Vnđ/Kg,VNĐ,CTV địa phương,2024-11-21,114733.0
Cà phê Robusta nhân xô,Kon Tum,Thương lái thu mua,Vnđ/Kg,VNĐ,CTV địa phương,2024-11-21,114700.0
Cà phê Robusta nhân xô,Lâm Đồng,Thương lái thu mua,Vnđ/Kg,VNĐ,CTV địa phương,2024-11-21,114500.0
Cà phê Robusta nhân xô,Đắk Lắk,Thương lái thu mua,Vnđ/Kg,VNĐ,CTV địa phương,2024-11-20,113133.0
Cà phê Robusta nhân xô,Đắk Nông,Thương lái thu mua,Vnđ/Kg,VNĐ,CTV địa phương,2024-11-20,113750.0
Cà phê Robusta nhân xô,Gia Lai,Thương lái thu mua,Vnđ/Kg,VNĐ,CTV địa phương,2024-11-20,113433.0
Cà phê Robusta nhân xô,Kon Tum,Thương lái thu mua,Vnđ/Kg,VNĐ,CTV địa phương,2024-11-20,113400.0
Cà phê Robusta nhân xô,Lâm Đồng,Thương lái thu mua,Vnđ/Kg,VNĐ,CTV địa phương,2024-11-20,113200.0
Cà phê Robusta nhân xô,Đắk Lắk,Thương lái thu mua,Vnđ/Kg,VNĐ,CTV địa phương,2024-11-19,113433.0
Cà phê Robusta nhân xô,Đắk Nông,Thương lái thu mua,Vnđ/Kg,VNĐ,CTV địa phương,2024-11-19,113650.0
Cà phê Robusta nhân xô,Gia Lai,Thương lái thu mua,Vnđ/Kg,VNĐ,CTV địa phương,2024-11-19,113433.0
Cà phê Robusta nhân xô,Kon Tum,Thương lái thu mua,Vnđ/Kg,VNĐ,CTV địa phương,2024-11-19,113400.0
Cà phê Robusta nhân xô,Lâm Đồng,Thương lái thu mua,Vnđ/Kg,VNĐ,CTV địa phương,2024-11-19,113100.0
Cà phê Robusta nhân xô,Đắk Lắk,Thương lái thu mua,Vnđ/Kg,VNĐ,CTV địa phương,2024-11-18,113133.0
Cà phê Robusta nhân xô,Đắk Nông,Thương lái thu mua,Vnđ/Kg,VNĐ,CTV địa phương,2024-11-18,113350.0
Cà phê Robusta nhân xô,Gia Lai,Thương lái thu mua,Vnđ/Kg,VNĐ,CTV địa phương,2024-11-18,113033.0
Cà phê Robusta nhân xô,Kon Tum,Thương lái thu mua,Vnđ/Kg,VNĐ,CTV địa phương,2024-11-18,113000.0
Cà phê Robusta nhân xô,Lâm Đồng,Thương lái thu mua,Vnđ/Kg,VNĐ,CTV địa phương,2024-11-18,112800.0
Cà phê Robusta nhân xô,Đắk Lắk,Thương lái thu mua,Vnđ/Kg,VNĐ,CTV địa phương,2024-11-15,111933.0
Cà phê Robusta nhân xô,Đắk Nông,Thương lái thu mua,Vnđ/Kg,VNĐ,CTV địa phương,2024-11-15,112150.0
Cà phê Robusta nhân xô,Gia Lai,Thương lái thu mua,Vnđ/Kg,VNĐ,CTV địa phương,2024-11-15,111933.0
Cà phê Robusta nhân xô,Kon Tum,Thương lái thu mua,Vnđ/Kg,VNĐ,CTV địa phương,2024-11-15,111900.0
Cà phê Robusta nhân xô,Lâm Đồng,Thương lái thu mua,Vnđ/Kg,VNĐ,CTV địa phương,2024-11-15,111800.0
Cà phê Robusta nhân xô,Đắk Lắk,Thương lái thu mua,Vnđ/Kg,VNĐ,CTV địa phương,2024-11-14,111233.0
Cà phê Robusta nhân xô,Đắk Nông,Thương lái thu mua,Vnđ/Kg,VNĐ,CTV địa phương,2024-11-14,111350.0
Cà phê Robusta nhân xô,Gia Lai,Thương lái thu mua,Vnđ/Kg,VNĐ,CTV địa phương,2024-11-14,111233.0
Cà phê Robusta nhân xô,Kon Tum,Thương lái thu mua,Vnđ/Kg,VNĐ,CTV địa phương,2024-11-14,111200.0
Cà phê Robusta nhân xô,Lâm Đồng,Thương lái thu mua,Vnđ/Kg,VNĐ,CTV địa phương,2024-11-14,111100.0
Cà phê Robusta nhân xô,Đắk Lắk,Thương lái thu mua,Vnđ/Kg,VNĐ,CTV địa phương,2024-11-13,110733.0
Cà phê Robusta nhân xô,Đắk Nông,Thương lái thu mua,Vnđ/Kg,VNĐ,CTV địa phương,2024-11-13,110850.0
Cà phê Robusta nhân xô,Gia Lai,Thương lái thu mua,Vnđ/Kg,VNĐ,CTV địa phương,2024-11-13,110733.0
Cà phê Robusta nhân xô,Kon Tum,Thương lái thu mua,Vnđ/Kg,VNĐ,CTV địa phương,2024-11-13,110800.0
Cà phê Robusta nhân xô,Lâm Đồng,Thương lái thu mua,Vnđ/Kg,VNĐ,CTV địa phương,2024-11-13,110800.0
Cà phê Robusta nhân xô,Đắk Lắk,Thương lái thu mua,Vnđ/Kg,VNĐ,CTV địa phương,2024-11-12,108433.0
Cà phê Robusta nhân xô,Đắk Nông,Thương lái thu mua,Vnđ/Kg,VNĐ,CTV địa phương,2024-11-12,108550.0
Cà phê Robusta nhân xô,Gia Lai,Thương lái thu mua,Vnđ/Kg,VNĐ,CTV địa phương,2024-11-12,108433.0
Cà phê Robusta nhân xô,Kon Tum,Thương lái thu mua,Vnđ/Kg,VNĐ,CTV địa phương,2024-11-12,108500.0
Cà phê Robusta nhân xô,Lâm Đồng,Thương lái thu mua,Vnđ/Kg,VNĐ,CTV địa phương,2024-11-12,108000.0
Cà phê Robusta nhân xô,Đắk Lắk,Thương lái thu mua,Vnđ/Kg,VNĐ,CTV địa phương,2024-11-11,107233.0
Cà phê Robusta nhân xô,Đắk Nông,Thương lái thu mua,Vnđ/Kg,VNĐ,CTV địa phương,2024-11-11,107350.0
Cà phê Robusta nhân xô,Gia Lai,Thương lái thu mua,Vnđ/Kg,VNĐ,CTV địa phương,2024-11-11,107233.0
Cà phê Robusta nhân xô,Kon Tum,Thương lái thu mua,Vnđ/Kg,VNĐ,CTV địa phương,2024-11-11,107300.0
Cà phê Robusta nhân xô,Lâm Đồng,Thương lái thu mua,Vnđ/Kg,VNĐ,CTV địa phương,2024-11-11,106800.0
Cà phê Robusta nhân xô,Đắk Lắk,Thương lái thu mua,Vnđ/Kg,VNĐ,CTV địa phương,2024-11-01,108133.0
Cà phê Robusta nhân xô,Đắk Nông,Thương lái thu mua,Vnđ/Kg,VNĐ,CTV địa phương,2024-11-01,108150.0
Cà phê Robusta nhân xô,Gia Lai,Thương lái thu mua,Vnđ/Kg,VNĐ,CTV địa phương,2024-11-01,108033.0
Cà phê Robusta nhân xô,Kon Tum,Thương lái thu mua,Vnđ/Kg,VNĐ,CTV địa phương,2024-11-01,108100.0
Cà phê Robusta nhân xô,Lâm Đồng,Thương lái thu mua,Vnđ/Kg,VNĐ,CTV địa phương,2024-11-01,107800.0
Cà phê Robusta nhân xô,Đắk Lắk,Thương lái thu mua,Vnđ/Kg,VNĐ,CTV địa phương,2024-10-31,109433.0
Cà phê Robusta nhân xô,Đắk Nông,Thương lái thu mua,Vnđ/Kg,VNĐ,CTV địa phương,2024-10-31,109550.0
Cà phê Robusta nhân xô,Gia Lai,Thương lái thu mua,Vnđ/Kg,VNĐ,CTV địa phương,2024-10-31,109233.0
Cà phê Robusta nhân xô,Kon Tum,Thương lái thu mua,Vnđ/Kg,VNĐ,CTV địa phương,2024-10-31,109300.0
Cà phê Robusta nhân xô,Lâm Đồng,Thương lái thu mua,Vnđ/Kg,VNĐ,CTV địa phương,2024-10-31,109000.0
Cà phê Robusta nhân xô,Đắk Lắk,Thương lái thu mua,Vnđ/Kg,VNĐ,CTV địa phương,2024-10-30,109433.0
Cà phê Robusta nhân xô,Đắk Nông,Thương lái thu mua,Vnđ/Kg,VNĐ,CTV địa phương,2024-10-30,109550.0
Cà phê Robusta nhân xô,Gia Lai,Thương lái thu mua,Vnđ/Kg,VNĐ,CTV địa phương,2024-10-30,109233.0
Cà phê Robusta nhân xô,Kon Tum,Thương lái thu mua,Vnđ/Kg,VNĐ,CTV địa phương,2024-10-30,109300.0
Cà phê Robusta nhân xô,Lâm Đồng,Thương lái thu mua,Vnđ/Kg,VNĐ,CTV địa phương,2024-10-30,109000.0
Cà phê Robusta nhân xô,Đắk Lắk,Thương lái thu mua,Vnđ/Kg,VNĐ,CTV địa phương,2024-10-29,109933.0
Cà phê Robusta nhân xô,Đắk Nông,Thương lái thu mua,Vnđ/Kg,VNĐ,CTV địa phương,2024-10-29,110050.0
Cà phê Robusta nhân xô,Gia Lai,Thương lái thu mua,Vnđ/Kg,VNĐ,CTV địa phương,2024-10-29,109733.0
Cà phê Robusta nhân xô,Kon Tum,Thương lái thu mua,Vnđ/Kg,VNĐ,CTV địa phương,2024-10-29,109800.0
Cà phê Robusta nhân xô,Lâm Đồng,Thương lái thu mua,Vnđ/Kg,VNĐ,CTV địa phương,2024-10-29,109500.0
Cà phê Robusta nhân xô,Đắk Lắk,Thương lái thu mua,Vnđ/Kg,VNĐ,CTV địa phương,2024-10-28,109733.0
Cà phê Robusta nhân xô,Đắk Nông,Thương lái thu mua,Vnđ/Kg,VNĐ,CTV địa phương,2024-10-28,109950.0
Cà phê Robusta nhân xô,Gia Lai,Thương lái thu mua,Vnđ/Kg,VNĐ,CTV địa phương,2024-10-28,109633.0
Cà phê Robusta nhân xô,Kon Tum,Thương lái thu mua,Vnđ/Kg,VNĐ,CTV địa phương,2024-10-28,109700.0
Cà phê Robusta nhân xô,Lâm Đồng,Thương lái thu mua,Vnđ/Kg,VNĐ,CTV địa phương,2024-10-28,109400.0
Cà phê Robusta nhân xô,Đắk Lắk,Thương lái thu mua,Vnđ/Kg,VNĐ,CTV địa phương,2024-10-25,108700.0
Cà phê Robusta nhân xô,Đắk Nông,Thương lái thu mua,Vnđ/Kg,VNĐ,CTV địa phương,2024-10-25,108700.0
Cà phê Robusta nhân xô,Gia Lai,Thương lái thu mua,Vnđ/Kg,VNĐ,CTV địa phương,2024-10-25,108633.0
Cà phê Robusta nhân xô,Kon Tum,Thương lái thu mua,Vnđ/Kg,VNĐ,CTV địa phương,2024-10-25,108700.0
Cà phê Robusta nhân xô,Lâm Đồng,Thương lái thu mua,Vnđ/Kg,VNĐ,CTV địa phương,2024-10-25,108400.0
Cà phê Robusta nhân xô,Đắk Lắk,Thương lái thu mua,Vnđ/Kg,VNĐ,CTV địa phương,2024-10-24,109533.0
Cà phê Robusta nhân xô,Đắk Nông,Thương lái thu mua,Vnđ/Kg,VNĐ,CTV địa phương,2024-10-24,109650.0
Cà phê Robusta nhân xô,Gia Lai,Thương lái thu mua,Vnđ/Kg,VNĐ,CTV địa phương,2024-10-24,109533.0
Cà phê Robusta nhân xô,Kon Tum,Thương lái thu mua,Vnđ/Kg,VNĐ,CTV địa phương,2024-10-24,109600.0
Cà phê Robusta nhân xô,Lâm Đồng,Thương lái thu mua,Vnđ/Kg,VNĐ,CTV địa phương,2024-10-24,109400.0
Cà phê Robusta nhân xô,Đắk Lắk,Thương lái thu mua,Vnđ/Kg,VNĐ,CTV địa phương,2024-10-23,111033.0
Cà phê Robusta nhân xô,Đắk Nông,Thương lái thu mua,Vnđ/Kg,VNĐ,CTV địa phương,2024-10-23,111250.0
Cà phê Robusta nhân xô,Gia Lai,Thương lái thu mua,Vnđ/Kg,VNĐ,CTV địa phương,2024-10-23,111000.0
Cà phê Robusta nhân xô,Kon Tum,Thương lái thu mua,Vnđ/Kg,VNĐ,CTV địa phương,2024-10-23,111100.0
Cà phê Robusta nhân xô,Lâm Đồng,Thương lái thu mua,Vnđ/Kg,VNĐ,CTV địa phương,2024-10-23,110700.0
Cà phê Robusta nhân xô,Đắk Lắk,Thương lái thu mua,Vnđ/Kg,VNĐ,CTV địa phương,2024-10-22,111333.0
Cà phê Robusta nhân xô,Đắk Nông,Thương lái thu mua,Vnđ/Kg,VNĐ,CTV địa phương,2024-10-22,111550.0
Cà phê Robusta nhân xô,Gia Lai,Thương lái thu mua,Vnđ/Kg,VNĐ,CTV địa phương,2024-10-22,111433.0
Cà phê Robusta nhân xô,Kon Tum,Thương lái thu mua,Vnđ/Kg,VNĐ,CTV địa phương,2024-10-22,111400.0
Cà phê Robusta nhân xô,Lâm Đồng,Thương lái thu mua,Vnđ/Kg,VNĐ,CTV địa phương,2024-10-22,111000.0
Cà phê Robusta nhân xô,Đắk Lắk,Thương lái thu mua,Vnđ/Kg,VNĐ,CTV địa phương,2024-10-21,111433.0
Cà phê Robusta nhân xô,Đắk Nông,Thương lái thu mua,Vnđ/Kg,VNĐ,CTV địa phương,2024-10-21,111650.0
Cà phê Robusta nhân xô,Gia Lai,Thương lái thu mua,Vnđ/Kg,VNĐ,CTV địa phương,2024-10-21,111533.0
Cà phê Robusta nhân xô,Kon Tum,Thương lái thu mua,Vnđ/Kg,VNĐ,CTV địa phương,2024-10-21,111500.0
Cà phê Robusta nhân xô,Lâm Đồng,Thương lái thu mua,Vnđ/Kg,VNĐ,CTV địa phương,2024-10-21,111100.0
Cà phê Robusta nhân xô,Đắk Lắk,Thương lái thu mua,Vnđ/Kg,VNĐ,CTV địa phương,2024-10-18,112033.0
Cà phê Robusta nhân xô,Đắk Nông,Thương lái thu mua,Vnđ/Kg,VNĐ,CTV địa phương,2024-10-18,112250.0
Cà phê Robusta nhân xô,Gia Lai,Thương lái thu mua,Vnđ/Kg,VNĐ,CTV địa phương,2024-10-18,112133.0
Cà phê Robusta nhân xô,Kon Tum,Thương lái thu mua,Vnđ/Kg,VNĐ,CTV địa phương,2024-10-18,112100.0
Cà phê Robusta nhân xô,Lâm Đồng,Thương lái thu mua,Vnđ/Kg,VNĐ,CTV địa phương,2024-10-18,111700.0
Cà phê Robusta nhân xô,Đắk Lắk,Thương lái thu mua,Vnđ/Kg,VNĐ,CTV địa phương,2024-10-17,113033.0
Cà phê Robusta nhân xô,Đắk Nông,Thương lái thu mua,Vnđ/Kg,VNĐ,CTV địa phương,2024-10-17,113250.0
Cà phê Robusta nhân xô,Gia Lai,Thương lái thu mua,Vnđ/Kg,VNĐ,CTV địa phương,2024-10-17,113133.0
Cà phê Robusta nhân xô,Kon Tum,Thương lái thu mua,Vnđ/Kg,VNĐ,CTV địa phương,2024-10-17,113100.0
Cà phê Robusta nhân xô,Lâm Đồng,Thương lái thu mua,Vnđ/Kg,VNĐ,CTV địa phương,2024-10-17,112700.0
Cà phê Robusta nhân xô,Đắk Lắk,Thương lái thu mua,Vnđ/Kg,VNĐ,CTV địa phương,2024-10-16,113633.0
Cà phê Robusta nhân xô,Đắk Nông,Thương lái thu mua,Vnđ/Kg,VNĐ,CTV địa phương,2024-10-16,113850.0
Cà phê Robusta nhân xô,Gia Lai,Thương lái thu mua,Vnđ/Kg,VNĐ,CTV địa phương,2024-10-16,113733.0
Cà phê Robusta nhân xô,Kon Tum,Thương lái thu mua,Vnđ/Kg,VNĐ,CTV địa phương,2024-10-16,113700.0
Cà phê Robusta nhân xô,Lâm Đồng,Thương lái thu mua,Vnđ/Kg,VNĐ,CTV địa phương,2024-10-16,113300.0
Cà phê Robusta nhân xô,Đắk Lắk,Thương lái thu mua,Vnđ/Kg,VNĐ,CTV địa phương,2024-10-15,114533.0
Cà phê Robusta nhân xô,Đắk Nông,Thương lái thu mua,Vnđ/Kg,VNĐ,CTV địa phương,2024-10-15,114650.0
Cà phê Robusta nhân xô,Gia Lai,Thương lái thu mua,Vnđ/Kg,VNĐ,CTV địa phương,2024-10-15,114533.0
Cà phê Robusta nhân xô,Kon Tum,Thương lái thu mua,Vnđ/Kg,VNĐ,CTV địa phương,2024-10-15,114500.0
Cà phê Robusta nhân xô,Lâm Đồng,Thương lái thu mua,Vnđ/Kg,VNĐ,CTV địa phương,2024-10-15,114000.0
Cà phê Robusta nhân xô,Đắk Lắk,Thương lái thu mua,Vnđ/Kg,VNĐ,CTV địa phương,2024-10-14,113733.0
Cà phê Robusta nhân xô,Đắk Nông,Thương lái thu mua,Vnđ/Kg,VNĐ,CTV địa phương,2024-10-14,113850.0
Cà phê Robusta nhân xô,Gia Lai,Thương lái thu mua,Vnđ/Kg,VNĐ,CTV địa phương,2024-10-14,113733.0
Cà phê Robusta nhân xô,Kon Tum,Thương lái thu mua,Vnđ/Kg,VNĐ,CTV địa phương,2024-10-14,113700.0
Cà phê Robusta nhân xô,Lâm Đồng,Thương lái thu mua,Vnđ/Kg,VNĐ,CTV địa phương,2024-10-14,113200.0
Cà phê Robusta nhân xô,Đắk Lắk,Thương lái thu mua,Vnđ/Kg,VNĐ,CTV địa phương,2024-10-11,113933.0
Cà phê Robusta nhân xô,Đắk Nông,Thương lái thu mua,Vnđ/Kg,VNĐ,CTV địa phương,2024-10-11,113950.0
Cà phê Robusta nhân xô,Gia Lai,Thương lái thu mua,Vnđ/Kg,VNĐ,CTV địa phương,2024-10-11,113933.0
Cà phê Robusta nhân xô,Kon Tum,Thương lái thu mua,Vnđ/Kg,VNĐ,CTV địa phương,2024-10-11,113900.0
Cà phê Robusta nhân xô,Lâm Đồng,Thương lái thu mua,Vnđ/Kg,VNĐ,CTV địa phương,2024-10-11,113300.0
Cà phê Robusta nhân xô,Đắk Lắk,Thương lái thu mua,Vnđ/Kg,VNĐ,CTV địa phương,2024-10-10,113433.0
Cà phê Robusta nhân xô,Đắk Nông,Thương lái thu mua,Vnđ/Kg,VNĐ,CTV địa phương,2024-10-10,113450.0
Cà phê Robusta nhân xô,Gia Lai,Thương lái thu mua,Vnđ/Kg,VNĐ,CTV địa phương,2024-10-10,113333.0
Cà phê Robusta nhân xô,Kon Tum,Thương lái thu mua,Vnđ/Kg,VNĐ,CTV địa phương,2024-10-10,113400.0
Cà phê Robusta nhân xô,Lâm Đồng,Thương lái thu mua,Vnđ/Kg,VNĐ,CTV địa phương,2024-10-10,112800.0
Cà phê Robusta nhân xô,Đắk Lắk,Thương lái thu mua,Vnđ/Kg,VNĐ,CTV địa phương,2024-10-09,113233.0
Cà phê Robusta nhân xô,Đắk Nông,Thương lái thu mua,Vnđ/Kg,VNĐ,CTV địa phương,2024-10-09,113250.0
Cà phê Robusta nhân xô,Gia Lai,Thương lái thu mua,Vnđ/Kg,VNĐ,CTV địa phương,2024-10-09,113133.0
Cà phê Robusta nhân xô,Kon Tum,Thương lái thu mua,Vnđ/Kg,VNĐ,CTV địa phương,2024-10-09,113100.0
Cà phê Robusta nhân xô,Lâm Đồng,Thương lái thu mua,Vnđ/Kg,VNĐ,CTV địa phương,2024-10-09,112600.0
Cà phê Robusta nhân xô,Đắk Lắk,Thương lái thu mua,Vnđ/Kg,VNĐ,CTV địa phương,2024-10-08,115033.0
Cà phê Robusta nhân xô,Đắk Nông,Thương lái thu mua,Vnđ/Kg,VNĐ,CTV địa phương,2024-10-08,115050.0
Cà phê Robusta nhân xô,Gia Lai,Thương lái thu mua,Vnđ/Kg,VNĐ,CTV địa phương,2024-10-08,115000.0
Cà phê Robusta nhân xô,Kon Tum,Thương lái thu mua,Vnđ/Kg,VNĐ,CTV địa phương,2024-10-08,115000.0
Cà phê Robusta nhân xô,Lâm Đồng,Thương lái thu mua,Vnđ/Kg,VNĐ,CTV địa phương,2024-10-08,114500.0
Cà phê Robusta nhân xô,Đắk Lắk,Thương lái thu mua,Vnđ/Kg,VNĐ,CTV địa phương,2024-10-07,116133.0
Cà phê Robusta nhân xô,Đắk Nông,Thương lái thu mua,Vnđ/Kg,VNĐ,CTV địa phương,2024-10-07,116150.0
Cà phê Robusta nhân xô,Gia Lai,Thương lái thu mua,Vnđ/Kg,VNĐ,CTV địa phương,2024-10-07,116033.0
Cà phê Robusta nhân xô,Kon Tum,Thương lái thu mua,Vnđ/Kg,VNĐ,CTV địa phương,2024-10-07,116000.0
Cà phê Robusta nhân xô,Lâm Đồng,Thương lái thu mua,Vnđ/Kg,VNĐ,CTV địa phương,2024-10-07,115500.0
Cà phê Robusta nhân xô,Đắk Lắk,Thương lái thu mua,Vnđ/Kg,VNĐ,CTV địa phương,2024-10-02,121900.0
Cà phê Robusta nhân xô,Đắk Nông,Thương lái thu mua,Vnđ/Kg,VNĐ,CTV địa phương,2024-10-02,121250.0
Cà phê Robusta nhân xô,Gia Lai,Thương lái thu mua,Vnđ/Kg,VNĐ,CTV địa phương,2024-10-02,121233.0
Cà phê Robusta nhân xô,Kon Tum,Thương lái thu mua,Vnđ/Kg,VNĐ,CTV địa phương,2024-10-02,121300.0
Cà phê Robusta nhân xô,Lâm Đồng,Thương lái thu mua,Vnđ/Kg,VNĐ,CTV địa phương,2024-10-02,121300.0
Cà phê Robusta nhân xô,Đắk Lắk,Thương lái thu mua,Vnđ/Kg,VNĐ,CTV địa phương,2024-10-01,121900.0
Cà phê Robusta nhân xô,Đắk Nông,Thương lái thu mua,Vnđ/Kg,VNĐ,CTV địa phương,2024-10-01,121250.0
Cà phê Robusta nhân xô,Gia Lai,Thương lái thu mua,Vnđ/Kg,VNĐ,CTV địa phương,2024-10-01,121233.0
Cà phê Robusta nhân xô,Kon Tum,Thương lái thu mua,Vnđ/Kg,VNĐ,CTV địa phương,2024-10-01,121300.0
Cà phê Robusta nhân xô,Lâm Đồng,Thương lái thu mua,Vnđ/Kg,VNĐ,CTV địa phương,2024-10-01,121300.0
Cà phê Robusta nhân xô,Đắk Lắk,Thương lái thu mua,Vnđ/Kg,VNĐ,CTV địa phương,2024-09-30,121700.0
Cà phê Robusta nhân xô,Đắk Nông,Thương lái thu mua,Vnđ/Kg,VNĐ,CTV địa phương,2024-09-30,121150.0
Cà phê Robusta nhân xô,Gia Lai,Thương lái thu mua,Vnđ/Kg,VNĐ,CTV địa phương,2024-09-30,121000.0
Cà phê Robusta nhân xô,Kon Tum,Thương lái thu mua,Vnđ/Kg,VNĐ,CTV địa phương,2024-09-30,121000.0
Cà phê Robusta nhân xô,Lâm Đồng,Thương lái thu mua,Vnđ/Kg,VNĐ,CTV địa phương,2024-09-30,121100.0
Cà phê Robusta nhân xô,Đắk Lắk,Thương lái thu mua,Vnđ/Kg,VNĐ,CTV địa phương,2024-09-27,122533.0
Cà phê Robusta nhân xô,Đắk Nông,Thương lái thu mua,Vnđ/Kg,VNĐ,CTV địa phương,2024-09-27,121550.0
Cà phê Robusta nhân xô,Gia Lai,Thương lái thu mua,Vnđ/Kg,VNĐ,CTV địa phương,2024-09-27,121333.0
Cà phê Robusta nhân xô,Kon Tum,Thương lái thu mua,Vnđ/Kg,VNĐ,CTV địa phương,2024-09-27,121400.0
Cà phê Robusta nhân xô,Lâm Đồng,Thương lái thu mua,Vnđ/Kg,VNĐ,CTV địa phương,2024-09-27,121600.0
Cà phê Robusta nhân xô,Đắk Lắk,Thương lái thu mua,Vnđ/Kg,VNĐ,CTV địa phương,2024-09-26,121933.0
Cà phê Robusta nhân xô,Đắk Nông,Thương lái thu mua,Vnđ/Kg,VNĐ,CTV địa phương,2024-09-26,121950.0
Cà phê Robusta nhân xô,Gia Lai,Thương lái thu mua,Vnđ/Kg,VNĐ,CTV địa phương,2024-09-26,120733.0
Cà phê Robusta nhân xô,Kon Tum,Thương lái thu mua,Vnđ/Kg,VNĐ,CTV địa phương,2024-09-26,120800.0
Cà phê Robusta nhân xô,Lâm Đồng,Thương lái thu mua,Vnđ/Kg,VNĐ,CTV địa phương,2024-09-26,121000.0
Cà phê Robusta nhân xô,Đắk Lắk,Thương lái thu mua,Vnđ/Kg,VNĐ,CTV địa phương,2024-09-25,120633.0
Cà phê Robusta nhân xô,Đắk Nông,Thương lái thu mua,Vnđ/Kg,VNĐ,CTV địa phương,2024-09-25,120750.0
Cà phê Robusta nhân xô,Gia Lai,Thương lái thu mua,Vnđ/Kg,VNĐ,CTV địa phương,2024-09-25,120633.0
Cà phê Robusta nhân xô,Kon Tum,Thương lái thu mua,Vnđ/Kg,VNĐ,CTV địa phương,2024-09-25,120700.0
Cà phê Robusta nhân xô,Lâm Đồng,Thương lái thu mua,Vnđ/Kg,VNĐ,CTV địa phương,2024-09-25,120000.0
Cà phê Robusta nhân xô,Đắk Lắk,Thương lái thu mua,Vnđ/Kg,VNĐ,CTV địa phương,2024-09-24,121433.0
Cà phê Robusta nhân xô,Đắk Nông,Thương lái thu mua,Vnđ/Kg,VNĐ,CTV địa phương,2024-09-24,121550.0
Cà phê Robusta nhân xô,Gia Lai,Thương lái thu mua,Vnđ/Kg,VNĐ,CTV địa phương,2024-09-24,121333.0
Cà phê Robusta nhân xô,Kon Tum,Thương lái thu mua,Vnđ/Kg,VNĐ,CTV địa phương,2024-09-24,121400.0
Cà phê Robusta nhân xô,Lâm Đồng,Thương lái thu mua,Vnđ/Kg,VNĐ,CTV địa phương,2024-09-24,121000.0
Cà phê Robusta nhân xô,Đắk Lắk,Thương lái thu mua,Vnđ/Kg,VNĐ,CTV địa phương,2024-09-23,119933.0
Cà phê Robusta nhân xô,Đắk Nông,Thương lái thu mua,Vnđ/Kg,VNĐ,CTV địa phương,2024-09-23,120000.0
Cà phê Robusta nhân xô,Gia Lai,Thương lái thu mua,Vnđ/Kg,VNĐ,CTV địa phương,2024-09-23,119933.0
Cà phê Robusta nhân xô,Kon Tum,Thương lái thu mua,Vnđ/Kg,VNĐ,CTV địa phương,2024-09-23,120000.0
Cà phê Robusta nhân xô,Lâm Đồng,Thương lái thu mua,Vnđ/Kg,VNĐ,CTV địa phương,2024-09-23,119500.0
Cà phê Robusta nhân xô,Đắk Lắk,Thương lái thu mua,Vnđ/Kg,VNĐ,CTV địa phương,2024-09-13,120433.0
Cà phê Robusta nhân xô,Đắk Nông,Thương lái thu mua,Vnđ/Kg,VNĐ,CTV địa phương,2024-09-13,120850.0
Cà phê Robusta nhân xô,Gia Lai,Thương lái thu mua,Vnđ/Kg,VNĐ,CTV địa phương,2024-09-13,124333.0
Cà phê Robusta nhân xô,Kon Tum,Thương lái thu mua,Vnđ/Kg,VNĐ,CTV địa phương,2024-09-13,125000.0
Cà phê Robusta nhân xô,Lâm Đồng,Thương lái thu mua,Vnđ/Kg,VNĐ,CTV địa phương,2024-09-13,119800.0
Cà phê Robusta nhân xô,Đắk Lắk,Thương lái thu mua,Vnđ/Kg,VNĐ,CTV địa phương,2024-09-12,120133.0
Cà phê Robusta nhân xô,Đắk Nông,Thương lái thu mua,Vnđ/Kg,VNĐ,CTV địa phương,2024-09-12,120450.0
Cà phê Robusta nhân xô,Gia Lai,Thương lái thu mua,Vnđ/Kg,VNĐ,CTV địa phương,2024-09-12,120133.0
Cà phê Robusta nhân xô,Kon Tum,Thương lái thu mua,Vnđ/Kg,VNĐ,CTV địa phương,2024-09-12,120200.0
Cà phê Robusta nhân xô,Lâm Đồng,Thương lái thu mua,Vnđ/Kg,VNĐ,CTV địa phương,2024-09-12,119400.0
Cà phê Robusta nhân xô,Đắk Lắk,Thương lái thu mua,Vnđ/Kg,VNĐ,CTV địa phương,2024-09-11,118033.0
Cà phê Robusta nhân xô,Đắk Nông,Thương lái thu mua,Vnđ/Kg,VNĐ,CTV địa phương,2024-09-11,118250.0
Cà phê Robusta nhân xô,Gia Lai,Thương lái thu mua,Vnđ/Kg,VNĐ,CTV địa phương,2024-09-11,117933.0
Cà phê Robusta nhân xô,Kon Tum,Thương lái thu mua,Vnđ/Kg,VNĐ,CTV địa phương,2024-09-11,118000.0
Cà phê Robusta nhân xô,Lâm Đồng,Thương lái thu mua,Vnđ/Kg,VNĐ,CTV địa phương,2024-09-11,117200.0
Cà phê Robusta nhân xô,Đắk Lắk,Thương lái thu mua,Vnđ/Kg,VNĐ,CTV địa phương,2024-09-10,117833.0
Cà phê Robusta nhân xô,Đắk Nông,Thương lái thu mua,Vnđ/Kg,VNĐ,CTV địa phương,2024-09-10,118050.0
Cà phê Robusta nhân xô,Gia Lai,Thương lái thu mua,Vnđ/Kg,VNĐ,CTV địa phương,2024-09-10,117733.0
Cà phê Robusta nhân xô,Kon Tum,Thương lái thu mua,Vnđ/Kg,VNĐ,CTV địa phương,2024-09-10,117800.0
Cà phê Robusta nhân xô,Lâm Đồng,Thương lái thu mua,Vnđ/Kg,VNĐ,CTV địa phương,2024-09-10,117000.0
Cà phê Robusta nhân xô,Đắk Lắk,Thương lái thu mua,Vnđ/Kg,VNĐ,CTV địa phương,2024-09-09,113867.0
Cà phê Robusta nhân xô,Đắk Nông,Thương lái thu mua,Vnđ/Kg,VNĐ,CTV địa phương,2024-09-09,114050.0
Cà phê Robusta nhân xô,Gia Lai,Thương lái thu mua,Vnđ/Kg,VNĐ,CTV địa phương,2024-09-09,113633.0
Cà phê Robusta nhân xô,Kon Tum,Thương lái thu mua,Vnđ/Kg,VNĐ,CTV địa phương,2024-09-09,113700.0
Cà phê Robusta nhân xô,Lâm Đồng,Thương lái thu mua,Vnđ/Kg,VNĐ,CTV địa phương,2024-09-09,113000.0
Cà phê Robusta nhân xô,Đắk Lắk,Thương lái thu mua,Vnđ/Kg,VNĐ,CTV địa phương,2024-09-06,120433.0
Cà phê Robusta nhân xô,Đắk Nông,Thương lái thu mua,Vnđ/Kg,VNĐ,CTV địa phương,2024-09-06,120850.0
Cà phê Robusta nhân xô,Gia Lai,Thương lái thu mua,Vnđ/Kg,VNĐ,CTV địa phương,2024-09-06,124333.0
Cà phê Robusta nhân xô,Kon Tum,Thương lái thu mua,Vnđ/Kg,VNĐ,CTV địa phương,2024-09-06,125000.0
Cà phê Robusta nhân xô,Lâm Đồng,Thương lái thu mua,Vnđ/Kg,VNĐ,CTV địa phương,2024-09-06,119800.0
Cà phê Robusta nhân xô,Đắk Lắk,Thương lái thu mua,Vnđ/Kg,VNĐ,CTV địa phương,2024-09-05,120133.0
Cà phê Robusta nhân xô,Đắk Nông,Thương lái thu mua,Vnđ/Kg,VNĐ,CTV địa phương,2024-09-05,120450.0
Cà phê Robusta nhân xô,Gia Lai,Thương lái thu mua,Vnđ/Kg,VNĐ,CTV địa phương,2024-09-05,120133.0
Cà phê Robusta nhân xô,Kon Tum,Thương lái thu mua,Vnđ/Kg,VNĐ,CTV địa phương,2024-09-05,120200.0
Cà phê Robusta nhân xô,Lâm Đồng,Thương lái thu mua,Vnđ/Kg,VNĐ,CTV địa phương,2024-09-05,119400.0
Cà phê Robusta nhân xô,Đắk Lắk,Thương lái thu mua,Vnđ/Kg,VNĐ,CTV địa phương,2024-09-04,118033.0
Cà phê Robusta nhân xô,Đắk Nông,Thương lái thu mua,Vnđ/Kg,VNĐ,CTV địa phương,2024-09-04,118250.0
Cà phê Robusta nhân xô,Gia Lai,Thương lái thu mua,Vnđ/Kg,VNĐ,CTV địa phương,2024-09-04,117933.0
Cà phê Robusta nhân xô,Kon Tum,Thương lái thu mua,Vnđ/Kg,VNĐ,CTV địa phương,2024-09-04,118000.0
Cà phê Robusta nhân xô,Lâm Đồng,Thương lái thu mua,Vnđ/Kg,VNĐ,CTV địa phương,2024-09-04,117200.0
Cà phê Robusta nhân xô,Đắk Lắk,Thương lái thu mua,Vnđ/Kg,VNĐ,CTV địa phương,2024-09-03,117833.0
Cà phê Robusta nhân xô,Đắk Nông,Thương lái thu mua,Vnđ/Kg,VNĐ,CTV địa phương,2024-09-03,118050.0
Cà phê Robusta nhân xô,Gia Lai,Thương lái thu mua,Vnđ/Kg,VNĐ,CTV địa phương,2024-09-03,117733.0
Cà phê Robusta nhân xô,Kon Tum,Thương lái thu mua,Vnđ/Kg,VNĐ,CTV địa phương,2024-09-03,117800.0
Cà phê Robusta nhân xô,Lâm Đồng,Thương lái thu mua,Vnđ/Kg,VNĐ,CTV địa phương,2024-09-03,117000.0
Cà phê Robusta nhân xô,Đắk Lắk,Thương lái thu mua,Vnđ/Kg,VNĐ,CTV địa phương,2024-09-02,113867.0
Cà phê Robusta nhân xô,Đắk Nông,Thương lái thu mua,Vnđ/Kg,VNĐ,CTV địa phương,2024-09-02,114050.0
Cà phê Robusta nhân xô,Gia Lai,Thương lái thu mua,Vnđ/Kg,VNĐ,CTV địa phương,2024-09-02,113633.0
Cà phê Robusta nhân xô,Kon Tum,Thương lái thu mua,Vnđ/Kg,VNĐ,CTV địa phương,2024-09-02,113700.0
Cà phê Robusta nhân xô,Lâm Đồng,Thương lái thu mua,Vnđ/Kg,VNĐ,CTV địa phương,2024-09-02,113000.0
Cà phê Robusta nhân xô,Đắk Lắk,Thương lái thu mua,Vnđ/Kg,VNĐ,CTV địa phương,2024-08-30,120600.0
Cà phê Robusta nhân xô,Đắk Nông,Thương lái thu mua,Vnđ/Kg,VNĐ,CTV địa phương,2024-08-30,121550.0
Cà phê Robusta nhân xô,Gia Lai,Thương lái thu mua,Vnđ/Kg,VNĐ,CTV địa phương,2024-08-30,121533.0
Cà phê Robusta nhân xô,Kon Tum,Thương lái thu mua,Vnđ/Kg,VNĐ,CTV địa phương,2024-08-30,121600.0
Cà phê Robusta nhân xô,Lâm Đồng,Thương lái thu mua,Vnđ/Kg,VNĐ,CTV địa phương,2024-08-30,120600.0
Cà phê Robusta nhân xô,Đắk Lắk,Thương lái thu mua,Vnđ/Kg,VNĐ,CTV địa phương,2024-08-29,121200.0
Cà phê Robusta nhân xô,Đắk Nông,Thương lái thu mua,Vnđ/Kg,VNĐ,CTV địa phương,2024-08-29,122050.0
Cà phê Robusta nhân xô,Gia Lai,Thương lái thu mua,Vnđ/Kg,VNĐ,CTV địa phương,2024-08-29,121833.0
Cà phê Robusta nhân xô,Kon Tum,Thương lái thu mua,Vnđ/Kg,VNĐ,CTV địa phương,2024-08-29,121900.0
Cà phê Robusta nhân xô,Lâm Đồng,Thương lái thu mua,Vnđ/Kg,VNĐ,CTV địa phương,2024-08-29,121200.0
Cà phê Robusta nhân xô,Đắk Lắk,Thương lái thu mua,Vnđ/Kg,VNĐ,CTV địa phương,2024-08-28,120700.0
Cà phê Robusta nhân xô,Đắk Nông,Thương lái thu mua,Vnđ/Kg,VNĐ,CTV địa phương,2024-08-28,121550.0
Cà phê Robusta nhân xô,Gia Lai,Thương lái thu mua,Vnđ/Kg,VNĐ,CTV địa phương,2024-08-28,121433.0
Cà phê Robusta nhân xô,Kon Tum,Thương lái thu mua,Vnđ/Kg,VNĐ,CTV địa phương,2024-08-28,121500.0
Cà phê Robusta nhân xô,Lâm Đồng,Thương lái thu mua,Vnđ/Kg,VNĐ,CTV địa phương,2024-08-28,120700.0
Cà phê Robusta nhân xô,Đắk Lắk,Thương lái thu mua,Vnđ/Kg,VNĐ,CTV địa phương,2024-08-27,119200.0
Cà phê Robusta nhân xô,Đắk Nông,Thương lái thu mua,Vnđ/Kg,VNĐ,CTV địa phương,2024-08-27,120150.0
Cà phê Robusta nhân xô,Gia Lai,Thương lái thu mua,Vnđ/Kg,VNĐ,CTV địa phương,2024-08-27,119933.0
Cà phê Robusta nhân xô,Kon Tum,Thương lái thu mua,Vnđ/Kg,VNĐ,CTV địa phương,2024-08-27,120000.0
Cà phê Robusta nhân xô,Lâm Đồng,Thương lái thu mua,Vnđ/Kg,VNĐ,CTV địa phương,2024-08-27,119200.0
Cà phê Robusta nhân xô,Đắk Lắk,Thương lái thu mua,Vnđ/Kg,VNĐ,CTV địa phương,2024-08-26,119000.0
Cà phê Robusta nhân xô,Đắk Nông,Thương lái thu mua,Vnđ/Kg,VNĐ,CTV địa phương,2024-08-26,119750.0
Cà phê Robusta nhân xô,Gia Lai,Thương lái thu mua,Vnđ/Kg,VNĐ,CTV địa phương,2024-08-26,119733.0
Cà phê Robusta nhân xô,Kon Tum,Thương lái thu mua,Vnđ/Kg,VNĐ,CTV địa phương,2024-08-26,119800.0
Cà phê Robusta nhân xô,Lâm Đồng,Thương lái thu mua,Vnđ/Kg,VNĐ,CTV địa phương,2024-08-26,119000.0
Cà phê Robusta nhân xô,Đắk Lắk,Thương lái thu mua,Vnđ/Kg,VNĐ,CTV địa phương,2024-08-23,119633.0
Cà phê Robusta nhân xô,Đắk Nông,Thương lái thu mua,Vnđ/Kg,VNĐ,CTV địa phương,2024-08-23,119750.0
Cà phê Robusta nhân xô,Gia Lai,Thương lái thu mua,Vnđ/Kg,VNĐ,CTV địa phương,2024-08-23,119633.0
Cà phê Robusta nhân xô,Kon Tum,Thương lái thu mua,Vnđ/Kg,VNĐ,CTV địa phương,2024-08-23,119600.0
Cà phê Robusta nhân xô,Lâm Đồng,Thương lái thu mua,Vnđ/Kg,VNĐ,CTV địa phương,2024-08-23,119000.0
Cà phê Robusta nhân xô,Đắk Lắk,Thương lái thu mua,Vnđ/Kg,VNĐ,CTV địa phương,2024-08-22,119633.0
Cà phê Robusta nhân xô,Đắk Nông,Thương lái thu mua,Vnđ/Kg,VNĐ,CTV địa phương,2024-08-22,119750.0
Cà phê Robusta nhân xô,Gia Lai,Thương lái thu mua,Vnđ/Kg,VNĐ,CTV địa phương,2024-08-22,119633.0
Cà phê Robusta nhân xô,Kon Tum,Thương lái thu mua,Vnđ/Kg,VNĐ,CTV địa phương,2024-08-22,119600.0
Cà phê Robusta nhân xô,Lâm Đồng,Thương lái thu mua,Vnđ/Kg,VNĐ,CTV địa phương,2024-08-22,119000.0
Cà phê Robusta nhân xô,Đắk Lắk,Thương lái thu mua,Vnđ/Kg,VNĐ,CTV địa phương,2024-08-21,118633.0
Cà phê Robusta nhân xô,Đắk Nông,Thương lái thu mua,Vnđ/Kg,VNĐ,CTV địa phương,2024-08-21,118650.0
Cà phê Robusta nhân xô,Gia Lai,Thương lái thu mua,Vnđ/Kg,VNĐ,CTV địa phương,2024-08-21,118533.0
Cà phê Robusta nhân xô,Kon Tum,Thương lái thu mua,Vnđ/Kg,VNĐ,CTV địa phương,2024-08-21,118500.0
Cà phê Robusta nhân xô,Lâm Đồng,Thương lái thu mua,Vnđ/Kg,VNĐ,CTV địa phương,2024-08-21,117900.0
Cà phê Robusta nhân xô,Đắk Lắk,Thương lái thu mua,Vnđ/Kg,VNĐ,CTV địa phương,2024-08-20,118333.0
Cà phê Robusta nhân xô,Đắk Nông,Thương lái thu mua,Vnđ/Kg,VNĐ,CTV địa phương,2024-08-20,118350.0
Cà phê Robusta nhân xô,Gia Lai,Thương lái thu mua,Vnđ/Kg,VNĐ,CTV địa phương,2024-08-20,118300.0
Cà phê Robusta nhân xô,Kon Tum,Thương lái thu mua,Vnđ/Kg,VNĐ,CTV địa phương,2024-08-20,118300.0
Cà phê Robusta nhân xô,Lâm Đồng,Thương lái thu mua,Vnđ/Kg,VNĐ,CTV địa phương,2024-08-20,117600.0
Cà phê Robusta nhân xô,Đắk Lắk,Thương lái thu mua,Vnđ/Kg,VNĐ,CTV địa phương,2024-08-19,118033.0
Cà phê Robusta nhân xô,Đắk Nông,Thương lái thu mua,Vnđ/Kg,VNĐ,CTV địa phương,2024-08-19,118050.0
Cà phê Robusta nhân xô,Gia Lai,Thương lái thu mua,Vnđ/Kg,VNĐ,CTV địa phương,2024-08-19,118000.0
Cà phê Robusta nhân xô,Kon Tum,Thương lái thu mua,Vnđ/Kg,VNĐ,CTV địa phương,2024-08-19,118000.0
Cà phê Robusta nhân xô,Lâm Đồng,Thương lái thu mua,Vnđ/Kg,VNĐ,CTV địa phương,2024-08-19,117300.0
Cà phê Robusta nhân xô,Đắk Lắk,Thương lái thu mua,Vnđ/Kg,VNĐ,CTV địa phương,2024-08-16,118933.0
Cà phê Robusta nhân xô,Đắk Nông,Thương lái thu mua,Vnđ/Kg,VNĐ,CTV địa phương,2024-08-16,118850.0
Cà phê Robusta nhân xô,Gia Lai,Thương lái thu mua,Vnđ/Kg,VNĐ,CTV địa phương,2024-08-16,118733.0
Cà phê Robusta nhân xô,Kon Tum,Thương lái thu mua,Vnđ/Kg,VNĐ,CTV địa phương,2024-08-16,118800.0
Cà phê Robusta nhân xô,Lâm Đồng,Thương lái thu mua,Vnđ/Kg,VNĐ,CTV địa phương,2024-08-16,118500.0
Cà phê Robusta nhân xô,Đắk Lắk,Thương lái thu mua,Vnđ/Kg,VNĐ,CTV địa phương,2024-08-15,117533.0
Cà phê Robusta nhân xô,Đắk Nông,Thương lái thu mua,Vnđ/Kg,VNĐ,CTV địa phương,2024-08-15,117550.0
Cà phê Robusta nhân xô,Gia Lai,Thương lái thu mua,Vnđ/Kg,VNĐ,CTV địa phương,2024-08-15,117433.0
Cà phê Robusta nhân xô,Kon Tum,Thương lái thu mua,Vnđ/Kg,VNĐ,CTV địa phương,2024-08-15,117500.0
Cà phê Robusta nhân xô,Lâm Đồng,Thương lái thu mua,Vnđ/Kg,VNĐ,CTV địa phương,2024-08-15,116900.0
Cà phê Robusta nhân xô,Đắk Lắk,Thương lái thu mua,Vnđ/Kg,VNĐ,CTV địa phương,2024-08-14,118433.0
Cà phê Robusta nhân xô,Đắk Nông,Thương lái thu mua,Vnđ/Kg,VNĐ,CTV địa phương,2024-08-14,118450.0
Cà phê Robusta nhân xô,Gia Lai,Thương lái thu mua,Vnđ/Kg,VNĐ,CTV địa phương,2024-08-14,118233.0
Cà phê Robusta nhân xô,Kon Tum,Thương lái thu mua,Vnđ/Kg,VNĐ,CTV địa phương,2024-08-14,118200.0
Cà phê Robusta nhân xô,Lâm Đồng,Thương lái thu mua,Vnđ/Kg,VNĐ,CTV địa phương,2024-08-14,118000.0
Cà phê Robusta nhân xô,Đắk Lắk,Thương lái thu mua,Vnđ/Kg,VNĐ,CTV địa phương,2024-08-13,120933.0
Cà phê Robusta nhân xô,Đắk Nông,Thương lái thu mua,Vnđ/Kg,VNĐ,CTV địa phương,2024-08-13,121150.0
Cà phê Robusta nhân xô,Gia Lai,Thương lái thu mua,Vnđ/Kg,VNĐ,CTV địa phương,2024-08-13,120367.0
Cà phê Robusta nhân xô,Kon Tum,Thương lái thu mua,Vnđ/Kg,VNĐ,CTV địa phương,2024-08-13,121100.0
Cà phê Robusta nhân xô,Lâm Đồng,Thương lái thu mua,Vnđ/Kg,VNĐ,CTV địa phương,2024-08-13,120000.0
Cà phê Robusta nhân xô,Đắk Lắk,Thương lái thu mua,Vnđ/Kg,VNĐ,CTV địa phương,2024-08-12,119233.0
Cà phê Robusta nhân xô,Đắk Nông,Thương lái thu mua,Vnđ/Kg,VNĐ,CTV địa phương,2024-08-12,119250.0
Cà phê Robusta nhân xô,Gia Lai,Thương lái thu mua,Vnđ/Kg,VNĐ,CTV địa phương,2024-08-12,119033.0
Cà phê Robusta nhân xô,Kon Tum,Thương lái thu mua,Vnđ/Kg,VNĐ,CTV địa phương,2024-08-12,119100.0
Cà phê Robusta nhân xô,Lâm Đồng,Thương lái thu mua,Vnđ/Kg,VNĐ,CTV địa phương,2024-08-12,118600.0
Cà phê Robusta nhân xô,Đắk Lắk,Thương lái thu mua,Vnđ/Kg,VNĐ,CTV địa phương,2024-08-09,121933.0
Cà phê Robusta nhân xô,Đắk Nông,Thương lái thu mua,Vnđ/Kg,VNĐ,CTV địa phương,2024-08-09,121950.0
Cà phê Robusta nhân xô,Gia Lai,Thương lái thu mua,Vnđ/Kg,VNĐ,CTV địa phương,2024-08-09,121733.0
Cà phê Robusta nhân xô,Kon Tum,Thương lái thu mua,Vnđ/Kg,VNĐ,CTV địa phương,2024-08-09,121800.0
Cà phê Robusta nhân xô,Lâm Đồng,Thương lái thu mua,Vnđ/Kg,VNĐ,CTV địa phương,2024-08-09,121300.0
Cà phê Robusta nhân xô,Đắk Lắk,Thương lái thu mua,Vnđ/Kg,VNĐ,CTV địa phương,2024-08-08,121933.0
Cà phê Robusta nhân xô,Đắk Nông,Thương lái thu mua,Vnđ/Kg,VNĐ,CTV địa phương,2024-08-08,121950.0
Cà phê Robusta nhân xô,Gia Lai,Thương lái thu mua,Vnđ/Kg,VNĐ,CTV địa phương,2024-08-08,122000.0
Cà phê Robusta nhân xô,Kon Tum,Thương lái thu mua,Vnđ/Kg,VNĐ,CTV địa phương,2024-08-08,122000.0
Cà phê Robusta nhân xô,Lâm Đồng,Thương lái thu mua,Vnđ/Kg,VNĐ,CTV địa phương,2024-08-08,121500.0
Cà phê Robusta nhân xô,Đắk Lắk,Thương lái thu mua,Vnđ/Kg,VNĐ,CTV địa phương,2024-08-07,122433.0
Cà phê Robusta nhân xô,Đắk Nông,Thương lái thu mua,Vnđ/Kg,VNĐ,CTV địa phương,2024-08-07,122450.0
Cà phê Robusta nhân xô,Gia Lai,Thương lái thu mua,Vnđ/Kg,VNĐ,CTV địa phương,2024-08-07,122433.0
Cà phê Robusta nhân xô,Kon Tum,Thương lái thu mua,Vnđ/Kg,VNĐ,CTV địa phương,2024-08-07,122400.0
Cà phê Robusta nhân xô,Lâm Đồng,Thương lái thu mua,Vnđ/Kg,VNĐ,CTV địa phương,2024-08-07,122000.0
Cà phê Robusta nhân xô,Đắk Lắk,Thương lái thu mua,Vnđ/Kg,VNĐ,CTV địa phương,2024-08-06,121933.0
Cà phê Robusta nhân xô,Đắk Nông,Thương lái thu mua,Vnđ/Kg,VNĐ,CTV địa phương,2024-08-06,121950.0
Cà phê Robusta nhân xô,Gia Lai,Thương lái thu mua,Vnđ/Kg,VNĐ,CTV địa phương,2024-08-06,122000.0
Cà phê Robusta nhân xô,Kon Tum,Thương lái thu mua,Vnđ/Kg,VNĐ,CTV địa phương,2024-08-06,122000.0
Cà phê Robusta nhân xô,Lâm Đồng,Thương lái thu mua,Vnđ/Kg,VNĐ,CTV địa phương,2024-08-06,121500.0
Cà phê Robusta nhân xô,Đắk Lắk,Thương lái thu mua,Vnđ/Kg,VNĐ,CTV địa phương,2024-08-05,123133.0
Cà phê Robusta nhân xô,Đắk Nông,Thương lái thu mua,Vnđ/Kg,VNĐ,CTV địa phương,2024-08-05,123150.0
Cà phê Robusta nhân xô,Gia Lai,Thương lái thu mua,Vnđ/Kg,VNĐ,CTV địa phương,2024-08-05,123033.0
Cà phê Robusta nhân xô,Kon Tum,Thương lái thu mua,Vnđ/Kg,VNĐ,CTV địa phương,2024-08-05,123000.0
Cà phê Robusta nhân xô,Lâm Đồng,Thương lái thu mua,Vnđ/Kg,VNĐ,CTV địa phương,2024-08-05,122700.0
Cà phê Robusta nhân xô,Đắk Lắk,Thương lái thu mua,Vnđ/Kg,VNĐ,CTV địa phương,2024-08-02,123000.0
Cà phê Robusta nhân xô,Đắk Nông,Thương lái thu mua,Vnđ/Kg,VNĐ,CTV địa phương,2024-08-02,123050.0
Cà phê Robusta nhân xô,Gia Lai,Thương lái thu mua,Vnđ/Kg,VNĐ,CTV địa phương,2024-08-02,122933.0
Cà phê Robusta nhân xô,Kon Tum,Thương lái thu mua,Vnđ/Kg,VNĐ,CTV địa phương,2024-08-02,122900.0
Cà phê Robusta nhân xô,Lâm Đồng,Thương lái thu mua,Vnđ/Kg,VNĐ,CTV địa phương,2024-08-02,122500.0
Cà phê Robusta nhân xô,Đắk Lắk,Thương lái thu mua,Vnđ/Kg,VNĐ,CTV địa phương,2024-08-01,123433.0
Cà phê Robusta nhân xô,Đắk Nông,Thương lái thu mua,Vnđ/Kg,VNĐ,CTV địa phương,2024-08-01,123550.0
Cà phê Robusta nhân xô,Gia Lai,Thương lái thu mua,Vnđ/Kg,VNĐ,CTV địa phương,2024-08-01,123433.0
Cà phê Robusta nhân xô,Kon Tum,Thương lái thu mua,Vnđ/Kg,VNĐ,CTV địa phương,2024-08-01,123400.0
Cà phê Robusta nhân xô,Lâm Đồng,Thương lái thu mua,Vnđ/Kg,VNĐ,CTV địa phương,2024-08-01,123000.0
Cà phê Robusta nhân xô,Đắk Lắk,Thương lái thu mua,Vnđ/Kg,VNĐ,CTV địa phương,2024-07-31,123433.0
Cà phê Robusta nhân xô,Đắk Nông,Thương lái thu mua,Vnđ/Kg,VNĐ,CTV địa phương,2024-07-31,123550.0
Cà phê Robusta nhân xô,Gia Lai,Thương lái thu mua,Vnđ/Kg,VNĐ,CTV địa phương,2024-07-31,123433.0
Cà phê Robusta nhân xô,Kon Tum,Thương lái thu mua,Vnđ/Kg,VNĐ,CTV địa phương,2024-07-31,123400.0
Cà phê Robusta nhân xô,Lâm Đồng,Thương lái thu mua,Vnđ/Kg,VNĐ,CTV địa phương,2024-07-31,123000.0
Cà phê Robusta nhân xô,Đắk Lắk,Thương lái thu mua,Vnđ/Kg,VNĐ,CTV địa phương,2024-07-30,123733.0
Cà phê Robusta nhân xô,Đắk Nông,Thương lái thu mua,Vnđ/Kg,VNĐ,CTV địa phương,2024-07-30,123950.0
Cà phê Robusta nhân xô,Gia Lai,Thương lái thu mua,Vnđ/Kg,VNĐ,CTV địa phương,2024-07-30,123633.0
Cà phê Robusta nhân xô,Kon Tum,Thương lái thu mua,Vnđ/Kg,VNĐ,CTV địa phương,2024-07-30,123700.0
Cà phê Robusta nhân xô,Lâm Đồng,Thương lái thu mua,Vnđ/Kg,VNĐ,CTV địa phương,2024-07-30,123400.0
Cà phê Robusta nhân xô,Đắk Lắk,Thương lái thu mua,Vnđ/Kg,VNĐ,CTV địa phương,2024-07-29,123733.0
Cà phê Robusta nhân xô,Đắk Nông,Thương lái thu mua,Vnđ/Kg,VNĐ,CTV địa phương,2024-07-29,123950.0
Cà phê Robusta nhân xô,Gia Lai,Thương lái thu mua,Vnđ/Kg,VNĐ,CTV địa phương,2024-07-29,123633.0
Cà phê Robusta nhân xô,Kon Tum,Thương lái thu mua,Vnđ/Kg,VNĐ,CTV địa phương,2024-07-29,123700.0
Cà phê Robusta nhân xô,Lâm Đồng,Thương lái thu mua,Vnđ/Kg,VNĐ,CTV địa phương,2024-07-29,123400.0
Cà phê Robusta nhân xô,Đắk Lắk,Thương lái thu mua,Vnđ/Kg,VNĐ,CTV địa phương,2024-07-26,125233.0
Cà phê Robusta nhân xô,Đắk Nông,Thương lái thu mua,Vnđ/Kg,VNĐ,CTV địa phương,2024-07-26,125450.0
Cà phê Robusta nhân xô,Gia Lai,Thương lái thu mua,Vnđ/Kg,VNĐ,CTV địa phương,2024-07-26,125133.0
Cà phê Robusta nhân xô,Kon Tum,Thương lái thu mua,Vnđ/Kg,VNĐ,CTV địa phương,2024-07-26,125200.0
Cà phê Robusta nhân xô,Lâm Đồng,Thương lái thu mua,Vnđ/Kg,VNĐ,CTV địa phương,2024-07-26,121000.0
Cà phê Robusta nhân xô,Đắk Lắk,Thương lái thu mua,Vnđ/Kg,VNĐ,CTV địa phương,2024-07-25,124433.0
Cà phê Robusta nhân xô,Đắk Nông,Thương lái thu mua,Vnđ/Kg,VNĐ,CTV địa phương,2024-07-25,124650.0
Cà phê Robusta nhân xô,Gia Lai,Thương lái thu mua,Vnđ/Kg,VNĐ,CTV địa phương,2024-07-25,124433.0
Cà phê Robusta nhân xô,Kon Tum,Thương lái thu mua,Vnđ/Kg,VNĐ,CTV địa phương,2024-07-25,124500.0
Cà phê Robusta nhân xô,Lâm Đồng,Thương lái thu mua,Vnđ/Kg,VNĐ,CTV địa phương,2024-07-25,124000.0
Cà phê Robusta nhân xô,Đắk Lắk,Thương lái thu mua,Vnđ/Kg,VNĐ,CTV địa phương,2024-07-24,126433.0
Cà phê Robusta nhân xô,Đắk Nông,Thương lái thu mua,Vnđ/Kg,VNĐ,CTV địa phương,2024-07-24,126650.0
Cà phê Robusta nhân xô,Gia Lai,Thương lái thu mua,Vnđ/Kg,VNĐ,CTV địa phương,2024-07-24,126433.0
Cà phê Robusta nhân xô,Kon Tum,Thương lái thu mua,Vnđ/Kg,VNĐ,CTV địa phương,2024-07-24,126500.0
Cà phê Robusta nhân xô,Lâm Đồng,Thương lái thu mua,Vnđ/Kg,VNĐ,CTV địa phương,2024-07-24,126000.0
Cà phê Robusta nhân xô,Đắk Lắk,Thương lái thu mua,Vnđ/Kg,VNĐ,CTV địa phương,2024-07-23,127733.0
Cà phê Robusta nhân xô,Đắk Nông,Thương lái thu mua,Vnđ/Kg,VNĐ,CTV địa phương,2024-07-23,127850.0
Cà phê Robusta nhân xô,Gia Lai,Thương lái thu mua,Vnđ/Kg,VNĐ,CTV địa phương,2024-07-23,127633.0
Cà phê Robusta nhân xô,Kon Tum,Thương lái thu mua,Vnđ/Kg,VNĐ,CTV địa phương,2024-07-23,127700.0
Cà phê Robusta nhân xô,Lâm Đồng,Thương lái thu mua,Vnđ/Kg,VNĐ,CTV địa phương,2024-07-23,127300.0
Cà phê Robusta nhân xô,Đắk Lắk,Thương lái thu mua,Vnđ/Kg,VNĐ,CTV địa phương,2024-07-22,126533.0
Cà phê Robusta nhân xô,Đắk Nông,Thương lái thu mua,Vnđ/Kg,VNĐ,CTV địa phương,2024-07-22,126550.0
Cà phê Robusta nhân xô,Gia Lai,Thương lái thu mua,Vnđ/Kg,VNĐ,CTV địa phương,2024-07-22,126433.0
Cà phê Robusta nhân xô,Kon Tum,Thương lái thu mua,Vnđ/Kg,VNĐ,CTV địa phương,2024-07-22,126500.0
Cà phê Robusta nhân xô,Lâm Đồng,Thương lái thu mua,Vnđ/Kg,VNĐ,CTV địa phương,2024-07-22,126000.0
Cà phê Robusta nhân xô,Đắk Lắk,Thương lái thu mua,Vnđ/Kg,VNĐ,CTV địa phương,2024-07-19,126033.0
Cà phê Robusta nhân xô,Đắk Nông,Thương lái thu mua,Vnđ/Kg,VNĐ,CTV địa phương,2024-07-19,126050.0
Cà phê Robusta nhân xô,Gia Lai,Thương lái thu mua,Vnđ/Kg,VNĐ,CTV địa phương,2024-07-19,125933.0
Cà phê Robusta nhân xô,Kon Tum,Thương lái thu mua,Vnđ/Kg,VNĐ,CTV địa phương,2024-07-19,126000.0
Cà phê Robusta nhân xô,Lâm Đồng,Thương lái thu mua,Vnđ/Kg,VNĐ,CTV địa phương,2024-07-19,125500.0
Cà phê Robusta nhân xô,Đắk Lắk,Thương lái thu mua,Vnđ/Kg,VNĐ,CTV địa phương,2024-07-18,127433.0
Cà phê Robusta nhân xô,Đắk Nông,Thương lái thu mua,Vnđ/Kg,VNĐ,CTV địa phương,2024-07-18,127550.0
Cà phê Robusta nhân xô,Gia Lai,Thương lái thu mua,Vnđ/Kg,VNĐ,CTV địa phương,2024-07-18,127433.0
Cà phê Robusta nhân xô,Kon Tum,Thương lái thu mua,Vnđ/Kg,VNĐ,CTV địa phương,2024-07-18,127500.0
Cà phê Robusta nhân xô,Lâm Đồng,Thương lái thu mua,Vnđ/Kg,VNĐ,CTV địa phương,2024-07-18,127000.0
Cà phê Robusta nhân xô,Đắk Lắk,Thương lái thu mua,Vnđ/Kg,VNĐ,CTV địa phương,2024-07-17,127533.0
Cà phê Robusta nhân xô,Đắk Nông,Thương lái thu mua,Vnđ/Kg,VNĐ,CTV địa phương,2024-07-17,127950.0
Cà phê Robusta nhân xô,Gia Lai,Thương lái thu mua,Vnđ/Kg,VNĐ,CTV địa phương,2024-07-17,127533.0
Cà phê Robusta nhân xô,Kon Tum,Thương lái thu mua,Vnđ/Kg,VNĐ,CTV địa phương,2024-07-17,127500.0
Cà phê Robusta nhân xô,Lâm Đồng,Thương lái thu mua,Vnđ/Kg,VNĐ,CTV địa phương,2024-07-17,127200.0
Cà phê Robusta nhân xô,Đắk Lắk,Thương lái thu mua,Vnđ/Kg,VNĐ,CTV địa phương,2024-07-16,128000.0
Cà phê Robusta nhân xô,Đắk Nông,Thương lái thu mua,Vnđ/Kg,VNĐ,CTV địa phương,2024-07-16,128050.0
Cà phê Robusta nhân xô,Gia Lai,Thương lái thu mua,Vnđ/Kg,VNĐ,CTV địa phương,2024-07-16,127933.0
Cà phê Robusta nhân xô,Kon Tum,Thương lái thu mua,Vnđ/Kg,VNĐ,CTV địa phương,2024-07-16,127900.0
Cà phê Robusta nhân xô,Lâm Đồng,Thương lái thu mua,Vnđ/Kg,VNĐ,CTV địa phương,2024-07-16,127500.0
Cà phê Robusta nhân xô,Đắk Lắk,Thương lái thu mua,Vnđ/Kg,VNĐ,CTV địa phương,2024-07-15,128433.0
Cà phê Robusta nhân xô,Đắk Nông,Thương lái thu mua,Vnđ/Kg,VNĐ,CTV địa phương,2024-07-15,128550.0
Cà phê Robusta nhân xô,Gia Lai,Thương lái thu mua,Vnđ/Kg,VNĐ,CTV địa phương,2024-07-15,128433.0
Cà phê Robusta nhân xô,Kon Tum,Thương lái thu mua,Vnđ/Kg,VNĐ,CTV địa phương,2024-07-15,128400.0
Cà phê Robusta nhân xô,Lâm Đồng,Thương lái thu mua,Vnđ/Kg,VNĐ,CTV địa phương,2024-07-15,127900.0
Cà phê Robusta nhân xô,Đắk Lắk,Thương lái thu mua,Vnđ/Kg,VNĐ,CTV địa phương,2024-07-12,127133.0
Cà phê Robusta nhân xô,Đắk Nông,Thương lái thu mua,Vnđ/Kg,VNĐ,CTV địa phương,2024-07-12,127150.0
Cà phê Robusta nhân xô,Gia Lai,Thương lái thu mua,Vnđ/Kg,VNĐ,CTV địa phương,2024-07-12,127133.0
Cà phê Robusta nhân xô,Kon Tum,Thương lái thu mua,Vnđ/Kg,VNĐ,CTV địa phương,2024-07-12,127100.0
Cà phê Robusta nhân xô,Lâm Đồng,Thương lái thu mua,Vnđ/Kg,VNĐ,CTV địa phương,2024-07-12,126600.0
Cà phê Robusta nhân xô,Đắk Lắk,Thương lái thu mua,Vnđ/Kg,VNĐ,CTV địa phương,2024-07-11,127700.0
Cà phê Robusta nhân xô,Đắk Nông,Thương lái thu mua,Vnđ/Kg,VNĐ,CTV địa phương,2024-07-11,127550.0
Cà phê Robusta nhân xô,Gia Lai,Thương lái thu mua,Vnđ/Kg,VNĐ,CTV địa phương,2024-07-11,127533.0
Cà phê Robusta nhân xô,Kon Tum,Thương lái thu mua,Vnđ/Kg,VNĐ,CTV địa phương,2024-07-11,127500.0
Cà phê Robusta nhân xô,Lâm Đồng,Thương lái thu mua,Vnđ/Kg,VNĐ,CTV địa phương,2024-07-11,127100.0
Cà phê Robusta nhân xô,Đắk Lắk,Thương lái thu mua,Vnđ/Kg,VNĐ,CTV địa phương,2024-07-10,128700.0
Cà phê Robusta nhân xô,Đắk Nông,Thương lái thu mua,Vnđ/Kg,VNĐ,CTV địa phương,2024-07-10,128550.0
Cà phê Robusta nhân xô,Gia Lai,Thương lái thu mua,Vnđ/Kg,VNĐ,CTV địa phương,2024-07-10,128533.0
Cà phê Robusta nhân xô,Kon Tum,Thương lái thu mua,Vnđ/Kg,VNĐ,CTV địa phương,2024-07-10,128500.0
Cà phê Robusta nhân xô,Lâm Đồng,Thương lái thu mua,Vnđ/Kg,VNĐ,CTV địa phương,2024-07-10,128100.0
Cà phê Robusta nhân xô,Đắk Lắk,Thương lái thu mua,Vnđ/Kg,VNĐ,CTV địa phương,2024-07-09,126533.0
Cà phê Robusta nhân xô,Đắk Nông,Thương lái thu mua,Vnđ/Kg,VNĐ,CTV địa phương,2024-07-09,127050.0
Cà phê Robusta nhân xô,Gia Lai,Thương lái thu mua,Vnđ/Kg,VNĐ,CTV địa phương,2024-07-09,126533.0
Cà phê Robusta nhân xô,Kon Tum,Thương lái thu mua,Vnđ/Kg,VNĐ,CTV địa phương,2024-07-09,126500.0
Cà phê Robusta nhân xô,Lâm Đồng,Thương lái thu mua,Vnđ/Kg,VNĐ,CTV địa phương,2024-07-09,125900.0
Cà phê Robusta nhân xô,Đắk Lắk,Thương lái thu mua,Vnđ/Kg,VNĐ,CTV địa phương,2024-07-08,123533.0
Cà phê Robusta nhân xô,Đắk Nông,Thương lái thu mua,Vnđ/Kg,VNĐ,CTV địa phương,2024-07-08,124050.0
Cà phê Robusta nhân xô,Gia Lai,Thương lái thu mua,Vnđ/Kg,VNĐ,CTV địa phương,2024-07-08,123533.0
Cà phê Robusta nhân xô,Kon Tum,Thương lái thu mua,Vnđ/Kg,VNĐ,CTV địa phương,2024-07-08,123500.0
Cà phê Robusta nhân xô,Lâm Đồng,Thương lái thu mua,Vnđ/Kg,VNĐ,CTV địa phương,2024-07-08,122900.0
Cà phê Robusta nhân xô,Đắk Lắk,Thương lái thu mua,Vnđ/Kg,VNĐ,CTV địa phương,2024-07-05,122933.0
Cà phê Robusta nhân xô,Đắk Nông,Thương lái thu mua,Vnđ/Kg,VNĐ,CTV địa phương,2024-07-05,123450.0
Cà phê Robusta nhân xô,Gia Lai,Thương lái thu mua,Vnđ/Kg,VNĐ,CTV địa phương,2024-07-05,122933.0
Cà phê Robusta nhân xô,Kon Tum,Thương lái thu mua,Vnđ/Kg,VNĐ,CTV địa phương,2024-07-05,121100.0
Cà phê Robusta nhân xô,Lâm Đồng,Thương lái thu mua,Vnđ/Kg,VNĐ,CTV địa phương,2024-07-05,123000.0
Cà phê Robusta nhân xô,Đắk Lắk,Thương lái thu mua,Vnđ/Kg,VNĐ,CTV địa phương,2024-07-04,120933.0
Cà phê Robusta nhân xô,Đắk Nông,Thương lái thu mua,Vnđ/Kg,VNĐ,CTV địa phương,2024-07-04,121250.0
Cà phê Robusta nhân xô,Gia Lai,Thương lái thu mua,Vnđ/Kg,VNĐ,CTV địa phương,2024-07-04,120033.0
Cà phê Robusta nhân xô,Kon Tum,Thương lái thu mua,Vnđ/Kg,VNĐ,CTV địa phương,2024-07-04,120900.0
Cà phê Robusta nhân xô,Lâm Đồng,Thương lái thu mua,Vnđ/Kg,VNĐ,CTV địa phương,2024-07-04,120000.0
Cà phê Robusta nhân xô,Đắk Lắk,Thương lái thu mua,Vnđ/Kg,VNĐ,CTV địa phương,2024-07-03,121933.0
Cà phê Robusta nhân xô,Đắk Nông,Thương lái thu mua,Vnđ/Kg,VNĐ,CTV địa phương,2024-07-03,120750.0
Cà phê Robusta nhân xô,Gia Lai,Thương lái thu mua,Vnđ/Kg,VNĐ,CTV địa phương,2024-07-03,121933.0
Cà phê Robusta nhân xô,Kon Tum,Thương lái thu mua,Vnđ/Kg,VNĐ,CTV địa phương,2024-07-03,121900.0
Cà phê Robusta nhân xô,Lâm Đồng,Thương lái thu mua,Vnđ/Kg,VNĐ,CTV địa phương,2024-07-03,121000.0
Cà phê Robusta nhân xô,Đắk Lắk,Thương lái thu mua,Vnđ/Kg,VNĐ,CTV địa phương,2024-07-02,120133.0
Cà phê Robusta nhân xô,Đắk Nông,Thương lái thu mua,Vnđ/Kg,VNĐ,CTV địa phương,2024-07-02,121450.0
Cà phê Robusta nhân xô,Gia Lai,Thương lái thu mua,Vnđ/Kg,VNĐ,CTV địa phương,2024-07-02,121133.0
Cà phê Robusta nhân xô,Kon Tum,Thương lái thu mua,Vnđ/Kg,VNĐ,CTV địa phương,2024-07-02,121200.0
Cà phê Robusta nhân xô,Lâm Đồng,Thương lái thu mua,Vnđ/Kg,VNĐ,CTV địa phương,2024-07-02,120200.0
Cà phê Robusta nhân xô,Đắk Lắk,Thương lái thu mua,Vnđ/Kg,VNĐ,CTV địa phương,2024-07-01,119133.0
Cà phê Robusta nhân xô,Đắk Nông,Thương lái thu mua,Vnđ/Kg,VNĐ,CTV địa phương,2024-07-01,119250.0
Cà phê Robusta nhân xô,Gia Lai,Thương lái thu mua,Vnđ/Kg,VNĐ,CTV địa phương,2024-07-01,119133.0
Cà phê Robusta nhân xô,Kon Tum,Thương lái thu mua,Vnđ/Kg,VNĐ,CTV địa phương,2024-07-01,119200.0
Cà phê Robusta nhân xô,Lâm Đồng,Thương lái thu mua,Vnđ/Kg,VNĐ,CTV địa phương,2024-07-01,118200.0
Cà phê Robusta nhân xô,Đắk Lắk,Thương lái thu mua,Vnđ/Kg,VNĐ,CTV địa phương,2024-06-28,122233.0
Cà phê Robusta nhân xô,Đắk Nông,Thương lái thu mua,Vnđ/Kg,VNĐ,CTV địa phương,2024-06-28,122350.0
Cà phê Robusta nhân xô,Gia Lai,Thương lái thu mua,Vnđ/Kg,VNĐ,CTV địa phương,2024-06-28,122133.0
Cà phê Robusta nhân xô,Kon Tum,Thương lái thu mua,Vnđ/Kg,VNĐ,CTV địa phương,2024-06-28,120700.0
Cà phê Robusta nhân xô,Lâm Đồng,Thương lái thu mua,Vnđ/Kg,VNĐ,CTV địa phương,2024-06-28,121000.0
Cà phê Robusta nhân xô,Đắk Lắk,Thương lái thu mua,Vnđ/Kg,VNĐ,CTV địa phương,2024-06-27,123733.0
Cà phê Robusta nhân xô,Đắk Nông,Thương lái thu mua,Vnđ/Kg,VNĐ,CTV địa phương,2024-06-27,123850.0
Cà phê Robusta nhân xô,Gia Lai,Thương lái thu mua,Vnđ/Kg,VNĐ,CTV địa phương,2024-06-27,121433.0
Cà phê Robusta nhân xô,Kon Tum,Thương lái thu mua,Vnđ/Kg,VNĐ,CTV địa phương,2024-06-27,123700.0
Cà phê Robusta nhân xô,Lâm Đồng,Thương lái thu mua,Vnđ/Kg,VNĐ,CTV địa phương,2024-06-27,123000.0
Cà phê Robusta nhân xô,Đắk Lắk,Thương lái thu mua,Vnđ/Kg,VNĐ,CTV địa phương,2024-06-26,121433.0
Cà phê Robusta nhân xô,Đắk Nông,Thương lái thu mua,Vnđ/Kg,VNĐ,CTV địa phương,2024-06-26,120450.0
Cà phê Robusta nhân xô,Gia Lai,Thương lái thu mua,Vnđ/Kg,VNĐ,CTV địa phương,2024-06-26,121433.0
Cà phê Robusta nhân xô,Kon Tum,Thương lái thu mua,Vnđ/Kg,VNĐ,CTV địa phương,2024-06-26,121500.0
Cà phê Robusta nhân xô,Lâm Đồng,Thương lái thu mua,Vnđ/Kg,VNĐ,CTV địa phương,2024-06-26,120500.0
Cà phê Robusta nhân xô,Đắk Lắk,Thương lái thu mua,Vnđ/Kg,VNĐ,CTV địa phương,2024-06-25,119066.5
Cà phê Robusta nhân xô,Đắk Nông,Thương lái thu mua,Vnđ/Kg,VNĐ,CTV địa phương,2024-06-25,119933.0
Cà phê Robusta nhân xô,Gia Lai,Thương lái thu mua,Vnđ/Kg,VNĐ,CTV địa phương,2024-06-25,120250.0
Cà phê Robusta nhân xô,Kon Tum,Thương lái thu mua,Vnđ/Kg,VNĐ,CTV địa phương,2024-06-25,120033.0
Cà phê Robusta nhân xô,Lâm Đồng,Thương lái thu mua,Vnđ/Kg,VNĐ,CTV địa phương,2024-06-25,123000.0
Cà phê Robusta nhân xô,Đắk Lắk,Thương lái thu mua,Vnđ/Kg,VNĐ,CTV địa phương,2024-06-24,119000.0
Cà phê Robusta nhân xô,Đắk Nông,Thương lái thu mua,Vnđ/Kg,VNĐ,CTV địa phương,2024-06-24,119933.0
Cà phê Robusta nhân xô,Gia Lai,Thương lái thu mua,Vnđ/Kg,VNĐ,CTV địa phương,2024-06-24,120050.0
Cà phê Robusta nhân xô,Kon Tum,Thương lái thu mua,Vnđ/Kg,VNĐ,CTV địa phương,2024-06-24,120033.0
Cà phê Robusta nhân xô,Lâm Đồng,Thương lái thu mua,Vnđ/Kg,VNĐ,CTV địa phương,2024-06-24,119600.0
Cà phê Robusta nhân xô,Đắk Lắk,Thương lái thu mua,Vnđ/Kg,VNĐ,CTV địa phương,2024-06-21,119933.0
Cà phê Robusta nhân xô,Đắk Nông,Thương lái thu mua,Vnđ/Kg,VNĐ,CTV địa phương,2024-06-21,120150.0
Cà phê Robusta nhân xô,Gia Lai,Thương lái thu mua,Vnđ/Kg,VNĐ,CTV địa phương,2024-06-21,119933.0
Cà phê Robusta nhân xô,Kon Tum,Thương lái thu mua,Vnđ/Kg,VNĐ,CTV địa phương,2024-06-21,120000.0
Cà phê Robusta nhân xô,Lâm Đồng,Thương lái thu mua,Vnđ/Kg,VNĐ,CTV địa phương,2024-06-21,119000.0
Cà phê Robusta nhân xô,Đắk Lắk,Thương lái thu mua,Vnđ/Kg,VNĐ,CTV địa phương,2024-06-20,120933.0
Cà phê Robusta nhân xô,Đắk Nông,Thương lái thu mua,Vnđ/Kg,VNĐ,CTV địa phương,2024-06-20,121150.0
Cà phê Robusta nhân xô,Gia Lai,Thương lái thu mua,Vnđ/Kg,VNĐ,CTV địa phương,2024-06-20,120933.0
Cà phê Robusta nhân xô,Kon Tum,Thương lái thu mua,Vnđ/Kg,VNĐ,CTV địa phương,2024-06-20,121000.0
Cà phê Robusta nhân xô,Lâm Đồng,Thương lái thu mua,Vnđ/Kg,VNĐ,CTV địa phương,2024-06-20,120000.0
Cà phê Robusta nhân xô,Đắk Lắk,Thương lái thu mua,Vnđ/Kg,VNĐ,CTV địa phương,2024-06-19,119933.0
Cà phê Robusta nhân xô,Đắk Nông,Thương lái thu mua,Vnđ/Kg,VNĐ,CTV địa phương,2024-06-19,120150.0
Cà phê Robusta nhân xô,Gia Lai,Thương lái thu mua,Vnđ/Kg,VNĐ,CTV địa phương,2024-06-19,120000.0
Cà phê Robusta nhân xô,Kon Tum,Thương lái thu mua,Vnđ/Kg,VNĐ,CTV địa phương,2024-06-19,120000.0
Cà phê Robusta nhân xô,Lâm Đồng,Thương lái thu mua,Vnđ/Kg,VNĐ,CTV địa phương,2024-06-19,119000.0
Cà phê Robusta nhân xô,Đắk Lắk,Thương lái thu mua,Vnđ/Kg,VNĐ,CTV địa phương,2024-06-18,122000.0
Cà phê Robusta nhân xô,Đắk Nông,Thương lái thu mua,Vnđ/Kg,VNĐ,CTV địa phương,2024-06-18,122933.0
Cà phê Robusta nhân xô,Gia Lai,Thương lái thu mua,Vnđ/Kg,VNĐ,CTV địa phương,2024-06-18,123150.0
Cà phê Robusta nhân xô,Kon Tum,Thương lái thu mua,Vnđ/Kg,VNĐ,CTV địa phương,2024-06-18,122933.0
Cà phê Robusta nhân xô,Lâm Đồng,Thương lái thu mua,Vnđ/Kg,VNĐ,CTV địa phương,2024-06-18,122300.0
Cà phê Robusta nhân xô,Đắk Lắk,Thương lái thu mua,Vnđ/Kg,VNĐ,CTV địa phương,2024-06-17,120000.0
Cà phê Robusta nhân xô,Đắk Nông,Thương lái thu mua,Vnđ/Kg,VNĐ,CTV địa phương,2024-06-17,120933.0
Cà phê Robusta nhân xô,Gia Lai,Thương lái thu mua,Vnđ/Kg,VNĐ,CTV địa phương,2024-06-17,121150.0
Cà phê Robusta nhân xô,Kon Tum,Thương lái thu mua,Vnđ/Kg,VNĐ,CTV địa phương,2024-06-17,120933.0
Cà phê Robusta nhân xô,Lâm Đồng,Thương lái thu mua,Vnđ/Kg,VNĐ,CTV địa phương,2024-06-17,121300.0
Cà phê Robusta nhân xô,Đắk Lắk,Thương lái thu mua,Vnđ/Kg,VNĐ,CTV địa phương,2024-06-14,122433.0
Cà phê Robusta nhân xô,Đắk Nông,Thương lái thu mua,Vnđ/Kg,VNĐ,CTV địa phương,2024-06-14,122650.0
Cà phê Robusta nhân xô,Gia Lai,Thương lái thu mua,Vnđ/Kg,VNĐ,CTV địa phương,2024-06-14,122433.0
Cà phê Robusta nhân xô,Kon Tum,Thương lái thu mua,Vnđ/Kg,VNĐ,CTV địa phương,2024-06-14,122300.0
Cà phê Robusta nhân xô,Lâm Đồng,Thương lái thu mua,Vnđ/Kg,VNĐ,CTV địa phương,2024-06-14,121500.0
Cà phê Robusta nhân xô,Đắk Lắk,Thương lái thu mua,Vnđ/Kg,VNĐ,CTV địa phương,2024-06-13,121333.0
Cà phê Robusta nhân xô,Đắk Nông,Thương lái thu mua,Vnđ/Kg,VNĐ,CTV địa phương,2024-06-13,121550.0
Cà phê Robusta nhân xô,Gia Lai,Thương lái thu mua,Vnđ/Kg,VNĐ,CTV địa phương,2024-06-13,121333.0
Cà phê Robusta nhân xô,Kon Tum,Thương lái thu mua,Vnđ/Kg,VNĐ,CTV địa phương,2024-06-13,121300.0
Cà phê Robusta nhân xô,Lâm Đồng,Thương lái thu mua,Vnđ/Kg,VNĐ,CTV địa phương,2024-06-13,120400.0
Cà phê Robusta nhân xô,Đắk Lắk,Thương lái thu mua,Vnđ/Kg,VNĐ,CTV địa phương,2024-06-12,123133.0
Cà phê Robusta nhân xô,Đắk Nông,Thương lái thu mua,Vnđ/Kg,VNĐ,CTV địa phương,2024-06-12,123350.0
Cà phê Robusta nhân xô,Gia Lai,Thương lái thu mua,Vnđ/Kg,VNĐ,CTV địa phương,2024-06-12,123133.0
Cà phê Robusta nhân xô,Kon Tum,Thương lái thu mua,Vnđ/Kg,VNĐ,CTV địa phương,2024-06-12,123200.0
Cà phê Robusta nhân xô,Lâm Đồng,Thương lái thu mua,Vnđ/Kg,VNĐ,CTV địa phương,2024-06-12,122200.0
Cà phê Robusta nhân xô,Đắk Lắk,Thương lái thu mua,Vnđ/Kg,VNĐ,CTV địa phương,2024-06-11,123933.0
Cà phê Robusta nhân xô,Đắk Nông,Thương lái thu mua,Vnđ/Kg,VNĐ,CTV địa phương,2024-06-11,124150.0
Cà phê Robusta nhân xô,Gia Lai,Thương lái thu mua,Vnđ/Kg,VNĐ,CTV địa phương,2024-06-11,123933.0
Cà phê Robusta nhân xô,Kon Tum,Thương lái thu mua,Vnđ/Kg,VNĐ,CTV địa phương,2024-06-11,124000.0
Cà phê Robusta nhân xô,Lâm Đồng,Thương lái thu mua,Vnđ/Kg,VNĐ,CTV địa phương,2024-06-11,123000.0
Cà phê Robusta nhân xô,Đắk Lắk,Thương lái thu mua,Vnđ/Kg,VNĐ,CTV địa phương,2024-06-10,121500.0
Cà phê Robusta nhân xô,Đắk Nông,Thương lái thu mua,Vnđ/Kg,VNĐ,CTV địa phương,2024-06-10,122433.0
Cà phê Robusta nhân xô,Gia Lai,Thương lái thu mua,Vnđ/Kg,VNĐ,CTV địa phương,2024-06-10,122650.0
Cà phê Robusta nhân xô,Kon Tum,Thương lái thu mua,Vnđ/Kg,VNĐ,CTV địa phương,2024-06-10,122433.0
Cà phê Robusta nhân xô,Lâm Đồng,Thương lái thu mua,Vnđ/Kg,VNĐ,CTV địa phương,2024-06-10,125000.0
Cà phê Robusta nhân xô,Đắk Lắk,Thương lái thu mua,Vnđ/Kg,VNĐ,CTV địa phương,2024-06-07,126433.0
Cà phê Robusta nhân xô,Đắk Nông,Thương lái thu mua,Vnđ/Kg,VNĐ,CTV địa phương,2024-06-07,126950.0
Cà phê Robusta nhân xô,Gia Lai,Thương lái thu mua,Vnđ/Kg,VNĐ,CTV địa phương,2024-06-07,126433.0
Cà phê Robusta nhân xô,Kon Tum,Thương lái thu mua,Vnđ/Kg,VNĐ,CTV địa phương,2024-06-07,126500.0
Cà phê Robusta nhân xô,Lâm Đồng,Thương lái thu mua,Vnđ/Kg,VNĐ,CTV địa phương,2024-06-07,125500.0
Cà phê Robusta nhân xô,Đắk Lắk,Thương lái thu mua,Vnđ/Kg,VNĐ,CTV địa phương,2024-06-06,124433.0
Cà phê Robusta nhân xô,Đắk Nông,Thương lái thu mua,Vnđ/Kg,VNĐ,CTV địa phương,2024-06-06,124950.0
Cà phê Robusta nhân xô,Gia Lai,Thương lái thu mua,Vnđ/Kg,VNĐ,CTV địa phương,2024-06-06,124433.0
Cà phê Robusta nhân xô,Kon Tum,Thương lái thu mua,Vnđ/Kg,VNĐ,CTV địa phương,2024-06-06,124500.0
Cà phê Robusta nhân xô,Lâm Đồng,Thương lái thu mua,Vnđ/Kg,VNĐ,CTV địa phương,2024-06-06,123500.0
Cà phê Robusta nhân xô,Đắk Lắk,Thương lái thu mua,Vnđ/Kg,VNĐ,CTV địa phương,2024-06-05,124000.0
Cà phê Robusta nhân xô,Đắk Nông,Thương lái thu mua,Vnđ/Kg,VNĐ,CTV địa phương,2024-06-05,124933.0
Cà phê Robusta nhân xô,Gia Lai,Thương lái thu mua,Vnđ/Kg,VNĐ,CTV địa phương,2024-06-05,125450.0
Cà phê Robusta nhân xô,Kon Tum,Thương lái thu mua,Vnđ/Kg,VNĐ,CTV địa phương,2024-06-05,124933.0
Cà phê Robusta nhân xô,Lâm Đồng,Thương lái thu mua,Vnđ/Kg,VNĐ,CTV địa phương,2024-06-05,120000.0
Cà phê Robusta nhân xô,Đắk Lắk,Thương lái thu mua,Vnđ/Kg,VNĐ,CTV địa phương,2024-06-04,119933.0
Cà phê Robusta nhân xô,Đắk Nông,Thương lái thu mua,Vnđ/Kg,VNĐ,CTV địa phương,2024-06-04,119950.0
Cà phê Robusta nhân xô,Gia Lai,Thương lái thu mua,Vnđ/Kg,VNĐ,CTV địa phương,2024-06-04,120000.0
Cà phê Robusta nhân xô,Kon Tum,Thương lái thu mua,Vnđ/Kg,VNĐ,CTV địa phương,2024-06-04,120000.0
Cà phê Robusta nhân xô,Lâm Đồng,Thương lái thu mua,Vnđ/Kg,VNĐ,CTV địa phương,2024-06-04,119000.0
Cà phê Robusta nhân xô,Đắk Lắk,Thương lái thu mua,Vnđ/Kg,VNĐ,CTV địa phương,2024-06-03,122000.0
Cà phê Robusta nhân xô,Đắk Nông,Thương lái thu mua,Vnđ/Kg,VNĐ,CTV địa phương,2024-06-03,122933.0
Cà phê Robusta nhân xô,Gia Lai,Thương lái thu mua,Vnđ/Kg,VNĐ,CTV địa phương,2024-06-03,123250.0
Cà phê Robusta nhân xô,Kon Tum,Thương lái thu mua,Vnđ/Kg,VNĐ,CTV địa phương,2024-06-03,123000.0
Cà phê Robusta nhân xô,Lâm Đồng,Thương lái thu mua,Vnđ/Kg,VNĐ,CTV địa phương,2024-06-03,124600.0
Cà phê Robusta nhân xô,Đắk Lắk,Thương lái thu mua,Vnđ/Kg,VNĐ,CTV địa phương,2024-05-31,124633.0
Cà phê Robusta nhân xô,Đắk Nông,Thương lái thu mua,Vnđ/Kg,VNĐ,CTV địa phương,2024-05-31,125150.0
Cà phê Robusta nhân xô,Gia Lai,Thương lái thu mua,Vnđ/Kg,VNĐ,CTV địa phương,2024-05-31,124633.0
Cà phê Robusta nhân xô,Kon Tum,Thương lái thu mua,Vnđ/Kg,VNĐ,CTV địa phương,2024-05-31,124600.0
Cà phê Robusta nhân xô,Lâm Đồng,Thương lái thu mua,Vnđ/Kg,VNĐ,CTV địa phương,2024-05-31,124000.0
Cà phê Robusta nhân xô,Đắk Lắk,Thương lái thu mua,Vnđ/Kg,VNĐ,CTV địa phương,2024-05-30,121633.0
Cà phê Robusta nhân xô,Đắk Nông,Thương lái thu mua,Vnđ/Kg,VNĐ,CTV địa phương,2024-05-30,122150.0
Cà phê Robusta nhân xô,Gia Lai,Thương lái thu mua,Vnđ/Kg,VNĐ,CTV địa phương,2024-05-30,121633.0
Cà phê Robusta nhân xô,Kon Tum,Thương lái thu mua,Vnđ/Kg,VNĐ,CTV địa phương,2024-05-30,121600.0
Cà phê Robusta nhân xô,Lâm Đồng,Thương lái thu mua,Vnđ/Kg,VNĐ,CTV địa phương,2024-05-30,121000.0
Cà phê Robusta nhân xô,Đắk Lắk,Thương lái thu mua,Vnđ/Kg,VNĐ,CTV địa phương,2024-05-29,119433.0
Cà phê Robusta nhân xô,Đắk Nông,Thương lái thu mua,Vnđ/Kg,VNĐ,CTV địa phương,2024-05-29,119950.0
Cà phê Robusta nhân xô,Gia Lai,Thương lái thu mua,Vnđ/Kg,VNĐ,CTV địa phương,2024-05-29,119433.0
Cà phê Robusta nhân xô,Kon Tum,Thương lái thu mua,Vnđ/Kg,VNĐ,CTV địa phương,2024-05-29,119400.0
Cà phê Robusta nhân xô,Lâm Đồng,Thương lái thu mua,Vnđ/Kg,VNĐ,CTV địa phương,2024-05-29,118500.0
Cà phê Robusta nhân xô,Đắk Lắk,Thương lái thu mua,Vnđ/Kg,VNĐ,CTV địa phương,2024-05-28,116433.0
Cà phê Robusta nhân xô,Đắk Nông,Thương lái thu mua,Vnđ/Kg,VNĐ,CTV địa phương,2024-05-28,116950.0
Cà phê Robusta nhân xô,Gia Lai,Thương lái thu mua,Vnđ/Kg,VNĐ,CTV địa phương,2024-05-28,116433.0
Cà phê Robusta nhân xô,Kon Tum,Thương lái thu mua,Vnđ/Kg,VNĐ,CTV địa phương,2024-05-28,116400.0
Cà phê Robusta nhân xô,Lâm Đồng,Thương lái thu mua,Vnđ/Kg,VNĐ,CTV địa phương,2024-05-28,115500.0
Cà phê Robusta nhân xô,Đắk Lắk,Thương lái thu mua,Vnđ/Kg,VNĐ,CTV địa phương,2024-05-27,115500.0
Cà phê Robusta nhân xô,Đắk Nông,Thương lái thu mua,Vnđ/Kg,VNĐ,CTV địa phương,2024-05-27,115950.0
Cà phê Robusta nhân xô,Gia Lai,Thương lái thu mua,Vnđ/Kg,VNĐ,CTV địa phương,2024-05-27,115433.0
Cà phê Robusta nhân xô,Kon Tum,Thương lái thu mua,Vnđ/Kg,VNĐ,CTV địa phương,2024-05-27,115400.0
Cà phê Robusta nhân xô,Lâm Đồng,Thương lái thu mua,Vnđ/Kg,VNĐ,CTV địa phương,2024-05-27,114500.0
Cà phê Robusta nhân xô,Đắk Lắk,Thương lái thu mua,Vnđ/Kg,VNĐ,CTV địa phương,2024-05-24,115000.0
Cà phê Robusta nhân xô,Đắk Nông,Thương lái thu mua,Vnđ/Kg,VNĐ,CTV địa phương,2024-05-24,115450.0
Cà phê Robusta nhân xô,Gia Lai,Thương lái thu mua,Vnđ/Kg,VNĐ,CTV địa phương,2024-05-24,114933.0
Cà phê Robusta nhân xô,Kon Tum,Thương lái thu mua,Vnđ/Kg,VNĐ,CTV địa phương,2024-05-24,114900.0
Cà phê Robusta nhân xô,Lâm Đồng,Thương lái thu mua,Vnđ/Kg,VNĐ,CTV địa phương,2024-05-24,114000.0
Cà phê Robusta nhân xô,Đắk Lắk,Thương lái thu mua,Vnđ/Kg,VNĐ,CTV địa phương,2024-05-23,109933.0
Cà phê Robusta nhân xô,Đắk Nông,Thương lái thu mua,Vnđ/Kg,VNĐ,CTV địa phương,2024-05-23,110350.0
Cà phê Robusta nhân xô,Gia Lai,Thương lái thu mua,Vnđ/Kg,VNĐ,CTV địa phương,2024-05-23,109733.0
Cà phê Robusta nhân xô,Kon Tum,Thương lái thu mua,Vnđ/Kg,VNĐ,CTV địa phương,2024-05-23,109800.0
Cà phê Robusta nhân xô,Lâm Đồng,Thương lái thu mua,Vnđ/Kg,VNĐ,CTV địa phương,2024-05-23,109000.0
Cà phê Robusta nhân xô,Đắk Lắk,Thương lái thu mua,Vnđ/Kg,VNĐ,CTV địa phương,2024-05-22,108433.0
Cà phê Robusta nhân xô,Đắk Nông,Thương lái thu mua,Vnđ/Kg,VNĐ,CTV địa phương,2024-05-22,108550.0
Cà phê Robusta nhân xô,Gia Lai,Thương lái thu mua,Vnđ/Kg,VNĐ,CTV địa phương,2024-05-22,108233.0
Cà phê Robusta nhân xô,Kon Tum,Thương lái thu mua,Vnđ/Kg,VNĐ,CTV địa phương,2024-05-22,108300.0
Cà phê Robusta nhân xô,Lâm Đồng,Thương lái thu mua,Vnđ/Kg,VNĐ,CTV địa phương,2024-05-22,108000.0
Cà phê Robusta nhân xô,Đắk Lắk,Thương lái thu mua,Vnđ/Kg,VNĐ,CTV địa phương,2024-05-21,103433.0
Cà phê Robusta nhân xô,Đắk Nông,Thương lái thu mua,Vnđ/Kg,VNĐ,CTV địa phương,2024-05-21,103550.0
Cà phê Robusta nhân xô,Gia Lai,Thương lái thu mua,Vnđ/Kg,VNĐ,CTV địa phương,2024-05-21,103233.0
Cà phê Robusta nhân xô,Kon Tum,Thương lái thu mua,Vnđ/Kg,VNĐ,CTV địa phương,2024-05-21,103300.0
Cà phê Robusta nhân xô,Lâm Đồng,Thương lái thu mua,Vnđ/Kg,VNĐ,CTV địa phương,2024-05-21,103100.0
Cà phê Robusta nhân xô,Đắk Lắk,Thương lái thu mua,Vnđ/Kg,VNĐ,CTV địa phương,2024-05-20,103833.0
Cà phê Robusta nhân xô,Đắk Nông,Thương lái thu mua,Vnđ/Kg,VNĐ,CTV địa phương,2024-05-20,103950.0
Cà phê Robusta nhân xô,Gia Lai,Thương lái thu mua,Vnđ/Kg,VNĐ,CTV địa phương,2024-05-20,103633.0
Cà phê Robusta nhân xô,Kon Tum,Thương lái thu mua,Vnđ/Kg,VNĐ,CTV địa phương,2024-05-20,103700.0
Cà phê Robusta nhân xô,Lâm Đồng,Thương lái thu mua,Vnđ/Kg,VNĐ,CTV địa phương,2024-05-20,103500.0
Cà phê Robusta nhân xô,Đắk Lắk,Thương lái thu mua,Vnđ/Kg,VNĐ,CTV địa phương,2024-05-17,100933.0
Cà phê Robusta nhân xô,Đắk Nông,Thương lái thu mua,Vnđ/Kg,VNĐ,CTV địa phương,2024-05-17,100850.0
Cà phê Robusta nhân xô,Gia Lai,Thương lái thu mua,Vnđ/Kg,VNĐ,CTV địa phương,2024-05-17,100333.0
Cà phê Robusta nhân xô,Kon Tum,Thương lái thu mua,Vnđ/Kg,VNĐ,CTV địa phương,2024-05-17,100300.0
Cà phê Robusta nhân xô,Lâm Đồng,Thương lái thu mua,Vnđ/Kg,VNĐ,CTV địa phương,2024-05-17,99900.0
Cà phê Robusta nhân xô,Đắk Lắk,Thương lái thu mua,Vnđ/Kg,VNĐ,CTV địa phương,2024-05-16,101733.0
Cà phê Robusta nhân xô,Đắk Nông,Thương lái thu mua,Vnđ/Kg,VNĐ,CTV địa phương,2024-05-16,101650.0
Cà phê Robusta nhân xô,Gia Lai,Thương lái thu mua,Vnđ/Kg,VNĐ,CTV địa phương,2024-05-16,101133.0
Cà phê Robusta nhân xô,Kon Tum,Thương lái thu mua,Vnđ/Kg,VNĐ,CTV địa phương,2024-05-16,101100.0
Cà phê Robusta nhân xô,Lâm Đồng,Thương lái thu mua,Vnđ/Kg,VNĐ,CTV địa phương,2024-05-16,100700.0
Cà phê Robusta nhân xô,Đắk Lắk,Thương lái thu mua,Vnđ/Kg,VNĐ,CTV địa phương,2024-05-15,99933.0
Cà phê Robusta nhân xô,Đắk Nông,Thương lái thu mua,Vnđ/Kg,VNĐ,CTV địa phương,2024-05-15,99950.0
Cà phê Robusta nhân xô,Gia Lai,Thương lái thu mua,Vnđ/Kg,VNĐ,CTV địa phương,2024-05-15,99433.0
Cà phê Robusta nhân xô,Kon Tum,Thương lái thu mua,Vnđ/Kg,VNĐ,CTV địa phương,2024-05-15,99500.0
Cà phê Robusta nhân xô,Lâm Đồng,Thương lái thu mua,Vnđ/Kg,VNĐ,CTV địa phương,2024-05-15,99000.0
Cà phê Robusta nhân xô,Đắk Lắk,Thương lái thu mua,Vnđ/Kg,VNĐ,CTV địa phương,2024-05-14,100933.0
Cà phê Robusta nhân xô,Đắk Nông,Thương lái thu mua,Vnđ/Kg,VNĐ,CTV địa phương,2024-05-14,100950.0
Cà phê Robusta nhân xô,Gia Lai,Thương lái thu mua,Vnđ/Kg,VNĐ,CTV địa phương,2024-05-14,100433.0
Cà phê Robusta nhân xô,Kon Tum,Thương lái thu mua,Vnđ/Kg,VNĐ,CTV địa phương,2024-05-14,100500.0
Cà phê Robusta nhân xô,Lâm Đồng,Thương lái thu mua,Vnđ/Kg,VNĐ,CTV địa phương,2024-05-14,100000.0
Cà phê Robusta nhân xô,Đắk Lắk,Thương lái thu mua,Vnđ/Kg,VNĐ,CTV địa phương,2024-05-13,100900.0
Cà phê Robusta nhân xô,Đắk Nông,Thương lái thu mua,Vnđ/Kg,VNĐ,CTV địa phương,2024-05-13,101933.0
Cà phê Robusta nhân xô,Gia Lai,Thương lái thu mua,Vnđ/Kg,VNĐ,CTV địa phương,2024-05-13,101850.0
Cà phê Robusta nhân xô,Kon Tum,Thương lái thu mua,Vnđ/Kg,VNĐ,CTV địa phương,2024-05-13,101433.0
Cà phê Robusta nhân xô,Lâm Đồng,Thương lái thu mua,Vnđ/Kg,VNĐ,CTV địa phương,2024-05-13,99500.0
Cà phê Robusta nhân xô,Đắk Lắk,Thương lái thu mua,Vnđ/Kg,VNĐ,CTV địa phương,2024-05-10,96433.0
Cà phê Robusta nhân xô,Đắk Nông,Thương lái thu mua,Vnđ/Kg,VNĐ,CTV địa phương,2024-05-10,96650.0
Cà phê Robusta nhân xô,Gia Lai,Thương lái thu mua,Vnđ/Kg,VNĐ,CTV địa phương,2024-05-10,95433.0
Cà phê Robusta nhân xô,Kon Tum,Thương lái thu mua,Vnđ/Kg,VNĐ,CTV địa phương,2024-05-10,95500.0
Cà phê Robusta nhân xô,Lâm Đồng,Thương lái thu mua,Vnđ/Kg,VNĐ,CTV địa phương,2024-05-10,95500.0
Cà phê Robusta nhân xô,Đắk Lắk,Thương lái thu mua,Vnđ/Kg,VNĐ,CTV địa phương,2024-05-09,97933.0
Cà phê Robusta nhân xô,Đắk Nông,Thương lái thu mua,Vnđ/Kg,VNĐ,CTV địa phương,2024-05-09,98450.0
Cà phê Robusta nhân xô,Gia Lai,Thương lái thu mua,Vnđ/Kg,VNĐ,CTV địa phương,2024-05-09,97033.0
Cà phê Robusta nhân xô,Kon Tum,Thương lái thu mua,Vnđ/Kg,VNĐ,CTV địa phương,2024-05-09,97900.0
Cà phê Robusta nhân xô,Lâm Đồng,Thương lái thu mua,Vnđ/Kg,VNĐ,CTV địa phương,2024-05-09,97000.0
Cà phê Robusta nhân xô,Đắk Lắk,Thương lái thu mua,Vnđ/Kg,VNĐ,CTV địa phương,2024-05-08,99000.0
Cà phê Robusta nhân xô,Đắk Nông,Thương lái thu mua,Vnđ/Kg,VNĐ,CTV địa phương,2024-05-08,99933.0
Cà phê Robusta nhân xô,Gia Lai,Thương lái thu mua,Vnđ/Kg,VNĐ,CTV địa phương,2024-05-08,99950.0
Cà phê Robusta nhân xô,Kon Tum,Thương lái thu mua,Vnđ/Kg,VNĐ,CTV địa phương,2024-05-08,99433.0
Cà phê Robusta nhân xô,Lâm Đồng,Thương lái thu mua,Vnđ/Kg,VNĐ,CTV địa phương,2024-05-08,99000.0
Cà phê Robusta nhân xô,Đắk Lắk,Thương lái thu mua,Vnđ/Kg,VNĐ,CTV địa phương,2024-05-03,130433.0
Cà phê Robusta nhân xô,Đắk Nông,Thương lái thu mua,Vnđ/Kg,VNĐ,CTV địa phương,2024-05-03,130650.0
Cà phê Robusta nhân xô,Gia Lai,Thương lái thu mua,Vnđ/Kg,VNĐ,CTV địa phương,2024-05-03,130433.0
Cà phê Robusta nhân xô,Kon Tum,Thương lái thu mua,Vnđ/Kg,VNĐ,CTV địa phương,2024-05-03,130400.0
Cà phê Robusta nhân xô,Lâm Đồng,Thương lái thu mua,Vnđ/Kg,VNĐ,CTV địa phương,2024-05-03,130000.0
Cà phê Robusta nhân xô,Đắk Lắk,Thương lái thu mua,Vnđ/Kg,VNĐ,CTV địa phương,2024-05-02,132433.0
Cà phê Robusta nhân xô,Đắk Nông,Thương lái thu mua,Vnđ/Kg,VNĐ,CTV địa phương,2024-05-02,132650.0
Cà phê Robusta nhân xô,Gia Lai,Thương lái thu mua,Vnđ/Kg,VNĐ,CTV địa phương,2024-05-02,132433.0
Cà phê Robusta nhân xô,Kon Tum,Thương lái thu mua,Vnđ/Kg,VNĐ,CTV địa phương,2024-05-02,132400.0
Cà phê Robusta nhân xô,Lâm Đồng,Thương lái thu mua,Vnđ/Kg,VNĐ,CTV địa phương,2024-05-02,132000.0
Cà phê Robusta nhân xô,Đắk Lắk,Thương lái thu mua,Vnđ/Kg,VNĐ,CTV địa phương,2024-05-01,133133.0
Cà phê Robusta nhân xô,Đắk Nông,Thương lái thu mua,Vnđ/Kg,VNĐ,CTV địa phương,2024-05-01,133350.0
Cà phê Robusta nhân xô,Gia Lai,Thương lái thu mua,Vnđ/Kg,VNĐ,CTV địa phương,2024-05-01,133133.0
Cà phê Robusta nhân xô,Kon Tum,Thương lái thu mua,Vnđ/Kg,VNĐ,CTV địa phương,2024-05-01,133100.0
Cà phê Robusta nhân xô,Lâm Đồng,Thương lái thu mua,Vnđ/Kg,VNĐ,CTV địa phương,2024-05-01,132700.0
Cà phê Robusta nhân xô,Đắk Lắk,Thương lái thu mua,Vnđ/Kg,VNĐ,CTV địa phương,2024-04-30,134133.0
Cà phê Robusta nhân xô,Đắk Nông,Thương lái thu mua,Vnđ/Kg,VNĐ,CTV địa phương,2024-04-30,134350.0
Cà phê Robusta nhân xô,Gia Lai,Thương lái thu mua,Vnđ/Kg,VNĐ,CTV địa phương,2024-04-30,134133.0
Cà phê Robusta nhân xô,Kon Tum,Thương lái thu mua,Vnđ/Kg,VNĐ,CTV địa phương,2024-04-30,134200.0
Cà phê Robusta nhân xô,Lâm Đồng,Thương lái thu mua,Vnđ/Kg,VNĐ,CTV địa phương,2024-04-30,133700.0
Cà phê Robusta nhân xô,Đắk Lắk,Thương lái thu mua,Vnđ/Kg,VNĐ,CTV địa phương,2024-04-29,133933.0
Cà phê Robusta nhân xô,Đắk Nông,Thương lái thu mua,Vnđ/Kg,VNĐ,CTV địa phương,2024-04-29,134150.0
Cà phê Robusta nhân xô,Gia Lai,Thương lái thu mua,Vnđ/Kg,VNĐ,CTV địa phương,2024-04-29,133933.0
Cà phê Robusta nhân xô,Kon Tum,Thương lái thu mua,Vnđ/Kg,VNĐ,CTV địa phương,2024-04-29,134000.0
Cà phê Robusta nhân xô,Lâm Đồng,Thương lái thu mua,Vnđ/Kg,VNĐ,CTV địa phương,2024-04-29,133500.0
Cà phê Robusta nhân xô,Đắk Lắk,Thương lái thu mua,Vnđ/Kg,VNĐ,CTV địa phương,2024-04-26,133133.0
Cà phê Robusta nhân xô,Đắk Nông,Thương lái thu mua,Vnđ/Kg,VNĐ,CTV địa phương,2024-04-26,133350.0
Cà phê Robusta nhân xô,Gia Lai,Thương lái thu mua,Vnđ/Kg,VNĐ,CTV địa phương,2024-04-26,132933.0
Cà phê Robusta nhân xô,Kon Tum,Thương lái thu mua,Vnđ/Kg,VNĐ,CTV địa phương,2024-04-26,132900.0
Cà phê Robusta nhân xô,Lâm Đồng,Thương lái thu mua,Vnđ/Kg,VNĐ,CTV địa phương,2024-04-26,132700.0
Cà phê Robusta nhân xô,Đắk Lắk,Thương lái thu mua,Vnđ/Kg,VNĐ,CTV địa phương,2024-04-25,131433.0
Cà phê Robusta nhân xô,Đắk Nông,Thương lái thu mua,Vnđ/Kg,VNĐ,CTV địa phương,2024-04-25,131450.0
Cà phê Robusta nhân xô,Gia Lai,Thương lái thu mua,Vnđ/Kg,VNĐ,CTV địa phương,2024-04-25,131000.0
Cà phê Robusta nhân xô,Kon Tum,Thương lái thu mua,Vnđ/Kg,VNĐ,CTV địa phương,2024-04-25,131000.0
Cà phê Robusta nhân xô,Lâm Đồng,Thương lái thu mua,Vnđ/Kg,VNĐ,CTV địa phương,2024-04-25,130500.0
Cà phê Robusta nhân xô,Đắk Lắk,Thương lái thu mua,Vnđ/Kg,VNĐ,CTV địa phương,2024-04-24,130433.0
Cà phê Robusta nhân xô,Đắk Nông,Thương lái thu mua,Vnđ/Kg,VNĐ,CTV địa phương,2024-04-24,130450.0
Cà phê Robusta nhân xô,Gia Lai,Thương lái thu mua,Vnđ/Kg,VNĐ,CTV địa phương,2024-04-24,129433.0
Cà phê Robusta nhân xô,Kon Tum,Thương lái thu mua,Vnđ/Kg,VNĐ,CTV địa phương,2024-04-24,129500.0
Cà phê Robusta nhân xô,Lâm Đồng,Thương lái thu mua,Vnđ/Kg,VNĐ,CTV địa phương,2024-04-24,129300.0
Cà phê Robusta nhân xô,Đắk Lắk,Thương lái thu mua,Vnđ/Kg,VNĐ,CTV địa phương,2024-04-23,127933.0
Cà phê Robusta nhân xô,Đắk Nông,Thương lái thu mua,Vnđ/Kg,VNĐ,CTV địa phương,2024-04-23,127950.0
Cà phê Robusta nhân xô,Gia Lai,Thương lái thu mua,Vnđ/Kg,VNĐ,CTV địa phương,2024-04-23,127033.0
Cà phê Robusta nhân xô,Kon Tum,Thương lái thu mua,Vnđ/Kg,VNĐ,CTV địa phương,2024-04-23,127100.0
Cà phê Robusta nhân xô,Lâm Đồng,Thương lái thu mua,Vnđ/Kg,VNĐ,CTV địa phương,2024-04-23,127000.0
Cà phê Robusta nhân xô,Đắk Lắk,Thương lái thu mua,Vnđ/Kg,VNĐ,CTV địa phương,2024-04-22,123433.0
Cà phê Robusta nhân xô,Đắk Nông,Thương lái thu mua,Vnđ/Kg,VNĐ,CTV địa phương,2024-04-22,124000.0
Cà phê Robusta nhân xô,Gia Lai,Thương lái thu mua,Vnđ/Kg,VNĐ,CTV địa phương,2024-04-22,122433.0
Cà phê Robusta nhân xô,Kon Tum,Thương lái thu mua,Vnđ/Kg,VNĐ,CTV địa phương,2024-04-22,122500.0
Cà phê Robusta nhân xô,Lâm Đồng,Thương lái thu mua,Vnđ/Kg,VNĐ,CTV địa phương,2024-04-22,122500.0
Cà phê Robusta nhân xô,Đắk Lắk,Thương lái thu mua,Vnđ/Kg,VNĐ,CTV địa phương,2024-04-19,120000.0
Cà phê Robusta nhân xô,Đắk Nông,Thương lái thu mua,Vnđ/Kg,VNĐ,CTV địa phương,2024-04-19,120150.0
Cà phê Robusta nhân xô,Gia Lai,Thương lái thu mua,Vnđ/Kg,VNĐ,CTV địa phương,2024-04-19,120000.0
Cà phê Robusta nhân xô,Kon Tum,Thương lái thu mua,Vnđ/Kg,VNĐ,CTV địa phương,2024-04-19,120000.0
Cà phê Robusta nhân xô,Lâm Đồng,Thương lái thu mua,Vnđ/Kg,VNĐ,CTV địa phương,2024-04-19,119600.0
Cà phê Robusta nhân xô,Đắk Lắk,Thương lái thu mua,Vnđ/Kg,VNĐ,CTV địa phương,2024-04-18,119433.0
Cà phê Robusta nhân xô,Đắk Nông,Thương lái thu mua,Vnđ/Kg,VNĐ,CTV địa phương,2024-04-18,119550.0
Cà phê Robusta nhân xô,Gia Lai,Thương lái thu mua,Vnđ/Kg,VNĐ,CTV địa phương,2024-04-18,119400.0
Cà phê Robusta nhân xô,Kon Tum,Thương lái thu mua,Vnđ/Kg,VNĐ,CTV địa phương,2024-04-18,119500.0
Cà phê Robusta nhân xô,Lâm Đồng,Thương lái thu mua,Vnđ/Kg,VNĐ,CTV địa phương,2024-04-18,119000.0
Cà phê Robusta nhân xô,Đắk Lắk,Thương lái thu mua,Vnđ/Kg,VNĐ,CTV địa phương,2024-04-17,115433.0
Cà phê Robusta nhân xô,Đắk Nông,Thương lái thu mua,Vnđ/Kg,VNĐ,CTV địa phương,2024-04-17,115550.0
Cà phê Robusta nhân xô,Gia Lai,Thương lái thu mua,Vnđ/Kg,VNĐ,CTV địa phương,2024-04-17,115400.0
Cà phê Robusta nhân xô,Kon Tum,Thương lái thu mua,Vnđ/Kg,VNĐ,CTV địa phương,2024-04-17,115500.0
Cà phê Robusta nhân xô,Lâm Đồng,Thương lái thu mua,Vnđ/Kg,VNĐ,CTV địa phương,2024-04-17,115000.0
Cà phê Robusta nhân xô,Đắk Lắk,Thương lái thu mua,Vnđ/Kg,VNĐ,CTV địa phương,2024-04-16,113533.0
Cà phê Robusta nhân xô,Đắk Nông,Thương lái thu mua,Vnđ/Kg,VNĐ,CTV địa phương,2024-04-16,113950.0
Cà phê Robusta nhân xô,Gia Lai,Thương lái thu mua,Vnđ/Kg,VNĐ,CTV địa phương,2024-04-16,113433.0
Cà phê Robusta nhân xô,Kon Tum,Thương lái thu mua,Vnđ/Kg,VNĐ,CTV địa phương,2024-04-16,113500.0
Cà phê Robusta nhân xô,Lâm Đồng,Thương lái thu mua,Vnđ/Kg,VNĐ,CTV địa phương,2024-04-16,113000.0
Cà phê Robusta nhân xô,Đắk Lắk,Thương lái thu mua,Vnđ/Kg,VNĐ,CTV địa phương,2024-04-15,110333.0
Cà phê Robusta nhân xô,Đắk Nông,Thương lái thu mua,Vnđ/Kg,VNĐ,CTV địa phương,2024-04-15,110550.0
Cà phê Robusta nhân xô,Gia Lai,Thương lái thu mua,Vnđ/Kg,VNĐ,CTV địa phương,2024-04-15,110033.0
Cà phê Robusta nhân xô,Kon Tum,Thương lái thu mua,Vnđ/Kg,VNĐ,CTV địa phương,2024-04-15,110000.0
Cà phê Robusta nhân xô,Lâm Đồng,Thương lái thu mua,Vnđ/Kg,VNĐ,CTV địa phương,2024-04-15,109700.0
Cà phê Robusta nhân xô,Đắk Lắk,Thương lái thu mua,Vnđ/Kg,VNĐ,CTV địa phương,2024-04-12,107933.0
Cà phê Robusta nhân xô,Đắk Nông,Thương lái thu mua,Vnđ/Kg,VNĐ,CTV địa phương,2024-04-12,108050.0
Cà phê Robusta nhân xô,Gia Lai,Thương lái thu mua,Vnđ/Kg,VNĐ,CTV địa phương,2024-04-12,107533.0
Cà phê Robusta nhân xô,Kon Tum,Thương lái thu mua,Vnđ/Kg,VNĐ,CTV địa phương,2024-04-12,107600.0
Cà phê Robusta nhân xô,Lâm Đồng,Thương lái thu mua,Vnđ/Kg,VNĐ,CTV địa phương,2024-04-12,107200.0
Cà phê Robusta nhân xô,Đắk Lắk,Thương lái thu mua,Vnđ/Kg,VNĐ,CTV địa phương,2024-04-11,105733.0
Cà phê Robusta nhân xô,Đắk Nông,Thương lái thu mua,Vnđ/Kg,VNĐ,CTV địa phương,2024-04-11,105850.0
Cà phê Robusta nhân xô,Gia Lai,Thương lái thu mua,Vnđ/Kg,VNĐ,CTV địa phương,2024-04-11,105333.0
Cà phê Robusta nhân xô,Kon Tum,Thương lái thu mua,Vnđ/Kg,VNĐ,CTV địa phương,2024-04-11,105400.0
Cà phê Robusta nhân xô,Lâm Đồng,Thương lái thu mua,Vnđ/Kg,VNĐ,CTV địa phương,2024-04-11,105000.0
Cà phê Robusta nhân xô,Đắk Lắk,Thương lái thu mua,Vnđ/Kg,VNĐ,CTV địa phương,2024-04-10,104367.0
Cà phê Robusta nhân xô,Đắk Nông,Thương lái thu mua,Vnđ/Kg,VNĐ,CTV địa phương,2024-04-10,104450.0
Cà phê Robusta nhân xô,Gia Lai,Thương lái thu mua,Vnđ/Kg,VNĐ,CTV địa phương,2024-04-10,104233.0
Cà phê Robusta nhân xô,Kon Tum,Thương lái thu mua,Vnđ/Kg,VNĐ,CTV địa phương,2024-04-10,104200.0
Cà phê Robusta nhân xô,Lâm Đồng,Thương lái thu mua,Vnđ/Kg,VNĐ,CTV địa phương,2024-04-10,104000.0
Cà phê Robusta nhân xô,Đắk Lắk,Thương lái thu mua,Vnđ/Kg,VNĐ,CTV địa phương,2024-04-09,104367.0
Cà phê Robusta nhân xô,Đắk Nông,Thương lái thu mua,Vnđ/Kg,VNĐ,CTV địa phương,2024-04-09,104450.0
Cà phê Robusta nhân xô,Gia Lai,Thương lái thu mua,Vnđ/Kg,VNĐ,CTV địa phương,2024-04-09,104233.0
Cà phê Robusta nhân xô,Kon Tum,Thương lái thu mua,Vnđ/Kg,VNĐ,CTV địa phương,2024-04-09,104200.0
Cà phê Robusta nhân xô,Lâm Đồng,Thương lái thu mua,Vnđ/Kg,VNĐ,CTV địa phương,2024-04-09,104000.0
Cà phê Robusta nhân xô,Đắk Lắk,Thương lái thu mua,Vnđ/Kg,VNĐ,CTV địa phương,2024-04-08,103233.0
Cà phê Robusta nhân xô,Đắk Nông,Thương lái thu mua,Vnđ/Kg,VNĐ,CTV địa phương,2024-04-08,103450.0
Cà phê Robusta nhân xô,Gia Lai,Thương lái thu mua,Vnđ/Kg,VNĐ,CTV địa phương,2024-04-08,103233.0
Cà phê Robusta nhân xô,Kon Tum,Thương lái thu mua,Vnđ/Kg,VNĐ,CTV địa phương,2024-04-08,103200.0
Cà phê Robusta nhân xô,Lâm Đồng,Thương lái thu mua,Vnđ/Kg,VNĐ,CTV địa phương,2024-04-08,103000.0
Cà phê Robusta nhân xô,Đắk Lắk,Thương lái thu mua,Vnđ/Kg,VNĐ,CTV địa phương,2024-04-05,101933.0
Cà phê Robusta nhân xô,Đắk Nông,Thương lái thu mua,Vnđ/Kg,VNĐ,CTV địa phương,2024-04-05,102150.0
Cà phê Robusta nhân xô,Gia Lai,Thương lái thu mua,Vnđ/Kg,VNĐ,CTV địa phương,2024-04-05,101933.0
Cà phê Robusta nhân xô,Kon Tum,Thương lái thu mua,Vnđ/Kg,VNĐ,CTV địa phương,2024-04-05,102000.0
Cà phê Robusta nhân xô,Lâm Đồng,Thương lái thu mua,Vnđ/Kg,VNĐ,CTV địa phương,2024-04-05,101700.0
Cà phê Robusta nhân xô,Đắk Lắk,Thương lái thu mua,Vnđ/Kg,VNĐ,CTV địa phương,2024-04-04,103000.0
Cà phê Robusta nhân xô,Đắk Nông,Thương lái thu mua,Vnđ/Kg,VNĐ,CTV địa phương,2024-04-04,103150.0
Cà phê Robusta nhân xô,Gia Lai,Thương lái thu mua,Vnđ/Kg,VNĐ,CTV địa phương,2024-04-04,103000.0
Cà phê Robusta nhân xô,Kon Tum,Thương lái thu mua,Vnđ/Kg,VNĐ,CTV địa phương,2024-04-04,103000.0
Cà phê Robusta nhân xô,Lâm Đồng,Thương lái thu mua,Vnđ/Kg,VNĐ,CTV địa phương,2024-04-04,102700.0
Cà phê Robusta nhân xô,Đắk Lắk,Thương lái thu mua,Vnđ/Kg,VNĐ,CTV địa phương,2024-04-03,100033.0
Cà phê Robusta nhân xô,Đắk Nông,Thương lái thu mua,Vnđ/Kg,VNĐ,CTV địa phương,2024-04-03,100150.0
Cà phê Robusta nhân xô,Gia Lai,Thương lái thu mua,Vnđ/Kg,VNĐ,CTV địa phương,2024-04-03,100033.0
Cà phê Robusta nhân xô,Kon Tum,Thương lái thu mua,Vnđ/Kg,VNĐ,CTV địa phương,2024-04-03,100000.0
Cà phê Robusta nhân xô,Lâm Đồng,Thương lái thu mua,Vnđ/Kg,VNĐ,CTV địa phương,2024-04-03,99600.0
Cà phê Robusta nhân xô,Đắk Lắk,Thương lái thu mua,Vnđ/Kg,VNĐ,CTV địa phương,2024-04-02,98533.0
Cà phê Robusta nhân xô,Đắk Nông,Thương lái thu mua,Vnđ/Kg,VNĐ,CTV địa phương,2024-04-02,98650.0
Cà phê Robusta nhân xô,Gia Lai,Thương lái thu mua,Vnđ/Kg,VNĐ,CTV địa phương,2024-04-02,98533.0
Cà phê Robusta nhân xô,Kon Tum,Thương lái thu mua,Vnđ/Kg,VNĐ,CTV địa phương,2024-04-02,98500.0
Cà phê Robusta nhân xô,Lâm Đồng,Thương lái thu mua,Vnđ/Kg,VNĐ,CTV địa phương,2024-04-02,98100.0
Cà phê Robusta nhân xô,Đắk Lắk,Thương lái thu mua,Vnđ/Kg,VNĐ,CTV địa phương,2024-04-01,98533.0
Cà phê Robusta nhân xô,Đắk Nông,Thương lái thu mua,Vnđ/Kg,VNĐ,CTV địa phương,2024-04-01,98650.0
Cà phê Robusta nhân xô,Gia Lai,Thương lái thu mua,Vnđ/Kg,VNĐ,CTV địa phương,2024-04-01,98533.0
Cà phê Robusta nhân xô,Kon Tum,Thương lái thu mua,Vnđ/Kg,VNĐ,CTV địa phương,2024-04-01,98500.0
Cà phê Robusta nhân xô,Lâm Đồng,Thương lái thu mua,Vnđ/Kg,VNĐ,CTV địa phương,2024-04-01,98100.0
Cà phê Robusta nhân xô,Đắk Lắk,Thương lái thu mua,Vnđ/Kg,VNĐ,CTV địa phương,2024-03-29,98533.0
Cà phê Robusta nhân xô,Đắk Nông,Thương lái thu mua,Vnđ/Kg,VNĐ,CTV địa phương,2024-03-29,98533.0
Cà phê Robusta nhân xô,Gia Lai,Thương lái thu mua,Vnđ/Kg,VNĐ,CTV địa phương,2024-03-29,98433.0
Cà phê Robusta nhân xô,Kon Tum,Thương lái thu mua,Vnđ/Kg,VNĐ,CTV địa phương,2024-03-29,98400.0
Cà phê Robusta nhân xô,Lâm Đồng,Thương lái thu mua,Vnđ/Kg,VNĐ,CTV địa phương,2024-03-29,98200.0
Cà phê Robusta nhân xô,Đắk Lắk,Thương lái thu mua,Vnđ/Kg,VNĐ,CTV địa phương,2024-03-28,97433.0
Cà phê Robusta nhân xô,Đắk Nông,Thương lái thu mua,Vnđ/Kg,VNĐ,CTV địa phương,2024-03-28,97433.0
Cà phê Robusta nhân xô,Gia Lai,Thương lái thu mua,Vnđ/Kg,VNĐ,CTV địa phương,2024-03-28,97333.0
Cà phê Robusta nhân xô,Kon Tum,Thương lái thu mua,Vnđ/Kg,VNĐ,CTV địa phương,2024-03-28,97300.0
Cà phê Robusta nhân xô,Lâm Đồng,Thương lái thu mua,Vnđ/Kg,VNĐ,CTV địa phương,2024-03-28,97100.0
Cà phê Robusta nhân xô,Đắk Lắk,Thương lái thu mua,Vnđ/Kg,VNĐ,CTV địa phương,2024-03-27,97533.0
Cà phê Robusta nhân xô,Đắk Nông,Thương lái thu mua,Vnđ/Kg,VNĐ,CTV địa phương,2024-03-27,97600.0
Cà phê Robusta nhân xô,Gia Lai,Thương lái thu mua,Vnđ/Kg,VNĐ,CTV địa phương,2024-03-27,97433.0
Cà phê Robusta nhân xô,Kon Tum,Thương lái thu mua,Vnđ/Kg,VNĐ,CTV địa phương,2024-03-27,97400.0
Cà phê Robusta nhân xô,Lâm Đồng,Thương lái thu mua,Vnđ/Kg,VNĐ,CTV địa phương,2024-03-27,97200.0
Cà phê Robusta nhân xô,Đắk Lắk,Thương lái thu mua,Vnđ/Kg,VNĐ,CTV địa phương,2024-03-26,96333.0
Cà phê Robusta nhân xô,Đắk Nông,Thương lái thu mua,Vnđ/Kg,VNĐ,CTV địa phương,2024-03-26,96450.0
Cà phê Robusta nhân xô,Gia Lai,Thương lái thu mua,Vnđ/Kg,VNĐ,CTV địa phương,2024-03-26,96233.0
Cà phê Robusta nhân xô,Kon Tum,Thương lái thu mua,Vnđ/Kg,VNĐ,CTV địa phương,2024-03-26,96300.0
Cà phê Robusta nhân xô,Lâm Đồng,Thương lái thu mua,Vnđ/Kg,VNĐ,CTV địa phương,2024-03-26,96000.0
Cà phê Robusta nhân xô,Đắk Lắk,Thương lái thu mua,Vnđ/Kg,VNĐ,CTV địa phương,2024-03-25,94733.0
Cà phê Robusta nhân xô,Đắk Nông,Thương lái thu mua,Vnđ/Kg,VNĐ,CTV địa phương,2024-03-25,94950.0
Cà phê Robusta nhân xô,Gia Lai,Thương lái thu mua,Vnđ/Kg,VNĐ,CTV địa phương,2024-03-25,94733.0
Cà phê Robusta nhân xô,Kon Tum,Thương lái thu mua,Vnđ/Kg,VNĐ,CTV địa phương,2024-03-25,94800.0
Cà phê Robusta nhân xô,Lâm Đồng,Thương lái thu mua,Vnđ/Kg,VNĐ,CTV địa phương,2024-03-25,94400.0
Cà phê Robusta nhân xô,Đắk Lắk,Thương lái thu mua,Vnđ/Kg,VNĐ,CTV địa phương,2024-03-22,93600.0
Cà phê Robusta nhân xô,Đắk Nông,Thương lái thu mua,Vnđ/Kg,VNĐ,CTV địa phương,2024-03-22,94033.0
Cà phê Robusta nhân xô,Gia Lai,Thương lái thu mua,Vnđ/Kg,VNĐ,CTV địa phương,2024-03-22,94150.0
Cà phê Robusta nhân xô,Kon Tum,Thương lái thu mua,Vnđ/Kg,VNĐ,CTV địa phương,2024-03-22,94033.0
Cà phê Robusta nhân xô,Lâm Đồng,Thương lái thu mua,Vnđ/Kg,VNĐ,CTV địa phương,2024-03-22,94300.0
Cà phê Robusta nhân xô,Đắk Lắk,Thương lái thu mua,Vnđ/Kg,VNĐ,CTV địa phương,2024-03-21,94000.0
Cà phê Robusta nhân xô,Đắk Nông,Thương lái thu mua,Vnđ/Kg,VNĐ,CTV địa phương,2024-03-21,94533.0
Cà phê Robusta nhân xô,Gia Lai,Thương lái thu mua,Vnđ/Kg,VNĐ,CTV địa phương,2024-03-21,94650.0
Cà phê Robusta nhân xô,Kon Tum,Thương lái thu mua,Vnđ/Kg,VNĐ,CTV địa phương,2024-03-21,94533.0
Cà phê Robusta nhân xô,Lâm Đồng,Thương lái thu mua,Vnđ/Kg,VNĐ,CTV địa phương,2024-03-21,93600.0
Cà phê Robusta nhân xô,Đắk Lắk,Thương lái thu mua,Vnđ/Kg,VNĐ,CTV địa phương,2024-03-20,93000.0
Cà phê Robusta nhân xô,Đắk Nông,Thương lái thu mua,Vnđ/Kg,VNĐ,CTV địa phương,2024-03-20,93533.0
Cà phê Robusta nhân xô,Gia Lai,Thương lái thu mua,Vnđ/Kg,VNĐ,CTV địa phương,2024-03-20,93750.0
Cà phê Robusta nhân xô,Kon Tum,Thương lái thu mua,Vnđ/Kg,VNĐ,CTV địa phương,2024-03-20,93533.0
Cà phê Robusta nhân xô,Lâm Đồng,Thương lái thu mua,Vnđ/Kg,VNĐ,CTV địa phương,2024-03-20,94000.0
Cà phê Robusta nhân xô,Đắk Lắk,Thương lái thu mua,Vnđ/Kg,VNĐ,CTV địa phương,2024-03-19,92400.0
Cà phê Robusta nhân xô,Đắk Nông,Thương lái thu mua,Vnđ/Kg,VNĐ,CTV địa phương,2024-03-19,92933.0
Cà phê Robusta nhân xô,Gia Lai,Thương lái thu mua,Vnđ/Kg,VNĐ,CTV địa phương,2024-03-19,93150.0
Cà phê Robusta nhân xô,Kon Tum,Thương lái thu mua,Vnđ/Kg,VNĐ,CTV địa phương,2024-03-19,92933.0
Cà phê Robusta nhân xô,Lâm Đồng,Thương lái thu mua,Vnđ/Kg,VNĐ,CTV địa phương,2024-03-19,93000.0
Cà phê Robusta nhân xô,Đắk Lắk,Thương lái thu mua,Vnđ/Kg,VNĐ,CTV địa phương,2024-03-18,91400.0
Cà phê Robusta nhân xô,Đắk Nông,Thương lái thu mua,Vnđ/Kg,VNĐ,CTV địa phương,2024-03-18,94300.0
Cà phê Robusta nhân xô,Gia Lai,Thương lái thu mua,Vnđ/Kg,VNĐ,CTV địa phương,2024-03-18,94633.0
Cà phê Robusta nhân xô,Kon Tum,Thương lái thu mua,Vnđ/Kg,VNĐ,CTV địa phương,2024-03-18,94750.0
Cà phê Robusta nhân xô,Lâm Đồng,Thương lái thu mua,Vnđ/Kg,VNĐ,CTV địa phương,2024-03-18,92400.0
Cà phê Robusta nhân xô,Đắk Lắk,Thương lái thu mua,Vnđ/Kg,VNĐ,CTV địa phương,2024-03-15,91433.0
Cà phê Robusta nhân xô,Đắk Nông,Thương lái thu mua,Vnđ/Kg,VNĐ,CTV địa phương,2024-03-15,91550.0
Cà phê Robusta nhân xô,Gia Lai,Thương lái thu mua,Vnđ/Kg,VNĐ,CTV địa phương,2024-03-15,91333.0
Cà phê Robusta nhân xô,Kon Tum,Thương lái thu mua,Vnđ/Kg,VNĐ,CTV địa phương,2024-03-15,91400.0
Cà phê Robusta nhân xô,Lâm Đồng,Thương lái thu mua,Vnđ/Kg,VNĐ,CTV địa phương,2024-03-15,90700.0
Cà phê Robusta nhân xô,Đắk Lắk,Thương lái thu mua,Vnđ/Kg,VNĐ,CTV địa phương,2024-03-14,90933.0
Cà phê Robusta nhân xô,Đắk Nông,Thương lái thu mua,Vnđ/Kg,VNĐ,CTV địa phương,2024-03-14,91050.0
Cà phê Robusta nhân xô,Gia Lai,Thương lái thu mua,Vnđ/Kg,VNĐ,CTV địa phương,2024-03-14,90733.0
Cà phê Robusta nhân xô,Kon Tum,Thương lái thu mua,Vnđ/Kg,VNĐ,CTV địa phương,2024-03-14,90800.0
Cà phê Robusta nhân xô,Lâm Đồng,Thương lái thu mua,Vnđ/Kg,VNĐ,CTV địa phương,2024-03-14,90200.0
Cà phê Robusta nhân xô,Đắk Lắk,Thương lái thu mua,Vnđ/Kg,VNĐ,CTV địa phương,2024-03-13,91433.0
Cà phê Robusta nhân xô,Đắk Nông,Thương lái thu mua,Vnđ/Kg,VNĐ,CTV địa phương,2024-03-13,91550.0
Cà phê Robusta nhân xô,Gia Lai,Thương lái thu mua,Vnđ/Kg,VNĐ,CTV địa phương,2024-03-13,91333.0
Cà phê Robusta nhân xô,Kon Tum,Thương lái thu mua,Vnđ/Kg,VNĐ,CTV địa phương,2024-03-13,91300.0
Cà phê Robusta nhân xô,Lâm Đồng,Thương lái thu mua,Vnđ/Kg,VNĐ,CTV địa phương,2024-03-13,90700.0
Cà phê Robusta nhân xô,Đắk Lắk,Thương lái thu mua,Vnđ/Kg,VNĐ,CTV địa phương,2024-03-12,91033.0
Cà phê Robusta nhân xô,Đắk Nông,Thương lái thu mua,Vnđ/Kg,VNĐ,CTV địa phương,2024-03-12,91150.0
Cà phê Robusta nhân xô,Gia Lai,Thương lái thu mua,Vnđ/Kg,VNĐ,CTV địa phương,2024-03-12,90833.0
Cà phê Robusta nhân xô,Kon Tum,Thương lái thu mua,Vnđ/Kg,VNĐ,CTV địa phương,2024-03-12,90800.0
Cà phê Robusta nhân xô,Lâm Đồng,Thương lái thu mua,Vnđ/Kg,VNĐ,CTV địa phương,2024-03-12,90200.0
Cà phê Robusta nhân xô,Đắk Lắk,Thương lái thu mua,Vnđ/Kg,VNĐ,CTV địa phương,2024-03-11,90633.0
Cà phê Robusta nhân xô,Đắk Nông,Thương lái thu mua,Vnđ/Kg,VNĐ,CTV địa phương,2024-03-11,90750.0
Cà phê Robusta nhân xô,Gia Lai,Thương lái thu mua,Vnđ/Kg,VNĐ,CTV địa phương,2024-03-11,90533.0
Cà phê Robusta nhân xô,Kon Tum,Thương lái thu mua,Vnđ/Kg,VNĐ,CTV địa phương,2024-03-11,90500.0
Cà phê Robusta nhân xô,Lâm Đồng,Thương lái thu mua,Vnđ/Kg,VNĐ,CTV địa phương,2024-03-11,89800.0
Cà phê Robusta nhân xô,Đắk Lắk,Thương lái thu mua,Vnđ/Kg,VNĐ,CTV địa phương,2024-03-08,91633.0
Cà phê Robusta nhân xô,Đắk Nông,Thương lái thu mua,Vnđ/Kg,VNĐ,CTV địa phương,2024-03-08,91750.0
Cà phê Robusta nhân xô,Gia Lai,Thương lái thu mua,Vnđ/Kg,VNĐ,CTV địa phương,2024-03-08,91333.0
Cà phê Robusta nhân xô,Kon Tum,Thương lái thu mua,Vnđ/Kg,VNĐ,CTV địa phương,2024-03-08,88400.0
Cà phê Robusta nhân xô,Lâm Đồng,Thương lái thu mua,Vnđ/Kg,VNĐ,CTV địa phương,2024-03-08,90400.0
Cà phê Robusta nhân xô,Đắk Lắk,Thương lái thu mua,Vnđ/Kg,VNĐ,CTV địa phương,2024-03-07,88433.0
Cà phê Robusta nhân xô,Đắk Nông,Thương lái thu mua,Vnđ/Kg,VNĐ,CTV địa phương,2024-03-07,88550.0
Cà phê Robusta nhân xô,Gia Lai,Thương lái thu mua,Vnđ/Kg,VNĐ,CTV địa phương,2024-03-07,88333.0
Cà phê Robusta nhân xô,Kon Tum,Thương lái thu mua,Vnđ/Kg,VNĐ,CTV địa phương,2024-03-07,88400.0
Cà phê Robusta nhân xô,Lâm Đồng,Thương lái thu mua,Vnđ/Kg,VNĐ,CTV địa phương,2024-03-07,88000.0
Cà phê Robusta nhân xô,Đắk Lắk,Thương lái thu mua,Vnđ/Kg,VNĐ,CTV địa phương,2024-03-06,86733.0
Cà phê Robusta nhân xô,Đắk Nông,Thương lái thu mua,Vnđ/Kg,VNĐ,CTV địa phương,2024-03-06,86850.0
Cà phê Robusta nhân xô,Gia Lai,Thương lái thu mua,Vnđ/Kg,VNĐ,CTV địa phương,2024-03-06,86533.0
Cà phê Robusta nhân xô,Kon Tum,Thương lái thu mua,Vnđ/Kg,VNĐ,CTV địa phương,2024-03-06,86600.0
Cà phê Robusta nhân xô,Lâm Đồng,Thương lái thu mua,Vnđ/Kg,VNĐ,CTV địa phương,2024-03-06,86000.0
Cà phê Robusta nhân xô,Đắk Lắk,Thương lái thu mua,Vnđ/Kg,VNĐ,CTV địa phương,2024-03-05,86933.0
Cà phê Robusta nhân xô,Đắk Nông,Thương lái thu mua,Vnđ/Kg,VNĐ,CTV địa phương,2024-03-05,87050.0
Cà phê Robusta nhân xô,Gia Lai,Thương lái thu mua,Vnđ/Kg,VNĐ,CTV địa phương,2024-03-05,86733.0
Cà phê Robusta nhân xô,Kon Tum,Thương lái thu mua,Vnđ/Kg,VNĐ,CTV địa phương,2024-03-05,86700.0
Cà phê Robusta nhân xô,Lâm Đồng,Thương lái thu mua,Vnđ/Kg,VNĐ,CTV địa phương,2024-03-05,86200.0
Cà phê Robusta nhân xô,Đắk Lắk,Thương lái thu mua,Vnđ/Kg,VNĐ,CTV địa phương,2024-03-04,85733.0
Cà phê Robusta nhân xô,Đắk Nông,Thương lái thu mua,Vnđ/Kg,VNĐ,CTV địa phương,2024-03-04,85950.0
Cà phê Robusta nhân xô,Gia Lai,Thương lái thu mua,Vnđ/Kg,VNĐ,CTV địa phương,2024-03-04,85633.0
Cà phê Robusta nhân xô,Kon Tum,Thương lái thu mua,Vnđ/Kg,VNĐ,CTV địa phương,2024-03-04,85600.0
Cà phê Robusta nhân xô,Lâm Đồng,Thương lái thu mua,Vnđ/Kg,VNĐ,CTV địa phương,2024-03-04,85100.0
Cà phê Robusta nhân xô,Đắk Lắk,Thương lái thu mua,Vnđ/Kg,VNĐ,CTV địa phương,2024-03-01,84333.0
Cà phê Robusta nhân xô,Đắk Nông,Thương lái thu mua,Vnđ/Kg,VNĐ,CTV địa phương,2024-03-01,84550.0
Cà phê Robusta nhân xô,Gia Lai,Thương lái thu mua,Vnđ/Kg,VNĐ,CTV địa phương,2024-03-01,84233.0
Cà phê Robusta nhân xô,Kon Tum,Thương lái thu mua,Vnđ/Kg,VNĐ,CTV địa phương,2024-03-01,84300.0
Cà phê Robusta nhân xô,Lâm Đồng,Thương lái thu mua,Vnđ/Kg,VNĐ,CTV địa phương,2024-03-01,83800.0
Cà phê Robusta nhân xô,Đắk Lắk,Thương lái thu mua,Vnđ/Kg,VNĐ,CTV địa phương,2024-02-29,83433.0
Cà phê Robusta nhân xô,Đắk Nông,Thương lái thu mua,Vnđ/Kg,VNĐ,CTV địa phương,2024-02-29,83450.0
Cà phê Robusta nhân xô,Gia Lai,Thương lái thu mua,Vnđ/Kg,VNĐ,CTV địa phương,2024-02-29,83133.0
Cà phê Robusta nhân xô,Kon Tum,Thương lái thu mua,Vnđ/Kg,VNĐ,CTV địa phương,2024-02-29,83200.0
Cà phê Robusta nhân xô,Lâm Đồng,Thương lái thu mua,Vnđ/Kg,VNĐ,CTV địa phương,2024-02-29,82700.0
Cà phê Robusta nhân xô,Đắk Lắk,Thương lái thu mua,Vnđ/Kg,VNĐ,CTV địa phương,2024-02-28,83633.0
Cà phê Robusta nhân xô,Đắk Nông,Thương lái thu mua,Vnđ/Kg,VNĐ,CTV địa phương,2024-02-28,83550.0
Cà phê Robusta nhân xô,Gia Lai,Thương lái thu mua,Vnđ/Kg,VNĐ,CTV địa phương,2024-02-28,83333.0
Cà phê Robusta nhân xô,Kon Tum,Thương lái thu mua,Vnđ/Kg,VNĐ,CTV địa phương,2024-02-28,83400.0
Cà phê Robusta nhân xô,Lâm Đồng,Thương lái thu mua,Vnđ/Kg,VNĐ,CTV địa phương,2024-02-28,82700.0
Cà phê Robusta nhân xô,Đắk Lắk,Thương lái thu mua,Vnđ/Kg,VNĐ,CTV địa phương,2024-02-27,82233.0
Cà phê Robusta nhân xô,Đắk Nông,Thương lái thu mua,Vnđ/Kg,VNĐ,CTV địa phương,2024-02-27,82350.0
Cà phê Robusta nhân xô,Gia Lai,Thương lái thu mua,Vnđ/Kg,VNĐ,CTV địa phương,2024-02-27,82033.0
Cà phê Robusta nhân xô,Kon Tum,Thương lái thu mua,Vnđ/Kg,VNĐ,CTV địa phương,2024-02-27,82100.0
Cà phê Robusta nhân xô,Lâm Đồng,Thương lái thu mua,Vnđ/Kg,VNĐ,CTV địa phương,2024-02-27,81600.0
Cà phê Robusta nhân xô,Đắk Lắk,Thương lái thu mua,Vnđ/Kg,VNĐ,CTV địa phương,2024-02-26,82033.0
Cà phê Robusta nhân xô,Đắk Nông,Thương lái thu mua,Vnđ/Kg,VNĐ,CTV địa phương,2024-02-26,82250.0
Cà phê Robusta nhân xô,Gia Lai,Thương lái thu mua,Vnđ/Kg,VNĐ,CTV địa phương,2024-02-26,81933.0
Cà phê Robusta nhân xô,Kon Tum,Thương lái thu mua,Vnđ/Kg,VNĐ,CTV địa phương,2024-02-26,81900.0
Cà phê Robusta nhân xô,Lâm Đồng,Thương lái thu mua,Vnđ/Kg,VNĐ,CTV địa phương,2024-02-26,81500.0
Cà phê Robusta nhân xô,Đắk Lắk,Thương lái thu mua,Vnđ/Kg,VNĐ,CTV địa phương,2024-02-23,82333.0
Cà phê Robusta nhân xô,Đắk Nông,Thương lái thu mua,Vnđ/Kg,VNĐ,CTV địa phương,2024-02-23,82450.0
Cà phê Robusta nhân xô,Gia Lai,Thương lái thu mua,Vnđ/Kg,VNĐ,CTV địa phương,2024-02-23,82233.0
Cà phê Robusta nhân xô,Kon Tum,Thương lái thu mua,Vnđ/Kg,VNĐ,CTV địa phương,2024-02-23,82200.0
Cà phê Robusta nhân xô,Lâm Đồng,Thương lái thu mua,Vnđ/Kg,VNĐ,CTV địa phương,2024-02-23,81900.0
Cà phê Robusta nhân xô,Đắk Lắk,Thương lái thu mua,Vnđ/Kg,VNĐ,CTV địa phương,2024-02-22,82333.0
Cà phê Robusta nhân xô,Đắk Nông,Thương lái thu mua,Vnđ/Kg,VNĐ,CTV địa phương,2024-02-22,82450.0
Cà phê Robusta nhân xô,Gia Lai,Thương lái thu mua,Vnđ/Kg,VNĐ,CTV địa phương,2024-02-22,82233.0
Cà phê Robusta nhân xô,Kon Tum,Thương lái thu mua,Vnđ/Kg,VNĐ,CTV địa phương,2024-02-22,82200.0
Cà phê Robusta nhân xô,Lâm Đồng,Thương lái thu mua,Vnđ/Kg,VNĐ,CTV địa phương,2024-02-22,81900.0
Cà phê Robusta nhân xô,Đắk Lắk,Thương lái thu mua,Vnđ/Kg,VNĐ,CTV địa phương,2024-02-21,81533.0
Cà phê Robusta nhân xô,Đắk Nông,Thương lái thu mua,Vnđ/Kg,VNĐ,CTV địa phương,2024-02-21,81650.0
Cà phê Robusta nhân xô,Gia Lai,Thương lái thu mua,Vnđ/Kg,VNĐ,CTV địa phương,2024-02-21,81433.0
Cà phê Robusta nhân xô,Kon Tum,Thương lái thu mua,Vnđ/Kg,VNĐ,CTV địa phương,2024-02-21,81400.0
Cà phê Robusta nhân xô,Lâm Đồng,Thương lái thu mua,Vnđ/Kg,VNĐ,CTV địa phương,2024-02-21,80900.0
Cà phê Robusta nhân xô,Đắk Lắk,Thương lái thu mua,Vnđ/Kg,VNĐ,CTV địa phương,2024-02-20,81933.0
Cà phê Robusta nhân xô,Đắk Nông,Thương lái thu mua,Vnđ/Kg,VNĐ,CTV địa phương,2024-02-20,82050.0
Cà phê Robusta nhân xô,Gia Lai,Thương lái thu mua,Vnđ/Kg,VNĐ,CTV địa phương,2024-02-20,81833.0
Cà phê Robusta nhân xô,Kon Tum,Thương lái thu mua,Vnđ/Kg,VNĐ,CTV địa phương,2024-02-20,81800.0
Cà phê Robusta nhân xô,Lâm Đồng,Thương lái thu mua,Vnđ/Kg,VNĐ,CTV địa phương,2024-02-20,81300.0
Cà phê Robusta nhân xô,Đắk Lắk,Thương lái thu mua,Vnđ/Kg,VNĐ,CTV địa phương,2024-02-19,80133.0
Cà phê Robusta nhân xô,Đắk Nông,Thương lái thu mua,Vnđ/Kg,VNĐ,CTV địa phương,2024-02-19,80550.0
Cà phê Robusta nhân xô,Gia Lai,Thương lái thu mua,Vnđ/Kg,VNĐ,CTV địa phương,2024-02-19,80033.0
Cà phê Robusta nhân xô,Kon Tum,Thương lái thu mua,Vnđ/Kg,VNĐ,CTV địa phương,2024-02-19,80000.0
Cà phê Robusta nhân xô,Lâm Đồng,Thương lái thu mua,Vnđ/Kg,VNĐ,CTV địa phương,2024-02-19,79500.0
Cà phê Robusta nhân xô,Đắk Lắk,Thương lái thu mua,Vnđ/Kg,VNĐ,CTV địa phương,2024-02-16,78933.0
Cà phê Robusta nhân xô,Đắk Nông,Thương lái thu mua,Vnđ/Kg,VNĐ,CTV địa phương,2024-02-16,79250.0
Cà phê Robusta nhân xô,Gia Lai,Thương lái thu mua,Vnđ/Kg,VNĐ,CTV địa phương,2024-02-16,78833.0
Cà phê Robusta nhân xô,Kon Tum,Thương lái thu mua,Vnđ/Kg,VNĐ,CTV địa phương,2024-02-16,78900.0
Cà phê Robusta nhân xô,Lâm Đồng,Thương lái thu mua,Vnđ/Kg,VNĐ,CTV địa phương,2024-02-16,77200.0
Cà phê Robusta nhân xô,Đắk Lắk,Thương lái thu mua,Vnđ/Kg,VNĐ,CTV địa phương,2024-02-15,77733.0
Cà phê Robusta nhân xô,Đắk Nông,Thương lái thu mua,Vnđ/Kg,VNĐ,CTV địa phương,2024-02-15,78050.0
Cà phê Robusta nhân xô,Gia Lai,Thương lái thu mua,Vnđ/Kg,VNĐ,CTV địa phương,2024-02-15,77633.0
Cà phê Robusta nhân xô,Kon Tum,Thương lái thu mua,Vnđ/Kg,VNĐ,CTV địa phương,2024-02-15,77700.0
Cà phê Robusta nhân xô,Lâm Đồng,Thương lái thu mua,Vnđ/Kg,VNĐ,CTV địa phương,2024-02-15,77000.0
Cà phê Robusta nhân xô,Đắk Lắk,Thương lái thu mua,Vnđ/Kg,VNĐ,CTV địa phương,2024-02-14,78667.0
Cà phê Robusta nhân xô,Đắk Nông,Thương lái thu mua,Vnđ/Kg,VNĐ,CTV địa phương,2024-02-14,78850.0
Cà phê Robusta nhân xô,Gia Lai,Thương lái thu mua,Vnđ/Kg,VNĐ,CTV địa phương,2024-02-14,78433.0
Cà phê Robusta nhân xô,Kon Tum,Thương lái thu mua,Vnđ/Kg,VNĐ,CTV địa phương,2024-02-14,78500.0
Cà phê Robusta nhân xô,Lâm Đồng,Thương lái thu mua,Vnđ/Kg,VNĐ,CTV địa phương,2024-02-14,77800.0
Cà phê Robusta nhân xô,Đắk Lắk,Thương lái thu mua,Vnđ/Kg,VNĐ,CTV địa phương,2024-02-13,79433.0
Cà phê Robusta nhân xô,Đắk Nông,Thương lái thu mua,Vnđ/Kg,VNĐ,CTV địa phương,2024-02-13,79750.0
Cà phê Robusta nhân xô,Gia Lai,Thương lái thu mua,Vnđ/Kg,VNĐ,CTV địa phương,2024-02-13,79333.0
Cà phê Robusta nhân xô,Kon Tum,Thương lái thu mua,Vnđ/Kg,VNĐ,CTV địa phương,2024-02-13,79400.0
Cà phê Robusta nhân xô,Lâm Đồng,Thương lái thu mua,Vnđ/Kg,VNĐ,CTV địa phương,2024-02-13,78700.0
Cà phê Robusta nhân xô,Đắk Lắk,Thương lái thu mua,Vnđ/Kg,VNĐ,CTV địa phương,2024-02-12,79633.0
Cà phê Robusta nhân xô,Đắk Nông,Thương lái thu mua,Vnđ/Kg,VNĐ,CTV địa phương,2024-02-12,79950.0
Cà phê Robusta nhân xô,Gia Lai,Thương lái thu mua,Vnđ/Kg,VNĐ,CTV địa phương,2024-02-12,79533.0
Cà phê Robusta nhân xô,Kon Tum,Thương lái thu mua,Vnđ/Kg,VNĐ,CTV địa phương,2024-02-12,79600.0
Cà phê Robusta nhân xô,Lâm Đồng,Thương lái thu mua,Vnđ/Kg,VNĐ,CTV địa phương,2024-02-12,78900.0
Cà phê Robusta nhân xô,Đắk Lắk,Thương lái thu mua,Vnđ/Kg,VNĐ,CTV địa phương,2024-02-09,78933.0
Cà phê Robusta nhân xô,Đắk Nông,Thương lái thu mua,Vnđ/Kg,VNĐ,CTV địa phương,2024-02-09,79250.0
Cà phê Robusta nhân xô,Gia Lai,Thương lái thu mua,Vnđ/Kg,VNĐ,CTV địa phương,2024-02-09,78833.0
Cà phê Robusta nhân xô,Kon Tum,Thương lái thu mua,Vnđ/Kg,VNĐ,CTV địa phương,2024-02-09,78900.0
Cà phê Robusta nhân xô,Lâm Đồng,Thương lái thu mua,Vnđ/Kg,VNĐ,CTV địa phương,2024-02-09,78200.0
Cà phê Robusta nhân xô,Đắk Lắk,Thương lái thu mua,Vnđ/Kg,VNĐ,CTV địa phương,2024-02-08,78933.0
Cà phê Robusta nhân xô,Đắk Nông,Thương lái thu mua,Vnđ/Kg,VNĐ,CTV địa phương,2024-02-08,79250.0
Cà phê Robusta nhân xô,Gia Lai,Thương lái thu mua,Vnđ/Kg,VNĐ,CTV địa phương,2024-02-08,78833.0
Cà phê Robusta nhân xô,Kon Tum,Thương lái thu mua,Vnđ/Kg,VNĐ,CTV địa phương,2024-02-08,78900.0
Cà phê Robusta nhân xô,Lâm Đồng,Thương lái thu mua,Vnđ/Kg,VNĐ,CTV địa phương,2024-02-08,78200.0
Cà phê Robusta nhân xô,Đắk Lắk,Thương lái thu mua,Vnđ/Kg,VNĐ,CTV địa phương,2024-02-07,78333.0
Cà phê Robusta nhân xô,Đắk Nông,Thương lái thu mua,Vnđ/Kg,VNĐ,CTV địa phương,2024-02-07,78650.0
Cà phê Robusta nhân xô,Gia Lai,Thương lái thu mua,Vnđ/Kg,VNĐ,CTV địa phương,2024-02-07,78233.0
Cà phê Robusta nhân xô,Kon Tum,Thương lái thu mua,Vnđ/Kg,VNĐ,CTV địa phương,2024-02-07,78300.0
Cà phê Robusta nhân xô,Lâm Đồng,Thương lái thu mua,Vnđ/Kg,VNĐ,CTV địa phương,2024-02-07,77600.0
Cà phê Robusta nhân xô,Đắk Lắk,Thương lái thu mua,Vnđ/Kg,VNĐ,CTV địa phương,2024-02-06,78233.0
Cà phê Robusta nhân xô,Đắk Nông,Thương lái thu mua,Vnđ/Kg,VNĐ,CTV địa phương,2024-02-06,78550.0
Cà phê Robusta nhân xô,Gia Lai,Thương lái thu mua,Vnđ/Kg,VNĐ,CTV địa phương,2024-02-06,78133.0
Cà phê Robusta nhân xô,Kon Tum,Thương lái thu mua,Vnđ/Kg,VNĐ,CTV địa phương,2024-02-06,78200.0
Cà phê Robusta nhân xô,Lâm Đồng,Thương lái thu mua,Vnđ/Kg,VNĐ,CTV địa phương,2024-02-06,77500.0
Cà phê Robusta nhân xô,Đắk Lắk,Thương lái thu mua,Vnđ/Kg,VNĐ,CTV địa phương,2024-02-05,78433.0
Cà phê Robusta nhân xô,Đắk Nông,Thương lái thu mua,Vnđ/Kg,VNĐ,CTV địa phương,2024-02-05,78850.0
Cà phê Robusta nhân xô,Gia Lai,Thương lái thu mua,Vnđ/Kg,VNĐ,CTV địa phương,2024-02-05,78233.0
Cà phê Robusta nhân xô,Kon Tum,Thương lái thu mua,Vnđ/Kg,VNĐ,CTV địa phương,2024-02-05,78200.0
Cà phê Robusta nhân xô,Lâm Đồng,Thương lái thu mua,Vnđ/Kg,VNĐ,CTV địa phương,2024-02-05,77700.0
Cà phê Robusta nhân xô,Đắk Lắk,Thương lái thu mua,Vnđ/Kg,VNĐ,CTV địa phương,2024-02-02,78633.0
Cà phê Robusta nhân xô,Đắk Nông,Thương lái thu mua,Vnđ/Kg,VNĐ,CTV địa phương,2024-02-02,79150.0
Cà phê Robusta nhân xô,Gia Lai,Thương lái thu mua,Vnđ/Kg,VNĐ,CTV địa phương,2024-02-02,78433.0
Cà phê Robusta nhân xô,Kon Tum,Thương lái thu mua,Vnđ/Kg,VNĐ,CTV địa phương,2024-02-02,78400.0
Cà phê Robusta nhân xô,Lâm Đồng,Thương lái thu mua,Vnđ/Kg,VNĐ,CTV địa phương,2024-02-02,77900.0
Cà phê Robusta nhân xô,Đắk Lắk,Thương lái thu mua,Vnđ/Kg,VNĐ,CTV địa phương,2024-02-01,78633.0
Cà phê Robusta nhân xô,Đắk Nông,Thương lái thu mua,Vnđ/Kg,VNĐ,CTV địa phương,2024-02-01,79150.0
Cà phê Robusta nhân xô,Gia Lai,Thương lái thu mua,Vnđ/Kg,VNĐ,CTV địa phương,2024-02-01,78433.0
Cà phê Robusta nhân xô,Kon Tum,Thương lái thu mua,Vnđ/Kg,VNĐ,CTV địa phương,2024-02-01,78400.0
Cà phê Robusta nhân xô,Lâm Đồng,Thương lái thu mua,Vnđ/Kg,VNĐ,CTV địa phương,2024-02-01,77900.0
Cà phê Robusta nhân xô,Đắk Lắk,Thương lái thu mua,Vnđ/Kg,VNĐ,CTV địa phương,2024-01-31,78733.0
Cà phê Robusta nhân xô,Đắk Nông,Thương lái thu mua,Vnđ/Kg,VNĐ,CTV địa phương,2024-01-31,79150.0
Cà phê Robusta nhân xô,Gia Lai,Thương lái thu mua,Vnđ/Kg,VNĐ,CTV địa phương,2024-01-31,78533.0
Cà phê Robusta nhân xô,Kon Tum,Thương lái thu mua,Vnđ/Kg,VNĐ,CTV địa phương,2024-01-31,78600.0
Cà phê Robusta nhân xô,Lâm Đồng,Thương lái thu mua,Vnđ/Kg,VNĐ,CTV địa phương,2024-01-31,78100.0
Cà phê Robusta nhân xô,Đắk Lắk,Thương lái thu mua,Vnđ/Kg,VNĐ,CTV địa phương,2024-01-30,77433.0
Cà phê Robusta nhân xô,Đắk Nông,Thương lái thu mua,Vnđ/Kg,VNĐ,CTV địa phương,2024-01-30,77950.0
Cà phê Robusta nhân xô,Gia Lai,Thương lái thu mua,Vnđ/Kg,VNĐ,CTV địa phương,2024-01-30,77333.0
Cà phê Robusta nhân xô,Kon Tum,Thương lái thu mua,Vnđ/Kg,VNĐ,CTV địa phương,2024-01-30,77400.0
Cà phê Robusta nhân xô,Lâm Đồng,Thương lái thu mua,Vnđ/Kg,VNĐ,CTV địa phương,2024-01-30,77000.0
Cà phê Robusta nhân xô,Đắk Lắk,Thương lái thu mua,Vnđ/Kg,VNĐ,CTV địa phương,2024-01-29,76533.0
Cà phê Robusta nhân xô,Đắk Nông,Thương lái thu mua,Vnđ/Kg,VNĐ,CTV địa phương,2024-01-29,76850.0
Cà phê Robusta nhân xô,Gia Lai,Thương lái thu mua,Vnđ/Kg,VNĐ,CTV địa phương,2024-01-29,76533.0
Cà phê Robusta nhân xô,Kon Tum,Thương lái thu mua,Vnđ/Kg,VNĐ,CTV địa phương,2024-01-29,76600.0
Cà phê Robusta nhân xô,Lâm Đồng,Thương lái thu mua,Vnđ/Kg,VNĐ,CTV địa phương,2024-01-29,76100.0
Cà phê Robusta nhân xô,Đắk Lắk,Thương lái thu mua,Vnđ/Kg,VNĐ,CTV địa phương,2024-01-26,75500.0
Cà phê Robusta nhân xô,Đắk Nông,Thương lái thu mua,Vnđ/Kg,VNĐ,CTV địa phương,2024-01-26,75550.0
Cà phê Robusta nhân xô,Gia Lai,Thương lái thu mua,Vnđ/Kg,VNĐ,CTV địa phương,2024-01-26,75333.0
Cà phê Robusta nhân xô,Kon Tum,Thương lái thu mua,Vnđ/Kg,VNĐ,CTV địa phương,2024-01-26,75400.0
Cà phê Robusta nhân xô,Lâm Đồng,Thương lái thu mua,Vnđ/Kg,VNĐ,CTV địa phương,2024-01-26,74900.0
Cà phê Robusta nhân xô,Đắk Lắk,Thương lái thu mua,Vnđ/Kg,VNĐ,CTV địa phương,2024-01-25,74433.0
Cà phê Robusta nhân xô,Đắk Nông,Thương lái thu mua,Vnđ/Kg,VNĐ,CTV địa phương,2024-01-25,74550.0
Cà phê Robusta nhân xô,Gia Lai,Thương lái thu mua,Vnđ/Kg,VNĐ,CTV địa phương,2024-01-25,74333.0
Cà phê Robusta nhân xô,Kon Tum,Thương lái thu mua,Vnđ/Kg,VNĐ,CTV địa phương,2024-01-25,74400.0
Cà phê Robusta nhân xô,Lâm Đồng,Thương lái thu mua,Vnđ/Kg,VNĐ,CTV địa phương,2024-01-25,73900.0
Cà phê Robusta nhân xô,Đắk Lắk,Thương lái thu mua,Vnđ/Kg,VNĐ,CTV địa phương,2024-01-24,73833.0
Cà phê Robusta nhân xô,Đắk Nông,Thương lái thu mua,Vnđ/Kg,VNĐ,CTV địa phương,2024-01-24,73750.0
Cà phê Robusta nhân xô,Gia Lai,Thương lái thu mua,Vnđ/Kg,VNĐ,CTV địa phương,2024-01-24,73433.0
Cà phê Robusta nhân xô,Kon Tum,Thương lái thu mua,Vnđ/Kg,VNĐ,CTV địa phương,2024-01-24,73500.0
Cà phê Robusta nhân xô,Lâm Đồng,Thương lái thu mua,Vnđ/Kg,VNĐ,CTV địa phương,2024-01-24,73000.0
Cà phê Robusta nhân xô,Đắk Lắk,Thương lái thu mua,Vnđ/Kg,VNĐ,CTV địa phương,2024-01-23,74433.0
Cà phê Robusta nhân xô,Đắk Nông,Thương lái thu mua,Vnđ/Kg,VNĐ,CTV địa phương,2024-01-23,74350.0
Cà phê Robusta nhân xô,Gia Lai,Thương lái thu mua,Vnđ/Kg,VNĐ,CTV địa phương,2024-01-23,74033.0
Cà phê Robusta nhân xô,Kon Tum,Thương lái thu mua,Vnđ/Kg,VNĐ,CTV địa phương,2024-01-23,74100.0
Cà phê Robusta nhân xô,Lâm Đồng,Thương lái thu mua,Vnđ/Kg,VNĐ,CTV địa phương,2024-01-23,73600.0
Cà phê Robusta nhân xô,Đắk Lắk,Thương lái thu mua,Vnđ/Kg,VNĐ,CTV địa phương,2024-01-22,72433.0
Cà phê Robusta nhân xô,Đắk Nông,Thương lái thu mua,Vnđ/Kg,VNĐ,CTV địa phương,2024-01-22,72350.0
Cà phê Robusta nhân xô,Gia Lai,Thương lái thu mua,Vnđ/Kg,VNĐ,CTV địa phương,2024-01-22,72233.0
Cà phê Robusta nhân xô,Kon Tum,Thương lái thu mua,Vnđ/Kg,VNĐ,CTV địa phương,2024-01-22,72300.0
Cà phê Robusta nhân xô,Lâm Đồng,Thương lái thu mua,Vnđ/Kg,VNĐ,CTV địa phương,2024-01-22,71800.0
Cà phê Robusta nhân xô,Đắk Lắk,Thương lái thu mua,Vnđ/Kg,VNĐ,CTV địa phương,2024-01-19,70933.0
Cà phê Robusta nhân xô,Đắk Nông,Thương lái thu mua,Vnđ/Kg,VNĐ,CTV địa phương,2024-01-19,70950.0
Cà phê Robusta nhân xô,Gia Lai,Thương lái thu mua,Vnđ/Kg,VNĐ,CTV địa phương,2024-01-19,70833.0
Cà phê Robusta nhân xô,Kon Tum,Thương lái thu mua,Vnđ/Kg,VNĐ,CTV địa phương,2024-01-19,70900.0
Cà phê Robusta nhân xô,Lâm Đồng,Thương lái thu mua,Vnđ/Kg,VNĐ,CTV địa phương,2024-01-19,70400.0
Cà phê Robusta nhân xô,Đắk Lắk,Thương lái thu mua,Vnđ/Kg,VNĐ,CTV địa phương,2024-01-18,72333.0
Cà phê Robusta nhân xô,Đắk Nông,Thương lái thu mua,Vnđ/Kg,VNĐ,CTV địa phương,2024-01-18,70600.0
Cà phê Robusta nhân xô,Gia Lai,Thương lái thu mua,Vnđ/Kg,VNĐ,CTV địa phương,2024-01-18,72233.0
Cà phê Robusta nhân xô,Kon Tum,Thương lái thu mua,Vnđ/Kg,VNĐ,CTV địa phương,2024-01-18,72200.0
Cà phê Robusta nhân xô,Lâm Đồng,Thương lái thu mua,Vnđ/Kg,VNĐ,CTV địa phương,2024-01-18,71700.0
Cà phê Robusta nhân xô,Đắk Lắk,Thương lái thu mua,Vnđ/Kg,VNĐ,CTV địa phương,2024-01-17,72633.0
Cà phê Robusta nhân xô,Đắk Nông,Thương lái thu mua,Vnđ/Kg,VNĐ,CTV địa phương,2024-01-17,72750.0
Cà phê Robusta nhân xô,Gia Lai,Thương lái thu mua,Vnđ/Kg,VNĐ,CTV địa phương,2024-01-17,72633.0
Cà phê Robusta nhân xô,Kon Tum,Thương lái thu mua,Vnđ/Kg,VNĐ,CTV địa phương,2024-01-17,72600.0
Cà phê Robusta nhân xô,Lâm Đồng,Thương lái thu mua,Vnđ/Kg,VNĐ,CTV địa phương,2024-01-17,72100.0
Cà phê Robusta nhân xô,Đắk Lắk,Thương lái thu mua,Vnđ/Kg,VNĐ,CTV địa phương,2024-01-16,71133.0
Cà phê Robusta nhân xô,Đắk Nông,Thương lái thu mua,Vnđ/Kg,VNĐ,CTV địa phương,2024-01-16,71250.0
Cà phê Robusta nhân xô,Gia Lai,Thương lái thu mua,Vnđ/Kg,VNĐ,CTV địa phương,2024-01-16,71133.0
Cà phê Robusta nhân xô,Kon Tum,Thương lái thu mua,Vnđ/Kg,VNĐ,CTV địa phương,2024-01-16,71100.0
Cà phê Robusta nhân xô,Lâm Đồng,Thương lái thu mua,Vnđ/Kg,VNĐ,CTV địa phương,2024-01-16,70600.0
Cà phê Robusta nhân xô,Đắk Lắk,Thương lái thu mua,Vnđ/Kg,VNĐ,CTV địa phương,2024-01-15,70533.0
Cà phê Robusta nhân xô,Đắk Nông,Thương lái thu mua,Vnđ/Kg,VNĐ,CTV địa phương,2024-01-15,70650.0
Cà phê Robusta nhân xô,Gia Lai,Thương lái thu mua,Vnđ/Kg,VNĐ,CTV địa phương,2024-01-15,70533.0
Cà phê Robusta nhân xô,Kon Tum,Thương lái thu mua,Vnđ/Kg,VNĐ,CTV địa phương,2024-01-15,70500.0
Cà phê Robusta nhân xô,Lâm Đồng,Thương lái thu mua,Vnđ/Kg,VNĐ,CTV địa phương,2024-01-15,70000.0
Cà phê Robusta nhân xô,Đắk Lắk,Thương lái thu mua,Vnđ/Kg,VNĐ,CTV địa phương,2024-01-12,70533.0
Cà phê Robusta nhân xô,Đắk Nông,Thương lái thu mua,Vnđ/Kg,VNĐ,CTV địa phương,2024-01-12,70650.0
Cà phê Robusta nhân xô,Gia Lai,Thương lái thu mua,Vnđ/Kg,VNĐ,CTV địa phương,2024-01-12,70533.0
Cà phê Robusta nhân xô,Kon Tum,Thương lái thu mua,Vnđ/Kg,VNĐ,CTV địa phương,2024-01-12,70600.0
Cà phê Robusta nhân xô,Lâm Đồng,Thương lái thu mua,Vnđ/Kg,VNĐ,CTV địa phương,2024-01-12,70000.0
Cà phê Robusta nhân xô,Đắk Lắk,Thương lái thu mua,Vnđ/Kg,VNĐ,CTV địa phương,2024-01-11,70433.0
Cà phê Robusta nhân xô,Đắk Nông,Thương lái thu mua,Vnđ/Kg,VNĐ,CTV địa phương,2024-01-11,70600.0
Cà phê Robusta nhân xô,Gia Lai,Thương lái thu mua,Vnđ/Kg,VNĐ,CTV địa phương,2024-01-11,70533.0
Cà phê Robusta nhân xô,Kon Tum,Thương lái thu mua,Vnđ/Kg,VNĐ,CTV địa phương,2024-01-11,70600.0
Cà phê Robusta nhân xô,Lâm Đồng,Thương lái thu mua,Vnđ/Kg,VNĐ,CTV địa phương,2024-01-11,70000.0
Cà phê Robusta nhân xô,Đắk Lắk,Thương lái thu mua,Vnđ/Kg,VNĐ,CTV địa phương,2024-01-10,70333.0
Cà phê Robusta nhân xô,Đắk Nông,Thương lái thu mua,Vnđ/Kg,VNĐ,CTV địa phương,2024-01-10,70450.0
Cà phê Robusta nhân xô,Gia Lai,Thương lái thu mua,Vnđ/Kg,VNĐ,CTV địa phương,2024-01-10,70233.0
Cà phê Robusta nhân xô,Kon Tum,Thương lái thu mua,Vnđ/Kg,VNĐ,CTV địa phương,2024-01-10,70300.0
Cà phê Robusta nhân xô,Lâm Đồng,Thương lái thu mua,Vnđ/Kg,VNĐ,CTV địa phương,2024-01-10,69700.0
Cà phê Robusta nhân xô,Đắk Lắk,Thương lái thu mua,Vnđ/Kg,VNĐ,CTV địa phương,2024-01-09,69433.0
Cà phê Robusta nhân xô,Đắk Nông,Thương lái thu mua,Vnđ/Kg,VNĐ,CTV địa phương,2024-01-09,69550.0
Cà phê Robusta nhân xô,Gia Lai,Thương lái thu mua,Vnđ/Kg,VNĐ,CTV địa phương,2024-01-09,69333.0
Cà phê Robusta nhân xô,Kon Tum,Thương lái thu mua,Vnđ/Kg,VNĐ,CTV địa phương,2024-01-09,69400.0
Cà phê Robusta nhân xô,Lâm Đồng,Thương lái thu mua,Vnđ/Kg,VNĐ,CTV địa phương,2024-01-09,68700.0
Cà phê Robusta nhân xô,Đắk Lắk,Thương lái thu mua,Vnđ/Kg,VNĐ,CTV địa phương,2024-01-08,68133.0
Cà phê Robusta nhân xô,Đắk Nông,Thương lái thu mua,Vnđ/Kg,VNĐ,CTV địa phương,2024-01-08,67950.0
Cà phê Robusta nhân xô,Gia Lai,Thương lái thu mua,Vnđ/Kg,VNĐ,CTV địa phương,2024-01-08,67833.0
Cà phê Robusta nhân xô,Kon Tum,Thương lái thu mua,Vnđ/Kg,VNĐ,CTV địa phương,2024-01-08,67800.0
Cà phê Robusta nhân xô,Lâm Đồng,Thương lái thu mua,Vnđ/Kg,VNĐ,CTV địa phương,2024-01-08,67200.0
Cà phê Robusta nhân xô,Đắk Lắk,Thương lái thu mua,Vnđ/Kg,VNĐ,CTV địa phương,2024-01-05,67733.0
Cà phê Robusta nhân xô,Đắk Nông,Thương lái thu mua,Vnđ/Kg,VNĐ,CTV địa phương,2024-01-05,67750.0
Cà phê Robusta nhân xô,Gia Lai,Thương lái thu mua,Vnđ/Kg,VNĐ,CTV địa phương,2024-01-05,67533.0
Cà phê Robusta nhân xô,Kon Tum,Thương lái thu mua,Vnđ/Kg,VNĐ,CTV địa phương,2024-01-05,67600.0
Cà phê Robusta nhân xô,Lâm Đồng,Thương lái thu mua,Vnđ/Kg,VNĐ,CTV địa phương,2024-01-05,66900.0
Cà phê Robusta nhân xô,Đắk Lắk,Thương lái thu mua,Vnđ/Kg,VNĐ,CTV địa phương,2024-01-04,67333.0
Cà phê Robusta nhân xô,Đắk Nông,Thương lái thu mua,Vnđ/Kg,VNĐ,CTV địa phương,2024-01-04,67400.0
Cà phê Robusta nhân xô,Gia Lai,Thương lái thu mua,Vnđ/Kg,VNĐ,CTV địa phương,2024-01-04,67133.0
Cà phê Robusta nhân xô,Kon Tum,Thương lái thu mua,Vnđ/Kg,VNĐ,CTV địa phương,2024-01-04,67200.0
Cà phê Robusta nhân xô,Lâm Đồng,Thương lái thu mua,Vnđ/Kg,VNĐ,CTV địa phương,2024-01-04,66500.0
Cà phê Robusta nhân xô,Đắk Lắk,Thương lái thu mua,Vnđ/Kg,VNĐ,CTV địa phương,2024-01-03,68133.0
Cà phê Robusta nhân xô,Đắk Nông,Thương lái thu mua,Vnđ/Kg,VNĐ,CTV địa phương,2024-01-03,68150.0
Cà phê Robusta nhân xô,Gia Lai,Thương lái thu mua,Vnđ/Kg,VNĐ,CTV địa phương,2024-01-03,67933.0
Cà phê Robusta nhân xô,Kon Tum,Thương lái thu mua,Vnđ/Kg,VNĐ,CTV địa phương,2024-01-03,68000.0
Cà phê Robusta nhân xô,Lâm Đồng,Thương lái thu mua,Vnđ/Kg,VNĐ,CTV địa phương,2024-01-03,67300.0
Cà phê Robusta nhân xô,Đắk Lắk,Thương lái thu mua,Vnđ/Kg,VNĐ,CTV địa phương,2024-01-02,68233.0
Cà phê Robusta nhân xô,Đắk Nông,Thương lái thu mua,Vnđ/Kg,VNĐ,CTV địa phương,2024-01-02,68250.0
Cà phê Robusta nhân xô,Gia Lai,Thương lái thu mua,Vnđ/Kg,VNĐ,CTV địa phương,2024-01-02,68133.0
Cà phê Robusta nhân xô,Kon Tum,Thương lái thu mua,Vnđ/Kg,VNĐ,CTV địa phương,2024-01-02,68200.0
Cà phê Robusta nhân xô,Lâm Đồng,Thương lái thu mua,Vnđ/Kg,VNĐ,CTV địa phương,2024-01-02,67400.0
Cà phê Robusta nhân xô,Đắk Lắk,Thương lái thu mua,Vnđ/Kg,VNĐ,CTV địa phương,2024-01-01,68333.0
Cà phê Robusta nhân xô,Đắk Nông,Thương lái thu mua,Vnđ/Kg,VNĐ,CTV địa phương,2024-01-01,68350.0
Cà phê Robusta nhân xô,Gia Lai,Thương lái thu mua,Vnđ/Kg,VNĐ,CTV địa phương,2024-01-01,68233.0
Cà phê Robusta nhân xô,Kon Tum,Thương lái thu mua,Vnđ/Kg,VNĐ,CTV địa phương,2024-01-01,68300.0
Cà phê Robusta nhân xô,Lâm Đồng,Thương lái thu mua,Vnđ/Kg,VNĐ,CTV địa phương,2024-01-01,67500.0
Cà phê Robusta nhân xô,Đắk Lắk,Thương lái thu mua,Vnđ/Kg,VNĐ,CTV địa phương,2023-12-29,69833.0
Cà phê Robusta nhân xô,Đắk Nông,Thương lái thu mua,Vnđ/Kg,VNĐ,CTV địa phương,2023-12-29,69850.0
Cà phê Robusta nhân xô,Gia Lai,Thương lái thu mua,Vnđ/Kg,VNĐ,CTV địa phương,2023-12-29,69733.0
Cà phê Robusta nhân xô,Kon Tum,Thương lái thu mua,Vnđ/Kg,VNĐ,CTV địa phương,2023-12-29,69800.0
Cà phê Robusta nhân xô,Lâm Đồng,Thương lái thu mua,Vnđ/Kg,VNĐ,CTV địa phương,2023-12-29,69100.0
Cà phê Robusta nhân xô,Đắk Lắk,Thương lái thu mua,Vnđ/Kg,VNĐ,CTV địa phương,2023-12-28,68133.0
Cà phê Robusta nhân xô,Đắk Nông,Thương lái thu mua,Vnđ/Kg,VNĐ,CTV địa phương,2023-12-28,68150.0
Cà phê Robusta nhân xô,Gia Lai,Thương lái thu mua,Vnđ/Kg,VNĐ,CTV địa phương,2023-12-28,67933.0
Cà phê Robusta nhân xô,Kon Tum,Thương lái thu mua,Vnđ/Kg,VNĐ,CTV địa phương,2023-12-28,67900.0
Cà phê Robusta nhân xô,Lâm Đồng,Thương lái thu mua,Vnđ/Kg,VNĐ,CTV địa phương,2023-12-28,67400.0
Cà phê Robusta nhân xô,Đắk Lắk,Thương lái thu mua,Vnđ/Kg,VNĐ,CTV địa phương,2023-12-27,67933.0
Cà phê Robusta nhân xô,Đắk Nông,Thương lái thu mua,Vnđ/Kg,VNĐ,CTV địa phương,2023-12-27,67950.0
Cà phê Robusta nhân xô,Gia Lai,Thương lái thu mua,Vnđ/Kg,VNĐ,CTV địa phương,2023-12-27,67733.0
Cà phê Robusta nhân xô,Kon Tum,Thương lái thu mua,Vnđ/Kg,VNĐ,CTV địa phương,2023-12-27,67700.0
Cà phê Robusta nhân xô,Lâm Đồng,Thương lái thu mua,Vnđ/Kg,VNĐ,CTV địa phương,2023-12-27,67200.0
Cà phê Robusta nhân xô,Đắk Lắk,Thương lái thu mua,Vnđ/Kg,VNĐ,CTV địa phương,2023-12-26,67933.0
Cà phê Robusta nhân xô,Đắk Nông,Thương lái thu mua,Vnđ/Kg,VNĐ,CTV địa phương,2023-12-26,67950.0
Cà phê Robusta nhân xô,Gia Lai,Thương lái thu mua,Vnđ/Kg,VNĐ,CTV địa phương,2023-12-26,67733.0
Cà phê Robusta nhân xô,Kon Tum,Thương lái thu mua,Vnđ/Kg,VNĐ,CTV địa phương,2023-12-26,67700.0
Cà phê Robusta nhân xô,Lâm Đồng,Thương lái thu mua,Vnđ/Kg,VNĐ,CTV địa phương,2023-12-26,67200.0
Cà phê Robusta nhân xô,Đắk Lắk,Thương lái thu mua,Vnđ/Kg,VNĐ,CTV địa phương,2023-12-25,67933.0
Cà phê Robusta nhân xô,Đắk Nông,Thương lái thu mua,Vnđ/Kg,VNĐ,CTV địa phương,2023-12-25,67950.0
Cà phê Robusta nhân xô,Gia Lai,Thương lái thu mua,Vnđ/Kg,VNĐ,CTV địa phương,2023-12-25,67733.0
Cà phê Robusta nhân xô,Kon Tum,Thương lái thu mua,Vnđ/Kg,VNĐ,CTV địa phương,2023-12-25,67700.0
Cà phê Robusta nhân xô,Lâm Đồng,Thương lái thu mua,Vnđ/Kg,VNĐ,CTV địa phương,2023-12-25,67200.0
Cà phê Robusta nhân xô,Đắk Lắk,Thương lái thu mua,Vnđ/Kg,VNĐ,CTV địa phương,2023-12-20,68333.0
Cà phê Robusta nhân xô,Đắk Nông,Thương lái thu mua,Vnđ/Kg,VNĐ,CTV địa phương,2023-12-20,68350.0
Cà phê Robusta nhân xô,Gia Lai,Thương lái thu mua,Vnđ/Kg,VNĐ,CTV địa phương,2023-12-20,68266.0
Cà phê Robusta nhân xô,Kon Tum,Thương lái thu mua,Vnđ/Kg,VNĐ,CTV địa phương,2023-12-20,68300.0
Cà phê Robusta nhân xô,Lâm Đồng,Thương lái thu mua,Vnđ/Kg,VNĐ,CTV địa phương,2023-12-20,67700.0
Cà phê Robusta nhân xô,Đắk Lắk,Thương lái thu mua,Vnđ/Kg,VNĐ,CTV địa phương,2023-12-19,66633.0
Cà phê Robusta nhân xô,Đắk Nông,Thương lái thu mua,Vnđ/Kg,VNĐ,CTV địa phương,2023-12-19,66650.0
Cà phê Robusta nhân xô,Gia Lai,Thương lái thu mua,Vnđ/Kg,VNĐ,CTV địa phương,2023-12-19,66533.0
Cà phê Robusta nhân xô,Kon Tum,Thương lái thu mua,Vnđ/Kg,VNĐ,CTV địa phương,2023-12-19,66600.0
Cà phê Robusta nhân xô,Lâm Đồng,Thương lái thu mua,Vnđ/Kg,VNĐ,CTV địa phương,2023-12-19,66000.0
Cà phê Robusta nhân xô,Đắk Lắk,Thương lái thu mua,Vnđ/Kg,VNĐ,CTV địa phương,2023-12-18,67233.0
Cà phê Robusta nhân xô,Đắk Nông,Thương lái thu mua,Vnđ/Kg,VNĐ,CTV địa phương,2023-12-18,67250.0
Cà phê Robusta nhân xô,Gia Lai,Thương lái thu mua,Vnđ/Kg,VNĐ,CTV địa phương,2023-12-18,67133.0
Cà phê Robusta nhân xô,Kon Tum,Thương lái thu mua,Vnđ/Kg,VNĐ,CTV địa phương,2023-12-18,67200.0
Cà phê Robusta nhân xô,Lâm Đồng,Thương lái thu mua,Vnđ/Kg,VNĐ,CTV địa phương,2023-12-18,66600.0
Cà phê Robusta nhân xô,Đắk Lắk,Thương lái thu mua,Vnđ/Kg,VNĐ,CTV địa phương,2023-12-15,65733.0
Cà phê Robusta nhân xô,Đắk Nông,Thương lái thu mua,Vnđ/Kg,VNĐ,CTV địa phương,2023-12-15,65750.0
Cà phê Robusta nhân xô,Gia Lai,Thương lái thu mua,Vnđ/Kg,VNĐ,CTV địa phương,2023-12-15,65633.0
Cà phê Robusta nhân xô,Kon Tum,Thương lái thu mua,Vnđ/Kg,VNĐ,CTV địa phương,2023-12-15,65700.0
Cà phê Robusta nhân xô,Lâm Đồng,Thương lái thu mua,Vnđ/Kg,VNĐ,CTV địa phương,2023-12-15,65200.0
Cà phê Robusta nhân xô,Đắk Lắk,Thương lái thu mua,Vnđ/Kg,VNĐ,CTV địa phương,2023-12-14,64333.0
Cà phê Robusta nhân xô,Đắk Nông,Thương lái thu mua,Vnđ/Kg,VNĐ,CTV địa phương,2023-12-14,64350.0
Cà phê Robusta nhân xô,Gia Lai,Thương lái thu mua,Vnđ/Kg,VNĐ,CTV địa phương,2023-12-14,64233.0
Cà phê Robusta nhân xô,Kon Tum,Thương lái thu mua,Vnđ/Kg,VNĐ,CTV địa phương,2023-12-14,64300.0
Cà phê Robusta nhân xô,Lâm Đồng,Thương lái thu mua,Vnđ/Kg,VNĐ,CTV địa phương,2023-12-14,63600.0
Cà phê Robusta nhân xô,Đắk Lắk,Thương lái thu mua,Vnđ/Kg,VNĐ,CTV địa phương,2023-12-13,63733.0
Cà phê Robusta nhân xô,Đắk Nông,Thương lái thu mua,Vnđ/Kg,VNĐ,CTV địa phương,2023-12-13,63750.0
Cà phê Robusta nhân xô,Gia Lai,Thương lái thu mua,Vnđ/Kg,VNĐ,CTV địa phương,2023-12-13,63633.0
Cà phê Robusta nhân xô,Kon Tum,Thương lái thu mua,Vnđ/Kg,VNĐ,CTV địa phương,2023-12-13,63600.0
Cà phê Robusta nhân xô,Lâm Đồng,Thương lái thu mua,Vnđ/Kg,VNĐ,CTV địa phương,2023-12-13,63000.0
Cà phê Robusta nhân xô,Đắk Lắk,Thương lái thu mua,Vnđ/Kg,VNĐ,CTV địa phương,2023-12-12,61533.0
Cà phê Robusta nhân xô,Đắk Nông,Thương lái thu mua,Vnđ/Kg,VNĐ,CTV địa phương,2023-12-12,61550.0
Cà phê Robusta nhân xô,Gia Lai,Thương lái thu mua,Vnđ/Kg,VNĐ,CTV địa phương,2023-12-12,61466.0
Cà phê Robusta nhân xô,Kon Tum,Thương lái thu mua,Vnđ/Kg,VNĐ,CTV địa phương,2023-12-12,61500.0
Cà phê Robusta nhân xô,Lâm Đồng,Thương lái thu mua,Vnđ/Kg,VNĐ,CTV địa phương,2023-12-12,60700.0
Cà phê Robusta nhân xô,Đắk Lắk,Thương lái thu mua,Vnđ/Kg,VNĐ,CTV địa phương,2023-12-11,60533.0
Cà phê Robusta nhân xô,Đắk Nông,Thương lái thu mua,Vnđ/Kg,VNĐ,CTV địa phương,2023-12-11,60550.0
Cà phê Robusta nhân xô,Gia Lai,Thương lái thu mua,Vnđ/Kg,VNĐ,CTV địa phương,2023-12-11,60433.0
Cà phê Robusta nhân xô,Kon Tum,Thương lái thu mua,Vnđ/Kg,VNĐ,CTV địa phương,2023-12-11,60500.0
Cà phê Robusta nhân xô,Lâm Đồng,Thương lái thu mua,Vnđ/Kg,VNĐ,CTV địa phương,2023-12-11,59700.0
Cà phê Robusta nhân xô,Đắk Lắk,Thương lái thu mua,Vnđ/Kg,VNĐ,CTV địa phương,2023-12-08,60333.0
Cà phê Robusta nhân xô,Đắk Nông,Thương lái thu mua,Vnđ/Kg,VNĐ,CTV địa phương,2023-12-08,60350.0
Cà phê Robusta nhân xô,Gia Lai,Thương lái thu mua,Vnđ/Kg,VNĐ,CTV địa phương,2023-12-08,60233.0
Cà phê Robusta nhân xô,Kon Tum,Thương lái thu mua,Vnđ/Kg,VNĐ,CTV địa phương,2023-12-08,60200.0
Cà phê Robusta nhân xô,Lâm Đồng,Thương lái thu mua,Vnđ/Kg,VNĐ,CTV địa phương,2023-12-08,59500.0
Cà phê Robusta nhân xô,Đắk Lắk,Thương lái thu mua,Vnđ/Kg,VNĐ,CTV địa phương,2023-12-07,59933.0
Cà phê Robusta nhân xô,Đắk Nông,Thương lái thu mua,Vnđ/Kg,VNĐ,CTV địa phương,2023-12-07,59950.0
Cà phê Robusta nhân xô,Gia Lai,Thương lái thu mua,Vnđ/Kg,VNĐ,CTV địa phương,2023-12-07,59733.0
Cà phê Robusta nhân xô,Kon Tum,Thương lái thu mua,Vnđ/Kg,VNĐ,CTV địa phương,2023-12-07,59800.0
Cà phê Robusta nhân xô,Lâm Đồng,Thương lái thu mua,Vnđ/Kg,VNĐ,CTV địa phương,2023-12-07,59000.0
Cà phê Robusta nhân xô,Đắk Lắk,Thương lái thu mua,Vnđ/Kg,VNĐ,CTV địa phương,2023-12-06,60033.0
Cà phê Robusta nhân xô,Đắk Nông,Thương lái thu mua,Vnđ/Kg,VNĐ,CTV địa phương,2023-12-06,60050.0
Cà phê Robusta nhân xô,Gia Lai,Thương lái thu mua,Vnđ/Kg,VNĐ,CTV địa phương,2023-12-06,59833.0
Cà phê Robusta nhân xô,Kon Tum,Thương lái thu mua,Vnđ/Kg,VNĐ,CTV địa phương,2023-12-06,59900.0
Cà phê Robusta nhân xô,Lâm Đồng,Thương lái thu mua,Vnđ/Kg,VNĐ,CTV địa phương,2023-12-06,59100.0
Cà phê Robusta nhân xô,Đắk Lắk,Thương lái thu mua,VNĐ/kg,VNĐ,CTV địa phương,2023-12-05,59633.0
Cà phê Robusta nhân xô,Đắk Nông,Thương lái thu mua,VNĐ/kg,VNĐ,CTV địa phương,2023-12-05,59650.0
Cà phê Robusta nhân xô,Gia Lai,Thương lái thu mua,VNĐ/kg,VNĐ,CTV địa phương,2023-12-05,59433.0
Cà phê Robusta nhân xô,Kon Tum,Thương lái thu mua,VNĐ/kg,VNĐ,CTV địa phương,2023-12-05,59500.0
Cà phê Robusta nhân xô,Lâm Đồng,Thương lái thu mua,VNĐ/kg,VNĐ,CTV địa phương,2023-12-05,58700.0
Cà phê Robusta nhân xô,Đắk Lắk,Thương lái thu mua,VNĐ/kg,VNĐ,CTV địa phương,2023-12-04,59433.0
Cà phê Robusta nhân xô,Đắk Nông,Thương lái thu mua,VNĐ/kg,VNĐ,CTV địa phương,2023-12-04,59450.0
Cà phê Robusta nhân xô,Gia Lai,Thương lái thu mua,VNĐ/kg,VNĐ,CTV địa phương,2023-12-04,59233.0
Cà phê Robusta nhân xô,Kon Tum,Thương lái thu mua,VNĐ/kg,VNĐ,CTV địa phương,2023-12-04,59300.0
Cà phê Robusta nhân xô,Lâm Đồng,Thương lái thu mua,VNĐ/kg,VNĐ,CTV địa phương,2023-12-04,58500.0
Cà phê Robusta nhân xô,Đắk Lắk,Thương lái thu mua,VNĐ/kg,VNĐ,CTV địa phương,2023-12-01,59633.0
Cà phê Robusta nhân xô,Đắk Nông,Thương lái thu mua,VNĐ/kg,VNĐ,CTV địa phương,2023-12-01,58750.0
Cà phê Robusta nhân xô,Gia Lai,Thương lái thu mua,VNĐ/kg,VNĐ,CTV địa phương,2023-12-01,59467.0
Cà phê Robusta nhân xô,Kon Tum,Thương lái thu mua,VNĐ/kg,VNĐ,CTV địa phương,2023-12-01,59400.0
Cà phê Robusta nhân xô,Lâm Đồng,Thương lái thu mua,VNĐ/kg,VNĐ,CTV địa phương,2023-12-01,58600.0
Cà phê Robusta nhân xô,Đắk Lắk,Thương lái thu mua,VNĐ/kg,VNĐ,CTV địa phương,2023-11-30,58833.0
Cà phê Robusta nhân xô,Đắk Nông,Thương lái thu mua,VNĐ/kg,VNĐ,CTV địa phương,2023-11-30,59450.0
Cà phê Robusta nhân xô,Gia Lai,Thương lái thu mua,VNĐ/kg,VNĐ,CTV địa phương,2023-11-30,58600.0
Cà phê Robusta nhân xô,Kon Tum,Thương lái thu mua,VNĐ/kg,VNĐ,CTV địa phương,2023-11-30,58600.0
Cà phê Robusta nhân xô,Lâm Đồng,Thương lái thu mua,VNĐ/kg,VNĐ,CTV địa phương,2023-11-30,57800.0
Cà phê Robusta nhân xô,Đắk Lắk,Thương lái thu mua,VNĐ/kg,VNĐ,CTV địa phương,2023-11-29,58833.0
Cà phê Robusta nhân xô,Đắk Nông,Thương lái thu mua,VNĐ/kg,VNĐ,CTV địa phương,2023-11-29,58750.0
Cà phê Robusta nhân xô,Gia Lai,Thương lái thu mua,VNĐ/kg,VNĐ,CTV địa phương,2023-11-29,58633.0
Cà phê Robusta nhân xô,Kon Tum,Thương lái thu mua,VNĐ/kg,VNĐ,CTV địa phương,2023-11-29,58700.0
Cà phê Robusta nhân xô,Lâm Đồng,Thương lái thu mua,VNĐ/kg,VNĐ,CTV địa phương,2023-11-29,57800.0
Cà phê Robusta nhân xô,Đắk Lắk,Thương lái thu mua,VNĐ/kg,VNĐ,CTV địa phương,2023-11-28,58433.0
Cà phê Robusta nhân xô,Đắk Nông,Thương lái thu mua,VNĐ/kg,VNĐ,CTV địa phương,2023-11-28,58250.0
Cà phê Robusta nhân xô,Gia Lai,Thương lái thu mua,VNĐ/kg,VNĐ,CTV địa phương,2023-11-28,58133.0
Cà phê Robusta nhân xô,Kon Tum,Thương lái thu mua,VNĐ/kg,VNĐ,CTV địa phương,2023-11-28,58200.0
Cà phê Robusta nhân xô,Lâm Đồng,Thương lái thu mua,VNĐ/kg,VNĐ,CTV địa phương,2023-11-28,57700.0
Cà phê Robusta nhân xô,Đắk Lắk,Thương lái thu mua,VNĐ/kg,VNĐ,CTV địa phương,2023-11-27,58433.0
Cà phê Robusta nhân xô,Đắk Nông,Thương lái thu mua,VNĐ/kg,VNĐ,CTV địa phương,2023-11-27,58250.0
Cà phê Robusta nhân xô,Gia Lai,Thương lái thu mua,VNĐ/kg,VNĐ,CTV địa phương,2023-11-27,58133.0
Cà phê Robusta nhân xô,Kon Tum,Thương lái thu mua,VNĐ/kg,VNĐ,CTV địa phương,2023-11-27,58200.0
Cà phê Robusta nhân xô,Lâm Đồng,Thương lái thu mua,VNĐ/kg,VNĐ,CTV địa phương,2023-11-27,57700.0
Cà phê Robusta nhân xô,Đắk Lắk,Thương lái thu mua,VNĐ/kg,VNĐ,CTV địa phương,2023-11-24,57633.0
Cà phê Robusta nhân xô,Đắk Nông,Thương lái thu mua,VNĐ/kg,VNĐ,CTV địa phương,2023-11-24,57450.0
Cà phê Robusta nhân xô,Gia Lai,Thương lái thu mua,VNĐ/kg,VNĐ,CTV địa phương,2023-11-24,57433.0
Cà phê Robusta nhân xô,Kon Tum,Thương lái thu mua,VNĐ/kg,VNĐ,CTV địa phương,2023-11-24,57500.0
Cà phê Robusta nhân xô,Lâm Đồng,Thương lái thu mua,VNĐ/kg,VNĐ,CTV địa phương,2023-11-24,57000.0
Cà phê Robusta nhân xô,Đắk Lắk,Thương lái thu mua,VNĐ/kg,VNĐ,CTV địa phương,2023-11-23,57833.0
Cà phê Robusta nhân xô,Đắk Nông,Thương lái thu mua,VNĐ/kg,VNĐ,CTV địa phương,2023-11-23,57650.0
Cà phê Robusta nhân xô,Gia Lai,Thương lái thu mua,VNĐ/kg,VNĐ,CTV địa phương,2023-11-23,57633.0
Cà phê Robusta nhân xô,Kon Tum,Thương lái thu mua,VNĐ/kg,VNĐ,CTV địa phương,2023-11-23,57700.0
Cà phê Robusta nhân xô,Lâm Đồng,Thương lái thu mua,VNĐ/kg,VNĐ,CTV địa phương,2023-11-23,57200.0
Cà phê Robusta nhân xô,Đắk Lắk,Thương lái thu mua,VNĐ/kg,VNĐ,CTV địa phương,2023-11-22,57733.0
Cà phê Robusta nhân xô,Đắk Nông,Thương lái thu mua,VNĐ/kg,VNĐ,CTV địa phương,2023-11-22,57450.0
Cà phê Robusta nhân xô,Gia Lai,Thương lái thu mua,VNĐ/kg,VNĐ,CTV địa phương,2023-11-22,57433.0
Cà phê Robusta nhân xô,Kon Tum,Thương lái thu mua,VNĐ/kg,VNĐ,CTV địa phương,2023-11-22,57500.0
Cà phê Robusta nhân xô,Lâm Đồng,Thương lái thu mua,VNĐ/kg,VNĐ,CTV địa phương,2023-11-22,57100.0
Cà phê Robusta nhân xô,Đắk Lắk,Thương lái thu mua,VNĐ/kg,VNĐ,CTV địa phương,2023-11-21,58233.0
Cà phê Robusta nhân xô,Đắk Nông,Thương lái thu mua,VNĐ/kg,VNĐ,CTV địa phương,2023-11-21,57950.0
Cà phê Robusta nhân xô,Gia Lai,Thương lái thu mua,VNĐ/kg,VNĐ,CTV địa phương,2023-11-21,57933.0
Cà phê Robusta nhân xô,Kon Tum,Thương lái thu mua,VNĐ/kg,VNĐ,CTV địa phương,2023-11-21,58000.0
Cà phê Robusta nhân xô,Lâm Đồng,Thương lái thu mua,VNĐ/kg,VNĐ,CTV địa phương,2023-11-21,57600.0
Cà phê Robusta nhân xô,Đắk Lắk,Thương lái thu mua,VNĐ/kg,VNĐ,CTV địa phương,2023-11-20,57733.0
Cà phê Robusta nhân xô,Đắk Nông,Thương lái thu mua,VNĐ/kg,VNĐ,CTV địa phương,2023-11-20,57450.0
Cà phê Robusta nhân xô,Gia Lai,Thương lái thu mua,VNĐ/kg,VNĐ,CTV địa phương,2023-11-20,57433.0
Cà phê Robusta nhân xô,Kon Tum,Thương lái thu mua,VNĐ/kg,VNĐ,CTV địa phương,2023-11-20,57500.0
Cà phê Robusta nhân xô,Lâm Đồng,Thương lái thu mua,VNĐ/kg,VNĐ,CTV địa phương,2023-11-20,57100.0
Cà phê Robusta nhân xô,Đắk Lắk,Thương lái thu mua,VNĐ/kg,VNĐ,CTV địa phương,2023-11-17,60133.0
Cà phê Robusta nhân xô,Đắk Nông,Thương lái thu mua,VNĐ/kg,VNĐ,CTV địa phương,2023-11-17,60050.0
Cà phê Robusta nhân xô,Gia Lai,Thương lái thu mua,VNĐ/kg,VNĐ,CTV địa phương,2023-11-17,59933.0
Cà phê Robusta nhân xô,Kon Tum,Thương lái thu mua,VNĐ/kg,VNĐ,CTV địa phương,2023-11-17,60000.0
Cà phê Robusta nhân xô,Lâm Đồng,Thương lái thu mua,VNĐ/kg,VNĐ,CTV địa phương,2023-11-17,59500.0
Cà phê Robusta nhân xô,Đắk Lắk,Thương lái thu mua,VNĐ/kg,VNĐ,CTV địa phương,2023-11-16,59933.0
Cà phê Robusta nhân xô,Đắk Nông,Thương lái thu mua,VNĐ/kg,VNĐ,CTV địa phương,2023-11-16,59850.0
Cà phê Robusta nhân xô,Gia Lai,Thương lái thu mua,VNĐ/kg,VNĐ,CTV địa phương,2023-11-16,59733.0
Cà phê Robusta nhân xô,Kon Tum,Thương lái thu mua,VNĐ/kg,VNĐ,CTV địa phương,2023-11-16,59800.0
Cà phê Robusta nhân xô,Lâm Đồng,Thương lái thu mua,VNĐ/kg,VNĐ,CTV địa phương,2023-11-16,59300.0
Cà phê Robusta nhân xô,Đắk Lắk,Thương lái thu mua,VNĐ/kg,VNĐ,CTV địa phương,2023-11-15,59133.0
Cà phê Robusta nhân xô,Đắk Nông,Thương lái thu mua,VNĐ/kg,VNĐ,CTV địa phương,2023-11-15,59050.0
Cà phê Robusta nhân xô,Gia Lai,Thương lái thu mua,VNĐ/kg,VNĐ,CTV địa phương,2023-11-15,58933.0
Cà phê Robusta nhân xô,Kon Tum,Thương lái thu mua,VNĐ/kg,VNĐ,CTV địa phương,2023-11-15,59000.0
Cà phê Robusta nhân xô,Lâm Đồng,Thương lái thu mua,VNĐ/kg,VNĐ,CTV địa phương,2023-11-15,58500.0
Cà phê Robusta nhân xô,Đắk Lắk,Thương lái thu mua,VNĐ/kg,VNĐ,CTV địa phương,2023-11-14,59333.0
Cà phê Robusta nhân xô,Đắk Nông,Thương lái thu mua,VNĐ/kg,VNĐ,CTV địa phương,2023-11-14,59250.0
Cà phê Robusta nhân xô,Gia Lai,Thương lái thu mua,VNĐ/kg,VNĐ,CTV địa phương,2023-11-14,59133.0
Cà phê Robusta nhân xô,Kon Tum,Thương lái thu mua,VNĐ/kg,VNĐ,CTV địa phương,2023-11-14,59100.0
Cà phê Robusta nhân xô,Lâm Đồng,Thương lái thu mua,VNĐ/kg,VNĐ,CTV địa phương,2023-11-14,58700.0
Cà phê Robusta nhân xô,Đắk Lắk,Thương lái thu mua,VNĐ/kg,VNĐ,CTV địa phương,2023-11-13,58233.0
Cà phê Robusta nhân xô,Đắk Nông,Thương lái thu mua,VNĐ/kg,VNĐ,CTV địa phương,2023-11-13,58150.0
Cà phê Robusta nhân xô,Gia Lai,Thương lái thu mua,VNĐ/kg,VNĐ,CTV địa phương,2023-11-13,58133.0
Cà phê Robusta nhân xô,Kon Tum,Thương lái thu mua,VNĐ/kg,VNĐ,CTV địa phương,2023-11-13,58100.0
Cà phê Robusta nhân xô,Lâm Đồng,Thương lái thu mua,VNĐ/kg,VNĐ,CTV địa phương,2023-11-13,57600.0
Cà phê Robusta nhân xô,Đắk Lắk,Thương lái thu mua,VNĐ/kg,VNĐ,CTV địa phương,2023-11-10,58433.0
Cà phê Robusta nhân xô,Đắk Nông,Thương lái thu mua,VNĐ/kg,VNĐ,CTV địa phương,2023-11-10,58350.0
Cà phê Robusta nhân xô,Gia Lai,Thương lái thu mua,VNĐ/kg,VNĐ,CTV địa phương,2023-11-10,58333.0
Cà phê Robusta nhân xô,Kon Tum,Thương lái thu mua,VNĐ/kg,VNĐ,CTV địa phương,2023-11-10,58300.0
Cà phê Robusta nhân xô,Lâm Đồng,Thương lái thu mua,VNĐ/kg,VNĐ,CTV địa phương,2023-11-10,57800.0
Cà phê Robusta nhân xô,Đắk Lắk,Thương lái thu mua,VNĐ/kg,VNĐ,CTV địa phương,2023-11-09,57933.0
Cà phê Robusta nhân xô,Đắk Nông,Thương lái thu mua,VNĐ/kg,VNĐ,CTV địa phương,2023-11-09,57850.0
Cà phê Robusta nhân xô,Gia Lai,Thương lái thu mua,VNĐ/kg,VNĐ,CTV địa phương,2023-11-09,57833.0
Cà phê Robusta nhân xô,Kon Tum,Thương lái thu mua,VNĐ/kg,VNĐ,CTV địa phương,2023-11-09,57800.0
Cà phê Robusta nhân xô,Lâm Đồng,Thương lái thu mua,VNĐ/kg,VNĐ,CTV địa phương,2023-11-09,56700.0
Cà phê Robusta nhân xô,Đắk Lắk,Thương lái thu mua,VNĐ/kg,VNĐ,CTV địa phương,2023-11-08,57333.0
Cà phê Robusta nhân xô,Đắk Nông,Thương lái thu mua,VNĐ/kg,VNĐ,CTV địa phương,2023-11-08,57250.0
Cà phê Robusta nhân xô,Gia Lai,Thương lái thu mua,VNĐ/kg,VNĐ,CTV địa phương,2023-11-08,57233.0
Cà phê Robusta nhân xô,Kon Tum,Thương lái thu mua,VNĐ/kg,VNĐ,CTV địa phương,2023-11-08,57200.0
Cà phê Robusta nhân xô,Lâm Đồng,Thương lái thu mua,VNĐ/kg,VNĐ,CTV địa phương,2023-11-08,56700.0
Cà phê Robusta nhân xô,Đắk Lắk,Thương lái thu mua,VNĐ/kg,VNĐ,CTV địa phương,2023-11-07,58533.0
Cà phê Robusta nhân xô,Đắk Nông,Thương lái thu mua,VNĐ/kg,VNĐ,CTV địa phương,2023-11-07,58350.0
Cà phê Robusta nhân xô,Gia Lai,Thương lái thu mua,VNĐ/kg,VNĐ,CTV địa phương,2023-11-07,58333.0
Cà phê Robusta nhân xô,Kon Tum,Thương lái thu mua,VNĐ/kg,VNĐ,CTV địa phương,2023-11-07,58400.0
Cà phê Robusta nhân xô,Lâm Đồng,Thương lái thu mua,VNĐ/kg,VNĐ,CTV địa phương,2023-11-07,57600.0
Cà phê Robusta nhân xô,Đắk Lắk,Thương lái thu mua,VNĐ/kg,VNĐ,CTV địa phương,2023-11-06,58133.0
Cà phê Robusta nhân xô,Đắk Nông,Thương lái thu mua,VNĐ/kg,VNĐ,CTV địa phương,2023-11-06,57950.0
Cà phê Robusta nhân xô,Gia Lai,Thương lái thu mua,VNĐ/kg,VNĐ,CTV địa phương,2023-11-06,57933.0
Cà phê Robusta nhân xô,Kon Tum,Thương lái thu mua,VNĐ/kg,VNĐ,CTV địa phương,2023-11-06,57900.0
Cà phê Robusta nhân xô,Lâm Đồng,Thương lái thu mua,VNĐ/kg,VNĐ,CTV địa phương,2023-11-06,57200.0
Cà phê Robusta nhân xô,Đắk Lắk,Thương lái thu mua,VNĐ/kg,VNĐ,CTV địa phương,2023-11-03,57833.0
Cà phê Robusta nhân xô,Đắk Nông,Thương lái thu mua,VNĐ/kg,VNĐ,CTV địa phương,2023-11-03,57700.0
Cà phê Robusta nhân xô,Gia Lai,Thương lái thu mua,VNĐ/kg,VNĐ,CTV địa phương,2023-11-03,57733.0
Cà phê Robusta nhân xô,Kon Tum,Thương lái thu mua,VNĐ/kg,VNĐ,CTV địa phương,2023-11-03,57700.0
Cà phê Robusta nhân xô,Lâm Đồng,Thương lái thu mua,VNĐ/kg,VNĐ,CTV địa phương,2023-11-03,57000.0
Cà phê Robusta nhân xô,Đắk Lắk,Thương lái thu mua,VNĐ/kg,VNĐ,CTV địa phương,2023-11-02,57733.0
Cà phê Robusta nhân xô,Đắk Nông,Thương lái thu mua,VNĐ/kg,VNĐ,CTV địa phương,2023-11-02,57600.0
Cà phê Robusta nhân xô,Gia Lai,Thương lái thu mua,VNĐ/kg,VNĐ,CTV địa phương,2023-11-02,57633.0
Cà phê Robusta nhân xô,Kon Tum,Thương lái thu mua,VNĐ/kg,VNĐ,CTV địa phương,2023-11-02,57600.0
Cà phê Robusta nhân xô,Lâm Đồng,Thương lái thu mua,VNĐ/kg,VNĐ,CTV địa phương,2023-11-02,56900.0
Cà phê Robusta nhân xô,Đắk Lắk,Thương lái thu mua,VNĐ/kg,VNĐ,CTV địa phương,2023-11-01,59533.0
Cà phê Robusta nhân xô,Đắk Nông,Thương lái thu mua,VNĐ/kg,VNĐ,CTV địa phương,2023-11-01,59550.0
Cà phê Robusta nhân xô,Gia Lai,Thương lái thu mua,VNĐ/kg,VNĐ,CTV địa phương,2023-11-01,59533.0
Cà phê Robusta nhân xô,Kon Tum,Thương lái thu mua,VNĐ/kg,VNĐ,CTV địa phương,2023-11-01,59500.0
Cà phê Robusta nhân xô,Lâm Đồng,Thương lái thu mua,VNĐ/kg,VNĐ,CTV địa phương,2023-11-01,58800.0
Cà phê Robusta nhân xô,Đắk Lắk,Thương lái thu mua,VNĐ/kg,VNĐ,CTV địa phương,2023-10-31,58533.0
Cà phê Robusta nhân xô,Đắk Nông,Thương lái thu mua,VNĐ/kg,VNĐ,CTV địa phương,2023-10-31,58550.0
Cà phê Robusta nhân xô,Gia Lai,Thương lái thu mua,VNĐ/kg,VNĐ,CTV địa phương,2023-10-31,58533.0
Cà phê Robusta nhân xô,Kon Tum,Thương lái thu mua,VNĐ/kg,VNĐ,CTV địa phương,2023-10-31,58500.0
Cà phê Robusta nhân xô,Lâm Đồng,Thương lái thu mua,VNĐ/kg,VNĐ,CTV địa phương,2023-10-31,57800.0
Cà phê Robusta nhân xô,Đắk Lắk,Thương lái thu mua,VNĐ/kg,VNĐ,CTV địa phương,2023-10-30,59433.0
Cà phê Robusta nhân xô,Đắk Nông,Thương lái thu mua,VNĐ/kg,VNĐ,CTV địa phương,2023-10-30,59450.0
Cà phê Robusta nhân xô,Gia Lai,Thương lái thu mua,VNĐ/kg,VNĐ,CTV địa phương,2023-10-30,59433.0
Cà phê Robusta nhân xô,Kon Tum,Thương lái thu mua,VNĐ/kg,VNĐ,CTV địa phương,2023-10-30,59400.0
Cà phê Robusta nhân xô,Lâm Đồng,Thương lái thu mua,VNĐ/kg,VNĐ,CTV địa phương,2023-10-30,58700.0
Cà phê Robusta nhân xô,Đắk Lắk,Thương lái thu mua,VNĐ/kg,VNĐ,CTV địa phương,2023-10-27,59733.0
Cà phê Robusta nhân xô,Đắk Nông,Thương lái thu mua,VNĐ/kg,VNĐ,CTV địa phương,2023-10-27,59650.0
Cà phê Robusta nhân xô,Gia Lai,Thương lái thu mua,VNĐ/kg,VNĐ,CTV địa phương,2023-10-27,59666.5
Cà phê Robusta nhân xô,Lâm Đồng,Thương lái thu mua,VNĐ/kg,VNĐ,CTV địa phương,2023-10-27,59000.0
Cà phê Robusta nhân xô,Đắk Lắk,Thương lái thu mua,VNĐ/kg,VNĐ,CTV địa phương,2023-10-26,60133.0
Cà phê Robusta nhân xô,Đắk Nông,Thương lái thu mua,VNĐ/kg,VNĐ,CTV địa phương,2023-10-26,60150.0
Cà phê Robusta nhân xô,Gia Lai,Thương lái thu mua,VNĐ/kg,VNĐ,CTV địa phương,2023-10-26,60066.5
Cà phê Robusta nhân xô,Lâm Đồng,Thương lái thu mua,VNĐ/kg,VNĐ,CTV địa phương,2023-10-26,59400.0
Cà phê Robusta nhân xô,Đắk Lắk,Thương lái thu mua,VNĐ/kg,VNĐ,CTV địa phương,2023-10-25,60933.0
Cà phê Robusta nhân xô,Đắk Nông,Thương lái thu mua,VNĐ/kg,VNĐ,CTV địa phương,2023-10-25,60750.0
Cà phê Robusta nhân xô,Gia Lai,Thương lái thu mua,VNĐ/kg,VNĐ,CTV địa phương,2023-10-25,60766.5
Cà phê Robusta nhân xô,Lâm Đồng,Thương lái thu mua,VNĐ/kg,VNĐ,CTV địa phương,2023-10-25,60200.0
Cà phê Robusta nhân xô,Đắk Lắk,Thương lái thu mua,VNĐ/kg,VNĐ,CTV địa phương,2023-10-24,61233.0
Cà phê Robusta nhân xô,Đắk Nông,Thương lái thu mua,VNĐ/kg,VNĐ,CTV địa phương,2023-10-24,61050.0
Cà phê Robusta nhân xô,Gia Lai,Thương lái thu mua,VNĐ/kg,VNĐ,CTV địa phương,2023-10-24,60966.5
Cà phê Robusta nhân xô,Lâm Đồng,Thương lái thu mua,VNĐ/kg,VNĐ,CTV địa phương,2023-10-24,60400.0
Cà phê Robusta nhân xô,Đắk Lắk,Thương lái thu mua,VNĐ/kg,VNĐ,CTV địa phương,2023-10-23,59833.0
Cà phê Robusta nhân xô,Đắk Nông,Thương lái thu mua,VNĐ/kg,VNĐ,CTV địa phương,2023-10-23,59650.0
Cà phê Robusta nhân xô,Gia Lai,Thương lái thu mua,VNĐ/kg,VNĐ,CTV địa phương,2023-10-23,59567.0
Cà phê Robusta nhân xô,Kon Tum,Thương lái thu mua,VNĐ/kg,VNĐ,CTV địa phương,2023-10-23,59600.0
Cà phê Robusta nhân xô,Lâm Đồng,Thương lái thu mua,VNĐ/kg,VNĐ,CTV địa phương,2023-10-23,59100.0
Cà phê Robusta nhân xô,Đắk Lắk,Thương lái thu mua,VNĐ/kg,VNĐ,CTV địa phương,2023-10-20,58133.0
Cà phê Robusta nhân xô,Đắk Nông,Thương lái thu mua,VNĐ/kg,VNĐ,CTV địa phương,2023-10-20,57950.0
Cà phê Robusta nhân xô,Gia Lai,Thương lái thu mua,VNĐ/kg,VNĐ,CTV địa phương,2023-10-20,57933.0
Cà phê Robusta nhân xô,Kon Tum,Thương lái thu mua,VNĐ/kg,VNĐ,CTV địa phương,2023-10-20,58000.0
Cà phê Robusta nhân xô,Lâm Đồng,Thương lái thu mua,VNĐ/kg,VNĐ,CTV địa phương,2023-10-20,57400.0
Cà phê Robusta nhân xô,Đắk Lắk,Thương lái thu mua,VNĐ/kg,VNĐ,CTV địa phương,2023-10-19,57133.0
Cà phê Robusta nhân xô,Đắk Nông,Thương lái thu mua,VNĐ/kg,VNĐ,CTV địa phương,2023-10-19,56950.0
Cà phê Robusta nhân xô,Gia Lai,Thương lái thu mua,VNĐ/kg,VNĐ,CTV địa phương,2023-10-19,56933.0
Cà phê Robusta nhân xô,Kon Tum,Thương lái thu mua,VNĐ/kg,VNĐ,CTV địa phương,2023-10-19,57000.0
Cà phê Robusta nhân xô,Lâm Đồng,Thương lái thu mua,VNĐ/kg,VNĐ,CTV địa phương,2023-10-19,56400.0
Cà phê Robusta nhân xô,Đắk Lắk,Thương lái thu mua,VNĐ/kg,VNĐ,CTV địa phương,2023-10-18,64033.0
Cà phê Robusta nhân xô,Đắk Nông,Thương lái thu mua,VNĐ/kg,VNĐ,CTV địa phương,2023-10-18,64150.0
Cà phê Robusta nhân xô,Gia Lai,Thương lái thu mua,VNĐ/kg,VNĐ,CTV địa phương,2023-10-18,63933.0
Cà phê Robusta nhân xô,Kon Tum,Thương lái thu mua,VNĐ/kg,VNĐ,CTV địa phương,2023-10-18,63900.0
Cà phê Robusta nhân xô,Lâm Đồng,Thương lái thu mua,VNĐ/kg,VNĐ,CTV địa phương,2023-10-18,63600.0
Cà phê Robusta nhân xô,Đắk Lắk,Thương lái thu mua,VNĐ/kg,VNĐ,CTV địa phương,2023-10-17,63833.0
Cà phê Robusta nhân xô,Đắk Nông,Thương lái thu mua,VNĐ/kg,VNĐ,CTV địa phương,2023-10-17,63950.0
Cà phê Robusta nhân xô,Gia Lai,Thương lái thu mua,VNĐ/kg,VNĐ,CTV địa phương,2023-10-17,63733.0
Cà phê Robusta nhân xô,Kon Tum,Thương lái thu mua,VNĐ/kg,VNĐ,CTV địa phương,2023-10-17,63800.0
Cà phê Robusta nhân xô,Lâm Đồng,Thương lái thu mua,VNĐ/kg,VNĐ,CTV địa phương,2023-10-17,63400.0
Cà phê Robusta nhân xô,Đắk Lắk,Thương lái thu mua,VNĐ/kg,VNĐ,CTV địa phương,2023-10-16,63633.0
Cà phê Robusta nhân xô,Đắk Nông,Thương lái thu mua,VNĐ/kg,VNĐ,CTV địa phương,2023-10-16,63750.0
Cà phê Robusta nhân xô,Gia Lai,Thương lái thu mua,VNĐ/kg,VNĐ,CTV địa phương,2023-10-16,63533.0
Cà phê Robusta nhân xô,Kon Tum,Thương lái thu mua,VNĐ/kg,VNĐ,CTV địa phương,2023-10-16,63600.0
Cà phê Robusta nhân xô,Lâm Đồng,Thương lái thu mua,VNĐ/kg,VNĐ,CTV địa phương,2023-10-16,63200.0
Cà phê Robusta nhân xô,Đắk Lắk,Thương lái thu mua,VNĐ/kg,VNĐ,CTV địa phương,2023-10-13,63333.0
Cà phê Robusta nhân xô,Đắk Nông,Thương lái thu mua,VNĐ/kg,VNĐ,CTV địa phương,2023-10-13,63450.0
Cà phê Robusta nhân xô,Gia Lai,Thương lái thu mua,VNĐ/kg,VNĐ,CTV địa phương,2023-10-13,63233.0
Cà phê Robusta nhân xô,Kon Tum,Thương lái thu mua,VNĐ/kg,VNĐ,CTV địa phương,2023-10-13,63300.0
Cà phê Robusta nhân xô,Lâm Đồng,Thương lái thu mua,VNĐ/kg,VNĐ,CTV địa phương,2023-10-13,62900.0
Cà phê Robusta nhân xô,Đắk Lắk,Thương lái thu mua,VNĐ/kg,VNĐ,CTV địa phương,2023-10-12,63833.0
Cà phê Robusta nhân xô,Đắk Nông,Thương lái thu mua,VNĐ/kg,VNĐ,CTV địa phương,2023-10-12,63950.0
Cà phê Robusta nhân xô,Gia Lai,Thương lái thu mua,VNĐ/kg,VNĐ,CTV địa phương,2023-10-12,63733.0
Cà phê Robusta nhân xô,Kon Tum,Thương lái thu mua,VNĐ/kg,VNĐ,CTV địa phương,2023-10-12,63800.0
Cà phê Robusta nhân xô,Lâm Đồng,Thương lái thu mua,VNĐ/kg,VNĐ,CTV địa phương,2023-10-12,63400.0
Cà phê Robusta nhân xô,Đắk Lắk,Thương lái thu mua,VNĐ/kg,VNĐ,CTV địa phương,2023-10-11,63833.0
Cà phê Robusta nhân xô,Đắk Nông,Thương lái thu mua,VNĐ/kg,VNĐ,CTV địa phương,2023-10-11,63950.0
Cà phê Robusta nhân xô,Gia Lai,Thương lái thu mua,VNĐ/kg,VNĐ,CTV địa phương,2023-10-11,63733.0
Cà phê Robusta nhân xô,Kon Tum,Thương lái thu mua,VNĐ/kg,VNĐ,CTV địa phương,2023-10-11,63800.0
Cà phê Robusta nhân xô,Lâm Đồng,Thương lái thu mua,VNĐ/kg,VNĐ,CTV địa phương,2023-10-11,63400.0
Cà phê Robusta nhân xô,Đắk Lắk,Thương lái thu mua,VNĐ/kg,VNĐ,CTV địa phương,2023-10-10,64167.0
Cà phê Robusta nhân xô,Đắk Nông,Thương lái thu mua,VNĐ/kg,VNĐ,CTV địa phương,2023-10-10,64250.0
Cà phê Robusta nhân xô,Gia Lai,Thương lái thu mua,VNĐ/kg,VNĐ,CTV địa phương,2023-10-10,64033.0
Cà phê Robusta nhân xô,Kon Tum,Thương lái thu mua,VNĐ/kg,VNĐ,CTV địa phương,2023-10-10,64000.0
Cà phê Robusta nhân xô,Lâm Đồng,Thương lái thu mua,VNĐ/kg,VNĐ,CTV địa phương,2023-10-10,63700.0
Cà phê Robusta nhân xô,Đắk Lắk,Thương lái thu mua,VNĐ/kg,VNĐ,CTV địa phương,2023-10-09,64167.0
Cà phê Robusta nhân xô,Đắk Nông,Thương lái thu mua,VNĐ/kg,VNĐ,CTV địa phương,2023-10-09,64250.0
Cà phê Robusta nhân xô,Gia Lai,Thương lái thu mua,VNĐ/kg,VNĐ,CTV địa phương,2023-10-09,64033.0
Cà phê Robusta nhân xô,Kon Tum,Thương lái thu mua,VNĐ/kg,VNĐ,CTV địa phương,2023-10-09,64000.0
Cà phê Robusta nhân xô,Lâm Đồng,Thương lái thu mua,VNĐ/kg,VNĐ,CTV địa phương,2023-10-09,63700.0
Cà phê Robusta nhân xô,Đắk Lắk,Thương lái thu mua,VNĐ/kg,VNĐ,CTV địa phương,2023-10-06,64433.0
Cà phê Robusta nhân xô,Đắk Nông,Thương lái thu mua,VNĐ/kg,VNĐ,CTV địa phương,2023-10-06,64550.0
Cà phê Robusta nhân xô,Gia Lai,Thương lái thu mua,VNĐ/kg,VNĐ,CTV địa phương,2023-10-06,64333.0
Cà phê Robusta nhân xô,Kon Tum,Thương lái thu mua,VNĐ/kg,VNĐ,CTV địa phương,2023-10-06,64300.0
Cà phê Robusta nhân xô,Lâm Đồng,Thương lái thu mua,VNĐ/kg,VNĐ,CTV địa phương,2023-10-06,64000.0
Cà phê Robusta nhân xô,Đắk Lắk,Thương lái thu mua,VNĐ/kg,VNĐ,CTV địa phương,2023-10-05,65333.0
Cà phê Robusta nhân xô,Đắk Nông,Thương lái thu mua,VNĐ/kg,VNĐ,CTV địa phương,2023-10-05,65550.0
Cà phê Robusta nhân xô,Gia Lai,Thương lái thu mua,VNĐ/kg,VNĐ,CTV địa phương,2023-10-05,65133.0
Cà phê Robusta nhân xô,Kon Tum,Thương lái thu mua,VNĐ/kg,VNĐ,CTV địa phương,2023-10-05,65200.0
Cà phê Robusta nhân xô,Lâm Đồng,Thương lái thu mua,VNĐ/kg,VNĐ,CTV địa phương,2023-10-05,64800.0
Cà phê Robusta nhân xô,Đắk Lắk,Thương lái thu mua,VNĐ/kg,VNĐ,CTV địa phương,2023-10-04,65333.0
Cà phê Robusta nhân xô,Đắk Nông,Thương lái thu mua,VNĐ/kg,VNĐ,CTV địa phương,2023-10-04,65550.0
Cà phê Robusta nhân xô,Gia Lai,Thương lái thu mua,VNĐ/kg,VNĐ,CTV địa phương,2023-10-04,65133.0
Cà phê Robusta nhân xô,Kon Tum,Thương lái thu mua,VNĐ/kg,VNĐ,CTV địa phương,2023-10-04,65200.0
Cà phê Robusta nhân xô,Lâm Đồng,Thương lái thu mua,VNĐ/kg,VNĐ,CTV địa phương,2023-10-04,64800.0
Cà phê Robusta nhân xô,Đắk Lắk,Thương lái thu mua,VNĐ/kg,VNĐ,CTV địa phương,2023-10-03,66533.0
Cà phê Robusta nhân xô,Đắk Nông,Thương lái thu mua,VNĐ/kg,VNĐ,CTV địa phương,2023-10-03,66750.0
Cà phê Robusta nhân xô,Gia Lai,Thương lái thu mua,VNĐ/kg,VNĐ,CTV địa phương,2023-10-03,66333.0
Cà phê Robusta nhân xô,Kon Tum,Thương lái thu mua,VNĐ/kg,VNĐ,CTV địa phương,2023-10-03,66400.0
Cà phê Robusta nhân xô,Lâm Đồng,Thương lái thu mua,VNĐ/kg,VNĐ,CTV địa phương,2023-10-03,66000.0
Cà phê Robusta nhân xô,Đắk Lắk,Thương lái thu mua,VNĐ/kg,VNĐ,CTV địa phương,2023-10-02,66533.0
Cà phê Robusta nhân xô,Đắk Nông,Thương lái thu mua,VNĐ/kg,VNĐ,CTV địa phương,2023-10-02,66750.0
Cà phê Robusta nhân xô,Gia Lai,Thương lái thu mua,VNĐ/kg,VNĐ,CTV địa phương,2023-10-02,66333.0
Cà phê Robusta nhân xô,Kon Tum,Thương lái thu mua,VNĐ/kg,VNĐ,CTV địa phương,2023-10-02,66400.0
Cà phê Robusta nhân xô,Lâm Đồng,Thương lái thu mua,VNĐ/kg,VNĐ,CTV địa phương,2023-10-02,66100.0
Cà phê Robusta nhân xô,Đắk Lắk,Thương lái thu mua,VNĐ/kg,VNĐ,CTV địa phương,2023-09-29,66533.0
Cà phê Robusta nhân xô,Đắk Nông,Thương lái thu mua,VNĐ/kg,VNĐ,CTV địa phương,2023-09-29,66750.0
Cà phê Robusta nhân xô,Gia Lai,Thương lái thu mua,VNĐ/kg,VNĐ,CTV địa phương,2023-09-29,66400.0
Cà phê Robusta nhân xô,Kon Tum,Thương lái thu mua,VNĐ/kg,VNĐ,CTV địa phương,2023-09-29,66400.0
Cà phê Robusta nhân xô,Lâm Đồng,Thương lái thu mua,VNĐ/kg,VNĐ,CTV địa phương,2023-09-29,66000.0
Cà phê Robusta nhân xô,Đắk Lắk,Thương lái thu mua,VNĐ/kg,VNĐ,CTV địa phương,2023-09-28,66533.0
Cà phê Robusta nhân xô,Đắk Nông,Thương lái thu mua,VNĐ/kg,VNĐ,CTV địa phương,2023-09-28,66750.0
Cà phê Robusta nhân xô,Gia Lai,Thương lái thu mua,VNĐ/kg,VNĐ,CTV địa phương,2023-09-28,66333.0
Cà phê Robusta nhân xô,Kon Tum,Thương lái thu mua,VNĐ/kg,VNĐ,CTV địa phương,2023-09-28,66400.0
Cà phê Robusta nhân xô,Lâm Đồng,Thương lái thu mua,VNĐ/kg,VNĐ,CTV địa phương,2023-09-28,66100.0
Cà phê Robusta nhân xô,Đắk Lắk,Thương lái thu mua,VNĐ/kg,VNĐ,CTV địa phương,2023-09-27,66533.0
Cà phê Robusta nhân xô,Đắk Nông,Thương lái thu mua,VNĐ/kg,VNĐ,CTV địa phương,2023-09-27,66750.0
Cà phê Robusta nhân xô,Gia Lai,Thương lái thu mua,VNĐ/kg,VNĐ,CTV địa phương,2023-09-27,66333.0
Cà phê Robusta nhân xô,Kon Tum,Thương lái thu mua,VNĐ/kg,VNĐ,CTV địa phương,2023-09-27,66400.0
Cà phê Robusta nhân xô,Lâm Đồng,Thương lái thu mua,VNĐ/kg,VNĐ,CTV địa phương,2023-09-27,66100.0
Cà phê Robusta nhân xô,Đắk Lắk,Thương lái thu mua,VNĐ/kg,VNĐ,CTV địa phương,2023-09-26,66233.0
Cà phê Robusta nhân xô,Đắk Nông,Thương lái thu mua,VNĐ/kg,VNĐ,CTV địa phương,2023-09-26,66450.0
Cà phê Robusta nhân xô,Gia Lai,Thương lái thu mua,VNĐ/kg,VNĐ,CTV địa phương,2023-09-26,66033.0
Cà phê Robusta nhân xô,Kon Tum,Thương lái thu mua,VNĐ/kg,VNĐ,CTV địa phương,2023-09-26,66100.0
Cà phê Robusta nhân xô,Lâm Đồng,Thương lái thu mua,VNĐ/kg,VNĐ,CTV địa phương,2023-09-26,65800.0
Cà phê Robusta nhân xô,Đắk Lắk,Thương lái thu mua,VNĐ/kg,VNĐ,CTV địa phương,2023-09-25,66533.0
Cà phê Robusta nhân xô,Đắk Nông,Thương lái thu mua,VNĐ/kg,VNĐ,CTV địa phương,2023-09-25,66750.0
Cà phê Robusta nhân xô,Gia Lai,Thương lái thu mua,VNĐ/kg,VNĐ,CTV địa phương,2023-09-25,66333.0
Cà phê Robusta nhân xô,Kon Tum,Thương lái thu mua,VNĐ/kg,VNĐ,CTV địa phương,2023-09-25,66400.0
Cà phê Robusta nhân xô,Lâm Đồng,Thương lái thu mua,VNĐ/kg,VNĐ,CTV địa phương,2023-09-25,66100.0
Cà phê Robusta nhân xô,Đắk Lắk,Thương lái thu mua,VNĐ/kg,VNĐ,CTV địa phương,2023-09-22,67333.0
Cà phê Robusta nhân xô,Đắk Nông,Thương lái thu mua,VNĐ/kg,VNĐ,CTV địa phương,2023-09-22,67550.0
Cà phê Robusta nhân xô,Gia Lai,Thương lái thu mua,VNĐ/kg,VNĐ,CTV địa phương,2023-09-22,67133.0
Cà phê Robusta nhân xô,Kon Tum,Thương lái thu mua,VNĐ/kg,VNĐ,CTV địa phương,2023-09-22,67200.0
Cà phê Robusta nhân xô,Lâm Đồng,Thương lái thu mua,VNĐ/kg,VNĐ,CTV địa phương,2023-09-22,66800.0
Cà phê Robusta nhân xô,Đắk Lắk,Thương lái thu mua,VNĐ/kg,VNĐ,CTV địa phương,2023-09-21,67333.0
Cà phê Robusta nhân xô,Đắk Nông,Thương lái thu mua,VNĐ/kg,VNĐ,CTV địa phương,2023-09-21,67550.0
Cà phê Robusta nhân xô,Gia Lai,Thương lái thu mua,VNĐ/kg,VNĐ,CTV địa phương,2023-09-21,67133.0
Cà phê Robusta nhân xô,Kon Tum,Thương lái thu mua,VNĐ/kg,VNĐ,CTV địa phương,2023-09-21,67200.0
Cà phê Robusta nhân xô,Lâm Đồng,Thương lái thu mua,VNĐ/kg,VNĐ,CTV địa phương,2023-09-21,66800.0
Cà phê Robusta nhân xô,Đắk Lắk,Thương lái thu mua,VNĐ/kg,VNĐ,CTV địa phương,2023-09-20,67833.0
Cà phê Robusta nhân xô,Đắk Nông,Thương lái thu mua,VNĐ/kg,VNĐ,CTV địa phương,2023-09-20,68050.0
Cà phê Robusta nhân xô,Gia Lai,Thương lái thu mua,VNĐ/kg,VNĐ,CTV địa phương,2023-09-20,67633.0
Cà phê Robusta nhân xô,Kon Tum,Thương lái thu mua,VNĐ/kg,VNĐ,CTV địa phương,2023-09-20,67700.0
Cà phê Robusta nhân xô,Lâm Đồng,Thương lái thu mua,VNĐ/kg,VNĐ,CTV địa phương,2023-09-20,67300.0
Cà phê Robusta nhân xô,Đắk Lắk,Thương lái thu mua,VNĐ/kg,VNĐ,CTV địa phương,2023-09-19,68033.0
Cà phê Robusta nhân xô,Đắk Nông,Thương lái thu mua,VNĐ/kg,VNĐ,CTV địa phương,2023-09-19,68450.0
Cà phê Robusta nhân xô,Gia Lai,Thương lái thu mua,VNĐ/kg,VNĐ,CTV địa phương,2023-09-19,67833.0
Cà phê Robusta nhân xô,Kon Tum,Thương lái thu mua,VNĐ/kg,VNĐ,CTV địa phương,2023-09-19,67900.0
Cà phê Robusta nhân xô,Lâm Đồng,Thương lái thu mua,VNĐ/kg,VNĐ,CTV địa phương,2023-09-19,67500.0
Cà phê Robusta nhân xô,Đắk Lắk,Thương lái thu mua,VNĐ/kg,VNĐ,CTV địa phương,2023-09-18,67733.0
Cà phê Robusta nhân xô,Đắk Nông,Thương lái thu mua,VNĐ/kg,VNĐ,CTV địa phương,2023-09-18,68150.0
Cà phê Robusta nhân xô,Gia Lai,Thương lái thu mua,VNĐ/kg,VNĐ,CTV địa phương,2023-09-18,67533.0
Cà phê Robusta nhân xô,Kon Tum,Thương lái thu mua,VNĐ/kg,VNĐ,CTV địa phương,2023-09-18,67600.0
Cà phê Robusta nhân xô,Lâm Đồng,Thương lái thu mua,VNĐ/kg,VNĐ,CTV địa phương,2023-09-18,67200.0
Cà phê Robusta nhân xô,Đắk Lắk,Thương lái thu mua,VNĐ/kg,VNĐ,CTV địa phương,2023-09-15,66533.0
Cà phê Robusta nhân xô,Đắk Nông,Thương lái thu mua,VNĐ/kg,VNĐ,CTV địa phương,2023-09-15,66850.0
Cà phê Robusta nhân xô,Gia Lai,Thương lái thu mua,VNĐ/kg,VNĐ,CTV địa phương,2023-09-15,66333.0
Cà phê Robusta nhân xô,Kon Tum,Thương lái thu mua,VNĐ/kg,VNĐ,CTV địa phương,2023-09-15,66400.0
Cà phê Robusta nhân xô,Lâm Đồng,Thương lái thu mua,VNĐ/kg,VNĐ,CTV địa phương,2023-09-15,65900.0
Cà phê Robusta nhân xô,Đắk Lắk,Thương lái thu mua,VNĐ/kg,VNĐ,CTV địa phương,2023-09-14,66233.0
Cà phê Robusta nhân xô,Đắk Nông,Thương lái thu mua,VNĐ/kg,VNĐ,CTV địa phương,2023-09-14,66450.0
Cà phê Robusta nhân xô,Gia Lai,Thương lái thu mua,VNĐ/kg,VNĐ,CTV địa phương,2023-09-14,65933.0
Cà phê Robusta nhân xô,Kon Tum,Thương lái thu mua,VNĐ/kg,VNĐ,CTV địa phương,2023-09-14,66000.0
Cà phê Robusta nhân xô,Lâm Đồng,Thương lái thu mua,VNĐ/kg,VNĐ,CTV địa phương,2023-09-14,65600.0
Cà phê Robusta nhân xô,Đắk Lắk,Thương lái thu mua,VNĐ/kg,VNĐ,CTV địa phương,2023-09-13,65867.0
Cà phê Robusta nhân xô,Đắk Nông,Thương lái thu mua,VNĐ/kg,VNĐ,CTV địa phương,2023-09-13,65950.0
Cà phê Robusta nhân xô,Gia Lai,Thương lái thu mua,VNĐ/kg,VNĐ,CTV địa phương,2023-09-13,65433.0
Cà phê Robusta nhân xô,Kon Tum,Thương lái thu mua,VNĐ/kg,VNĐ,CTV địa phương,2023-09-13,65500.0
Cà phê Robusta nhân xô,Lâm Đồng,Thương lái thu mua,VNĐ/kg,VNĐ,CTV địa phương,2023-09-13,65100.0
Cà phê Robusta nhân xô,Đắk Lắk,Thương lái thu mua,VNĐ/kg,VNĐ,CTV địa phương,2023-09-12,65233.0
Cà phê Robusta nhân xô,Đắk Nông,Thương lái thu mua,VNĐ/kg,VNĐ,CTV địa phương,2023-09-12,65450.0
Cà phê Robusta nhân xô,Gia Lai,Thương lái thu mua,VNĐ/kg,VNĐ,CTV địa phương,2023-09-12,64833.0
Cà phê Robusta nhân xô,Kon Tum,Thương lái thu mua,VNĐ/kg,VNĐ,CTV địa phương,2023-09-12,64900.0
Cà phê Robusta nhân xô,Lâm Đồng,Thương lái thu mua,VNĐ/kg,VNĐ,CTV địa phương,2023-09-12,64500.0
Cà phê Robusta nhân xô,Đắk Lắk,Thương lái thu mua,VNĐ/kg,VNĐ,CTV địa phương,2023-09-11,65233.0
Cà phê Robusta nhân xô,Đắk Nông,Thương lái thu mua,VNĐ/kg,VNĐ,CTV địa phương,2023-09-11,65450.0
Cà phê Robusta nhân xô,Gia Lai,Thương lái thu mua,VNĐ/kg,VNĐ,CTV địa phương,2023-09-11,64833.0
Cà phê Robusta nhân xô,Kon Tum,Thương lái thu mua,VNĐ/kg,VNĐ,CTV địa phương,2023-09-11,64900.0
Cà phê Robusta nhân xô,Lâm Đồng,Thương lái thu mua,VNĐ/kg,VNĐ,CTV địa phương,2023-09-11,64500.0
Cà phê Robusta nhân xô,Đắk Lắk,Thương lái thu mua,VNĐ/kg,VNĐ,CTV địa phương,2023-09-08,65233.0
Cà phê Robusta nhân xô,Đắk Nông,Thương lái thu mua,VNĐ/kg,VNĐ,CTV địa phương,2023-09-08,65450.0
Cà phê Robusta nhân xô,Gia Lai,Thương lái thu mua,VNĐ/kg,VNĐ,CTV địa phương,2023-09-08,64833.0
Cà phê Robusta nhân xô,Kon Tum,Thương lái thu mua,VNĐ/kg,VNĐ,CTV địa phương,2023-09-08,64900.0
Cà phê Robusta nhân xô,Lâm Đồng,Thương lái thu mua,VNĐ/kg,VNĐ,CTV địa phương,2023-09-08,64500.0
Cà phê Robusta nhân xô,Đắk Lắk,Thương lái thu mua,VNĐ/kg,VNĐ,CTV địa phương,2023-09-07,66033.0
Cà phê Robusta nhân xô,Đắk Nông,Thương lái thu mua,VNĐ/kg,VNĐ,CTV địa phương,2023-09-07,66250.0
Cà phê Robusta nhân xô,Gia Lai,Thương lái thu mua,VNĐ/kg,VNĐ,CTV địa phương,2023-09-07,65633.0
Cà phê Robusta nhân xô,Kon Tum,Thương lái thu mua,VNĐ/kg,VNĐ,CTV địa phương,2023-09-07,65700.0
Cà phê Robusta nhân xô,Lâm Đồng,Thương lái thu mua,VNĐ/kg,VNĐ,CTV địa phương,2023-09-07,65300.0
Cà phê Robusta nhân xô,Đắk Lắk,Thương lái thu mua,VNĐ/kg,VNĐ,CTV địa phương,2023-09-06,65933.0
Cà phê Robusta nhân xô,Đắk Nông,Thương lái thu mua,VNĐ/kg,VNĐ,CTV địa phương,2023-09-06,66150.0
Cà phê Robusta nhân xô,Gia Lai,Thương lái thu mua,VNĐ/kg,VNĐ,CTV địa phương,2023-09-06,65533.0
Cà phê Robusta nhân xô,Kon Tum,Thương lái thu mua,VNĐ/kg,VNĐ,CTV địa phương,2023-09-06,65600.0
Cà phê Robusta nhân xô,Lâm Đồng,Thương lái thu mua,VNĐ/kg,VNĐ,CTV địa phương,2023-09-06,65300.0
Cà phê Robusta nhân xô,Đắk Lắk,Thương lái thu mua,VNĐ/kg,VNĐ,CTV địa phương,2023-09-05,66433.0
Cà phê Robusta nhân xô,Đắk Nông,Thương lái thu mua,VNĐ/kg,VNĐ,CTV địa phương,2023-09-05,66650.0
Cà phê Robusta nhân xô,Gia Lai,Thương lái thu mua,VNĐ/kg,VNĐ,CTV địa phương,2023-09-05,66033.0
Cà phê Robusta nhân xô,Kon Tum,Thương lái thu mua,VNĐ/kg,VNĐ,CTV địa phương,2023-09-05,66100.0
Cà phê Robusta nhân xô,Lâm Đồng,Thương lái thu mua,VNĐ/kg,VNĐ,CTV địa phương,2023-09-05,65800.0
Cà phê Robusta nhân xô,Đắk Lắk,Thương lái thu mua,VNĐ/kg,VNĐ,CTV địa phương,2023-09-04,66333.0
Cà phê Robusta nhân xô,Đắk Nông,Thương lái thu mua,VNĐ/kg,VNĐ,CTV địa phương,2023-09-04,66550.0
Cà phê Robusta nhân xô,Gia Lai,Thương lái thu mua,VNĐ/kg,VNĐ,CTV địa phương,2023-09-04,65933.0
Cà phê Robusta nhân xô,Kon Tum,Thương lái thu mua,VNĐ/kg,VNĐ,CTV địa phương,2023-09-04,66000.0
Cà phê Robusta nhân xô,Lâm Đồng,Thương lái thu mua,VNĐ/kg,VNĐ,CTV địa phương,2023-09-04,65700.0
Cà phê Robusta nhân xô,Đắk Lắk,Thương lái thu mua,VNĐ/kg,VNĐ,CTV địa phương,2023-09-01,66533.0
Cà phê Robusta nhân xô,Đắk Nông,Thương lái thu mua,VNĐ/kg,VNĐ,CTV địa phương,2023-09-01,66650.0
Cà phê Robusta nhân xô,Gia Lai,Thương lái thu mua,VNĐ/kg,VNĐ,CTV địa phương,2023-09-01,66133.0
Cà phê Robusta nhân xô,Kon Tum,Thương lái thu mua,VNĐ/kg,VNĐ,CTV địa phương,2023-09-01,66100.0
Cà phê Robusta nhân xô,Lâm Đồng,Thương lái thu mua,VNĐ/kg,VNĐ,CTV địa phương,2023-09-01,65800.0
Cà phê Robusta nhân xô,Đắk Lắk,Thương lái thu mua,VNĐ/kg,VNĐ,CTV địa phương,2023-08-31,66533.0
Cà phê Robusta nhân xô,Đắk Nông,Thương lái thu mua,VNĐ/kg,VNĐ,CTV địa phương,2023-08-31,66650.0
Cà phê Robusta nhân xô,Gia Lai,Thương lái thu mua,VNĐ/kg,VNĐ,CTV địa phương,2023-08-31,66133.0
Cà phê Robusta nhân xô,Kon Tum,Thương lái thu mua,VNĐ/kg,VNĐ,CTV địa phương,2023-08-31,66100.0
Cà phê Robusta nhân xô,Lâm Đồng,Thương lái thu mua,VNĐ/kg,VNĐ,CTV địa phương,2023-08-31,65800.0
Cà phê Robusta nhân xô,Đắk Lắk,Thương lái thu mua,VNĐ/kg,VNĐ,CTV địa phương,2023-08-30,65733.0
Cà phê Robusta nhân xô,Đắk Nông,Thương lái thu mua,VNĐ/kg,VNĐ,CTV địa phương,2023-08-30,65950.0
Cà phê Robusta nhân xô,Gia Lai,Thương lái thu mua,VNĐ/kg,VNĐ,CTV địa phương,2023-08-30,65333.0
Cà phê Robusta nhân xô,Kon Tum,Thương lái thu mua,VNĐ/kg,VNĐ,CTV địa phương,2023-08-30,65300.0
Cà phê Robusta nhân xô,Lâm Đồng,Thương lái thu mua,VNĐ/kg,VNĐ,CTV địa phương,2023-08-30,65100.0
Cà phê Robusta nhân xô,Đắk Lắk,Thương lái thu mua,VNĐ/kg,VNĐ,CTV địa phương,2023-08-29,65633.0
Cà phê Robusta nhân xô,Đắk Nông,Thương lái thu mua,VNĐ/kg,VNĐ,CTV địa phương,2023-08-29,65850.0
Cà phê Robusta nhân xô,Gia Lai,Thương lái thu mua,VNĐ/kg,VNĐ,CTV địa phương,2023-08-29,65233.0
Cà phê Robusta nhân xô,Kon Tum,Thương lái thu mua,VNĐ/kg,VNĐ,CTV địa phương,2023-08-29,65200.0
Cà phê Robusta nhân xô,Lâm Đồng,Thương lái thu mua,VNĐ/kg,VNĐ,CTV địa phương,2023-08-29,65000.0
Cà phê Robusta nhân xô,Đắk Lắk,Thương lái thu mua,VNĐ/kg,VNĐ,CTV địa phương,2023-08-28,65533.0
Cà phê Robusta nhân xô,Đắk Nông,Thương lái thu mua,VNĐ/kg,VNĐ,CTV địa phương,2023-08-28,65750.0
Cà phê Robusta nhân xô,Gia Lai,Thương lái thu mua,VNĐ/kg,VNĐ,CTV địa phương,2023-08-28,65033.0
Cà phê Robusta nhân xô,Kon Tum,Thương lái thu mua,VNĐ/kg,VNĐ,CTV địa phương,2023-08-28,65000.0
Cà phê Robusta nhân xô,Lâm Đồng,Thương lái thu mua,VNĐ/kg,VNĐ,CTV địa phương,2023-08-28,64900.0
Cà phê Robusta nhân xô,Đắk Lắk,Thương lái thu mua,VNĐ/kg,VNĐ,CTV địa phương,2023-08-25,65133.0
Cà phê Robusta nhân xô,Đắk Nông,Thương lái thu mua,VNĐ/kg,VNĐ,CTV địa phương,2023-08-25,65350.0
Cà phê Robusta nhân xô,Gia Lai,Thương lái thu mua,VNĐ/kg,VNĐ,CTV địa phương,2023-08-25,64533.0
Cà phê Robusta nhân xô,Kon Tum,Thương lái thu mua,VNĐ/kg,VNĐ,CTV địa phương,2023-08-25,64500.0
Cà phê Robusta nhân xô,Lâm Đồng,Thương lái thu mua,VNĐ/kg,VNĐ,CTV địa phương,2023-08-25,64500.0
Cà phê Robusta nhân xô,Đắk Lắk,Thương lái thu mua,VNĐ/kg,VNĐ,CTV địa phương,2023-08-24,65033.0
Cà phê Robusta nhân xô,Đắk Nông,Thương lái thu mua,VNĐ/kg,VNĐ,CTV địa phương,2023-08-24,65250.0
Cà phê Robusta nhân xô,Gia Lai,Thương lái thu mua,VNĐ/kg,VNĐ,CTV địa phương,2023-08-24,64433.0
Cà phê Robusta nhân xô,Kon Tum,Thương lái thu mua,VNĐ/kg,VNĐ,CTV địa phương,2023-08-24,64400.0
Cà phê Robusta nhân xô,Lâm Đồng,Thương lái thu mua,VNĐ/kg,VNĐ,CTV địa phương,2023-08-24,64400.0
Cà phê Robusta nhân xô,Đắk Lắk,Thương lái thu mua,VNĐ/kg,VNĐ,CTV địa phương,2023-08-23,64733.0
Cà phê Robusta nhân xô,Đắk Nông,Thương lái thu mua,VNĐ/kg,VNĐ,CTV địa phương,2023-08-23,64950.0
Cà phê Robusta nhân xô,Gia Lai,Thương lái thu mua,VNĐ/kg,VNĐ,CTV địa phương,2023-08-23,64133.0
Cà phê Robusta nhân xô,Kon Tum,Thương lái thu mua,VNĐ/kg,VNĐ,CTV địa phương,2023-08-23,64000.0
Cà phê Robusta nhân xô,Lâm Đồng,Thương lái thu mua,VNĐ/kg,VNĐ,CTV địa phương,2023-08-23,64100.0
Cà phê Robusta nhân xô,Đắk Lắk,Thương lái thu mua,VNĐ/kg,VNĐ,CTV địa phương,2023-08-22,64333.0
Cà phê Robusta nhân xô,Đắk Nông,Thương lái thu mua,VNĐ/kg,VNĐ,CTV địa phương,2023-08-22,64550.0
Cà phê Robusta nhân xô,Gia Lai,Thương lái thu mua,VNĐ/kg,VNĐ,CTV địa phương,2023-08-22,63733.0
Cà phê Robusta nhân xô,Kon Tum,Thương lái thu mua,VNĐ/kg,VNĐ,CTV địa phương,2023-08-22,63700.0
Cà phê Robusta nhân xô,Lâm Đồng,Thương lái thu mua,VNĐ/kg,VNĐ,CTV địa phương,2023-08-22,63700.0
Cà phê Robusta nhân xô,Đắk Lắk,Thương lái thu mua,VNĐ/kg,VNĐ,CTV địa phương,2023-08-21,64233.0
Cà phê Robusta nhân xô,Đắk Nông,Thương lái thu mua,VNĐ/kg,VNĐ,CTV địa phương,2023-08-21,64350.0
Cà phê Robusta nhân xô,Gia Lai,Thương lái thu mua,VNĐ/kg,VNĐ,CTV địa phương,2023-08-21,63633.0
Cà phê Robusta nhân xô,Kon Tum,Thương lái thu mua,VNĐ/kg,VNĐ,CTV địa phương,2023-08-21,63600.0
Cà phê Robusta nhân xô,Lâm Đồng,Thương lái thu mua,VNĐ/kg,VNĐ,CTV địa phương,2023-08-21,63600.0
Cà phê Robusta nhân xô,Đắk Lắk,Thương lái thu mua,VNĐ/kg,VNĐ,CTV địa phương,2023-08-18,64633.0
Cà phê Robusta nhân xô,Đắk Nông,Thương lái thu mua,VNĐ/kg,VNĐ,CTV địa phương,2023-08-18,64850.0
Cà phê Robusta nhân xô,Gia Lai,Thương lái thu mua,VNĐ/kg,VNĐ,CTV địa phương,2023-08-18,64233.0
Cà phê Robusta nhân xô,Kon Tum,Thương lái thu mua,VNĐ/kg,VNĐ,CTV địa phương,2023-08-18,64300.0
Cà phê Robusta nhân xô,Lâm Đồng,Thương lái thu mua,VNĐ/kg,VNĐ,CTV địa phương,2023-08-18,64100.0
Cà phê Robusta nhân xô,Đắk Lắk,Thương lái thu mua,VNĐ/kg,VNĐ,CTV địa phương,2023-08-17,64433.0
Cà phê Robusta nhân xô,Đắk Nông,Thương lái thu mua,VNĐ/kg,VNĐ,CTV địa phương,2023-08-17,64650.0
Cà phê Robusta nhân xô,Gia Lai,Thương lái thu mua,VNĐ/kg,VNĐ,CTV địa phương,2023-08-17,64033.0
Cà phê Robusta nhân xô,Kon Tum,Thương lái thu mua,VNĐ/kg,VNĐ,CTV địa phương,2023-08-17,64100.0
Cà phê Robusta nhân xô,Lâm Đồng,Thương lái thu mua,VNĐ/kg,VNĐ,CTV địa phương,2023-08-17,63900.0
Cà phê Robusta nhân xô,Đắk Lắk,Thương lái thu mua,VNĐ/kg,VNĐ,CTV địa phương,2023-08-16,65533.0
Cà phê Robusta nhân xô,Đắk Nông,Thương lái thu mua,VNĐ/kg,VNĐ,CTV địa phương,2023-08-16,65800.0
Cà phê Robusta nhân xô,Gia Lai,Thương lái thu mua,VNĐ/kg,VNĐ,CTV địa phương,2023-08-16,65133.0
Cà phê Robusta nhân xô,Kon Tum,Thương lái thu mua,VNĐ/kg,VNĐ,CTV địa phương,2023-08-16,65200.0
Cà phê Robusta nhân xô,Lâm Đồng,Thương lái thu mua,VNĐ/kg,VNĐ,CTV địa phương,2023-08-16,65000.0
Cà phê Robusta nhân xô,Đắk Lắk,Thương lái thu mua,VNĐ/kg,VNĐ,CTV địa phương,2023-08-15,65533.0
Cà phê Robusta nhân xô,Đắk Nông,Thương lái thu mua,VNĐ/kg,VNĐ,CTV địa phương,2023-08-15,65800.0
Cà phê Robusta nhân xô,Gia Lai,Thương lái thu mua,VNĐ/kg,VNĐ,CTV địa phương,2023-08-15,65133.0
Cà phê Robusta nhân xô,Kon Tum,Thương lái thu mua,VNĐ/kg,VNĐ,CTV địa phương,2023-08-15,65200.0
Cà phê Robusta nhân xô,Lâm Đồng,Thương lái thu mua,VNĐ/kg,VNĐ,CTV địa phương,2023-08-15,65000.0
Cà phê Robusta nhân xô,Đắk Lắk,Thương lái thu mua,VNĐ/kg,VNĐ,CTV địa phương,2023-08-14,67233.0
Cà phê Robusta nhân xô,Đắk Nông,Thương lái thu mua,VNĐ/kg,VNĐ,CTV địa phương,2023-08-14,67450.0
Cà phê Robusta nhân xô,Gia Lai,Thương lái thu mua,VNĐ/kg,VNĐ,CTV địa phương,2023-08-14,66633.0
Cà phê Robusta nhân xô,Kon Tum,Thương lái thu mua,VNĐ/kg,VNĐ,CTV địa phương,2023-08-14,66700.0
Cà phê Robusta nhân xô,Lâm Đồng,Thương lái thu mua,VNĐ/kg,VNĐ,CTV địa phương,2023-08-14,66600.0
Cà phê Robusta nhân xô,Đắk Lắk,Thương lái thu mua,VNĐ/kg,VNĐ,CTV địa phương,2023-08-11,67433.0
Cà phê Robusta nhân xô,Đắk Nông,Thương lái thu mua,VNĐ/kg,VNĐ,CTV địa phương,2023-08-11,67650.0
Cà phê Robusta nhân xô,Gia Lai,Thương lái thu mua,VNĐ/kg,VNĐ,CTV địa phương,2023-08-11,66933.0
Cà phê Robusta nhân xô,Kon Tum,Thương lái thu mua,VNĐ/kg,VNĐ,CTV địa phương,2023-08-11,67000.0
Cà phê Robusta nhân xô,Lâm Đồng,Thương lái thu mua,VNĐ/kg,VNĐ,CTV địa phương,2023-08-11,66900.0
Cà phê Robusta nhân xô,Đắk Lắk,Thương lái thu mua,VNĐ/kg,VNĐ,CTV địa phương,2023-08-10,67533.0
Cà phê Robusta nhân xô,Đắk Nông,Thương lái thu mua,VNĐ/kg,VNĐ,CTV địa phương,2023-08-10,67800.0
Cà phê Robusta nhân xô,Gia Lai,Thương lái thu mua,VNĐ/kg,VNĐ,CTV địa phương,2023-08-10,67133.0
Cà phê Robusta nhân xô,Kon Tum,Thương lái thu mua,VNĐ/kg,VNĐ,CTV địa phương,2023-08-10,67200.0
Cà phê Robusta nhân xô,Lâm Đồng,Thương lái thu mua,VNĐ/kg,VNĐ,CTV địa phương,2023-08-10,67000.0
Cà phê Robusta nhân xô,Đắk Lắk,Thương lái thu mua,VNĐ/kg,VNĐ,CTV địa phương,2023-08-09,67733.0
Cà phê Robusta nhân xô,Đắk Nông,Thương lái thu mua,VNĐ/kg,VNĐ,CTV địa phương,2023-08-09,68000.0
Cà phê Robusta nhân xô,Gia Lai,Thương lái thu mua,VNĐ/kg,VNĐ,CTV địa phương,2023-08-09,67333.0
Cà phê Robusta nhân xô,Kon Tum,Thương lái thu mua,VNĐ/kg,VNĐ,CTV địa phương,2023-08-09,67300.0
Cà phê Robusta nhân xô,Lâm Đồng,Thương lái thu mua,VNĐ/kg,VNĐ,CTV địa phương,2023-08-09,67200.0
Cà phê Robusta nhân xô,Đắk Lắk,Thương lái thu mua,VNĐ/kg,VNĐ,CTV địa phương,2023-08-08,67733.0
Cà phê Robusta nhân xô,Đắk Nông,Thương lái thu mua,VNĐ/kg,VNĐ,CTV địa phương,2023-08-08,68000.0
Cà phê Robusta nhân xô,Gia Lai,Thương lái thu mua,VNĐ/kg,VNĐ,CTV địa phương,2023-08-08,67333.0
Cà phê Robusta nhân xô,Kon Tum,Thương lái thu mua,VNĐ/kg,VNĐ,CTV địa phương,2023-08-08,67400.0
Cà phê Robusta nhân xô,Lâm Đồng,Thương lái thu mua,VNĐ/kg,VNĐ,CTV địa phương,2023-08-08,67100.0
Cà phê Robusta nhân xô,Đắk Lắk,Thương lái thu mua,VNĐ/kg,VNĐ,CTV địa phương,2023-08-07,66733.0
Cà phê Robusta nhân xô,Đắk Nông,Thương lái thu mua,VNĐ/kg,VNĐ,CTV địa phương,2023-08-07,67000.0
Cà phê Robusta nhân xô,Gia Lai,Thương lái thu mua,VNĐ/kg,VNĐ,CTV địa phương,2023-08-07,66333.0
Cà phê Robusta nhân xô,Kon Tum,Thương lái thu mua,VNĐ/kg,VNĐ,CTV địa phương,2023-08-07,66400.0
Cà phê Robusta nhân xô,Lâm Đồng,Thương lái thu mua,VNĐ/kg,VNĐ,CTV địa phương,2023-08-07,66100.0
Cà phê Robusta nhân xô,Đắk Lắk,Thương lái thu mua,VNĐ/kg,VNĐ,CTV địa phương,2023-08-04,66733.0
Cà phê Robusta nhân xô,Đắk Nông,Thương lái thu mua,VNĐ/kg,VNĐ,CTV địa phương,2023-08-04,67000.0
Cà phê Robusta nhân xô,Gia Lai,Thương lái thu mua,VNĐ/kg,VNĐ,CTV địa phương,2023-08-04,66333.0
Cà phê Robusta nhân xô,Kon Tum,Thương lái thu mua,VNĐ/kg,VNĐ,CTV địa phương,2023-08-04,66400.0
Cà phê Robusta nhân xô,Lâm Đồng,Thương lái thu mua,VNĐ/kg,VNĐ,CTV địa phương,2023-08-04,66100.0
Cà phê Robusta nhân xô,Đắk Lắk,Thương lái thu mua,VNĐ/kg,VNĐ,CTV địa phương,2023-08-03,67233.0
Cà phê Robusta nhân xô,Đắk Nông,Thương lái thu mua,VNĐ/kg,VNĐ,CTV địa phương,2023-08-03,67550.0
Cà phê Robusta nhân xô,Gia Lai,Thương lái thu mua,VNĐ/kg,VNĐ,CTV địa phương,2023-08-03,66933.0
Cà phê Robusta nhân xô,Kon Tum,Thương lái thu mua,VNĐ/kg,VNĐ,CTV địa phương,2023-08-03,67000.0
Cà phê Robusta nhân xô,Lâm Đồng,Thương lái thu mua,VNĐ/kg,VNĐ,CTV địa phương,2023-08-03,66600.0
Cà phê Robusta nhân xô,Đắk Lắk,Thương lái thu mua,VNĐ/kg,VNĐ,CTV địa phương,2023-08-02,67633.0
Cà phê Robusta nhân xô,Đắk Nông,Thương lái thu mua,VNĐ/kg,VNĐ,CTV địa phương,2023-08-02,67850.0
Cà phê Robusta nhân xô,Gia Lai,Thương lái thu mua,VNĐ/kg,VNĐ,CTV địa phương,2023-08-02,67333.0
Cà phê Robusta nhân xô,Kon Tum,Thương lái thu mua,VNĐ/kg,VNĐ,CTV địa phương,2023-08-02,67400.0
Cà phê Robusta nhân xô,Lâm Đồng,Thương lái thu mua,VNĐ/kg,VNĐ,CTV địa phương,2023-08-02,66900.0
Cà phê Robusta nhân xô,Đắk Lắk,Thương lái thu mua,VNĐ/kg,VNĐ,CTV địa phương,2023-08-01,66833.0
Cà phê Robusta nhân xô,Đắk Nông,Thương lái thu mua,VNĐ/kg,VNĐ,CTV địa phương,2023-08-01,67050.0
Cà phê Robusta nhân xô,Gia Lai,Thương lái thu mua,VNĐ/kg,VNĐ,CTV địa phương,2023-08-01,66733.0
Cà phê Robusta nhân xô,Kon Tum,Thương lái thu mua,VNĐ/kg,VNĐ,CTV địa phương,2023-08-01,66800.0
Cà phê Robusta nhân xô,Lâm Đồng,Thương lái thu mua,VNĐ/kg,VNĐ,CTV địa phương,2023-08-01,66400.0
Cà phê Robusta nhân xô,Đắk Lắk,Thương lái thu mua,VNĐ/kg,VNĐ,CTV địa phương,2023-07-31,67533.0
Cà phê Robusta nhân xô,Đắk Nông,Thương lái thu mua,VNĐ/kg,VNĐ,CTV địa phương,2023-07-31,67750.0
Cà phê Robusta nhân xô,Gia Lai,Thương lái thu mua,VNĐ/kg,VNĐ,CTV địa phương,2023-07-31,67433.0
Cà phê Robusta nhân xô,Kon Tum,Thương lái thu mua,VNĐ/kg,VNĐ,CTV địa phương,2023-07-31,67400.0
Cà phê Robusta nhân xô,Lâm Đồng,Thương lái thu mua,VNĐ/kg,VNĐ,CTV địa phương,2023-07-31,67100.0
Cà phê Robusta nhân xô,Đắk Lắk,Thương lái thu mua,VNĐ/kg,VNĐ,CTV địa phương,2023-07-28,67533.0
Cà phê Robusta nhân xô,Đắk Nông,Thương lái thu mua,VNĐ/kg,VNĐ,CTV địa phương,2023-07-28,67750.0
Cà phê Robusta nhân xô,Gia Lai,Thương lái thu mua,VNĐ/kg,VNĐ,CTV địa phương,2023-07-28,67433.0
Cà phê Robusta nhân xô,Kon Tum,Thương lái thu mua,VNĐ/kg,VNĐ,CTV địa phương,2023-07-28,67400.0
Cà phê Robusta nhân xô,Lâm Đồng,Thương lái thu mua,VNĐ/kg,VNĐ,CTV địa phương,2023-07-28,67100.0
Cà phê Robusta nhân xô,Đắk Lắk,Thương lái thu mua,VNĐ/kg,VNĐ,CTV địa phương,2023-07-27,67133.0
Cà phê Robusta nhân xô,Đắk Nông,Thương lái thu mua,VNĐ/kg,VNĐ,CTV địa phương,2023-07-27,67350.0
Cà phê Robusta nhân xô,Gia Lai,Thương lái thu mua,VNĐ/kg,VNĐ,CTV địa phương,2023-07-27,67033.0
Cà phê Robusta nhân xô,Kon Tum,Thương lái thu mua,VNĐ/kg,VNĐ,CTV địa phương,2023-07-27,66500.0
Cà phê Robusta nhân xô,Lâm Đồng,Thương lái thu mua,VNĐ/kg,VNĐ,CTV địa phương,2023-07-27,66700.0
Cà phê Robusta nhân xô,Đắk Lắk,Thương lái thu mua,VNĐ/kg,VNĐ,CTV địa phương,2023-07-26,66833.0
Cà phê Robusta nhân xô,Đắk Nông,Thương lái thu mua,VNĐ/kg,VNĐ,CTV địa phương,2023-07-26,67050.0
Cà phê Robusta nhân xô,Gia Lai,Thương lái thu mua,VNĐ/kg,VNĐ,CTV địa phương,2023-07-26,66733.0
Cà phê Robusta nhân xô,Kon Tum,Thương lái thu mua,VNĐ/kg,VNĐ,CTV địa phương,2023-07-26,66700.0
Cà phê Robusta nhân xô,Lâm Đồng,Thương lái thu mua,VNĐ/kg,VNĐ,CTV địa phương,2023-07-26,66400.0
Cà phê Robusta nhân xô,Đắk Lắk,Thương lái thu mua,VNĐ/kg,VNĐ,CTV địa phương,2023-07-25,67433.0
Cà phê Robusta nhân xô,Đắk Nông,Thương lái thu mua,VNĐ/kg,VNĐ,CTV địa phương,2023-07-25,67650.0
Cà phê Robusta nhân xô,Gia Lai,Thương lái thu mua,VNĐ/kg,VNĐ,CTV địa phương,2023-07-25,67233.0
Cà phê Robusta nhân xô,Kon Tum,Thương lái thu mua,VNĐ/kg,VNĐ,CTV địa phương,2023-07-25,67300.0
Cà phê Robusta nhân xô,Lâm Đồng,Thương lái thu mua,VNĐ/kg,VNĐ,CTV địa phương,2023-07-25,67000.0
Cà phê Robusta nhân xô,Đắk Lắk,Thương lái thu mua,VNĐ/kg,VNĐ,CTV địa phương,2023-07-24,66633.0
Cà phê Robusta nhân xô,Đắk Nông,Thương lái thu mua,VNĐ/kg,VNĐ,CTV địa phương,2023-07-24,66950.0
Cà phê Robusta nhân xô,Gia Lai,Thương lái thu mua,VNĐ/kg,VNĐ,CTV địa phương,2023-07-24,66433.0
Cà phê Robusta nhân xô,Kon Tum,Thương lái thu mua,VNĐ/kg,VNĐ,CTV địa phương,2023-07-24,66500.0
Cà phê Robusta nhân xô,Lâm Đồng,Thương lái thu mua,VNĐ/kg,VNĐ,CTV địa phương,2023-07-24,66200.0
Cà phê Robusta nhân xô,Đắk Lắk,Thương lái thu mua,VNĐ/kg,VNĐ,CTV địa phương,2023-07-21,65433.0
Cà phê Robusta nhân xô,Đắk Nông,Thương lái thu mua,VNĐ/kg,VNĐ,CTV địa phương,2023-07-21,65650.0
Cà phê Robusta nhân xô,Gia Lai,Thương lái thu mua,VNĐ/kg,VNĐ,CTV địa phương,2023-07-21,65233.0
Cà phê Robusta nhân xô,Kon Tum,Thương lái thu mua,VNĐ/kg,VNĐ,CTV địa phương,2023-07-21,65300.0
Cà phê Robusta nhân xô,Lâm Đồng,Thương lái thu mua,VNĐ/kg,VNĐ,CTV địa phương,2023-07-21,65300.0
Cà phê Robusta nhân xô,Đắk Lắk,Thương lái thu mua,VNĐ/kg,VNĐ,CTV địa phương,2023-07-20,66633.0
Cà phê Robusta nhân xô,Đắk Nông,Thương lái thu mua,VNĐ/kg,VNĐ,CTV địa phương,2023-07-20,66850.0
Cà phê Robusta nhân xô,Gia Lai,Thương lái thu mua,VNĐ/kg,VNĐ,CTV địa phương,2023-07-20,66433.0
Cà phê Robusta nhân xô,Kon Tum,Thương lái thu mua,VNĐ/kg,VNĐ,CTV địa phương,2023-07-20,66500.0
Cà phê Robusta nhân xô,Lâm Đồng,Thương lái thu mua,VNĐ/kg,VNĐ,CTV địa phương,2023-07-20,66100.0
Cà phê Robusta nhân xô,Đắk Lắk,Thương lái thu mua,VNĐ/kg,VNĐ,CTV địa phương,2023-07-19,65333.0
Cà phê Robusta nhân xô,Đắk Nông,Thương lái thu mua,VNĐ/kg,VNĐ,CTV địa phương,2023-07-19,65550.0
Cà phê Robusta nhân xô,Gia Lai,Thương lái thu mua,VNĐ/kg,VNĐ,CTV địa phương,2023-07-19,65133.0
Cà phê Robusta nhân xô,Kon Tum,Thương lái thu mua,VNĐ/kg,VNĐ,CTV địa phương,2023-07-19,65200.0
Cà phê Robusta nhân xô,Lâm Đồng,Thương lái thu mua,VNĐ/kg,VNĐ,CTV địa phương,2023-07-19,64800.0
Cà phê Robusta nhân xô,Đắk Lắk,Thương lái thu mua,VNĐ/kg,VNĐ,CTV địa phương,2023-07-18,65533.0
Cà phê Robusta nhân xô,Đắk Nông,Thương lái thu mua,VNĐ/kg,VNĐ,CTV địa phương,2023-07-18,65750.0
Cà phê Robusta nhân xô,Gia Lai,Thương lái thu mua,VNĐ/kg,VNĐ,CTV địa phương,2023-07-18,65333.0
Cà phê Robusta nhân xô,Kon Tum,Thương lái thu mua,VNĐ/kg,VNĐ,CTV địa phương,2023-07-18,65400.0
Cà phê Robusta nhân xô,Lâm Đồng,Thương lái thu mua,VNĐ/kg,VNĐ,CTV địa phương,2023-07-18,65100.0
Cà phê Robusta nhân xô,Đắk Lắk,Thương lái thu mua,VNĐ/kg,VNĐ,CTV địa phương,2023-07-17,65333.0
Cà phê Robusta nhân xô,Đắk Nông,Thương lái thu mua,VNĐ/kg,VNĐ,CTV địa phương,2023-07-17,65550.0
Cà phê Robusta nhân xô,Gia Lai,Thương lái thu mua,VNĐ/kg,VNĐ,CTV địa phương,2023-07-17,65133.0
Cà phê Robusta nhân xô,Kon Tum,Thương lái thu mua,VNĐ/kg,VNĐ,CTV địa phương,2023-07-17,65200.0
Cà phê Robusta nhân xô,Lâm Đồng,Thương lái thu mua,VNĐ/kg,VNĐ,CTV địa phương,2023-07-17,64900.0
Cà phê Robusta nhân xô,Đắk Lắk,Thương lái thu mua,VNĐ/kg,VNĐ,CTV địa phương,2023-07-14,65033.0
Cà phê Robusta nhân xô,Đắk Nông,Thương lái thu mua,VNĐ/kg,VNĐ,CTV địa phương,2023-07-14,65250.0
Cà phê Robusta nhân xô,Gia Lai,Thương lái thu mua,VNĐ/kg,VNĐ,CTV địa phương,2023-07-14,64833.0
Cà phê Robusta nhân xô,Kon Tum,Thương lái thu mua,VNĐ/kg,VNĐ,CTV địa phương,2023-07-14,64900.0
Cà phê Robusta nhân xô,Lâm Đồng,Thương lái thu mua,VNĐ/kg,VNĐ,CTV địa phương,2023-07-14,64600.0
Cà phê Robusta nhân xô,Đắk Lắk,Thương lái thu mua,VNĐ/kg,VNĐ,CTV địa phương,2023-07-13,65233.0
Cà phê Robusta nhân xô,Đắk Nông,Thương lái thu mua,VNĐ/kg,VNĐ,CTV địa phương,2023-07-13,65350.0
Cà phê Robusta nhân xô,Gia Lai,Thương lái thu mua,VNĐ/kg,VNĐ,CTV địa phương,2023-07-13,65033.0
Cà phê Robusta nhân xô,Kon Tum,Thương lái thu mua,VNĐ/kg,VNĐ,CTV địa phương,2023-07-13,65100.0
Cà phê Robusta nhân xô,Lâm Đồng,Thương lái thu mua,VNĐ/kg,VNĐ,CTV địa phương,2023-07-13,64700.0
Cà phê Robusta nhân xô,Đắk Lắk,Thương lái thu mua,VNĐ/kg,VNĐ,CTV địa phương,2023-07-12,65833.0
Cà phê Robusta nhân xô,Đắk Nông,Thương lái thu mua,VNĐ/kg,VNĐ,CTV địa phương,2023-07-12,65950.0
Cà phê Robusta nhân xô,Gia Lai,Thương lái thu mua,VNĐ/kg,VNĐ,CTV địa phương,2023-07-12,65633.0
Cà phê Robusta nhân xô,Kon Tum,Thương lái thu mua,VNĐ/kg,VNĐ,CTV địa phương,2023-07-12,65600.0
Cà phê Robusta nhân xô,Lâm Đồng,Thương lái thu mua,VNĐ/kg,VNĐ,CTV địa phương,2023-07-12,65600.0
Cà phê Robusta nhân xô,Đắk Lắk,Thương lái thu mua,VNĐ/kg,VNĐ,CTV địa phương,2023-07-11,65933.0
Cà phê Robusta nhân xô,Đắk Nông,Thương lái thu mua,VNĐ/kg,VNĐ,CTV địa phương,2023-07-11,66050.0
Cà phê Robusta nhân xô,Gia Lai,Thương lái thu mua,VNĐ/kg,VNĐ,CTV địa phương,2023-07-11,65733.0
Cà phê Robusta nhân xô,Kon Tum,Thương lái thu mua,VNĐ/kg,VNĐ,CTV địa phương,2023-07-11,65700.0
Cà phê Robusta nhân xô,Lâm Đồng,Thương lái thu mua,VNĐ/kg,VNĐ,CTV địa phương,2023-07-11,65700.0
Cà phê Robusta nhân xô,Đắk Lắk,Thương lái thu mua,VNĐ/kg,VNĐ,CTV địa phương,2023-07-10,66633.0
Cà phê Robusta nhân xô,Đắk Nông,Thương lái thu mua,VNĐ/kg,VNĐ,CTV địa phương,2023-07-10,66750.0
Cà phê Robusta nhân xô,Gia Lai,Thương lái thu mua,VNĐ/kg,VNĐ,CTV địa phương,2023-07-10,66333.0
Cà phê Robusta nhân xô,Kon Tum,Thương lái thu mua,VNĐ/kg,VNĐ,CTV địa phương,2023-07-10,66400.0
Cà phê Robusta nhân xô,Lâm Đồng,Thương lái thu mua,VNĐ/kg,VNĐ,CTV địa phương,2023-07-10,66300.0
Cà phê Robusta nhân xô,Đắk Lắk,Thương lái thu mua,VNĐ/kg,VNĐ,CTV địa phương,2023-07-07,64733.0
Cà phê Robusta nhân xô,Đắk Nông,Thương lái thu mua,VNĐ/kg,VNĐ,CTV địa phương,2023-07-07,64950.0
Cà phê Robusta nhân xô,Gia Lai,Thương lái thu mua,VNĐ/kg,VNĐ,CTV địa phương,2023-07-07,64533.0
Cà phê Robusta nhân xô,Kon Tum,Thương lái thu mua,VNĐ/kg,VNĐ,CTV địa phương,2023-07-07,64600.0
Cà phê Robusta nhân xô,Lâm Đồng,Thương lái thu mua,VNĐ/kg,VNĐ,CTV địa phương,2023-07-07,64500.0
Cà phê Robusta nhân xô,Đắk Lắk,Thương lái thu mua,VNĐ/kg,VNĐ,CTV địa phương,2023-07-06,64833.0
Cà phê Robusta nhân xô,Đắk Nông,Thương lái thu mua,VNĐ/kg,VNĐ,CTV địa phương,2023-07-06,65050.0
Cà phê Robusta nhân xô,Gia Lai,Thương lái thu mua,VNĐ/kg,VNĐ,CTV địa phương,2023-07-06,64633.0
Cà phê Robusta nhân xô,Kon Tum,Thương lái thu mua,VNĐ/kg,VNĐ,CTV địa phương,2023-07-06,64700.0
Cà phê Robusta nhân xô,Lâm Đồng,Thương lái thu mua,VNĐ/kg,VNĐ,CTV địa phương,2023-07-06,64500.0
Cà phê Robusta nhân xô,Đắk Lắk,Thương lái thu mua,VNĐ/kg,VNĐ,CTV địa phương,2023-07-05,65033.0
Cà phê Robusta nhân xô,Đắk Nông,Thương lái thu mua,VNĐ/kg,VNĐ,CTV địa phương,2023-07-05,65250.0
Cà phê Robusta nhân xô,Gia Lai,Thương lái thu mua,VNĐ/kg,VNĐ,CTV địa phương,2023-07-05,64833.0
Cà phê Robusta nhân xô,Kon Tum,Thương lái thu mua,VNĐ/kg,VNĐ,CTV địa phương,2023-07-05,64900.0
Cà phê Robusta nhân xô,Lâm Đồng,Thương lái thu mua,VNĐ/kg,VNĐ,CTV địa phương,2023-07-05,64700.0
Cà phê Robusta nhân xô,Đắk Lắk,Thương lái thu mua,VNĐ/kg,VNĐ,CTV địa phương,2023-07-04,65133.0
Cà phê Robusta nhân xô,Đắk Nông,Thương lái thu mua,VNĐ/kg,VNĐ,CTV địa phương,2023-07-04,65350.0
Cà phê Robusta nhân xô,Gia Lai,Thương lái thu mua,VNĐ/kg,VNĐ,CTV địa phương,2023-07-04,64933.0
Cà phê Robusta nhân xô,Kon Tum,Thương lái thu mua,VNĐ/kg,VNĐ,CTV địa phương,2023-07-04,65000.0
Cà phê Robusta nhân xô,Lâm Đồng,Thương lái thu mua,VNĐ/kg,VNĐ,CTV địa phương,2023-07-04,64800.0
Cà phê Robusta nhân xô,Đắk Lắk,Thương lái thu mua,VNĐ/kg,VNĐ,CTV địa phương,2023-07-03,64433.0
Cà phê Robusta nhân xô,Đắk Nông,Thương lái thu mua,VNĐ/kg,VNĐ,CTV địa phương,2023-07-03,64650.0
Cà phê Robusta nhân xô,Gia Lai,Thương lái thu mua,VNĐ/kg,VNĐ,CTV địa phương,2023-07-03,64333.0
Cà phê Robusta nhân xô,Kon Tum,Thương lái thu mua,VNĐ/kg,VNĐ,CTV địa phương,2023-07-03,64400.0
Cà phê Robusta nhân xô,Lâm Đồng,Thương lái thu mua,VNĐ/kg,VNĐ,CTV địa phương,2023-07-03,64200.0
Cà phê Robusta nhân xô,Đắk Lắk,Thương lái thu mua,VNĐ/kg,VNĐ,CTV địa phương,2023-06-30,65233.0
Cà phê Robusta nhân xô,Đắk Nông,Thương lái thu mua,VNĐ/kg,VNĐ,CTV địa phương,2023-06-30,65450.0
Cà phê Robusta nhân xô,Gia Lai,Thương lái thu mua,VNĐ/kg,VNĐ,CTV địa phương,2023-06-30,65133.0
Cà phê Robusta nhân xô,Kon Tum,Thương lái thu mua,VNĐ/kg,VNĐ,CTV địa phương,2023-06-30,65200.0
Cà phê Robusta nhân xô,Lâm Đồng,Thương lái thu mua,VNĐ/kg,VNĐ,CTV địa phương,2023-06-30,65100.0
Cà phê Robusta nhân xô,Đắk Lắk,Thương lái thu mua,VNĐ/kg,VNĐ,CTV địa phương,2023-06-29,65733.0
Cà phê Robusta nhân xô,Đắk Nông,Thương lái thu mua,VNĐ/kg,VNĐ,CTV địa phương,2023-06-29,65950.0
Cà phê Robusta nhân xô,Gia Lai,Thương lái thu mua,VNĐ/kg,VNĐ,CTV địa phương,2023-06-29,65633.0
Cà phê Robusta nhân xô,Kon Tum,Thương lái thu mua,VNĐ/kg,VNĐ,CTV địa phương,2023-06-29,65700.0
Cà phê Robusta nhân xô,Lâm Đồng,Thương lái thu mua,VNĐ/kg,VNĐ,CTV địa phương,2023-06-29,65600.0
Cà phê Robusta nhân xô,Đắk Lắk,Thương lái thu mua,VNĐ/kg,VNĐ,CTV địa phương,2023-06-28,66533.0
Cà phê Robusta nhân xô,Đắk Nông,Thương lái thu mua,VNĐ/kg,VNĐ,CTV địa phương,2023-06-28,66750.0
Cà phê Robusta nhân xô,Gia Lai,Thương lái thu mua,VNĐ/kg,VNĐ,CTV địa phương,2023-06-28,66333.0
Cà phê Robusta nhân xô,Kon Tum,Thương lái thu mua,VNĐ/kg,VNĐ,CTV địa phương,2023-06-28,66400.0
Cà phê Robusta nhân xô,Lâm Đồng,Thương lái thu mua,VNĐ/kg,VNĐ,CTV địa phương,2023-06-28,66300.0
Cà phê Robusta nhân xô,Đắk Lắk,Thương lái thu mua,VNĐ/kg,VNĐ,CTV địa phương,2023-06-27,66333.0
Cà phê Robusta nhân xô,Đắk Nông,Thương lái thu mua,VNĐ/kg,VNĐ,CTV địa phương,2023-06-27,66550.0
Cà phê Robusta nhân xô,Gia Lai,Thương lái thu mua,VNĐ/kg,VNĐ,CTV địa phương,2023-06-27,66033.0
Cà phê Robusta nhân xô,Kon Tum,Thương lái thu mua,VNĐ/kg,VNĐ,CTV địa phương,2023-06-27,66100.0
Cà phê Robusta nhân xô,Lâm Đồng,Thương lái thu mua,VNĐ/kg,VNĐ,CTV địa phương,2023-06-27,66000.0
Cà phê Robusta nhân xô,Đắk Lắk,Thương lái thu mua,VNĐ/kg,VNĐ,CTV địa phương,2023-06-26,65833.0
Cà phê Robusta nhân xô,Đắk Nông,Thương lái thu mua,VNĐ/kg,VNĐ,CTV địa phương,2023-06-26,66150.0
Cà phê Robusta nhân xô,Gia Lai,Thương lái thu mua,VNĐ/kg,VNĐ,CTV địa phương,2023-06-26,65633.0
Cà phê Robusta nhân xô,Kon Tum,Thương lái thu mua,VNĐ/kg,VNĐ,CTV địa phương,2023-06-26,65700.0
Cà phê Robusta nhân xô,Lâm Đồng,Thương lái thu mua,VNĐ/kg,VNĐ,CTV địa phương,2023-06-26,65500.0
Cà phê Robusta nhân xô,Đắk Lắk,Thương lái thu mua,VNĐ/kg,VNĐ,CTV địa phương,2023-06-23,66233.0
Cà phê Robusta nhân xô,Đắk Nông,Thương lái thu mua,VNĐ/kg,VNĐ,CTV địa phương,2023-06-23,66450.0
Cà phê Robusta nhân xô,Gia Lai,Thương lái thu mua,VNĐ/kg,VNĐ,CTV địa phương,2023-06-23,65933.0
Cà phê Robusta nhân xô,Kon Tum,Thương lái thu mua,VNĐ/kg,VNĐ,CTV địa phương,2023-06-23,66000.0
Cà phê Robusta nhân xô,Lâm Đồng,Thương lái thu mua,VNĐ/kg,VNĐ,CTV địa phương,2023-06-23,65800.0
Cà phê Robusta nhân xô,Đắk Lắk,Thương lái thu mua,VNĐ/kg,VNĐ,CTV địa phương,2023-06-22,65933.0
Cà phê Robusta nhân xô,Đắk Nông,Thương lái thu mua,VNĐ/kg,VNĐ,CTV địa phương,2023-06-22,66150.0
Cà phê Robusta nhân xô,Gia Lai,Thương lái thu mua,VNĐ/kg,VNĐ,CTV địa phương,2023-06-22,65633.0
Cà phê Robusta nhân xô,Kon Tum,Thương lái thu mua,VNĐ/kg,VNĐ,CTV địa phương,2023-06-22,65700.0
Cà phê Robusta nhân xô,Lâm Đồng,Thương lái thu mua,VNĐ/kg,VNĐ,CTV địa phương,2023-06-22,65500.0
Cà phê Robusta nhân xô,Đắk Lắk,Thương lái thu mua,VNĐ/kg,VNĐ,CTV địa phương,2023-06-21,66100.0
Cà phê Robusta nhân xô,Đắk Nông,Thương lái thu mua,VNĐ/kg,VNĐ,CTV địa phương,2023-06-21,66750.0
Cà phê Robusta nhân xô,Gia Lai,Thương lái thu mua,VNĐ/kg,VNĐ,CTV địa phương,2023-06-21,66233.0
Cà phê Robusta nhân xô,Kon Tum,Thương lái thu mua,VNĐ/kg,VNĐ,CTV địa phương,2023-06-21,66300.0
Cà phê Robusta nhân xô,Lâm Đồng,Thương lái thu mua,VNĐ/kg,VNĐ,CTV địa phương,2023-06-21,66100.0
Cà phê Robusta nhân xô,Đắk Lắk,Thương lái thu mua,VNĐ/kg,VNĐ,CTV địa phương,2023-06-20,66933.0
Cà phê Robusta nhân xô,Đắk Nông,Thương lái thu mua,VNĐ/kg,VNĐ,CTV địa phương,2023-06-20,67150.0
Cà phê Robusta nhân xô,Gia Lai,Thương lái thu mua,VNĐ/kg,VNĐ,CTV địa phương,2023-06-20,66633.0
Cà phê Robusta nhân xô,Kon Tum,Thương lái thu mua,VNĐ/kg,VNĐ,CTV địa phương,2023-06-20,66600.0
Cà phê Robusta nhân xô,Lâm Đồng,Thương lái thu mua,VNĐ/kg,VNĐ,CTV địa phương,2023-06-20,66500.0
Cà phê Robusta nhân xô,Đắk Lắk,Thương lái thu mua,VNĐ/kg,VNĐ,CTV địa phương,2023-06-19,66433.0
Cà phê Robusta nhân xô,Đắk Nông,Thương lái thu mua,VNĐ/kg,VNĐ,CTV địa phương,2023-06-19,66650.0
Cà phê Robusta nhân xô,Gia Lai,Thương lái thu mua,VNĐ/kg,VNĐ,CTV địa phương,2023-06-19,66133.0
Cà phê Robusta nhân xô,Kon Tum,Thương lái thu mua,VNĐ/kg,VNĐ,CTV địa phương,2023-06-19,66000.0
Cà phê Robusta nhân xô,Lâm Đồng,Thương lái thu mua,VNĐ/kg,VNĐ,CTV địa phương,2023-06-19,66000.0
Cà phê Robusta nhân xô,Đắk Lắk,Thương lái thu mua,VNĐ/kg,VNĐ,CTV địa phương,2023-06-16,66633.0
Cà phê Robusta nhân xô,Đắk Nông,Thương lái thu mua,VNĐ/kg,VNĐ,CTV địa phương,2023-06-16,66750.0
Cà phê Robusta nhân xô,Gia Lai,Thương lái thu mua,VNĐ/kg,VNĐ,CTV địa phương,2023-06-16,66367.0
Cà phê Robusta nhân xô,Kon Tum,Thương lái thu mua,VNĐ/kg,VNĐ,CTV địa phương,2023-06-16,66600.0
Cà phê Robusta nhân xô,Lâm Đồng,Thương lái thu mua,VNĐ/kg,VNĐ,CTV địa phương,2023-06-16,66100.0
Cà phê Robusta nhân xô,Đắk Lắk,Thương lái thu mua,VNĐ/kg,VNĐ,CTV địa phương,2023-06-15,64833.0
Cà phê Robusta nhân xô,Đắk Nông,Thương lái thu mua,VNĐ/kg,VNĐ,CTV địa phương,2023-06-15,64950.0
Cà phê Robusta nhân xô,Gia Lai,Thương lái thu mua,VNĐ/kg,VNĐ,CTV địa phương,2023-06-15,64567.0
Cà phê Robusta nhân xô,Kon Tum,Thương lái thu mua,VNĐ/kg,VNĐ,CTV địa phương,2023-06-15,64800.0
Cà phê Robusta nhân xô,Lâm Đồng,Thương lái thu mua,VNĐ/kg,VNĐ,CTV địa phương,2023-06-15,64300.0
Cà phê Robusta nhân xô,Đắk Lắk,Thương lái thu mua,VNĐ/kg,VNĐ,CTV địa phương,2023-06-14,64733.0
Cà phê Robusta nhân xô,Đắk Nông,Thương lái thu mua,VNĐ/kg,VNĐ,CTV địa phương,2023-06-14,64850.0
Cà phê Robusta nhân xô,Gia Lai,Thương lái thu mua,VNĐ/kg,VNĐ,CTV địa phương,2023-06-14,64467.0
Cà phê Robusta nhân xô,Kon Tum,Thương lái thu mua,VNĐ/kg,VNĐ,CTV địa phương,2023-06-14,64700.0
Cà phê Robusta nhân xô,Lâm Đồng,Thương lái thu mua,VNĐ/kg,VNĐ,CTV địa phương,2023-06-14,64200.0
Cà phê Robusta nhân xô,Đắk Lắk,Thương lái thu mua,VNĐ/kg,VNĐ,CTV địa phương,2023-06-13,64533.0
Cà phê Robusta nhân xô,Đắk Nông,Thương lái thu mua,VNĐ/kg,VNĐ,CTV địa phương,2023-06-13,64650.0
Cà phê Robusta nhân xô,Gia Lai,Thương lái thu mua,VNĐ/kg,VNĐ,CTV địa phương,2023-06-13,64133.0
Cà phê Robusta nhân xô,Kon Tum,Thương lái thu mua,VNĐ/kg,VNĐ,CTV địa phương,2023-06-13,64200.0
Cà phê Robusta nhân xô,Lâm Đồng,Thương lái thu mua,VNĐ/kg,VNĐ,CTV địa phương,2023-06-13,64000.0
Cà phê Robusta nhân xô,Đắk Lắk,Thương lái thu mua,VNĐ/kg,VNĐ,CTV địa phương,2023-06-12,64933.0
Cà phê Robusta nhân xô,Đắk Nông,Thương lái thu mua,VNĐ/kg,VNĐ,CTV địa phương,2023-06-12,65050.0
Cà phê Robusta nhân xô,Gia Lai,Thương lái thu mua,VNĐ/kg,VNĐ,CTV địa phương,2023-06-12,64533.0
Cà phê Robusta nhân xô,Kon Tum,Thương lái thu mua,VNĐ/kg,VNĐ,CTV địa phương,2023-06-12,64600.0
Cà phê Robusta nhân xô,Lâm Đồng,Thương lái thu mua,VNĐ/kg,VNĐ,CTV địa phương,2023-06-12,64400.0
Cà phê Robusta nhân xô,Đắk Lắk,Thương lái thu mua,VNĐ/kg,VNĐ,CTV địa phương,2023-06-09,65033.0
Cà phê Robusta nhân xô,Lâm Đồng,Thương lái thu mua,VNĐ/kg,VNĐ,CTV địa phương,2023-06-09,64500.0
Cà phê Robusta nhân xô,Đắk Lắk,Thương lái thu mua,VNĐ/kg,VNĐ,CTV địa phương,2023-06-08,62733.0
Cà phê Robusta nhân xô,Lâm Đồng,Thương lái thu mua,VNĐ/kg,VNĐ,CTV địa phương,2023-06-08,62300.0
Cà phê Robusta nhân xô,Đắk Lắk,Thương lái thu mua,VNĐ/kg,VNĐ,CTV địa phương,2023-06-07,61733.0
Cà phê Robusta nhân xô,Lâm Đồng,Thương lái thu mua,VNĐ/kg,VNĐ,CTV địa phương,2023-06-07,61300.0
Cà phê Robusta nhân xô,Đắk Lắk,Thương lái thu mua,VNĐ/kg,VNĐ,CTV địa phương,2023-06-06,61633.0
Cà phê Robusta nhân xô,Lâm Đồng,Thương lái thu mua,VNĐ/kg,VNĐ,CTV địa phương,2023-06-06,61200.0
Cà phê Robusta nhân xô,Đắk Lắk,Thương lái thu mua,VNĐ/kg,VNĐ,CTV địa phương,2023-06-05,61133.0
Cà phê Robusta nhân xô,Lâm Đồng,Thương lái thu mua,VNĐ/kg,VNĐ,CTV địa phương,2023-06-05,60700.0
Cà phê Robusta nhân xô,Đắk Lắk,Thương lái thu mua,VNĐ/kg,VNĐ,CTV địa phương,2023-06-02,61333.0
Cà phê Robusta nhân xô,Lâm Đồng,Thương lái thu mua,VNĐ/kg,VNĐ,CTV địa phương,2023-06-02,60800.0
Cà phê Robusta nhân xô,Đắk Lắk,Thương lái thu mua,VNĐ/kg,VNĐ,CTV địa phương,2023-06-01,60633.0
Cà phê Robusta nhân xô,Lâm Đồng,Thương lái thu mua,VNĐ/kg,VNĐ,CTV địa phương,2023-06-01,60100.0
Cà phê Robusta nhân xô,Đắk Lắk,Thương lái thu mua,VNĐ/kg,VNĐ,CTV địa phương,2023-05-31,60633.0
Cà phê Robusta nhân xô,Lâm Đồng,Thương lái thu mua,VNĐ/kg,VNĐ,CTV địa phương,2023-05-31,60100.0
Cà phê Robusta nhân xô,Đắk Lắk,Thương lái thu mua,VNĐ/kg,VNĐ,CTV địa phương,2023-05-30,61033.0
Cà phê Robusta nhân xô,Lâm Đồng,Thương lái thu mua,VNĐ/kg,VNĐ,CTV địa phương,2023-05-30,60500.0
Cà phê Robusta nhân xô,Đắk Lắk,Thương lái thu mua,VNĐ/kg,VNĐ,CTV địa phương,2023-05-29,61033.0
Cà phê Robusta nhân xô,Lâm Đồng,Thương lái thu mua,VNĐ/kg,VNĐ,CTV địa phương,2023-05-29,60500.0
Cà phê Robusta nhân xô,Đắk Lắk,Thương lái thu mua,VNĐ/kg,VNĐ,CTV địa phương,2023-05-26,60450.0
Cà phê Robusta nhân xô,Lâm Đồng,Thương lái thu mua,VNĐ/kg,VNĐ,CTV địa phương,2023-05-26,60000.0
Cà phê Robusta nhân xô,Đắk Lắk,Thương lái thu mua,VNĐ/kg,VNĐ,CTV địa phương,2023-05-24,60233.0
Cà phê Robusta nhân xô,Lâm Đồng,Thương lái thu mua,VNĐ/kg,VNĐ,CTV địa phương,2023-05-24,59900.0
Cà phê Robusta nhân xô,Đắk Lắk,Thương lái thu mua,VNĐ/kg,VNĐ,CTV địa phương,2023-05-23,61033.0
Cà phê Robusta nhân xô,Lâm Đồng,Thương lái thu mua,VNĐ/kg,VNĐ,CTV địa phương,2023-05-23,60700.0
Cà phê Robusta nhân xô,Đắk Lắk,Thương lái thu mua,VNĐ/kg,VNĐ,CTV địa phương,2023-05-22,59333.0
Cà phê Robusta nhân xô,Lâm Đồng,Thương lái thu mua,VNĐ/kg,VNĐ,CTV địa phương,2023-05-22,59500.0
Cà phê Robusta nhân xô,Lâm Đồng,Thương lái thu mua,VNĐ/kg,VNĐ,CTV địa phương,2023-05-19,57500.0
Cà phê Robusta nhân xô,Lâm Đồng,Thương lái thu mua,VNĐ/kg,VNĐ,CTV địa phương,2023-05-18,57000.0
Cà phê Robusta nhân xô,Đắk Lắk,Thương lái thu mua,VNĐ/kg,VNĐ,CTV địa phương,2023-05-17,57433.0
Cà phê Robusta nhân xô,Lâm Đồng,Thương lái thu mua,VNĐ/kg,VNĐ,CTV địa phương,2023-05-17,55900.0
Cà phê Robusta nhân xô,Đắk Lắk,Thương lái thu mua,VNĐ/kg,VNĐ,CTV địa phương,2023-05-16,56233.0
Cà phê Robusta nhân xô,Lâm Đồng,Thương lái thu mua,VNĐ/kg,VNĐ,CTV địa phương,2023-05-16,55900.0
Cà phê Robusta nhân xô,Đắk Lắk,Thương lái thu mua,VNĐ/kg,VNĐ,CTV địa phương,2023-05-15,56233.0
Cà phê Robusta nhân xô,Lâm Đồng,Thương lái thu mua,VNĐ/kg,VNĐ,CTV địa phương,2023-05-15,54900.0
Cà phê Robusta nhân xô,Đắk Lắk,Thương lái thu mua,VNĐ/kg,VNĐ,CTV địa phương,2023-05-12,55233.0
Cà phê Robusta nhân xô,Lâm Đồng,Thương lái thu mua,VNĐ/kg,VNĐ,CTV địa phương,2023-05-12,52800.0
Cà phê Robusta nhân xô,Đắk Lắk,Thương lái thu mua,VNĐ/kg,VNĐ,CTV địa phương,2023-05-11,53133.0
Cà phê Robusta nhân xô,Lâm Đồng,Thương lái thu mua,VNĐ/kg,VNĐ,CTV địa phương,2023-05-11,53800.0
Cà phê Robusta nhân xô,Đắk Lắk,Thương lái thu mua,VNĐ/kg,VNĐ,CTV địa phương,2023-05-10,54333.0
Cà phê Robusta nhân xô,Lâm Đồng,Thương lái thu mua,VNĐ/kg,VNĐ,CTV địa phương,2023-05-10,53100.0
Cà phê Robusta nhân xô,Đắk Lắk,Thương lái thu mua,VNĐ/kg,VNĐ,CTV địa phương,2023-05-09,53733.0
Cà phê Robusta nhân xô,Lâm Đồng,Thương lái thu mua,VNĐ/kg,VNĐ,CTV địa phương,2023-05-09,53200.0
Cà phê Robusta nhân xô,Đắk Lắk,Thương lái thu mua,VNĐ/kg,VNĐ,CTV địa phương,2023-05-08,53833.0
Cà phê Robusta nhân xô,Lâm Đồng,Thương lái thu mua,VNĐ/kg,VNĐ,CTV địa phương,2023-05-08,53200.0
Cà phê Robusta nhân xô,Đắk Lắk,Thương lái thu mua,VNĐ/kg,VNĐ,CTV địa phương,2023-05-05,53833.0
Cà phê Robusta nhân xô,Lâm Đồng,Thương lái thu mua,VNĐ/kg,VNĐ,CTV địa phương,2023-05-05,51600.0
Cà phê Robusta nhân xô,Đắk Lắk,Thương lái thu mua,VNĐ/kg,VNĐ,CTV địa phương,2023-05-04,52333.0
Cà phê Robusta nhân xô,Lâm Đồng,Thương lái thu mua,VNĐ/kg,VNĐ,CTV địa phương,2023-05-04,51800.0
Cà phê Robusta nhân xô,Đắk Lắk,Thương lái thu mua,VNĐ/kg,VNĐ,CTV địa phương,2023-05-03,52533.0
Cà phê Robusta nhân xô,Lâm Đồng,Thương lái thu mua,VNĐ/kg,VNĐ,CTV địa phương,2023-05-03,51100.0
Cà phê Robusta nhân xô,Đắk Lắk,Thương lái thu mua,VNĐ/kg,VNĐ,CTV địa phương,2023-05-02,51633.0
Cà phê Robusta nhân xô,Lâm Đồng,Thương lái thu mua,VNĐ/kg,VNĐ,CTV địa phương,2023-05-02,50900.0
Cà phê Robusta nhân xô,Đắk Lắk,Thương lái thu mua,VNĐ/kg,VNĐ,CTV địa phương,2023-05-01,51433.0
Cà phê Robusta nhân xô,Lâm Đồng,Thương lái thu mua,VNĐ/kg,VNĐ,CTV địa phương,2023-05-01,50900.0
Cà phê Robusta nhân xô,Đắk Lắk,Thương lái thu mua,VNĐ/kg,VNĐ,CTV địa phương,2023-04-28,51433.0
Cà phê Robusta nhân xô,Lâm Đồng,Thương lái thu mua,VNĐ/kg,VNĐ,CTV địa phương,2023-04-28,50900.0
Cà phê Robusta nhân xô,Đắk Lắk,Thương lái thu mua,VNĐ/kg,VNĐ,CTV địa phương,2023-04-27,51433.0
Cà phê Robusta nhân xô,Lâm Đồng,Thương lái thu mua,VNĐ/kg,VNĐ,CTV địa phương,2023-04-27,51000.0
Cà phê Robusta nhân xô,Đắk Lắk,Thương lái thu mua,VNĐ/kg,VNĐ,CTV địa phương,2023-04-26,51533.0
Cà phê Robusta nhân xô,Lâm Đồng,Thương lái thu mua,VNĐ/kg,VNĐ,CTV địa phương,2023-04-26,51100.0
Cà phê Robusta nhân xô,Đắk Lắk,Thương lái thu mua,VNĐ/kg,VNĐ,CTV địa phương,2023-04-25,51533.0
Cà phê Robusta nhân xô,Lâm Đồng,Thương lái thu mua,VNĐ/kg,VNĐ,CTV địa phương,2023-04-25,51200.0
Cà phê Robusta nhân xô,Đắk Lắk,Thương lái thu mua,VNĐ/kg,VNĐ,CTV địa phương,2023-04-24,51633.0
Cà phê Robusta nhân xô,Lâm Đồng,Thương lái thu mua,VNĐ/kg,VNĐ,CTV địa phương,2023-04-24,50500.0
Cà phê Robusta nhân xô,Đắk Lắk,Thương lái thu mua,VNĐ/kg,VNĐ,CTV địa phương,2023-04-21,50933.0
Cà phê Robusta nhân xô,Lâm Đồng,Thương lái thu mua,VNĐ/kg,VNĐ,CTV địa phương,2023-04-21,50400.0
Cà phê Robusta nhân xô,Đắk Lắk,Thương lái thu mua,VNĐ/kg,VNĐ,CTV địa phương,2023-04-20,50833.0
Cà phê Robusta nhân xô,Lâm Đồng,Thương lái thu mua,VNĐ/kg,VNĐ,CTV địa phương,2023-04-20,50600.0
Cà phê Robusta nhân xô,Đắk Lắk,Thương lái thu mua,VNĐ/kg,VNĐ,CTV địa phương,2023-04-19,51033.0
Cà phê Robusta nhân xô,Lâm Đồng,Thương lái thu mua,VNĐ/kg,VNĐ,CTV địa phương,2023-04-19,50500.0
Cà phê Robusta nhân xô,Đắk Lắk,Thương lái thu mua,VNĐ/kg,VNĐ,CTV địa phương,2023-04-18,50933.0
Cà phê Robusta nhân xô,Lâm Đồng,Thương lái thu mua,VNĐ/kg,VNĐ,CTV địa phương,2023-04-18,49900.0
Cà phê Robusta nhân xô,Đắk Lắk,Thương lái thu mua,VNĐ/kg,VNĐ,CTV địa phương,2023-04-17,50333.0
Cà phê Robusta nhân xô,Lâm Đồng,Thương lái thu mua,VNĐ/kg,VNĐ,CTV địa phương,2023-04-17,49900.0
Cà phê Robusta nhân xô,Đắk Lắk,Thương lái thu mua,VNĐ/kg,VNĐ,CTV địa phương,2023-04-14,50333.0
Cà phê Robusta nhân xô,Lâm Đồng,Thương lái thu mua,VNĐ/kg,VNĐ,CTV địa phương,2023-04-14,50200.0
Cà phê Robusta nhân xô,Đắk Lắk,Thương lái thu mua,VNĐ/kg,VNĐ,CTV địa phương,2023-04-13,50633.0
Cà phê Robusta nhân xô,Lâm Đồng,Thương lái thu mua,VNĐ/kg,VNĐ,CTV địa phương,2023-04-13,50700.0
Cà phê Robusta nhân xô,Đắk Lắk,Thương lái thu mua,VNĐ/kg,VNĐ,CTV địa phương,2023-04-12,51033.0
Cà phê Robusta nhân xô,Lâm Đồng,Thương lái thu mua,VNĐ/kg,VNĐ,CTV địa phương,2023-04-12,50000.0
Cà phê Robusta nhân xô,Đắk Lắk,Thương lái thu mua,VNĐ/kg,VNĐ,CTV địa phương,2023-04-11,50333.0
Cà phê Robusta nhân xô,Lâm Đồng,Thương lái thu mua,VNĐ/kg,VNĐ,CTV địa phương,2023-04-11,50000.0
Cà phê Robusta nhân xô,Đắk Lắk,Thương lái thu mua,VNĐ/kg,VNĐ,CTV địa phương,2023-04-10,50333.0
Cà phê Robusta nhân xô,Lâm Đồng,Thương lái thu mua,VNĐ/kg,VNĐ,CTV địa phương,2023-04-10,49200.0
Cà phê Robusta nhân xô,Đắk Lắk,Thương lái thu mua,VNĐ/kg,VNĐ,CTV địa phương,2023-04-07,49533.0
Cà phê Robusta nhân xô,Lâm Đồng,Thương lái thu mua,VNĐ/kg,VNĐ,CTV địa phương,2023-04-07,49600.0
Cà phê Robusta nhân xô,Đắk Lắk,Thương lái thu mua,VNĐ/kg,VNĐ,CTV địa phương,2023-04-06,49933.0
Cà phê Robusta nhân xô,Lâm Đồng,Thương lái thu mua,VNĐ/kg,VNĐ,CTV địa phương,2023-04-06,49600.0
Cà phê Robusta nhân xô,Đắk Lắk,Thương lái thu mua,VNĐ/kg,VNĐ,CTV địa phương,2023-04-05,49933.0
Cà phê Robusta nhân xô,Lâm Đồng,Thương lái thu mua,VNĐ/kg,VNĐ,CTV địa phương,2023-04-05,49000.0
Cà phê Robusta nhân xô,Đắk Lắk,Thương lái thu mua,VNĐ/kg,VNĐ,CTV địa phương,2023-04-04,49333.0
Cà phê Robusta nhân xô,Lâm Đồng,Thương lái thu mua,VNĐ/kg,VNĐ,CTV địa phương,2023-04-04,48600.0
Cà phê Robusta nhân xô,Đắk Lắk,Thương lái thu mua,VNĐ/kg,VNĐ,CTV địa phương,2023-04-03,48933.0
Cà phê Robusta nhân xô,Lâm Đồng,Thương lái thu mua,VNĐ/kg,VNĐ,CTV địa phương,2023-04-03,48200.0
Cà phê Robusta nhân xô,Đắk Lắk,Thương lái thu mua,VNĐ/kg,VNĐ,CTV địa phương,2023-03-31,48533.0
Cà phê Robusta nhân xô,Lâm Đồng,Thương lái thu mua,VNĐ/kg,VNĐ,CTV địa phương,2023-03-31,47600.0
Cà phê Robusta nhân xô,Đắk Lắk,Thương lái thu mua,VNĐ/kg,VNĐ,CTV địa phương,2023-03-30,47933.0
Cà phê Robusta nhân xô,Lâm Đồng,Thương lái thu mua,VNĐ/kg,VNĐ,CTV địa phương,2023-03-30,47600.0
Cà phê Robusta nhân xô,Đắk Lắk,Thương lái thu mua,VNĐ/kg,VNĐ,CTV địa phương,2023-03-29,47933.0
Cà phê Robusta nhân xô,Lâm Đồng,Thương lái thu mua,VNĐ/kg,VNĐ,CTV địa phương,2023-03-29,47900.0
Cà phê Robusta nhân xô,Đắk Lắk,Thương lái thu mua,VNĐ/kg,VNĐ,CTV địa phương,2023-03-28,48233.0
Cà phê Robusta nhân xô,Lâm Đồng,Thương lái thu mua,VNĐ/kg,VNĐ,CTV địa phương,2023-03-28,48400.0
Cà phê Robusta nhân xô,Đắk Lắk,Thương lái thu mua,VNĐ/kg,VNĐ,CTV địa phương,2023-03-27,48733.0
Cà phê Robusta nhân xô,Lâm Đồng,Thương lái thu mua,VNĐ/kg,VNĐ,CTV địa phương,2023-03-27,48000.0
Cà phê Robusta nhân xô,Đắk Lắk,Thương lái thu mua,VNĐ/kg,VNĐ,CTV địa phương,2023-03-24,48333.0
Cà phê Robusta nhân xô,Lâm Đồng,Thương lái thu mua,VNĐ/kg,VNĐ,CTV địa phương,2023-03-24,47000.0
Cà phê Robusta nhân xô,Đắk Lắk,Thương lái thu mua,VNĐ/kg,VNĐ,CTV địa phương,2023-03-23,47333.0
Cà phê Robusta nhân xô,Lâm Đồng,Thương lái thu mua,VNĐ/kg,VNĐ,CTV địa phương,2023-03-23,46700.0
Cà phê Robusta nhân xô,Đắk Lắk,Thương lái thu mua,VNĐ/kg,VNĐ,CTV địa phương,2023-03-22,47033.0
Cà phê Robusta nhân xô,Lâm Đồng,Thương lái thu mua,VNĐ/kg,VNĐ,CTV địa phương,2023-03-22,47000.0
Cà phê Robusta nhân xô,Đắk Lắk,Thương lái thu mua,VNĐ/kg,VNĐ,CTV địa phương,2023-03-21,47333.0
Cà phê Robusta nhân xô,Lâm Đồng,Thương lái thu mua,VNĐ/kg,VNĐ,CTV địa phương,2023-03-21,46400.0
Cà phê Robusta nhân xô,Đắk Lắk,Thương lái thu mua,VNĐ/kg,VNĐ,CTV địa phương,2023-03-20,46733.0
Cà phê Robusta nhân xô,Lâm Đồng,Thương lái thu mua,VNĐ/kg,VNĐ,CTV địa phương,2023-03-20,46000.0
Cà phê Robusta nhân xô,Đắk Lắk,Thương lái thu mua,VNĐ/kg,VNĐ,CTV địa phương,2023-03-17,46333.0
Cà phê Robusta nhân xô,Lâm Đồng,Thương lái thu mua,VNĐ/kg,VNĐ,CTV địa phương,2023-03-17,46800.0
Cà phê Robusta nhân xô,Đắk Lắk,Thương lái thu mua,VNĐ/kg,VNĐ,CTV địa phương,2023-03-16,47133.0
Cà phê Robusta nhân xô,Lâm Đồng,Thương lái thu mua,VNĐ/kg,VNĐ,CTV địa phương,2023-03-16,46300.0
Cà phê Robusta nhân xô,Đắk Lắk,Thương lái thu mua,VNĐ/kg,VNĐ,CTV địa phương,2023-03-15,46633.0
Cà phê Robusta nhân xô,Lâm Đồng,Thương lái thu mua,VNĐ/kg,VNĐ,CTV địa phương,2023-03-15,46500.0
Cà phê Robusta nhân xô,Đắk Lắk,Thương lái thu mua,VNĐ/kg,VNĐ,CTV địa phương,2023-03-14,46833.0
Cà phê Robusta nhân xô,Lâm Đồng,Thương lái thu mua,VNĐ/kg,VNĐ,CTV địa phương,2023-03-14,47000.0
Cà phê Robusta nhân xô,Đắk Lắk,Thương lái thu mua,VNĐ/kg,VNĐ,CTV địa phương,2023-03-13,47333.0
Cà phê Robusta nhân xô,Lâm Đồng,Thương lái thu mua,VNĐ/kg,VNĐ,CTV địa phương,2023-03-13,47400.0
Cà phê Robusta nhân xô,Đắk Lắk,Thương lái thu mua,VNĐ/kg,VNĐ,CTV địa phương,2023-03-10,47733.0
Cà phê Robusta nhân xô,Lâm Đồng,Thương lái thu mua,VNĐ/kg,VNĐ,CTV địa phương,2023-03-10,47800.0
Cà phê Robusta nhân xô,Đắk Lắk,Thương lái thu mua,VNĐ/kg,VNĐ,CTV địa phương,2023-03-09,48133.0
Cà phê Robusta nhân xô,Lâm Đồng,Thương lái thu mua,VNĐ/kg,VNĐ,CTV địa phương,2023-03-09,47600.0
Cà phê Robusta nhân xô,Đắk Lắk,Thương lái thu mua,VNĐ/kg,VNĐ,CTV địa phương,2023-03-08,47933.0
Cà phê Robusta nhân xô,Lâm Đồng,Thương lái thu mua,VNĐ/kg,VNĐ,CTV địa phương,2023-03-08,47500.0
Cà phê Robusta nhân xô,Đắk Lắk,Thương lái thu mua,VNĐ/kg,VNĐ,CTV địa phương,2023-03-07,47833.0
Cà phê Robusta nhân xô,Lâm Đồng,Thương lái thu mua,VNĐ/kg,VNĐ,CTV địa phương,2023-03-07,47400.0
Cà phê Robusta nhân xô,Đắk Lắk,Thương lái thu mua,VNĐ/kg,VNĐ,CTV địa phương,2023-03-06,47733.0
Cà phê Robusta nhân xô,Lâm Đồng,Thương lái thu mua,VNĐ/kg,VNĐ,CTV địa phương,2023-03-06,47600.0
Cà phê Robusta nhân xô,Đắk Lắk,Thương lái thu mua,VNĐ/kg,VNĐ,CTV địa phương,2023-03-03,47933.0
Cà phê Robusta nhân xô,Lâm Đồng,Thương lái thu mua,VNĐ/kg,VNĐ,CTV địa phương,2023-03-03,47700.0
Cà phê Robusta nhân xô,Đắk Lắk,Thương lái thu mua,VNĐ/kg,VNĐ,CTV địa phương,2023-03-02,48200.0
Cà phê Robusta nhân xô,Lâm Đồng,Thương lái thu mua,VNĐ/kg,VNĐ,CTV địa phương,2023-03-02,47400.0
Cà phê Robusta nhân xô,Đắk Lắk,Thương lái thu mua,VNĐ/kg,VNĐ,CTV địa phương,2023-03-01,47833.0
Cà phê Robusta nhân xô,Lâm Đồng,Thương lái thu mua,VNĐ/kg,VNĐ,CTV địa phương,2023-03-01,47400.0
Cà phê Robusta nhân xô,Đắk Lắk,Thương lái thu mua,VNĐ/kg,VNĐ,CTV địa phương,2023-02-28,47833.0
Cà phê Robusta nhân xô,Lâm Đồng,Thương lái thu mua,VNĐ/kg,VNĐ,CTV địa phương,2023-02-28,46700.0
Cà phê Robusta nhân xô,Đắk Lắk,Thương lái thu mua,VNĐ/kg,VNĐ,CTV địa phương,2023-02-27,47133.0
Cà phê Robusta nhân xô,Lâm Đồng,Thương lái thu mua,VNĐ/kg,VNĐ,CTV địa phương,2023-02-27,46800.0
Cà phê Robusta nhân xô,Đắk Lắk,Thương lái thu mua,VNĐ/kg,VNĐ,CTV địa phương,2023-02-24,47233.0
Cà phê Robusta nhân xô,Lâm Đồng,Thương lái thu mua,VNĐ/kg,VNĐ,CTV địa phương,2023-02-24,46800.0
Cà phê Robusta nhân xô,Đắk Lắk,Thương lái thu mua,VNĐ/kg,VNĐ,CTV địa phương,2023-02-23,47433.0
Cà phê Robusta nhân xô,Lâm Đồng,Thương lái thu mua,VNĐ/kg,VNĐ,CTV địa phương,2023-02-23,46300.0
Cà phê Robusta nhân xô,Đắk Lắk,Thương lái thu mua,VNĐ/kg,VNĐ,CTV địa phương,2023-02-22,47233.0
Cà phê Robusta nhân xô,Lâm Đồng,Thương lái thu mua,VNĐ/kg,VNĐ,CTV địa phương,2023-02-22,45300.0
Cà phê Robusta nhân xô,Đắk Lắk,Thương lái thu mua,VNĐ/kg,VNĐ,CTV địa phương,2023-02-21,46233.0
Cà phê Robusta nhân xô,Lâm Đồng,Thương lái thu mua,VNĐ/kg,VNĐ,CTV địa phương,2023-02-21,45100.0
Cà phê Robusta nhân xô,Đắk Lắk,Thương lái thu mua,VNĐ/kg,VNĐ,CTV địa phương,2023-02-20,45833.0
Cà phê Robusta nhân xô,Lâm Đồng,Thương lái thu mua,VNĐ/kg,VNĐ,CTV địa phương,2023-02-20,44900.0
Cà phê Robusta nhân xô,Đắk Lắk,Thương lái thu mua,VNĐ/kg,VNĐ,CTV địa phương,2023-02-17,45633.0
Cà phê Robusta nhân xô,Lâm Đồng,Thương lái thu mua,VNĐ/kg,VNĐ,CTV địa phương,2023-02-17,44200.0
Cà phê Robusta nhân xô,Đắk Lắk,Thương lái thu mua,VNĐ/kg,VNĐ,CTV địa phương,2023-02-16,44833.0
Cà phê Robusta nhân xô,Lâm Đồng,Thương lái thu mua,VNĐ/kg,VNĐ,CTV địa phương,2023-02-16,44200.0
Cà phê Robusta nhân xô,Đắk Lắk,Thương lái thu mua,VNĐ/kg,VNĐ,CTV địa phương,2023-02-15,44833.0
Cà phê Robusta nhân xô,Lâm Đồng,Thương lái thu mua,VNĐ/kg,VNĐ,CTV địa phương,2023-02-15,44200.0
Cà phê Robusta nhân xô,Đắk Lắk,Thương lái thu mua,VNĐ/kg,VNĐ,CTV địa phương,2023-02-14,44833.0
Cà phê Robusta nhân xô,Lâm Đồng,Thương lái thu mua,VNĐ/kg,VNĐ,CTV địa phương,2023-02-14,43700.0
Cà phê Robusta nhân xô,Đắk Lắk,Thương lái thu mua,VNĐ/kg,VNĐ,CTV địa phương,2023-02-13,44333.0
Cà phê Robusta nhân xô,Lâm Đồng,Thương lái thu mua,VNĐ/kg,VNĐ,CTV địa phương,2023-02-13,43500.0
Cà phê Robusta nhân xô,Đắk Lắk,Thương lái thu mua,VNĐ/kg,VNĐ,CTV địa phương,2023-02-10,43933.0
Cà phê Robusta nhân xô,Lâm Đồng,Thương lái thu mua,VNĐ/kg,VNĐ,CTV địa phương,2023-02-10,43400.0
Cà phê Robusta nhân xô,Đắk Lắk,Thương lái thu mua,VNĐ/kg,VNĐ,CTV địa phương,2023-02-09,43833.0
Cà phê Robusta nhân xô,Lâm Đồng,Thương lái thu mua,VNĐ/kg,VNĐ,CTV địa phương,2023-02-09,43000.0
Cà phê Robusta nhân xô,Đắk Lắk,Thương lái thu mua,VNĐ/kg,VNĐ,CTV địa phương,2023-02-08,43433.0
Cà phê Robusta nhân xô,Lâm Đồng,Thương lái thu mua,VNĐ/kg,VNĐ,CTV địa phương,2023-02-08,43400.0
Cà phê Robusta nhân xô,Đắk Lắk,Thương lái thu mua,VNĐ/kg,VNĐ,CTV địa phương,2023-02-07,43833.0
Cà phê Robusta nhân xô,Lâm Đồng,Thương lái thu mua,VNĐ/kg,VNĐ,CTV địa phương,2023-02-07,42700.0
Cà phê Robusta nhân xô,Đắk Lắk,Thương lái thu mua,VNĐ/kg,VNĐ,CTV địa phương,2023-02-06,43133.0
Cà phê Robusta nhân xô,Lâm Đồng,Thương lái thu mua,VNĐ/kg,VNĐ,CTV địa phương,2023-02-06,42400.0
Cà phê Robusta nhân xô,Đắk Lắk,Thương lái thu mua,VNĐ/kg,VNĐ,CTV địa phương,2023-02-03,42733.0
Cà phê Robusta nhân xô,Lâm Đồng,Thương lái thu mua,VNĐ/kg,VNĐ,CTV địa phương,2023-02-03,42800.0
Cà phê Robusta nhân xô,Đắk Lắk,Thương lái thu mua,VNĐ/kg,VNĐ,CTV địa phương,2023-02-02,43133.0
Cà phê Robusta nhân xô,Lâm Đồng,Thương lái thu mua,VNĐ/kg,VNĐ,CTV địa phương,2023-02-02,42900.0
Cà phê Robusta nhân xô,Đắk Lắk,Thương lái thu mua,VNĐ/kg,VNĐ,CTV địa phương,2023-02-01,43633.0
Cà phê Robusta nhân xô,Lâm Đồng,Thương lái thu mua,VNĐ/kg,VNĐ,CTV địa phương,2023-02-01,41900.0
Cà phê Robusta nhân xô,Đắk Lắk,Thương lái thu mua,VNĐ/kg,VNĐ,CTV địa phương,2023-01-31,42433.0
Cà phê Robusta nhân xô,Lâm Đồng,Thương lái thu mua,VNĐ/kg,VNĐ,CTV địa phương,2023-01-31,41900.0
Cà phê Robusta nhân xô,Đắk Lắk,Thương lái thu mua,VNĐ/kg,VNĐ,CTV địa phương,2023-01-30,42433.0
Cà phê Robusta nhân xô,Lâm Đồng,Thương lái thu mua,VNĐ/kg,VNĐ,CTV địa phương,2023-01-30,42200.0
Cà phê Robusta nhân xô,Đắk Lắk,Thương lái thu mua,VNĐ/kg,VNĐ,CTV địa phương,2023-01-27,42733.0
Cà phê Robusta nhân xô,Lâm Đồng,Thương lái thu mua,VNĐ/kg,VNĐ,CTV địa phương,2023-01-27,41400.0
Cà phê Robusta nhân xô,Đắk Lắk,Thương lái thu mua,VNĐ/kg,VNĐ,CTV địa phương,2023-01-26,41933.0
Cà phê Robusta nhân xô,Lâm Đồng,Thương lái thu mua,VNĐ/kg,VNĐ,CTV địa phương,2023-01-26,41100.0
Cà phê Robusta nhân xô,Đắk Lắk,Thương lái thu mua,VNĐ/kg,VNĐ,CTV địa phương,2023-01-25,41633.0
Cà phê Robusta nhân xô,Lâm Đồng,Thương lái thu mua,VNĐ/kg,VNĐ,CTV địa phương,2023-01-25,40500.0
Cà phê Robusta nhân xô,Đắk Lắk,Thương lái thu mua,VNĐ/kg,VNĐ,CTV địa phương,2023-01-24,41033.0
Cà phê Robusta nhân xô,Lâm Đồng,Thương lái thu mua,VNĐ/kg,VNĐ,CTV địa phương,2023-01-24,40500.0
Cà phê Robusta nhân xô,Đắk Lắk,Thương lái thu mua,VNĐ/kg,VNĐ,CTV địa phương,2023-01-23,41033.0
Cà phê Robusta nhân xô,Lâm Đồng,Thương lái thu mua,VNĐ/kg,VNĐ,CTV địa phương,2023-01-23,40600.0
Cà phê Robusta nhân xô,Đắk Lắk,Thương lái thu mua,VNĐ/kg,VNĐ,CTV địa phương,2023-01-20,41133.0
Cà phê Robusta nhân xô,Lâm Đồng,Thương lái thu mua,VNĐ/kg,VNĐ,CTV địa phương,2023-01-20,40500.0
Cà phê Robusta nhân xô,Đắk Lắk,Thương lái thu mua,VNĐ/kg,VNĐ,CTV địa phương,2023-01-19,41033.0
Cà phê Robusta nhân xô,Lâm Đồng,Thương lái thu mua,VNĐ/kg,VNĐ,CTV địa phương,2023-01-19,40500.0
Cà phê Robusta nhân xô,Đắk Lắk,Thương lái thu mua,VNĐ/kg,VNĐ,CTV địa phương,2023-01-18,41033.0
Cà phê Robusta nhân xô,Lâm Đồng,Thương lái thu mua,VNĐ/kg,VNĐ,CTV địa phương,2023-01-18,40300.0
Cà phê Robusta nhân xô,Đắk Lắk,Thương lái thu mua,VNĐ/kg,VNĐ,CTV địa phương,2023-01-17,40833.0
Cà phê Robusta nhân xô,Lâm Đồng,Thương lái thu mua,VNĐ/kg,VNĐ,CTV địa phương,2023-01-17,40400.0
Cà phê Robusta nhân xô,Đắk Lắk,Thương lái thu mua,VNĐ/kg,VNĐ,CTV địa phương,2023-01-16,40933.0
Cà phê Robusta nhân xô,Lâm Đồng,Thương lái thu mua,VNĐ/kg,VNĐ,CTV địa phương,2023-01-16,40400.0
Cà phê Robusta nhân xô,Đắk Lắk,Thương lái thu mua,VNĐ/kg,VNĐ,CTV địa phương,2023-01-13,40933.0
Cà phê Robusta nhân xô,Lâm Đồng,Thương lái thu mua,VNĐ/kg,VNĐ,CTV địa phương,2023-01-13,39500.0
Cà phê Robusta nhân xô,Đắk Lắk,Thương lái thu mua,VNĐ/kg,VNĐ,CTV địa phương,2023-01-12,39933.0
Cà phê Robusta nhân xô,Lâm Đồng,Thương lái thu mua,VNĐ/kg,VNĐ,CTV địa phương,2023-01-12,38500.0
Cà phê Robusta nhân xô,Đắk Lắk,Thương lái thu mua,VNĐ/kg,VNĐ,CTV địa phương,2023-01-11,38933.0
Cà phê Robusta nhân xô,Lâm Đồng,Thương lái thu mua,VNĐ/kg,VNĐ,CTV địa phương,2023-01-11,39000.0
Cà phê Robusta nhân xô,Đắk Lắk,Thương lái thu mua,VNĐ/kg,VNĐ,CTV địa phương,2023-01-10,39433.0
Cà phê Robusta nhân xô,Lâm Đồng,Thương lái thu mua,VNĐ/kg,VNĐ,CTV địa phương,2023-01-10,39300.0
Cà phê Robusta nhân xô,Đắk Lắk,Thương lái thu mua,VNĐ/kg,VNĐ,CTV địa phương,2023-01-09,39733.0
Cà phê Robusta nhân xô,Lâm Đồng,Thương lái thu mua,VNĐ/kg,VNĐ,CTV địa phương,2023-01-09,38900.0
Cà phê Robusta nhân xô,Đắk Lắk,Thương lái thu mua,VNĐ/kg,VNĐ,CTV địa phương,2023-01-06,39333.0
Cà phê Robusta nhân xô,Lâm Đồng,Thương lái thu mua,VNĐ/kg,VNĐ,CTV địa phương,2023-01-06,39000.0
Cà phê Robusta nhân xô,Đắk Lắk,Thương lái thu mua,VNĐ/kg,VNĐ,CTV địa phương,2023-01-05,39533.0
Cà phê Robusta nhân xô,Lâm Đồng,Thương lái thu mua,VNĐ/kg,VNĐ,CTV địa phương,2023-01-05,39600.0
Cà phê Robusta nhân xô,Đắk Lắk,Thương lái thu mua,VNĐ/kg,VNĐ,CTV địa phương,2023-01-04,40133.0
Cà phê Robusta nhân xô,Lâm Đồng,Thương lái thu mua,VNĐ/kg,VNĐ,CTV địa phương,2023-01-04,39400.0
Cà phê Robusta nhân xô,Đắk Lắk,Thương lái thu mua,VNĐ/kg,VNĐ,CTV địa phương,2023-01-03,39933.0
Cà phê Robusta nhân xô,Lâm Đồng,Thương lái thu mua,VNĐ/kg,VNĐ,CTV địa phương,2023-01-03,38600.0
Cà phê Robusta nhân xô,Đắk Lắk,Thương lái thu mua,VNĐ/kg,VNĐ,CTV địa phương,2023-01-02,39133.0
Cà phê Robusta nhân xô,Lâm Đồng,Thương lái thu mua,VNĐ/kg,VNĐ,CTV địa phương,2023-01-02,38600.0
Cà phê Robusta nhân xô,Đắk Lắk,Thương lái thu mua,VNĐ/kg,VNĐ,CTV địa phương,2022-12-30,39133.0
Cà phê Robusta nhân xô,Lâm Đồng,Thương lái thu mua,VNĐ/kg,VNĐ,CTV địa phương,2022-12-30,39100.0
Cà phê Robusta nhân xô,Đắk Lắk,Thương lái thu mua,VNĐ/kg,VNĐ,CTV địa phương,2022-12-29,39633.0
Cà phê Robusta nhân xô,Lâm Đồng,Thương lái thu mua,VNĐ/kg,VNĐ,CTV địa phương,2022-12-29,39900.0
Cà phê Robusta nhân xô,Đắk Lắk,Thương lái thu mua,VNĐ/kg,VNĐ,CTV địa phương,2022-12-28,40433.0
Cà phê Robusta nhân xô,Lâm Đồng,Thương lái thu mua,VNĐ/kg,VNĐ,CTV địa phương,2022-12-28,40100.0
Cà phê Robusta nhân xô,Đắk Lắk,Thương lái thu mua,VNĐ/kg,VNĐ,CTV địa phương,2022-12-27,40633.0
Cà phê Robusta nhân xô,Lâm Đồng,Thương lái thu mua,VNĐ/kg,VNĐ,CTV địa phương,2022-12-27,40100.0
Cà phê Robusta nhân xô,Đắk Lắk,Thương lái thu mua,VNĐ/kg,VNĐ,CTV địa phương,2022-12-26,40633.0
Cà phê Robusta nhân xô,Lâm Đồng,Thương lái thu mua,VNĐ/kg,VNĐ,CTV địa phương,2022-12-26,40100.0
Cà phê Robusta nhân xô,Đắk Lắk,Thương lái thu mua,VNĐ/kg,VNĐ,CTV địa phương,2022-12-23,40633.0
Cà phê Robusta nhân xô,Lâm Đồng,Thương lái thu mua,VNĐ/kg,VNĐ,CTV địa phương,2022-12-23,40200.0
Cà phê Robusta nhân xô,Đắk Lắk,Thương lái thu mua,VNĐ/kg,VNĐ,CTV địa phương,2022-12-22,40733.0
Cà phê Robusta nhân xô,Lâm Đồng,Thương lái thu mua,VNĐ/kg,VNĐ,CTV địa phương,2022-12-22,40300.0
Cà phê Robusta nhân xô,Đắk Lắk,Thương lái thu mua,VNĐ/kg,VNĐ,CTV địa phương,2022-12-21,40833.0
Cà phê Robusta nhân xô,Lâm Đồng,Thương lái thu mua,VNĐ/kg,VNĐ,CTV địa phương,2022-12-21,40100.0
Cà phê Robusta nhân xô,Đắk Lắk,Thương lái thu mua,VNĐ/kg,VNĐ,CTV địa phương,2022-12-20,40733.0
Cà phê Robusta nhân xô,Lâm Đồng,Thương lái thu mua,VNĐ/kg,VNĐ,CTV địa phương,2022-12-20,39900.0
Cà phê Robusta nhân xô,Đắk Lắk,Thương lái thu mua,VNĐ/kg,VNĐ,CTV địa phương,2022-12-19,40533.0
Cà phê Robusta nhân xô,Lâm Đồng,Thương lái thu mua,VNĐ/kg,VNĐ,CTV địa phương,2022-12-19,40100.0
Cà phê Robusta nhân xô,Đắk Lắk,Thương lái thu mua,VNĐ/kg,VNĐ,CTV địa phương,2022-12-16,40733.0
Cà phê Robusta nhân xô,Lâm Đồng,Thương lái thu mua,VNĐ/kg,VNĐ,CTV địa phương,2022-12-16,40600.0
Cà phê Robusta nhân xô,Đắk Lắk,Thương lái thu mua,VNĐ/kg,VNĐ,CTV địa phương,2022-12-15,41233.0
Cà phê Robusta nhân xô,Lâm Đồng,Thương lái thu mua,VNĐ/kg,VNĐ,CTV địa phương,2022-12-15,40300.0
Cà phê Robusta nhân xô,Đắk Lắk,Thương lái thu mua,VNĐ/kg,VNĐ,CTV địa phương,2022-12-14,40933.0
Cà phê Robusta nhân xô,Lâm Đồng,Thương lái thu mua,VNĐ/kg,VNĐ,CTV địa phương,2022-12-14,40200.0
Cà phê Robusta nhân xô,Đắk Lắk,Thương lái thu mua,VNĐ/kg,VNĐ,CTV địa phương,2022-12-13,40833.0
Cà phê Robusta nhân xô,Lâm Đồng,Thương lái thu mua,VNĐ/kg,VNĐ,CTV địa phương,2022-12-13,40400.0
Cà phê Robusta nhân xô,Đắk Lắk,Thương lái thu mua,VNĐ/kg,VNĐ,CTV địa phương,2022-12-12,41033.0
Cà phê Robusta nhân xô,Lâm Đồng,Thương lái thu mua,VNĐ/kg,VNĐ,CTV địa phương,2022-12-12,40000.0
Cà phê Robusta nhân xô,Đắk Lắk,Thương lái thu mua,VNĐ/kg,VNĐ,CTV địa phương,2022-12-09,40633.0
Cà phê Robusta nhân xô,Lâm Đồng,Thương lái thu mua,VNĐ/kg,VNĐ,CTV địa phương,2022-12-09,40500.0
Cà phê Robusta nhân xô,Đắk Lắk,Thương lái thu mua,VNĐ/kg,VNĐ,CTV địa phương,2022-12-08,40933.0
Cà phê Robusta nhân xô,Lâm Đồng,Thương lái thu mua,VNĐ/kg,VNĐ,CTV địa phương,2022-12-08,41000.0
Cà phê Robusta nhân xô,Đắk Lắk,Thương lái thu mua,VNĐ/kg,VNĐ,CTV địa phương,2022-12-07,41433.0
Cà phê Robusta nhân xô,Lâm Đồng,Thương lái thu mua,VNĐ/kg,VNĐ,CTV địa phương,2022-12-07,40700.0
Cà phê Robusta nhân xô,Đắk Lắk,Thương lái thu mua,VNĐ/kg,VNĐ,CTV địa phương,2022-12-06,41133.0
Cà phê Robusta nhân xô,Lâm Đồng,Thương lái thu mua,VNĐ/kg,VNĐ,CTV địa phương,2022-12-06,40500.0
Cà phê Robusta nhân xô,Đắk Lắk,Thương lái thu mua,VNĐ/kg,VNĐ,CTV địa phương,2022-12-05,40933.0
Cà phê Robusta nhân xô,Lâm Đồng,Thương lái thu mua,VNĐ/kg,VNĐ,CTV địa phương,2022-12-05,40500.0
Cà phê Robusta nhân xô,Đắk Lắk,Thương lái thu mua,VNĐ/kg,VNĐ,CTV địa phương,2022-12-02,40933.0
Cà phê Robusta nhân xô,Lâm Đồng,Thương lái thu mua,VNĐ/kg,VNĐ,CTV địa phương,2022-12-02,40600.0
Cà phê Robusta nhân xô,Đắk Lắk,Thương lái thu mua,VNĐ/kg,VNĐ,CTV địa phương,2022-12-01,41033.0
Cà phê Robusta nhân xô,Lâm Đồng,Thương lái thu mua,VNĐ/kg,VNĐ,CTV địa phương,2022-12-01,40500.0
Cà phê Robusta nhân xô,Đắk Lắk,Thương lái thu mua,VNĐ/kg,VNĐ,CTV địa phương,2022-11-30,40933.0
Cà phê Robusta nhân xô,Lâm Đồng,Thương lái thu mua,VNĐ/kg,VNĐ,CTV địa phương,2022-11-30,40200.0
Cà phê Robusta nhân xô,Đắk Lắk,Thương lái thu mua,VNĐ/kg,VNĐ,CTV địa phương,2022-11-29,40633.0
Cà phê Robusta nhân xô,Lâm Đồng,Thương lái thu mua,VNĐ/kg,VNĐ,CTV địa phương,2022-11-29,40000.0
Cà phê Robusta nhân xô,Đắk Lắk,Thương lái thu mua,VNĐ/kg,VNĐ,CTV địa phương,2022-11-28,40433.0
Cà phê Robusta nhân xô,Lâm Đồng,Thương lái thu mua,VNĐ/kg,VNĐ,CTV địa phương,2022-11-28,40000.0
Cà phê Robusta nhân xô,Đắk Lắk,Thương lái thu mua,VNĐ/kg,VNĐ,CTV địa phương,2022-11-25,40433.0
Cà phê Robusta nhân xô,Lâm Đồng,Thương lái thu mua,VNĐ/kg,VNĐ,CTV địa phương,2022-11-25,39700.0
Cà phê Robusta nhân xô,Đắk Lắk,Thương lái thu mua,VNĐ/kg,VNĐ,CTV địa phương,2022-11-24,40133.0
Cà phê Robusta nhân xô,Lâm Đồng,Thương lái thu mua,VNĐ/kg,VNĐ,CTV địa phương,2022-11-24,39200.0
Cà phê Robusta nhân xô,Đắk Lắk,Thương lái thu mua,VNĐ/kg,VNĐ,CTV địa phương,2022-11-23,39633.0
Cà phê Robusta nhân xô,Lâm Đồng,Thương lái thu mua,VNĐ/kg,VNĐ,CTV địa phương,2022-11-23,39700.0
Cà phê Robusta nhân xô,Đắk Lắk,Thương lái thu mua,VNĐ/kg,VNĐ,CTV địa phương,2022-11-22,40133.0
Cà phê Robusta nhân xô,Lâm Đồng,Thương lái thu mua,VNĐ/kg,VNĐ,CTV địa phương,2022-11-22,39100.0
Cà phê Robusta nhân xô,Đắk Lắk,Thương lái thu mua,VNĐ/kg,VNĐ,CTV địa phương,2022-11-21,39533.0
Cà phê Robusta nhân xô,Lâm Đồng,Thương lái thu mua,VNĐ/kg,VNĐ,CTV địa phương,2022-11-21,39000.0
Cà phê Robusta nhân xô,Đắk Lắk,Thương lái thu mua,VNĐ/kg,VNĐ,CTV địa phương,2022-11-18,39433.0
Cà phê Robusta nhân xô,Lâm Đồng,Thương lái thu mua,VNĐ/kg,VNĐ,CTV địa phương,2022-11-18,39200.0
Cà phê Robusta nhân xô,Đắk Lắk,Thương lái thu mua,VNĐ/kg,VNĐ,CTV địa phương,2022-11-17,39633.0
Cà phê Robusta nhân xô,Lâm Đồng,Thương lái thu mua,VNĐ/kg,VNĐ,CTV địa phương,2022-11-17,38900.0
Cà phê Robusta nhân xô,Đắk Lắk,Thương lái thu mua,VNĐ/kg,VNĐ,CTV địa phương,2022-11-16,39400.0
Cà phê Robusta nhân xô,Lâm Đồng,Thương lái thu mua,VNĐ/kg,VNĐ,CTV địa phương,2022-11-16,39100.0
Cà phê Robusta nhân xô,Đắk Lắk,Thương lái thu mua,VNĐ/kg,VNĐ,CTV địa phương,2022-11-15,39533.0
Cà phê Robusta nhân xô,Lâm Đồng,Thương lái thu mua,VNĐ/kg,VNĐ,CTV địa phương,2022-11-15,39600.0
Cà phê Robusta nhân xô,Đắk Lắk,Thương lái thu mua,VNĐ/kg,VNĐ,CTV địa phương,2022-11-14,40033.0
Cà phê Robusta nhân xô,Lâm Đồng,Thương lái thu mua,VNĐ/kg,VNĐ,CTV địa phương,2022-11-14,40100.0
Cà phê Robusta nhân xô,Đắk Lắk,Thương lái thu mua,VNĐ/kg,VNĐ,CTV địa phương,2022-11-11,40633.0
Cà phê Robusta nhân xô,Lâm Đồng,Thương lái thu mua,VNĐ/kg,VNĐ,CTV địa phương,2022-11-11,39900.0
Cà phê Robusta nhân xô,Đắk Lắk,Thương lái thu mua,VNĐ/kg,VNĐ,CTV địa phương,2022-11-10,40433.0
Cà phê Robusta nhân xô,Lâm Đồng,Thương lái thu mua,VNĐ/kg,VNĐ,CTV địa phương,2022-11-10,39700.0
Cà phê Robusta nhân xô,Đắk Lắk,Thương lái thu mua,VNĐ/kg,VNĐ,CTV địa phương,2022-11-09,40233.0
Cà phê Robusta nhân xô,Lâm Đồng,Thương lái thu mua,VNĐ/kg,VNĐ,CTV địa phương,2022-11-09,39900.0
Cà phê Robusta nhân xô,Đắk Lắk,Thương lái thu mua,VNĐ/kg,VNĐ,CTV địa phương,2022-11-08,40433.0
Cà phê Robusta nhân xô,Lâm Đồng,Thương lái thu mua,VNĐ/kg,VNĐ,CTV địa phương,2022-11-08,40700.0
Cà phê Robusta nhân xô,Đắk Lắk,Thương lái thu mua,VNĐ/kg,VNĐ,CTV địa phương,2022-11-07,41233.0
Cà phê Robusta nhân xô,Lâm Đồng,Thương lái thu mua,VNĐ/kg,VNĐ,CTV địa phương,2022-11-07,40700.0
Cà phê Robusta nhân xô,Đắk Lắk,Thương lái thu mua,VNĐ/kg,VNĐ,CTV địa phương,2022-11-04,41233.0
Cà phê Robusta nhân xô,Lâm Đồng,Thương lái thu mua,VNĐ/kg,VNĐ,CTV địa phương,2022-11-04,40200.0
Cà phê Robusta nhân xô,Đắk Lắk,Thương lái thu mua,VNĐ/kg,VNĐ,CTV địa phương,2022-11-03,40733.0
Cà phê Robusta nhân xô,Lâm Đồng,Thương lái thu mua,VNĐ/kg,VNĐ,CTV địa phương,2022-11-03,40900.0
Cà phê Robusta nhân xô,Đắk Lắk,Thương lái thu mua,VNĐ/kg,VNĐ,CTV địa phương,2022-11-02,41433.0
Cà phê Robusta nhân xô,Lâm Đồng,Thương lái thu mua,VNĐ/kg,VNĐ,CTV địa phương,2022-11-02,40500.0
Cà phê Robusta nhân xô,Đắk Lắk,Thương lái thu mua,VNĐ/kg,VNĐ,CTV địa phương,2022-11-01,41033.0
Cà phê Robusta nhân xô,Lâm Đồng,Thương lái thu mua,VNĐ/kg,VNĐ,CTV địa phương,2022-11-01,40500.0
Cà phê Robusta nhân xô,Đắk Lắk,Thương lái thu mua,VNĐ/kg,VNĐ,CTV địa phương,2022-10-31,41033.0
Cà phê Robusta nhân xô,Lâm Đồng,Thương lái thu mua,VNĐ/kg,VNĐ,CTV địa phương,2022-10-31,40400.0
Cà phê Robusta nhân xô,Đắk Lắk,Thương lái thu mua,VNĐ/kg,VNĐ,CTV địa phương,2022-10-28,40933.0
Cà phê Robusta nhân xô,Lâm Đồng,Thương lái thu mua,VNĐ/kg,VNĐ,CTV địa phương,2022-10-28,41000.0
Cà phê Robusta nhân xô,Đắk Lắk,Thương lái thu mua,VNĐ/kg,VNĐ,CTV địa phương,2022-10-27,41567.0
Cà phê Robusta nhân xô,Lâm Đồng,Thương lái thu mua,VNĐ/kg,VNĐ,CTV địa phương,2022-10-27,40900.0
Cà phê Robusta nhân xô,Đắk Lắk,Thương lái thu mua,VNĐ/kg,VNĐ,CTV địa phương,2022-10-26,41433.0
Cà phê Robusta nhân xô,Lâm Đồng,Thương lái thu mua,VNĐ/kg,VNĐ,CTV địa phương,2022-10-26,42300.0
Cà phê Robusta nhân xô,Đắk Lắk,Thương lái thu mua,VNĐ/kg,VNĐ,CTV địa phương,2022-10-25,42833.0
Cà phê Robusta nhân xô,Lâm Đồng,Thương lái thu mua,VNĐ/kg,VNĐ,CTV địa phương,2022-10-25,42400.0
Cà phê Robusta nhân xô,Đắk Lắk,Thương lái thu mua,VNĐ/kg,VNĐ,CTV địa phương,2022-10-24,42933.0
Cà phê Robusta nhân xô,Lâm Đồng,Thương lái thu mua,VNĐ/kg,VNĐ,CTV địa phương,2022-10-24,43200.0
Cà phê Robusta nhân xô,Đắk Lắk,Thương lái thu mua,VNĐ/kg,VNĐ,CTV địa phương,2022-10-21,43533.0
Cà phê Robusta nhân xô,Lâm Đồng,Thương lái thu mua,VNĐ/kg,VNĐ,CTV địa phương,2022-10-21,43900.0
Cà phê Robusta nhân xô,Đắk Lắk,Thương lái thu mua,VNĐ/kg,VNĐ,CTV địa phương,2022-10-20,44233.0
Cà phê Robusta nhân xô,Lâm Đồng,Thương lái thu mua,VNĐ/kg,VNĐ,CTV địa phương,2022-10-20,44300.0
Cà phê Robusta nhân xô,Đắk Lắk,Thương lái thu mua,VNĐ/kg,VNĐ,CTV địa phương,2022-10-19,44767.0
Cà phê Robusta nhân xô,Lâm Đồng,Thương lái thu mua,VNĐ/kg,VNĐ,CTV địa phương,2022-10-19,44300.0
Cà phê Robusta nhân xô,Đắk Lắk,Thương lái thu mua,VNĐ/kg,VNĐ,CTV địa phương,2022-10-18,44767.0
Cà phê Robusta nhân xô,Lâm Đồng,Thương lái thu mua,VNĐ/kg,VNĐ,CTV địa phương,2022-10-18,44400.0
Cà phê Robusta nhân xô,Đắk Lắk,Thương lái thu mua,VNĐ/kg,VNĐ,CTV địa phương,2022-10-17,44867.0
Cà phê Robusta nhân xô,Lâm Đồng,Thương lái thu mua,VNĐ/kg,VNĐ,CTV địa phương,2022-10-17,44500.0
Cà phê Robusta nhân xô,Đắk Lắk,Thương lái thu mua,VNĐ/kg,VNĐ,CTV địa phương,2022-10-14,44867.0
Cà phê Robusta nhân xô,Lâm Đồng,Thương lái thu mua,VNĐ/kg,VNĐ,CTV địa phương,2022-10-14,45300.0
Cà phê Robusta nhân xô,Đắk Lắk,Thương lái thu mua,VNĐ/kg,VNĐ,CTV địa phương,2022-10-13,45667.0
Cà phê Robusta nhân xô,Lâm Đồng,Thương lái thu mua,VNĐ/kg,VNĐ,CTV địa phương,2022-10-13,46100.0
Cà phê Robusta nhân xô,Đắk Lắk,Thương lái thu mua,VNĐ/kg,VNĐ,CTV địa phương,2022-10-12,46467.0
Cà phê Robusta nhân xô,Lâm Đồng,Thương lái thu mua,VNĐ/kg,VNĐ,CTV địa phương,2022-10-12,46600.0
Cà phê Robusta nhân xô,Đắk Lắk,Thương lái thu mua,VNĐ/kg,VNĐ,CTV địa phương,2022-10-11,46967.0
Cà phê Robusta nhân xô,Lâm Đồng,Thương lái thu mua,VNĐ/kg,VNĐ,CTV địa phương,2022-10-11,46400.0
Cà phê Robusta nhân xô,Đắk Lắk,Thương lái thu mua,VNĐ/kg,VNĐ,CTV địa phương,2022-10-10,46767.0
Cà phê Robusta nhân xô,Lâm Đồng,Thương lái thu mua,VNĐ/kg,VNĐ,CTV địa phương,2022-10-10,46400.0
Cà phê Robusta nhân xô,Đắk Lắk,Thương lái thu mua,VNĐ/kg,VNĐ,CTV địa phương,2022-10-07,46733.0
Cà phê Robusta nhân xô,Lâm Đồng,Thương lái thu mua,VNĐ/kg,VNĐ,CTV địa phương,2022-10-07,46500.0
Cà phê Robusta nhân xô,Đắk Lắk,Thương lái thu mua,VNĐ/kg,VNĐ,CTV địa phương,2022-10-06,46833.0
Cà phê Robusta nhân xô,Lâm Đồng,Thương lái thu mua,VNĐ/kg,VNĐ,CTV địa phương,2022-10-06,46500.0
Cà phê Robusta nhân xô,Đắk Lắk,Thương lái thu mua,VNĐ/kg,VNĐ,CTV địa phương,2022-10-05,46833.0
Cà phê Robusta nhân xô,Lâm Đồng,Thương lái thu mua,VNĐ/kg,VNĐ,CTV địa phương,2022-10-05,46500.0
Cà phê Robusta nhân xô,Đắk Lắk,Thương lái thu mua,VNĐ/kg,VNĐ,CTV địa phương,2022-10-04,46833.0
Cà phê Robusta nhân xô,Lâm Đồng,Thương lái thu mua,VNĐ/kg,VNĐ,CTV địa phương,2022-10-04,46500.0
Cà phê Robusta nhân xô,Đắk Lắk,Thương lái thu mua,VNĐ/kg,VNĐ,CTV địa phương,2022-10-03,46833.0
Cà phê Robusta nhân xô,Lâm Đồng,Thương lái thu mua,VNĐ/kg,VNĐ,CTV địa phương,2022-10-03,46100.0
Cà phê Robusta nhân xô,Đắk Lắk,Thương lái thu mua,VNĐ/kg,VNĐ,CTV địa phương,2022-09-30,46433.0
Cà phê Robusta nhân xô,Lâm Đồng,Thương lái thu mua,VNĐ/kg,VNĐ,CTV địa phương,2022-09-30,46500.0
Cà phê Robusta nhân xô,Đắk Lắk,Thương lái thu mua,VNĐ/kg,VNĐ,CTV địa phương,2022-09-29,46833.0
Cà phê Robusta nhân xô,Lâm Đồng,Thương lái thu mua,VNĐ/kg,VNĐ,CTV địa phương,2022-09-29,46800.0
Cà phê Robusta nhân xô,Đắk Lắk,Thương lái thu mua,VNĐ/kg,VNĐ,CTV địa phương,2022-09-28,47333.0
Cà phê Robusta nhân xô,Lâm Đồng,Thương lái thu mua,VNĐ/kg,VNĐ,CTV địa phương,2022-09-28,46400.0
Cà phê Robusta nhân xô,Đắk Lắk,Thương lái thu mua,VNĐ/kg,VNĐ,CTV địa phương,2022-09-27,46933.0
Cà phê Robusta nhân xô,Lâm Đồng,Thương lái thu mua,VNĐ/kg,VNĐ,CTV địa phương,2022-09-27,46800.0
Cà phê Robusta nhân xô,Đắk Lắk,Thương lái thu mua,VNĐ/kg,VNĐ,CTV địa phương,2022-09-26,47333.0
Cà phê Robusta nhân xô,Lâm Đồng,Thương lái thu mua,VNĐ/kg,VNĐ,CTV địa phương,2022-09-26,47300.0
Cà phê Robusta nhân xô,Đắk Lắk,Thương lái thu mua,VNĐ/kg,VNĐ,CTV địa phương,2022-09-23,47899.67
Cà phê Robusta nhân xô,Lâm Đồng,Thương lái thu mua,VNĐ/kg,VNĐ,CTV địa phương,2022-09-23,47400.0
Cà phê Robusta nhân xô,Đắk Lắk,Thương lái thu mua,VNĐ/kg,VNĐ,CTV địa phương,2022-09-22,47733.0
Cà phê Robusta nhân xô,Lâm Đồng,Thương lái thu mua,VNĐ/kg,VNĐ,CTV địa phương,2022-09-22,47200.0
Cà phê Robusta nhân xô,Đắk Lắk,Thương lái thu mua,VNĐ/kg,VNĐ,CTV địa phương,2022-09-21,47733.0
Cà phê Robusta nhân xô,Lâm Đồng,Thương lái thu mua,VNĐ/kg,VNĐ,CTV địa phương,2022-09-21,47200.0
Cà phê Robusta nhân xô,Đắk Lắk,Thương lái thu mua,VNĐ/kg,VNĐ,CTV địa phương,2022-09-20,47433.0
Cà phê Robusta nhân xô,Lâm Đồng,Thương lái thu mua,VNĐ/kg,VNĐ,CTV địa phương,2022-09-20,46900.0
Cà phê Robusta nhân xô,Đắk Lắk,Thương lái thu mua,VNĐ/kg,VNĐ,CTV địa phương,2022-09-19,47433.0
Cà phê Robusta nhân xô,Lâm Đồng,Thương lái thu mua,VNĐ/kg,VNĐ,CTV địa phương,2022-09-19,46900.0
Cà phê Robusta nhân xô,Đắk Lắk,Thương lái thu mua,VNĐ/kg,VNĐ,CTV địa phương,2022-09-16,47633.0
Cà phê Robusta nhân xô,Lâm Đồng,Thương lái thu mua,VNĐ/kg,VNĐ,CTV địa phương,2022-09-16,47100.0
Cà phê Robusta nhân xô,Đắk Lắk,Thương lái thu mua,VNĐ/kg,VNĐ,CTV địa phương,2022-09-15,47633.0
Cà phê Robusta nhân xô,Lâm Đồng,Thương lái thu mua,VNĐ/kg,VNĐ,CTV địa phương,2022-09-15,47100.0
Cà phê Robusta nhân xô,Đắk Lắk,Thương lái thu mua,VNĐ/kg,VNĐ,CTV địa phương,2022-09-14,47733.0
Cà phê Robusta nhân xô,Lâm Đồng,Thương lái thu mua,VNĐ/kg,VNĐ,CTV địa phương,2022-09-14,47200.0
Cà phê Robusta nhân xô,Đắk Lắk,Thương lái thu mua,VNĐ/kg,VNĐ,CTV địa phương,2022-09-13,48233.0
Cà phê Robusta nhân xô,Lâm Đồng,Thương lái thu mua,VNĐ/kg,VNĐ,CTV địa phương,2022-09-13,47700.0
Cà phê Robusta nhân xô,Đắk Lắk,Thương lái thu mua,VNĐ/kg,VNĐ,CTV địa phương,2022-09-12,48333.0
Cà phê Robusta nhân xô,Lâm Đồng,Thương lái thu mua,VNĐ/kg,VNĐ,CTV địa phương,2022-09-12,47800.0
Cà phê Robusta nhân xô,Đắk Lắk,Thương lái thu mua,VNĐ/kg,VNĐ,CTV địa phương,2022-09-09,48033.0
Cà phê Robusta nhân xô,Lâm Đồng,Thương lái thu mua,VNĐ/kg,VNĐ,CTV địa phương,2022-09-09,47500.0
Cà phê Robusta nhân xô,Đắk Lắk,Thương lái thu mua,VNĐ/kg,VNĐ,CTV địa phương,2022-09-08,48033.0
Cà phê Robusta nhân xô,Lâm Đồng,Thương lái thu mua,VNĐ/kg,VNĐ,CTV địa phương,2022-09-08,47500.0
Cà phê Robusta nhân xô,Đắk Lắk,Thương lái thu mua,VNĐ/kg,VNĐ,CTV địa phương,2022-09-07,48033.0
Cà phê Robusta nhân xô,Lâm Đồng,Thương lái thu mua,VNĐ/kg,VNĐ,CTV địa phương,2022-09-07,47500.0
Cà phê Robusta nhân xô,Đắk Lắk,Thương lái thu mua,VNĐ/kg,VNĐ,CTV địa phương,2022-09-06,47733.0
Cà phê Robusta nhân xô,Lâm Đồng,Thương lái thu mua,VNĐ/kg,VNĐ,CTV địa phương,2022-09-06,47200.0
Cà phê Robusta nhân xô,Đắk Lắk,Thương lái thu mua,VNĐ/kg,VNĐ,CTV địa phương,2022-09-05,47833.0
Cà phê Robusta nhân xô,Lâm Đồng,Thương lái thu mua,VNĐ/kg,VNĐ,CTV địa phương,2022-09-05,47300.0
Cà phê Robusta nhân xô,Đắk Lắk,Thương lái thu mua,VNĐ/kg,VNĐ,CTV địa phương,2022-09-02,48033.0
Cà phê Robusta nhân xô,Lâm Đồng,Thương lái thu mua,VNĐ/kg,VNĐ,CTV địa phương,2022-09-02,47500.0
Cà phê Robusta nhân xô,Đắk Lắk,Thương lái thu mua,VNĐ/kg,VNĐ,CTV địa phương,2022-09-01,48051.0
Cà phê Robusta nhân xô,Lâm Đồng,Thương lái thu mua,VNĐ/kg,VNĐ,CTV địa phương,2022-09-01,47700.0
Cà phê Robusta nhân xô,Đắk Lắk,Thương lái thu mua,VNĐ/kg,VNĐ,CTV địa phương,2022-08-31,48433.0
Cà phê Robusta nhân xô,Lâm Đồng,Thương lái thu mua,VNĐ/kg,VNĐ,CTV địa phương,2022-08-31,47900.0
Cà phê Robusta nhân xô,Đắk Lắk,Thương lái thu mua,VNĐ/kg,VNĐ,CTV địa phương,2022-08-30,48733.0
Cà phê Robusta nhân xô,Lâm Đồng,Thương lái thu mua,VNĐ/kg,VNĐ,CTV địa phương,2022-08-30,48200.0
Cà phê Robusta nhân xô,Đắk Lắk,Thương lái thu mua,VNĐ/kg,VNĐ,CTV địa phương,2022-08-29,48833.0
Cà phê Robusta nhân xô,Lâm Đồng,Thương lái thu mua,VNĐ/kg,VNĐ,CTV địa phương,2022-08-29,48300.0
Cà phê Robusta nhân xô,Đắk Lắk,Thương lái thu mua,VNĐ/kg,VNĐ,CTV địa phương,2022-08-26,49633.0
Cà phê Robusta nhân xô,Lâm Đồng,Thương lái thu mua,VNĐ/kg,VNĐ,CTV địa phương,2022-08-26,49200.0
Cà phê Robusta nhân xô,Đắk Lắk,Thương lái thu mua,VNĐ/kg,VNĐ,CTV địa phương,2022-08-25,50633.0
Cà phê Robusta nhân xô,Lâm Đồng,Thương lái thu mua,VNĐ/kg,VNĐ,CTV địa phương,2022-08-25,50200.0
Cà phê Robusta nhân xô,Đắk Lắk,Thương lái thu mua,VNĐ/kg,VNĐ,CTV địa phương,2022-08-24,49133.0
Cà phê Robusta nhân xô,Lâm Đồng,Thương lái thu mua,VNĐ/kg,VNĐ,CTV địa phương,2022-08-24,48700.0
Cà phê Robusta nhân xô,Đắk Lắk,Thương lái thu mua,VNĐ/kg,VNĐ,CTV địa phương,2022-08-23,48833.0
Cà phê Robusta nhân xô,Lâm Đồng,Thương lái thu mua,VNĐ/kg,VNĐ,CTV địa phương,2022-08-23,48400.0
Cà phê Robusta nhân xô,Đắk Lắk,Thương lái thu mua,VNĐ/kg,VNĐ,CTV địa phương,2022-08-22,48533.0
Cà phê Robusta nhân xô,Lâm Đồng,Thương lái thu mua,VNĐ/kg,VNĐ,CTV địa phương,2022-08-22,48100.0
Cà phê Robusta nhân xô,Đắk Lắk,Thương lái thu mua,VNĐ/kg,VNĐ,CTV địa phương,2022-08-19,48233.0
Cà phê Robusta nhân xô,Lâm Đồng,Thương lái thu mua,VNĐ/kg,VNĐ,CTV địa phương,2022-08-19,47800.0
Cà phê Robusta nhân xô,Đắk Lắk,Thương lái thu mua,VNĐ/kg,VNĐ,CTV địa phương,2022-08-18,48333.0
Cà phê Robusta nhân xô,Lâm Đồng,Thương lái thu mua,VNĐ/kg,VNĐ,CTV địa phương,2022-08-18,47900.0
Cà phê Robusta nhân xô,Đắk Lắk,Thương lái thu mua,VNĐ/kg,VNĐ,CTV địa phương,2022-08-17,48633.0
Cà phê Robusta nhân xô,Lâm Đồng,Thương lái thu mua,VNĐ/kg,VNĐ,CTV địa phương,2022-08-17,48200.0
Cà phê Robusta nhân xô,Đắk Lắk,Thương lái thu mua,VNĐ/kg,VNĐ,CTV địa phương,2022-08-16,49033.0
Cà phê Robusta nhân xô,Lâm Đồng,Thương lái thu mua,VNĐ/kg,VNĐ,CTV địa phương,2022-08-16,48600.0
Cà phê Robusta nhân xô,Đắk Lắk,Thương lái thu mua,VNĐ/kg,VNĐ,CTV địa phương,2022-08-15,48933.0
Cà phê Robusta nhân xô,Lâm Đồng,Thương lái thu mua,VNĐ/kg,VNĐ,CTV địa phương,2022-08-15,48500.0
Cà phê Robusta nhân xô,Đắk Lắk,Thương lái thu mua,VNĐ/kg,VNĐ,CTV địa phương,2022-08-12,48233.0
Cà phê Robusta nhân xô,Lâm Đồng,Thương lái thu mua,VNĐ/kg,VNĐ,CTV địa phương,2022-08-12,47800.0
Cà phê Robusta nhân xô,Đắk Lắk,Thương lái thu mua,VNĐ/kg,VNĐ,CTV địa phương,2022-08-11,45133.0
Cà phê Robusta nhân xô,Lâm Đồng,Thương lái thu mua,VNĐ/kg,VNĐ,CTV địa phương,2022-08-11,44700.0
Cà phê Robusta nhân xô,Đắk Lắk,Thương lái thu mua,VNĐ/kg,VNĐ,CTV địa phương,2022-08-10,45833.0
Cà phê Robusta nhân xô,Lâm Đồng,Thương lái thu mua,VNĐ/kg,VNĐ,CTV địa phương,2022-08-10,45400.0
Cà phê Robusta nhân xô,Đắk Lắk,Thương lái thu mua,VNĐ/kg,VNĐ,CTV địa phương,2022-08-09,45133.0
Cà phê Robusta nhân xô,Lâm Đồng,Thương lái thu mua,VNĐ/kg,VNĐ,CTV địa phương,2022-08-09,44700.0
Cà phê Robusta nhân xô,Đắk Lắk,Thương lái thu mua,VNĐ/kg,VNĐ,CTV địa phương,2022-08-08,44833.0
Cà phê Robusta nhân xô,Lâm Đồng,Thương lái thu mua,VNĐ/kg,VNĐ,CTV địa phương,2022-08-08,44400.0
Cà phê Robusta nhân xô,Đắk Lắk,Thương lái thu mua,VNĐ/kg,VNĐ,CTV địa phương,2022-08-05,43100.0
Cà phê Robusta nhân xô,Lâm Đồng,Thương lái thu mua,VNĐ/kg,VNĐ,CTV địa phương,2022-08-05,44300.0
Cà phê Robusta nhân xô,Đắk Lắk,Thương lái thu mua,VNĐ/kg,VNĐ,CTV địa phương,2022-08-04,44433.0
Cà phê Robusta nhân xô,Lâm Đồng,Thương lái thu mua,VNĐ/kg,VNĐ,CTV địa phương,2022-08-04,44000.0
Cà phê Robusta nhân xô,Đắk Lắk,Thương lái thu mua,VNĐ/kg,VNĐ,CTV địa phương,2022-08-03,44333.0
Cà phê Robusta nhân xô,Lâm Đồng,Thương lái thu mua,VNĐ/kg,VNĐ,CTV địa phương,2022-08-03,43900.0
Cà phê Robusta nhân xô,Đắk Lắk,Thương lái thu mua,VNĐ/kg,VNĐ,CTV địa phương,2022-08-02,44433.0
Cà phê Robusta nhân xô,Lâm Đồng,Thương lái thu mua,VNĐ/kg,VNĐ,CTV địa phương,2022-08-02,44000.0
Cà phê Robusta nhân xô,Đắk Lắk,Thương lái thu mua,VNĐ/kg,VNĐ,CTV địa phương,2022-08-01,45769.5
Cà phê Robusta nhân xô,Lâm Đồng,Thương lái thu mua,VNĐ/kg,VNĐ,CTV địa phương,2022-08-01,45365.0
Cà phê Robusta nhân xô,Đắk Lắk,Thương lái thu mua,VNĐ/kg,VNĐ,CTV địa phương,2022-07-29,43100.0
Cà phê Robusta nhân xô,Lâm Đồng,Thương lái thu mua,VNĐ/kg,VNĐ,CTV địa phương,2022-07-29,43000.0
Cà phê Robusta nhân xô,Đắk Lắk,Thương lái thu mua,VNĐ/kg,VNĐ,CTV địa phương,2022-07-28,43100.0
Cà phê Robusta nhân xô,Lâm Đồng,Thương lái thu mua,VNĐ/kg,VNĐ,CTV địa phương,2022-07-28,43000.0
Cà phê Robusta nhân xô,Đắk Lắk,Thương lái thu mua,VNĐ/kg,VNĐ,CTV địa phương,2022-07-27,42933.0
Cà phê Robusta nhân xô,Lâm Đồng,Thương lái thu mua,VNĐ/kg,VNĐ,CTV địa phương,2022-07-27,42500.0
Cà phê Robusta nhân xô,Đắk Lắk,Thương lái thu mua,VNĐ/kg,VNĐ,CTV địa phương,2022-07-26,42833.0
Cà phê Robusta nhân xô,Lâm Đồng,Thương lái thu mua,VNĐ/kg,VNĐ,CTV địa phương,2022-07-26,42400.0
Cà phê Robusta nhân xô,Đắk Lắk,Thương lái thu mua,VNĐ/kg,VNĐ,CTV địa phương,2022-07-25,42533.0
Cà phê Robusta nhân xô,Lâm Đồng,Thương lái thu mua,VNĐ/kg,VNĐ,CTV địa phương,2022-07-25,42100.0
Cà phê Robusta nhân xô,Đắk Lắk,Thương lái thu mua,VNĐ/kg,VNĐ,CTV địa phương,2022-07-22,42733.0
Cà phê Robusta nhân xô,Lâm Đồng,Thương lái thu mua,VNĐ/kg,VNĐ,CTV địa phương,2022-07-22,42300.0
Cà phê Robusta nhân xô,Đắk Lắk,Thương lái thu mua,VNĐ/kg,VNĐ,CTV địa phương,2022-07-21,42933.0
Cà phê Robusta nhân xô,Lâm Đồng,Thương lái thu mua,VNĐ/kg,VNĐ,CTV địa phương,2022-07-21,42500.0
Cà phê Robusta nhân xô,Đắk Lắk,Thương lái thu mua,VNĐ/kg,VNĐ,CTV địa phương,2022-07-20,42833.0
Cà phê Robusta nhân xô,Lâm Đồng,Thương lái thu mua,VNĐ/kg,VNĐ,CTV địa phương,2022-07-20,42400.0
Cà phê Robusta nhân xô,Đắk Lắk,Thương lái thu mua,VNĐ/kg,VNĐ,CTV địa phương,2022-07-19,42433.0
Cà phê Robusta nhân xô,Lâm Đồng,Thương lái thu mua,VNĐ/kg,VNĐ,CTV địa phương,2022-07-19,42000.0
Cà phê Robusta nhân xô,Đắk Lắk,Thương lái thu mua,VNĐ/kg,VNĐ,CTV địa phương,2022-07-18,41433.0
Cà phê Robusta nhân xô,Lâm Đồng,Thương lái thu mua,VNĐ/kg,VNĐ,CTV địa phương,2022-07-18,41000.0
Cà phê Robusta nhân xô,Đắk Lắk,Thương lái thu mua,VNĐ/kg,VNĐ,CTV địa phương,2022-07-15,41233.0
Cà phê Robusta nhân xô,Lâm Đồng,Thương lái thu mua,VNĐ/kg,VNĐ,CTV địa phương,2022-07-15,40800.0
Cà phê Robusta nhân xô,Đắk Lắk,Thương lái thu mua,VNĐ/kg,VNĐ,CTV địa phương,2022-07-14,42233.0
Cà phê Robusta nhân xô,Lâm Đồng,Thương lái thu mua,VNĐ/kg,VNĐ,CTV địa phương,2022-07-14,41800.0
Cà phê Robusta nhân xô,Đắk Lắk,Thương lái thu mua,VNĐ/kg,VNĐ,CTV địa phương,2022-07-13,41633.0
Cà phê Robusta nhân xô,Lâm Đồng,Thương lái thu mua,VNĐ/kg,VNĐ,CTV địa phương,2022-07-13,41200.0
Cà phê Robusta nhân xô,Đắk Lắk,Thương lái thu mua,VNĐ/kg,VNĐ,CTV địa phương,2022-07-12,41833.0
Cà phê Robusta nhân xô,Lâm Đồng,Thương lái thu mua,VNĐ/kg,VNĐ,CTV địa phương,2022-07-12,41300.0
Cà phê Robusta nhân xô,Đắk Lắk,Thương lái thu mua,VNĐ/kg,VNĐ,CTV địa phương,2022-07-11,42133.0
Cà phê Robusta nhân xô,Lâm Đồng,Thương lái thu mua,VNĐ/kg,VNĐ,CTV địa phương,2022-07-11,41700.0
Cà phê Robusta nhân xô,Đắk Lắk,Thương lái thu mua,VNĐ/kg,VNĐ,CTV địa phương,2022-07-08,41533.0
Cà phê Robusta nhân xô,Lâm Đồng,Thương lái thu mua,VNĐ/kg,VNĐ,CTV địa phương,2022-07-08,41100.0
Cà phê Robusta nhân xô,Đắk Lắk,Thương lái thu mua,VNĐ/kg,VNĐ,CTV địa phương,2022-07-07,41733.0
Cà phê Robusta nhân xô,Lâm Đồng,Thương lái thu mua,VNĐ/kg,VNĐ,CTV địa phương,2022-07-07,41300.0
Cà phê Robusta nhân xô,Đắk Lắk,Thương lái thu mua,VNĐ/kg,VNĐ,CTV địa phương,2022-07-06,41633.0
Cà phê Robusta nhân xô,Lâm Đồng,Thương lái thu mua,VNĐ/kg,VNĐ,CTV địa phương,2022-07-06,41200.0
Cà phê Robusta nhân xô,Đắk Lắk,Thương lái thu mua,VNĐ/kg,VNĐ,CTV địa phương,2022-07-05,42333.0
Cà phê Robusta nhân xô,Lâm Đồng,Thương lái thu mua,VNĐ/kg,VNĐ,CTV địa phương,2022-07-05,41900.0
Cà phê Robusta nhân xô,Đắk Lắk,Thương lái thu mua,VNĐ/kg,VNĐ,CTV địa phương,2022-07-04,42333.0
Cà phê Robusta nhân xô,Lâm Đồng,Thương lái thu mua,VNĐ/kg,VNĐ,CTV địa phương,2022-07-04,41900.0
Cà phê Robusta nhân xô,Đắk Lắk,Thương lái thu mua,VNĐ/kg,VNĐ,CTV địa phương,2022-07-01,42619.5
Cà phê Robusta nhân xô,Lâm Đồng,Thương lái thu mua,VNĐ/kg,VNĐ,CTV địa phương,2022-07-01,42200.0
Cà phê Robusta nhân xô,Đắk Lắk,Thương lái thu mua,VNĐ/kg,VNĐ,CTV địa phương,2022-06-30,42933.0
Cà phê Robusta nhân xô,Lâm Đồng,Thương lái thu mua,VNĐ/kg,VNĐ,CTV địa phương,2022-06-30,42500.0
Cà phê Robusta nhân xô,Đắk Lắk,Thương lái thu mua,VNĐ/kg,VNĐ,CTV địa phương,2022-06-29,42533.0
Cà phê Robusta nhân xô,Lâm Đồng,Thương lái thu mua,VNĐ/kg,VNĐ,CTV địa phương,2022-06-29,42100.0
Cà phê Robusta nhân xô,Đắk Lắk,Thương lái thu mua,VNĐ/kg,VNĐ,CTV địa phương,2022-06-28,43033.0
Cà phê Robusta nhân xô,Lâm Đồng,Thương lái thu mua,VNĐ/kg,VNĐ,CTV địa phương,2022-06-28,42600.0
Cà phê Robusta nhân xô,Đắk Lắk,Thương lái thu mua,VNĐ/kg,VNĐ,CTV địa phương,2022-06-27,42933.0
Cà phê Robusta nhân xô,Lâm Đồng,Thương lái thu mua,VNĐ/kg,VNĐ,CTV địa phương,2022-06-27,42500.0
Cà phê Robusta nhân xô,Đắk Lắk,Thương lái thu mua,VNĐ/kg,VNĐ,CTV địa phương,2022-06-24,43333.0
Cà phê Robusta nhân xô,Lâm Đồng,Thương lái thu mua,VNĐ/kg,VNĐ,CTV địa phương,2022-06-24,42800.0
Cà phê Robusta nhân xô,Đắk Lắk,Thương lái thu mua,VNĐ/kg,VNĐ,CTV địa phương,2022-06-23,43633.0
Cà phê Robusta nhân xô,Lâm Đồng,Thương lái thu mua,VNĐ/kg,VNĐ,CTV địa phương,2022-06-23,43100.0
Cà phê Robusta nhân xô,Đắk Lắk,Thương lái thu mua,VNĐ/kg,VNĐ,CTV địa phương,2022-06-22,43233.0
Cà phê Robusta nhân xô,Lâm Đồng,Thương lái thu mua,VNĐ/kg,VNĐ,CTV địa phương,2022-06-22,42700.0
Cà phê Robusta nhân xô,Đắk Lắk,Thương lái thu mua,VNĐ/kg,VNĐ,CTV địa phương,2022-06-21,42733.0
Cà phê Robusta nhân xô,Lâm Đồng,Thương lái thu mua,VNĐ/kg,VNĐ,CTV địa phương,2022-06-21,42300.0
Cà phê Robusta nhân xô,Đắk Lắk,Thương lái thu mua,VNĐ/kg,VNĐ,CTV địa phương,2022-06-20,42733.0
Cà phê Robusta nhân xô,Lâm Đồng,Thương lái thu mua,VNĐ/kg,VNĐ,CTV địa phương,2022-06-20,42300.0
Cà phê Robusta nhân xô,Đắk Lắk,Thương lái thu mua,VNĐ/kg,VNĐ,CTV địa phương,2022-06-17,42633.0
Cà phê Robusta nhân xô,Lâm Đồng,Thương lái thu mua,VNĐ/kg,VNĐ,CTV địa phương,2022-06-17,42200.0
Cà phê Robusta nhân xô,Đắk Lắk,Thương lái thu mua,VNĐ/kg,VNĐ,CTV địa phương,2022-06-16,41433.0
Cà phê Robusta nhân xô,Lâm Đồng,Thương lái thu mua,VNĐ/kg,VNĐ,CTV địa phương,2022-06-16,41000.0
Cà phê Robusta nhân xô,Đắk Lắk,Thương lái thu mua,VNĐ/kg,VNĐ,CTV địa phương,2022-06-15,41433.0
Cà phê Robusta nhân xô,Lâm Đồng,Thương lái thu mua,VNĐ/kg,VNĐ,CTV địa phương,2022-06-15,41000.0
Cà phê Robusta nhân xô,Đắk Lắk,Thương lái thu mua,VNĐ/kg,VNĐ,CTV địa phương,2022-06-14,41633.0
Cà phê Robusta nhân xô,Lâm Đồng,Thương lái thu mua,VNĐ/kg,VNĐ,CTV địa phương,2022-06-14,41100.0
Cà phê Robusta nhân xô,Đắk Lắk,Thương lái thu mua,VNĐ/kg,VNĐ,CTV địa phương,2022-06-13,42033.0
Cà phê Robusta nhân xô,Lâm Đồng,Thương lái thu mua,VNĐ/kg,VNĐ,CTV địa phương,2022-06-13,41500.0
Cà phê Robusta nhân xô,Đắk Lắk,Thương lái thu mua,VNĐ/kg,VNĐ,CTV địa phương,2022-06-10,42333.0
Cà phê Robusta nhân xô,Lâm Đồng,Thương lái thu mua,VNĐ/kg,VNĐ,CTV địa phương,2022-06-10,41800.0
Cà phê Robusta nhân xô,Đắk Lắk,Thương lái thu mua,VNĐ/kg,VNĐ,CTV địa phương,2022-06-09,42533.0
Cà phê Robusta nhân xô,Lâm Đồng,Thương lái thu mua,VNĐ/kg,VNĐ,CTV địa phương,2022-06-09,42000.0
Cà phê Robusta nhân xô,Đắk Lắk,Thương lái thu mua,VNĐ/kg,VNĐ,CTV địa phương,2022-06-08,42533.0
Cà phê Robusta nhân xô,Lâm Đồng,Thương lái thu mua,VNĐ/kg,VNĐ,CTV địa phương,2022-06-08,42000.0
Cà phê Robusta nhân xô,Đắk Lắk,Thương lái thu mua,VNĐ/kg,VNĐ,CTV địa phương,2022-06-07,42633.0
Cà phê Robusta nhân xô,Lâm Đồng,Thương lái thu mua,VNĐ/kg,VNĐ,CTV địa phương,2022-06-07,42200.0
Cà phê Robusta nhân xô,Đắk Lắk,Thương lái thu mua,VNĐ/kg,VNĐ,CTV địa phương,2022-06-06,43033.0
Cà phê Robusta nhân xô,Lâm Đồng,Thương lái thu mua,VNĐ/kg,VNĐ,CTV địa phương,2022-06-06,42500.0
Cà phê Robusta nhân xô,Đắk Lắk,Thương lái thu mua,VNĐ/kg,VNĐ,CTV địa phương,2022-06-03,43033.0
Cà phê Robusta nhân xô,Lâm Đồng,Thương lái thu mua,VNĐ/kg,VNĐ,CTV địa phương,2022-06-03,42500.0
Cà phê Robusta nhân xô,Đắk Lắk,Thương lái thu mua,VNĐ/kg,VNĐ,CTV địa phương,2022-06-02,43033.0
Cà phê Robusta nhân xô,Lâm Đồng,Thương lái thu mua,VNĐ/kg,VNĐ,CTV địa phương,2022-06-02,42500.0
Cà phê Robusta nhân xô,Đắk Lắk,Thương lái thu mua,VNĐ/kg,VNĐ,CTV địa phương,2022-06-01,42374.0
Cà phê Robusta nhân xô,Lâm Đồng,Thương lái thu mua,VNĐ/kg,VNĐ,CTV địa phương,2022-06-01,41863.5
Cà phê Robusta nhân xô,Đắk Lắk,Thương lái thu mua,VNĐ/kg,VNĐ,CTV địa phương,2022-05-31,42033.0
Cà phê Robusta nhân xô,Lâm Đồng,Thương lái thu mua,VNĐ/kg,VNĐ,CTV địa phương,2022-05-31,41500.0
Cà phê Robusta nhân xô,Đắk Lắk,Thương lái thu mua,VNĐ/kg,VNĐ,CTV địa phương,2022-05-30,41933.0
Cà phê Robusta nhân xô,Lâm Đồng,Thương lái thu mua,VNĐ/kg,VNĐ,CTV địa phương,2022-05-30,41400.0
Cà phê Robusta nhân xô,Đắk Lắk,Thương lái thu mua,VNĐ/kg,VNĐ,CTV địa phương,2022-05-27,42033.0
Cà phê Robusta nhân xô,Lâm Đồng,Thương lái thu mua,VNĐ/kg,VNĐ,CTV địa phương,2022-05-27,41500.0
Cà phê Robusta nhân xô,Đắk Lắk,Thương lái thu mua,VNĐ/kg,VNĐ,CTV địa phương,2022-05-26,41633.0
Cà phê Robusta nhân xô,Lâm Đồng,Thương lái thu mua,VNĐ/kg,VNĐ,CTV địa phương,2022-05-26,41100.0
Cà phê Robusta nhân xô,Đắk Lắk,Thương lái thu mua,VNĐ/kg,VNĐ,CTV địa phương,2022-05-25,41033.0
Cà phê Robusta nhân xô,Lâm Đồng,Thương lái thu mua,VNĐ/kg,VNĐ,CTV địa phương,2022-05-25,40500.0
Cà phê Robusta nhân xô,Đắk Lắk,Thương lái thu mua,VNĐ/kg,VNĐ,CTV địa phương,2022-05-24,40933.0
Cà phê Robusta nhân xô,Lâm Đồng,Thương lái thu mua,VNĐ/kg,VNĐ,CTV địa phương,2022-05-24,40400.0
Cà phê Robusta nhân xô,Đắk Lắk,Thương lái thu mua,VNĐ/kg,VNĐ,CTV địa phương,2022-05-23,41133.0
Cà phê Robusta nhân xô,Lâm Đồng,Thương lái thu mua,VNĐ/kg,VNĐ,CTV địa phương,2022-05-23,40600.0
Cà phê Robusta nhân xô,Đắk Lắk,Thương lái thu mua,VNĐ/kg,VNĐ,CTV địa phương,2022-05-20,41533.0
Cà phê Robusta nhân xô,Lâm Đồng,Thương lái thu mua,VNĐ/kg,VNĐ,CTV địa phương,2022-05-20,41000.0
Cà phê Robusta nhân xô,Đắk Lắk,Thương lái thu mua,VNĐ/kg,VNĐ,CTV địa phương,2022-05-19,41133.0
Cà phê Robusta nhân xô,Lâm Đồng,Thương lái thu mua,VNĐ/kg,VNĐ,CTV địa phương,2022-05-19,40600.0
Cà phê Robusta nhân xô,Đắk Lắk,Thương lái thu mua,VNĐ/kg,VNĐ,CTV địa phương,2022-05-18,41933.0
Cà phê Robusta nhân xô,Lâm Đồng,Thương lái thu mua,VNĐ/kg,VNĐ,CTV địa phương,2022-05-18,41400.0
Cà phê Robusta nhân xô,Đắk Lắk,Thương lái thu mua,VNĐ/kg,VNĐ,CTV địa phương,2022-05-17,41633.0
Cà phê Robusta nhân xô,Lâm Đồng,Thương lái thu mua,VNĐ/kg,VNĐ,CTV địa phương,2022-05-17,41100.0
Cà phê Robusta nhân xô,Đắk Lắk,Thương lái thu mua,VNĐ/kg,VNĐ,CTV địa phương,2022-05-16,40733.0
Cà phê Robusta nhân xô,Lâm Đồng,Thương lái thu mua,VNĐ/kg,VNĐ,CTV địa phương,2022-05-16,40200.0
Cà phê Robusta nhân xô,Đắk Lắk,Thương lái thu mua,VNĐ/kg,VNĐ,CTV địa phương,2022-05-13,40933.0
Cà phê Robusta nhân xô,Lâm Đồng,Thương lái thu mua,VNĐ/kg,VNĐ,CTV địa phương,2022-05-13,40400.0
Cà phê Robusta nhân xô,Đắk Lắk,Thương lái thu mua,VNĐ/kg,VNĐ,CTV địa phương,2022-05-12,41033.0
Cà phê Robusta nhân xô,Lâm Đồng,Thương lái thu mua,VNĐ/kg,VNĐ,CTV địa phương,2022-05-12,40500.0
Cà phê Robusta nhân xô,Đắk Lắk,Thương lái thu mua,VNĐ/kg,VNĐ,CTV địa phương,2022-05-11,40033.0
Cà phê Robusta nhân xô,Lâm Đồng,Thương lái thu mua,VNĐ/kg,VNĐ,CTV địa phương,2022-05-11,39400.0
Cà phê Robusta nhân xô,Đắk Lắk,Thương lái thu mua,VNĐ/kg,VNĐ,CTV địa phương,2022-05-10,40033.0
Cà phê Robusta nhân xô,Lâm Đồng,Thương lái thu mua,VNĐ/kg,VNĐ,CTV địa phương,2022-05-10,39400.0
Cà phê Robusta nhân xô,Đắk Lắk,Thương lái thu mua,VNĐ/kg,VNĐ,CTV địa phương,2022-05-09,41033.0
Cà phê Robusta nhân xô,Lâm Đồng,Thương lái thu mua,VNĐ/kg,VNĐ,CTV địa phương,2022-05-09,40500.0
Cà phê Robusta nhân xô,Đắk Lắk,Thương lái thu mua,VNĐ/kg,VNĐ,CTV địa phương,2022-05-06,42033.0
Cà phê Robusta nhân xô,Lâm Đồng,Thương lái thu mua,VNĐ/kg,VNĐ,CTV địa phương,2022-05-06,41500.0
Cà phê Robusta nhân xô,Đắk Lắk,Thương lái thu mua,VNĐ/kg,VNĐ,CTV địa phương,2022-05-05,42133.0
Cà phê Robusta nhân xô,Lâm Đồng,Thương lái thu mua,VNĐ/kg,VNĐ,CTV địa phương,2022-05-05,41600.0
Cà phê Robusta nhân xô,Đắk Lắk,Thương lái thu mua,VNĐ/kg,VNĐ,CTV địa phương,2022-05-04,41833.0
Cà phê Robusta nhân xô,Lâm Đồng,Thương lái thu mua,VNĐ/kg,VNĐ,CTV địa phương,2022-05-04,41300.0
Cà phê Robusta nhân xô,Đắk Lắk,Thương lái thu mua,VNĐ/kg,VNĐ,CTV địa phương,2022-05-03,41733.0
Cà phê Robusta nhân xô,Lâm Đồng,Thương lái thu mua,VNĐ/kg,VNĐ,CTV địa phương,2022-05-03,41200.0
Cà phê Robusta nhân xô,Đắk Lắk,Thương lái thu mua,VNĐ/kg,VNĐ,CTV địa phương,2022-05-02,41633.0
Cà phê Robusta nhân xô,Lâm Đồng,Thương lái thu mua,VNĐ/kg,VNĐ,CTV địa phương,2022-05-02,41100.0
Cà phê Robusta nhân xô,Đắk Lắk,Thương lái thu mua,VNĐ/kg,VNĐ,CTV địa phương,2022-05-01,41370.0
Cà phê Robusta nhân xô,Lâm Đồng,Thương lái thu mua,VNĐ/kg,VNĐ,CTV địa phương,2022-05-01,40827.0
Cà phê Robusta nhân xô,Đắk Lắk,Thương lái thu mua,VNĐ/kg,VNĐ,CTV địa phương,2022-04-29,40633.0
Cà phê Robusta nhân xô,Lâm Đồng,Thương lái thu mua,VNĐ/kg,VNĐ,CTV địa phương,2022-04-29,41000.0
Cà phê Robusta nhân xô,Đắk Lắk,Thương lái thu mua,VNĐ/kg,VNĐ,CTV địa phương,2022-04-28,40033.0
Cà phê Robusta nhân xô,Lâm Đồng,Thương lái thu mua,VNĐ/kg,VNĐ,CTV địa phương,2022-04-28,39500.0
Cà phê Robusta nhân xô,Đắk Lắk,Thương lái thu mua,VNĐ/kg,VNĐ,CTV địa phương,2022-04-27,40433.0
Cà phê Robusta nhân xô,Lâm Đồng,Thương lái thu mua,VNĐ/kg,VNĐ,CTV địa phương,2022-04-27,39900.0
Cà phê Robusta nhân xô,Đắk Lắk,Thương lái thu mua,VNĐ/kg,VNĐ,CTV địa phương,2022-04-26,40433.0
Cà phê Robusta nhân xô,Lâm Đồng,Thương lái thu mua,VNĐ/kg,VNĐ,CTV địa phương,2022-04-26,39900.0
Cà phê Robusta nhân xô,Đắk Lắk,Thương lái thu mua,VNĐ/kg,VNĐ,CTV địa phương,2022-04-25,41433.0
Cà phê Robusta nhân xô,Lâm Đồng,Thương lái thu mua,VNĐ/kg,VNĐ,CTV địa phương,2022-04-25,40900.0
Cà phê Robusta nhân xô,Đắk Lắk,Thương lái thu mua,VNĐ/kg,VNĐ,CTV địa phương,2022-04-22,41233.0
Cà phê Robusta nhân xô,Lâm Đồng,Thương lái thu mua,VNĐ/kg,VNĐ,CTV địa phương,2022-04-22,40700.0
Cà phê Robusta nhân xô,Đắk Lắk,Thương lái thu mua,VNĐ/kg,VNĐ,CTV địa phương,2022-04-21,40833.0
Cà phê Robusta nhân xô,Lâm Đồng,Thương lái thu mua,VNĐ/kg,VNĐ,CTV địa phương,2022-04-21,40300.0
Cà phê Robusta nhân xô,Đắk Lắk,Thương lái thu mua,VNĐ/kg,VNĐ,CTV địa phương,2022-04-20,40733.0
Cà phê Robusta nhân xô,Lâm Đồng,Thương lái thu mua,VNĐ/kg,VNĐ,CTV địa phương,2022-04-20,40200.0
Cà phê Robusta nhân xô,Đắk Lắk,Thương lái thu mua,VNĐ/kg,VNĐ,CTV địa phương,2022-04-19,40933.0
Cà phê Robusta nhân xô,Lâm Đồng,Thương lái thu mua,VNĐ/kg,VNĐ,CTV địa phương,2022-04-19,40400.0
Cà phê Robusta nhân xô,Đắk Lắk,Thương lái thu mua,VNĐ/kg,VNĐ,CTV địa phương,2022-04-18,40933.0
Cà phê Robusta nhân xô,Lâm Đồng,Thương lái thu mua,VNĐ/kg,VNĐ,CTV địa phương,2022-04-18,40400.0
Cà phê Robusta nhân xô,Đắk Lắk,Thương lái thu mua,VNĐ/kg,VNĐ,CTV địa phương,2022-04-15,40933.0
Cà phê Robusta nhân xô,Lâm Đồng,Thương lái thu mua,VNĐ/kg,VNĐ,CTV địa phương,2022-04-15,40400.0
Cà phê Robusta nhân xô,Đắk Lắk,Thương lái thu mua,VNĐ/kg,VNĐ,CTV địa phương,2022-04-14,41033.0
Cà phê Robusta nhân xô,Lâm Đồng,Thương lái thu mua,VNĐ/kg,VNĐ,CTV địa phương,2022-04-14,40500.0
Cà phê Robusta nhân xô,Đắk Lắk,Thương lái thu mua,VNĐ/kg,VNĐ,CTV địa phương,2022-04-13,41133.0
Cà phê Robusta nhân xô,Lâm Đồng,Thương lái thu mua,VNĐ/kg,VNĐ,CTV địa phương,2022-04-13,40600.0
Cà phê Robusta nhân xô,Đắk Lắk,Thương lái thu mua,VNĐ/kg,VNĐ,CTV địa phương,2022-04-12,41433.0
Cà phê Robusta nhân xô,Lâm Đồng,Thương lái thu mua,VNĐ/kg,VNĐ,CTV địa phương,2022-04-12,40900.0
Cà phê Robusta nhân xô,Đắk Lắk,Thương lái thu mua,VNĐ/kg,VNĐ,CTV địa phương,2022-04-11,41233.0
Cà phê Robusta nhân xô,Lâm Đồng,Thương lái thu mua,VNĐ/kg,VNĐ,CTV địa phương,2022-04-11,40700.0
Cà phê Robusta nhân xô,Đắk Lắk,Thương lái thu mua,VNĐ/kg,VNĐ,CTV địa phương,2022-04-08,40633.0
Cà phê Robusta nhân xô,Lâm Đồng,Thương lái thu mua,VNĐ/kg,VNĐ,CTV địa phương,2022-04-08,40100.0
Cà phê Robusta nhân xô,Đắk Lắk,Thương lái thu mua,VNĐ/kg,VNĐ,CTV địa phương,2022-04-07,40833.0
Cà phê Robusta nhân xô,Lâm Đồng,Thương lái thu mua,VNĐ/kg,VNĐ,CTV địa phương,2022-04-07,40300.0
Cà phê Robusta nhân xô,Đắk Lắk,Thương lái thu mua,VNĐ/kg,VNĐ,CTV địa phương,2022-04-06,41233.0
Cà phê Robusta nhân xô,Lâm Đồng,Thương lái thu mua,VNĐ/kg,VNĐ,CTV địa phương,2022-04-06,40700.0
Cà phê Robusta nhân xô,Đắk Lắk,Thương lái thu mua,VNĐ/kg,VNĐ,CTV địa phương,2022-04-05,41433.0
Cà phê Robusta nhân xô,Lâm Đồng,Thương lái thu mua,VNĐ/kg,VNĐ,CTV địa phương,2022-04-05,40900.0
Cà phê Robusta nhân xô,Đắk Lắk,Thương lái thu mua,VNĐ/kg,VNĐ,CTV địa phương,2022-04-04,41433.0
Cà phê Robusta nhân xô,Lâm Đồng,Thương lái thu mua,VNĐ/kg,VNĐ,CTV địa phương,2022-04-04,40900.0
Cà phê Robusta nhân xô,Đắk Lắk,Thương lái thu mua,VNĐ/kg,VNĐ,CTV địa phương,2022-04-01,41359.5
Cà phê Robusta nhân xô,Lâm Đồng,Thương lái thu mua,VNĐ/kg,VNĐ,CTV địa phương,2022-04-01,40847.5
Cà phê Robusta nhân xô,Đắk Lắk,Thương lái thu mua,VNĐ/kg,VNĐ,CTV địa phương,2022-03-31,41533.0
Cà phê Robusta nhân xô,Lâm Đồng,Thương lái thu mua,VNĐ/kg,VNĐ,CTV địa phương,2022-03-31,41000.0
Cà phê Robusta nhân xô,Đắk Lắk,Thương lái thu mua,VNĐ/kg,VNĐ,CTV địa phương,2022-03-30,41333.0
Cà phê Robusta nhân xô,Lâm Đồng,Thương lái thu mua,VNĐ/kg,VNĐ,CTV địa phương,2022-03-30,40800.0
Cà phê Robusta nhân xô,Đắk Lắk,Thương lái thu mua,VNĐ/kg,VNĐ,CTV địa phương,2022-03-29,41333.0
Cà phê Robusta nhân xô,Lâm Đồng,Thương lái thu mua,VNĐ/kg,VNĐ,CTV địa phương,2022-03-29,40800.0
Cà phê Robusta nhân xô,Đắk Lắk,Thương lái thu mua,VNĐ/kg,VNĐ,CTV địa phương,2022-03-28,41333.0
Cà phê Robusta nhân xô,Lâm Đồng,Thương lái thu mua,VNĐ/kg,VNĐ,CTV địa phương,2022-03-28,40800.0
Cà phê Robusta nhân xô,Đắk Lắk,Thương lái thu mua,VNĐ/kg,VNĐ,CTV địa phương,2022-03-25,41033.0
Cà phê Robusta nhân xô,Lâm Đồng,Thương lái thu mua,VNĐ/kg,VNĐ,CTV địa phương,2022-03-25,40500.0
Cà phê Robusta nhân xô,Đắk Lắk,Thương lái thu mua,VNĐ/kg,VNĐ,CTV địa phương,2022-03-24,41433.0
Cà phê Robusta nhân xô,Lâm Đồng,Thương lái thu mua,VNĐ/kg,VNĐ,CTV địa phương,2022-03-24,40900.0
Cà phê Robusta nhân xô,Đắk Lắk,Thương lái thu mua,VNĐ/kg,VNĐ,CTV địa phương,2022-03-23,41733.0
Cà phê Robusta nhân xô,Lâm Đồng,Thương lái thu mua,VNĐ/kg,VNĐ,CTV địa phương,2022-03-23,41200.0
Cà phê Robusta nhân xô,Đắk Lắk,Thương lái thu mua,VNĐ/kg,VNĐ,CTV địa phương,2022-03-22,41933.0
Cà phê Robusta nhân xô,Lâm Đồng,Thương lái thu mua,VNĐ/kg,VNĐ,CTV địa phương,2022-03-22,41400.0
Cà phê Robusta nhân xô,Đắk Lắk,Thương lái thu mua,VNĐ/kg,VNĐ,CTV địa phương,2022-03-21,41733.0
Cà phê Robusta nhân xô,Lâm Đồng,Thương lái thu mua,VNĐ/kg,VNĐ,CTV địa phương,2022-03-21,41200.0
Cà phê Robusta nhân xô,Đắk Lắk,Thương lái thu mua,VNĐ/kg,VNĐ,CTV địa phương,2022-03-18,41333.0
Cà phê Robusta nhân xô,Lâm Đồng,Thương lái thu mua,VNĐ/kg,VNĐ,CTV địa phương,2022-03-18,40800.0
Cà phê Robusta nhân xô,Đắk Lắk,Thương lái thu mua,VNĐ/kg,VNĐ,CTV địa phương,2022-03-17,41033.0
Cà phê Robusta nhân xô,Lâm Đồng,Thương lái thu mua,VNĐ/kg,VNĐ,CTV địa phương,2022-03-17,40500.0
Cà phê Robusta nhân xô,Đắk Lắk,Thương lái thu mua,VNĐ/kg,VNĐ,CTV địa phương,2022-03-16,40533.0
Cà phê Robusta nhân xô,Lâm Đồng,Thương lái thu mua,VNĐ/kg,VNĐ,CTV địa phương,2022-03-16,40000.0
Cà phê Robusta nhân xô,Đắk Lắk,Thương lái thu mua,VNĐ/kg,VNĐ,CTV địa phương,2022-03-15,40933.0
Cà phê Robusta nhân xô,Lâm Đồng,Thương lái thu mua,VNĐ/kg,VNĐ,CTV địa phương,2022-03-15,40400.0
Cà phê Robusta nhân xô,Đắk Lắk,Thương lái thu mua,VNĐ/kg,VNĐ,CTV địa phương,2022-03-14,40733.0
Cà phê Robusta nhân xô,Lâm Đồng,Thương lái thu mua,VNĐ/kg,VNĐ,CTV địa phương,2022-03-14,40200.0
Cà phê Robusta nhân xô,Đắk Lắk,Thương lái thu mua,VNĐ/kg,VNĐ,CTV địa phương,2022-03-11,40733.0
Cà phê Robusta nhân xô,Lâm Đồng,Thương lái thu mua,VNĐ/kg,VNĐ,CTV địa phương,2022-03-11,40200.0
Cà phê Robusta nhân xô,Đắk Lắk,Thương lái thu mua,VNĐ/kg,VNĐ,CTV địa phương,2022-03-10,41000.0
Cà phê Robusta nhân xô,Lâm Đồng,Thương lái thu mua,VNĐ/kg,VNĐ,CTV địa phương,2022-03-10,40500.0
Cà phê Robusta nhân xô,Đắk Lắk,Thương lái thu mua,VNĐ/kg,VNĐ,CTV địa phương,2022-03-09,40333.0
Cà phê Robusta nhân xô,Lâm Đồng,Thương lái thu mua,VNĐ/kg,VNĐ,CTV địa phương,2022-03-09,39800.0
Cà phê Robusta nhân xô,Đắk Lắk,Thương lái thu mua,VNĐ/kg,VNĐ,CTV địa phương,2022-03-08,39733.0
Cà phê Robusta nhân xô,Lâm Đồng,Thương lái thu mua,VNĐ/kg,VNĐ,CTV địa phương,2022-03-08,39200.0
Cà phê Robusta nhân xô,Đắk Lắk,Thương lái thu mua,VNĐ/kg,VNĐ,CTV địa phương,2022-03-07,39633.0
Cà phê Robusta nhân xô,Lâm Đồng,Thương lái thu mua,VNĐ/kg,VNĐ,CTV địa phương,2022-03-07,39100.0
Cà phê Robusta nhân xô,Đắk Lắk,Thương lái thu mua,VNĐ/kg,VNĐ,CTV địa phương,2022-03-04,39233.0
Cà phê Robusta nhân xô,Lâm Đồng,Thương lái thu mua,VNĐ/kg,VNĐ,CTV địa phương,2022-03-04,38700.0
Cà phê Robusta nhân xô,Đắk Lắk,Thương lái thu mua,VNĐ/kg,VNĐ,CTV địa phương,2022-03-03,39433.0
Cà phê Robusta nhân xô,Lâm Đồng,Thương lái thu mua,VNĐ/kg,VNĐ,CTV địa phương,2022-03-03,38900.0
Cà phê Robusta nhân xô,Đắk Lắk,Thương lái thu mua,VNĐ/kg,VNĐ,CTV địa phương,2022-03-02,39833.0
Cà phê Robusta nhân xô,Lâm Đồng,Thương lái thu mua,VNĐ/kg,VNĐ,CTV địa phương,2022-03-02,39300.0
Cà phê Robusta nhân xô,Đắk Lắk,Thương lái thu mua,VNĐ/kg,VNĐ,CTV địa phương,2022-03-01,40563.0
Cà phê Robusta nhân xô,Lâm Đồng,Thương lái thu mua,VNĐ/kg,VNĐ,CTV địa phương,2022-03-01,40030.5
Cà phê Robusta nhân xô,Đắk Lắk,Thương lái thu mua,VNĐ/kg,VNĐ,CTV địa phương,2022-02-28,40933.0
Cà phê Robusta nhân xô,Lâm Đồng,Thương lái thu mua,VNĐ/kg,VNĐ,CTV địa phương,2022-02-28,40400.0
Cà phê Robusta nhân xô,Đắk Lắk,Thương lái thu mua,VNĐ/kg,VNĐ,CTV địa phương,2022-02-25,40733.0
Cà phê Robusta nhân xô,Lâm Đồng,Thương lái thu mua,VNĐ/kg,VNĐ,CTV địa phương,2022-02-25,40200.0
Cà phê Robusta nhân xô,Đắk Lắk,Thương lái thu mua,VNĐ/kg,VNĐ,CTV địa phương,2022-02-24,41667.0
Cà phê Robusta nhân xô,Lâm Đồng,Thương lái thu mua,VNĐ/kg,VNĐ,CTV địa phương,2022-02-24,41000.0
Cà phê Robusta nhân xô,Đắk Lắk,Thương lái thu mua,VNĐ/kg,VNĐ,CTV địa phương,2022-02-23,41833.0
Cà phê Robusta nhân xô,Lâm Đồng,Thương lái thu mua,VNĐ/kg,VNĐ,CTV địa phương,2022-02-23,41400.0
Cà phê Robusta nhân xô,Đắk Lắk,Thương lái thu mua,VNĐ/kg,VNĐ,CTV địa phương,2022-02-22,41333.0
Cà phê Robusta nhân xô,Lâm Đồng,Thương lái thu mua,VNĐ/kg,VNĐ,CTV địa phương,2022-02-22,40800.0
Cà phê Robusta nhân xô,Đắk Lắk,Thương lái thu mua,VNĐ/kg,VNĐ,CTV địa phương,2022-02-21,41333.0
Cà phê Robusta nhân xô,Lâm Đồng,Thương lái thu mua,VNĐ/kg,VNĐ,CTV địa phương,2022-02-21,40800.0
Cà phê Robusta nhân xô,Đắk Lắk,Thương lái thu mua,VNĐ/kg,VNĐ,CTV địa phương,2022-02-18,41733.0
Cà phê Robusta nhân xô,Lâm Đồng,Thương lái thu mua,VNĐ/kg,VNĐ,CTV địa phương,2022-02-18,41200.0
Cà phê Robusta nhân xô,Đắk Lắk,Thương lái thu mua,VNĐ/kg,VNĐ,CTV địa phương,2022-02-17,41733.0
Cà phê Robusta nhân xô,Lâm Đồng,Thương lái thu mua,VNĐ/kg,VNĐ,CTV địa phương,2022-02-17,41200.0
Cà phê Robusta nhân xô,Đắk Lắk,Thương lái thu mua,VNĐ/kg,VNĐ,CTV địa phương,2022-02-16,41333.0
Cà phê Robusta nhân xô,Lâm Đồng,Thương lái thu mua,VNĐ/kg,VNĐ,CTV địa phương,2022-02-16,40900.0
Cà phê Robusta nhân xô,Đắk Lắk,Thương lái thu mua,VNĐ/kg,VNĐ,CTV địa phương,2022-02-15,41433.0
Cà phê Robusta nhân xô,Lâm Đồng,Thương lái thu mua,VNĐ/kg,VNĐ,CTV địa phương,2022-02-15,40900.0
Cà phê Robusta nhân xô,Đắk Lắk,Thương lái thu mua,VNĐ/kg,VNĐ,CTV địa phương,2022-02-14,41433.0
Cà phê Robusta nhân xô,Lâm Đồng,Thương lái thu mua,VNĐ/kg,VNĐ,CTV địa phương,2022-02-14,40900.0
Cà phê Robusta nhân xô,Đắk Lắk,Thương lái thu mua,VNĐ/kg,VNĐ,CTV địa phương,2022-02-11,41433.0
Cà phê Robusta nhân xô,Lâm Đồng,Thương lái thu mua,VNĐ/kg,VNĐ,CTV địa phương,2022-02-11,40900.0
Cà phê Robusta nhân xô,Đắk Lắk,Thương lái thu mua,VNĐ/kg,VNĐ,CTV địa phương,2022-02-10,41333.0
Cà phê Robusta nhân xô,Lâm Đồng,Thương lái thu mua,VNĐ/kg,VNĐ,CTV địa phương,2022-02-10,40800.0
Cà phê Robusta nhân xô,Đắk Lắk,Thương lái thu mua,VNĐ/kg,VNĐ,CTV địa phương,2022-02-09,40933.0
Cà phê Robusta nhân xô,Lâm Đồng,Thương lái thu mua,VNĐ/kg,VNĐ,CTV địa phương,2022-02-09,40400.0
Cà phê Robusta nhân xô,Đắk Lắk,Thương lái thu mua,VNĐ/kg,VNĐ,CTV địa phương,2022-02-08,40633.0
Cà phê Robusta nhân xô,Lâm Đồng,Thương lái thu mua,VNĐ/kg,VNĐ,CTV địa phương,2022-02-08,40100.0
Cà phê Robusta nhân xô,Đắk Lắk,Thương lái thu mua,VNĐ/kg,VNĐ,CTV địa phương,2022-02-07,40433.0
Cà phê Robusta nhân xô,Lâm Đồng,Thương lái thu mua,VNĐ/kg,VNĐ,CTV địa phương,2022-02-07,39900.0
Cà phê Robusta nhân xô,Đắk Lắk,Thương lái thu mua,VNĐ/kg,VNĐ,CTV địa phương,2022-02-04,40633.0
Cà phê Robusta nhân xô,Lâm Đồng,Thương lái thu mua,VNĐ/kg,VNĐ,CTV địa phương,2022-02-04,40100.0
Cà phê Robusta nhân xô,Đắk Lắk,Thương lái thu mua,VNĐ/kg,VNĐ,CTV địa phương,2022-02-03,40133.0
Cà phê Robusta nhân xô,Lâm Đồng,Thương lái thu mua,VNĐ/kg,VNĐ,CTV địa phương,2022-02-03,39600.0
Cà phê Robusta nhân xô,Đắk Lắk,Thương lái thu mua,VNĐ/kg,VNĐ,CTV địa phương,2022-02-02,39733.0
Cà phê Robusta nhân xô,Lâm Đồng,Thương lái thu mua,VNĐ/kg,VNĐ,CTV địa phương,2022-02-02,39200.0
Cà phê Robusta nhân xô,Đắk Lắk,Thương lái thu mua,VNĐ/kg,VNĐ,CTV địa phương,2022-02-01,40379.0
Cà phê Robusta nhân xô,Lâm Đồng,Thương lái thu mua,VNĐ/kg,VNĐ,CTV địa phương,2022-02-01,39847.5
Cà phê Robusta nhân xô,Đắk Lắk,Thương lái thu mua,VNĐ/kg,VNĐ,CTV địa phương,2022-01-31,39833.0
Cà phê Robusta nhân xô,Lâm Đồng,Thương lái thu mua,VNĐ/kg,VNĐ,CTV địa phương,2022-01-31,39300.0
Cà phê Robusta nhân xô,Đắk Lắk,Thương lái thu mua,VNĐ/kg,VNĐ,CTV địa phương,2022-01-28,39733.0
Cà phê Robusta nhân xô,Lâm Đồng,Thương lái thu mua,VNĐ/kg,VNĐ,CTV địa phương,2022-01-28,39000.0
Cà phê Robusta nhân xô,Đắk Lắk,Thương lái thu mua,VNĐ/kg,VNĐ,CTV địa phương,2022-01-27,40033.0
Cà phê Robusta nhân xô,Lâm Đồng,Thương lái thu mua,VNĐ/kg,VNĐ,CTV địa phương,2022-01-27,39300.0
Cà phê Robusta nhân xô,Đắk Lắk,Thương lái thu mua,VNĐ/kg,VNĐ,CTV địa phương,2022-01-26,40033.0
Cà phê Robusta nhân xô,Lâm Đồng,Thương lái thu mua,VNĐ/kg,VNĐ,CTV địa phương,2022-01-26,39300.0
Cà phê Robusta nhân xô,Đắk Lắk,Thương lái thu mua,VNĐ/kg,VNĐ,CTV địa phương,2022-01-25,39733.0
Cà phê Robusta nhân xô,Lâm Đồng,Thương lái thu mua,VNĐ/kg,VNĐ,CTV địa phương,2022-01-25,39000.0
Cà phê Robusta nhân xô,Đắk Lắk,Thương lái thu mua,VNĐ/kg,VNĐ,CTV địa phương,2022-01-24,39833.0
Cà phê Robusta nhân xô,Lâm Đồng,Thương lái thu mua,VNĐ/kg,VNĐ,CTV địa phương,2022-01-24,39100.0
Cà phê Robusta nhân xô,Đắk Lắk,Thương lái thu mua,VNĐ/kg,VNĐ,CTV địa phương,2022-01-21,40133.0
Cà phê Robusta nhân xô,Lâm Đồng,Thương lái thu mua,VNĐ/kg,VNĐ,CTV địa phương,2022-01-21,39400.0
Cà phê Robusta nhân xô,Đắk Lắk,Thương lái thu mua,VNĐ/kg,VNĐ,CTV địa phương,2022-01-20,39933.0
Cà phê Robusta nhân xô,Lâm Đồng,Thương lái thu mua,VNĐ/kg,VNĐ,CTV địa phương,2022-01-20,39200.0
Cà phê Robusta nhân xô,Đắk Lắk,Thương lái thu mua,VNĐ/kg,VNĐ,CTV địa phương,2022-01-19,39533.0
Cà phê Robusta nhân xô,Lâm Đồng,Thương lái thu mua,VNĐ/kg,VNĐ,CTV địa phương,2022-01-19,38800.0
Cà phê Robusta nhân xô,Đắk Lắk,Thương lái thu mua,VNĐ/kg,VNĐ,CTV địa phương,2022-01-18,39633.0
Cà phê Robusta nhân xô,Lâm Đồng,Thương lái thu mua,VNĐ/kg,VNĐ,CTV địa phương,2022-01-18,38900.0
Cà phê Robusta nhân xô,Đắk Lắk,Thương lái thu mua,VNĐ/kg,VNĐ,CTV địa phương,2022-01-17,39633.0
Cà phê Robusta nhân xô,Lâm Đồng,Thương lái thu mua,VNĐ/kg,VNĐ,CTV địa phương,2022-01-17,38900.0
Cà phê Robusta nhân xô,Đắk Lắk,Thương lái thu mua,VNĐ/kg,VNĐ,CTV địa phương,2022-01-14,39833.0
Cà phê Robusta nhân xô,Lâm Đồng,Thương lái thu mua,VNĐ/kg,VNĐ,CTV địa phương,2022-01-14,39100.0
Cà phê Robusta nhân xô,Đắk Lắk,Thương lái thu mua,VNĐ/kg,VNĐ,CTV địa phương,2022-01-13,40333.0
Cà phê Robusta nhân xô,Lâm Đồng,Thương lái thu mua,VNĐ/kg,VNĐ,CTV địa phương,2022-01-13,39600.0
Cà phê Robusta nhân xô,Đắk Lắk,Thương lái thu mua,VNĐ/kg,VNĐ,CTV địa phương,2022-01-12,40100.0
Cà phê Robusta nhân xô,Lâm Đồng,Thương lái thu mua,VNĐ/kg,VNĐ,CTV địa phương,2022-01-12,39500.0
Cà phê Robusta nhân xô,Đắk Lắk,Thương lái thu mua,VNĐ/kg,VNĐ,CTV địa phương,2022-01-11,40133.0
Cà phê Robusta nhân xô,Lâm Đồng,Thương lái thu mua,VNĐ/kg,VNĐ,CTV địa phương,2022-01-11,39400.0
Cà phê Robusta nhân xô,Đắk Lắk,Thương lái thu mua,VNĐ/kg,VNĐ,CTV địa phương,2022-01-10,40733.0
Cà phê Robusta nhân xô,Lâm Đồng,Thương lái thu mua,VNĐ/kg,VNĐ,CTV địa phương,2022-01-10,40000.0
Cà phê Robusta nhân xô,Đắk Lắk,Thương lái thu mua,VNĐ/kg,VNĐ,CTV địa phương,2022-01-07,40333.0
Cà phê Robusta nhân xô,Lâm Đồng,Thương lái thu mua,VNĐ/kg,VNĐ,CTV địa phương,2022-01-07,39600.0
Cà phê Robusta nhân xô,Đắk Lắk,Thương lái thu mua,VNĐ/kg,VNĐ,CTV địa phương,2022-01-06,41033.0
Cà phê Robusta nhân xô,Lâm Đồng,Thương lái thu mua,VNĐ/kg,VNĐ,CTV địa phương,2022-01-06,40200.0
Cà phê Robusta nhân xô,Đắk Lắk,Thương lái thu mua,VNĐ/kg,VNĐ,CTV địa phương,2022-01-05,41333.0
Cà phê Robusta nhân xô,Lâm Đồng,Thương lái thu mua,VNĐ/kg,VNĐ,CTV địa phương,2022-01-05,40500.0
Cà phê Robusta nhân xô,Đắk Lắk,Thương lái thu mua,VNĐ/kg,VNĐ,CTV địa phương,2022-01-04,41333.0
Cà phê Robusta nhân xô,Lâm Đồng,Thương lái thu mua,VNĐ/kg,VNĐ,CTV địa phương,2022-01-04,40600.0
Cà phê Robusta nhân xô,Đắk Lắk,Thương lái thu mua,VNĐ/kg,VNĐ,CTV địa phương,2022-01-03,41333.0
Cà phê Robusta nhân xô,Lâm Đồng,Thương lái thu mua,VNĐ/kg,VNĐ,CTV địa phương,2022-01-03,40600.0
Cà phê Robusta nhân xô,Đắk Lắk,Thương lái thu mua,VNĐ/kg,VNĐ,CTV địa phương,2022-01-01,40217.0
Cà phê Robusta nhân xô,Lâm Đồng,Thương lái thu mua,VNĐ/kg,VNĐ,CTV địa phương,2022-01-01,39490.0
Cà phê Robusta nhân xô,Đắk Lắk,Thương lái thu mua,VNĐ/kg,VNĐ,CTV địa phương,2021-12-31,41533.0
Cà phê Robusta nhân xô,Lâm Đồng,Thương lái thu mua,VNĐ/kg,VNĐ,CTV địa phương,2021-12-31,40800.0
Cà phê Robusta nhân xô,Đắk Lắk,Thương lái thu mua,VNĐ/kg,VNĐ,CTV địa phương,2021-12-30,41533.0
Cà phê Robusta nhân xô,Lâm Đồng,Thương lái thu mua,VNĐ/kg,VNĐ,CTV địa phương,2021-12-30,40800.0
Cà phê Robusta nhân xô,Đắk Lắk,Thương lái thu mua,VNĐ/kg,VNĐ,CTV địa phương,2021-12-29,41333.0
Cà phê Robusta nhân xô,Lâm Đồng,Thương lái thu mua,VNĐ/kg,VNĐ,CTV địa phương,2021-12-29,40600.0
Cà phê Robusta nhân xô,Đắk Lắk,Thương lái thu mua,VNĐ/kg,VNĐ,CTV địa phương,2021-12-28,41533.0
Cà phê Robusta nhân xô,Lâm Đồng,Thương lái thu mua,VNĐ/kg,VNĐ,CTV địa phương,2021-12-28,40800.0
Cà phê Robusta nhân xô,Đắk Lắk,Thương lái thu mua,VNĐ/kg,VNĐ,CTV địa phương,2021-12-27,41433.0
Cà phê Robusta nhân xô,Lâm Đồng,Thương lái thu mua,VNĐ/kg,VNĐ,CTV địa phương,2021-12-27,40700.0
Cà phê Robusta nhân xô,Đắk Lắk,Thương lái thu mua,VNĐ/kg,VNĐ,CTV địa phương,2021-12-24,41733.0
Cà phê Robusta nhân xô,Lâm Đồng,Thương lái thu mua,VNĐ/kg,VNĐ,CTV địa phương,2021-12-24,41100.0
Cà phê Robusta nhân xô,Đắk Lắk,Thương lái thu mua,VNĐ/kg,VNĐ,CTV địa phương,2021-12-23,41633.0
Cà phê Robusta nhân xô,Lâm Đồng,Thương lái thu mua,VNĐ/kg,VNĐ,CTV địa phương,2021-12-23,40900.0
Cà phê Robusta nhân xô,Đắk Lắk,Thương lái thu mua,VNĐ/kg,VNĐ,CTV địa phương,2021-12-22,41233.0
Cà phê Robusta nhân xô,Lâm Đồng,Thương lái thu mua,VNĐ/kg,VNĐ,CTV địa phương,2021-12-22,40500.0
Cà phê Robusta nhân xô,Đắk Lắk,Thương lái thu mua,VNĐ/kg,VNĐ,CTV địa phương,2021-12-21,41233.0
Cà phê Robusta nhân xô,Lâm Đồng,Thương lái thu mua,VNĐ/kg,VNĐ,CTV địa phương,2021-12-21,40500.0
Cà phê Robusta nhân xô,Đắk Lắk,Thương lái thu mua,VNĐ/kg,VNĐ,CTV địa phương,2021-12-20,41533.0
Cà phê Robusta nhân xô,Lâm Đồng,Thương lái thu mua,VNĐ/kg,VNĐ,CTV địa phương,2021-12-20,40800.0
Cà phê Robusta nhân xô,Đắk Lắk,Thương lái thu mua,VNĐ/kg,VNĐ,CTV địa phương,2021-12-17,41233.0
Cà phê Robusta nhân xô,Lâm Đồng,Thương lái thu mua,VNĐ/kg,VNĐ,CTV địa phương,2021-12-17,40500.0
Cà phê Robusta nhân xô,Đắk Lắk,Thương lái thu mua,VNĐ/kg,VNĐ,CTV địa phương,2021-12-16,41833.0
Cà phê Robusta nhân xô,Lâm Đồng,Thương lái thu mua,VNĐ/kg,VNĐ,CTV địa phương,2021-12-16,41100.0
Cà phê Robusta nhân xô,Đắk Lắk,Thương lái thu mua,VNĐ/kg,VNĐ,CTV địa phương,2021-12-15,41833.0
Cà phê Robusta nhân xô,Lâm Đồng,Thương lái thu mua,VNĐ/kg,VNĐ,CTV địa phương,2021-12-15,41100.0
Cà phê Robusta nhân xô,Đắk Lắk,Thương lái thu mua,VNĐ/kg,VNĐ,CTV địa phương,2021-12-14,41533.0
Cà phê Robusta nhân xô,Lâm Đồng,Thương lái thu mua,VNĐ/kg,VNĐ,CTV địa phương,2021-12-14,40800.0
Cà phê Robusta nhân xô,Đắk Lắk,Thương lái thu mua,VNĐ/kg,VNĐ,CTV địa phương,2021-12-13,41533.0
Cà phê Robusta nhân xô,Lâm Đồng,Thương lái thu mua,VNĐ/kg,VNĐ,CTV địa phương,2021-12-13,40800.0
Cà phê Robusta nhân xô,Đắk Lắk,Thương lái thu mua,VNĐ/kg,VNĐ,CTV địa phương,2021-12-10,41533.0
Cà phê Robusta nhân xô,Lâm Đồng,Thương lái thu mua,VNĐ/kg,VNĐ,CTV địa phương,2021-12-10,40800.0
Cà phê Robusta nhân xô,Đắk Lắk,Thương lái thu mua,VNĐ/kg,VNĐ,CTV địa phương,2021-12-09,41333.0
Cà phê Robusta nhân xô,Lâm Đồng,Thương lái thu mua,VNĐ/kg,VNĐ,CTV địa phương,2021-12-09,40600.0
Cà phê Robusta nhân xô,Đắk Lắk,Thương lái thu mua,VNĐ/kg,VNĐ,CTV địa phương,2021-12-08,41233.0
Cà phê Robusta nhân xô,Lâm Đồng,Thương lái thu mua,VNĐ/kg,VNĐ,CTV địa phương,2021-12-08,40600.0
Cà phê Robusta nhân xô,Đắk Lắk,Thương lái thu mua,VNĐ/kg,VNĐ,CTV địa phương,2021-12-07,42233.0
Cà phê Robusta nhân xô,Lâm Đồng,Thương lái thu mua,VNĐ/kg,VNĐ,CTV địa phương,2021-12-07,41500.0
Cà phê Robusta nhân xô,Đắk Lắk,Thương lái thu mua,VNĐ/kg,VNĐ,CTV địa phương,2021-12-06,41933.0
Cà phê Robusta nhân xô,Lâm Đồng,Thương lái thu mua,VNĐ/kg,VNĐ,CTV địa phương,2021-12-06,41200.0
Cà phê Robusta nhân xô,Đắk Lắk,Thương lái thu mua,VNĐ/kg,VNĐ,CTV địa phương,2021-12-03,41533.0
Cà phê Robusta nhân xô,Lâm Đồng,Thương lái thu mua,VNĐ/kg,VNĐ,CTV địa phương,2021-12-03,40800.0
Cà phê Robusta nhân xô,Đắk Lắk,Thương lái thu mua,VNĐ/kg,VNĐ,CTV địa phương,2021-12-02,41233.0
Cà phê Robusta nhân xô,Lâm Đồng,Thương lái thu mua,VNĐ/kg,VNĐ,CTV địa phương,2021-12-02,40500.0
Cà phê Robusta nhân xô,Đắk Lắk,Thương lái thu mua,VNĐ/kg,VNĐ,CTV địa phương,2021-12-01,41116.0
Cà phê Robusta nhân xô,Lâm Đồng,Thương lái thu mua,VNĐ/kg,VNĐ,CTV địa phương,2021-12-01,40387.0
Cà phê Robusta nhân xô,Đắk Lắk,Thương lái thu mua,VNĐ/kg,VNĐ,CTV địa phương,2021-11-30,40733.0
Cà phê Robusta nhân xô,Lâm Đồng,Thương lái thu mua,VNĐ/kg,VNĐ,CTV địa phương,2021-11-30,40000.0
Cà phê Robusta nhân xô,Đắk Lắk,Thương lái thu mua,VNĐ/kg,VNĐ,CTV địa phương,2021-11-29,41533.0
Cà phê Robusta nhân xô,Lâm Đồng,Thương lái thu mua,VNĐ/kg,VNĐ,CTV địa phương,2021-11-29,40733.0
Cà phê Robusta nhân xô,Đắk Lắk,Thương lái thu mua,VNĐ/kg,VNĐ,CTV địa phương,2021-11-26,41233.0
Cà phê Robusta nhân xô,Lâm Đồng,Thương lái thu mua,VNĐ/kg,VNĐ,CTV địa phương,2021-11-26,40500.0
Cà phê Robusta nhân xô,Đắk Lắk,Thương lái thu mua,VNĐ/kg,VNĐ,CTV địa phương,2021-11-25,41533.0
Cà phê Robusta nhân xô,Lâm Đồng,Thương lái thu mua,VNĐ/kg,VNĐ,CTV địa phương,2021-11-25,40400.0
Cà phê Robusta nhân xô,Đắk Lắk,Thương lái thu mua,VNĐ/kg,VNĐ,CTV địa phương,2021-11-24,41733.0
Cà phê Robusta nhân xô,Lâm Đồng,Thương lái thu mua,VNĐ/kg,VNĐ,CTV địa phương,2021-11-24,41100.0
Cà phê Robusta nhân xô,Đắk Lắk,Thương lái thu mua,VNĐ/kg,VNĐ,CTV địa phương,2021-11-23,41133.0
Cà phê Robusta nhân xô,Lâm Đồng,Thương lái thu mua,VNĐ/kg,VNĐ,CTV địa phương,2021-11-23,40400.0
Cà phê Robusta nhân xô,Đắk Lắk,Thương lái thu mua,VNĐ/kg,VNĐ,CTV địa phương,2021-11-22,40633.0
Cà phê Robusta nhân xô,Lâm Đồng,Thương lái thu mua,VNĐ/kg,VNĐ,CTV địa phương,2021-11-22,40200.0
Cà phê Robusta nhân xô,Đắk Lắk,Thương lái thu mua,VNĐ/kg,VNĐ,CTV địa phương,2021-11-19,39700.0
Cà phê Robusta nhân xô,Lâm Đồng,Thương lái thu mua,VNĐ/kg,VNĐ,CTV địa phương,2021-11-19,40533.0
Cà phê Robusta nhân xô,Đắk Lắk,Thương lái thu mua,VNĐ/kg,VNĐ,CTV địa phương,2021-11-18,40300.0
Cà phê Robusta nhân xô,Lâm Đồng,Thương lái thu mua,VNĐ/kg,VNĐ,CTV địa phương,2021-11-18,41133.0
Cà phê Robusta nhân xô,Đắk Lắk,Thương lái thu mua,VNĐ/kg,VNĐ,CTV địa phương,2021-11-17,39900.0
Cà phê Robusta nhân xô,Lâm Đồng,Thương lái thu mua,VNĐ/kg,VNĐ,CTV địa phương,2021-11-17,40733.0
Cà phê Robusta nhân xô,Đắk Lắk,Thương lái thu mua,VNĐ/kg,VNĐ,CTV địa phương,2021-11-16,40200.0
Cà phê Robusta nhân xô,Lâm Đồng,Thương lái thu mua,VNĐ/kg,VNĐ,CTV địa phương,2021-11-16,41033.0
Cà phê Robusta nhân xô,Đắk Lắk,Thương lái thu mua,VNĐ/kg,VNĐ,CTV địa phương,2021-11-15,40400.0
Cà phê Robusta nhân xô,Lâm Đồng,Thương lái thu mua,VNĐ/kg,VNĐ,CTV địa phương,2021-11-15,41233.0
Cà phê Robusta nhân xô,Đắk Lắk,Thương lái thu mua,VNĐ/kg,VNĐ,CTV địa phương,2021-11-12,40900.0
Cà phê Robusta nhân xô,Lâm Đồng,Thương lái thu mua,VNĐ/kg,VNĐ,CTV địa phương,2021-11-12,41733.0
Cà phê Robusta nhân xô,Đắk Lắk,Thương lái thu mua,VNĐ/kg,VNĐ,CTV địa phương,2021-11-11,40000.0
Cà phê Robusta nhân xô,Lâm Đồng,Thương lái thu mua,VNĐ/kg,VNĐ,CTV địa phương,2021-11-11,40833.0
Cà phê Robusta nhân xô,Đắk Lắk,Thương lái thu mua,VNĐ/kg,VNĐ,CTV địa phương,2021-11-10,40300.0
Cà phê Robusta nhân xô,Lâm Đồng,Thương lái thu mua,VNĐ/kg,VNĐ,CTV địa phương,2021-11-10,41133.0
Cà phê Robusta nhân xô,Đắk Lắk,Thương lái thu mua,VNĐ/kg,VNĐ,CTV địa phương,2021-11-09,39600.0
Cà phê Robusta nhân xô,Lâm Đồng,Thương lái thu mua,VNĐ/kg,VNĐ,CTV địa phương,2021-11-09,40433.0
Cà phê Robusta nhân xô,Đắk Lắk,Thương lái thu mua,VNĐ/kg,VNĐ,CTV địa phương,2021-11-08,39800.0
Cà phê Robusta nhân xô,Lâm Đồng,Thương lái thu mua,VNĐ/kg,VNĐ,CTV địa phương,2021-11-08,40633.0
Cà phê Robusta nhân xô,Đắk Lắk,Thương lái thu mua,VNĐ/kg,VNĐ,CTV địa phương,2021-11-05,41033.0
Cà phê Robusta nhân xô,Lâm Đồng,Thương lái thu mua,VNĐ/kg,VNĐ,CTV địa phương,2021-11-05,40200.0
Cà phê Robusta nhân xô,Đắk Lắk,Thương lái thu mua,VNĐ/kg,VNĐ,CTV địa phương,2021-11-04,41733.0
Cà phê Robusta nhân xô,Lâm Đồng,Thương lái thu mua,VNĐ/kg,VNĐ,CTV địa phương,2021-11-04,40900.0
Cà phê Robusta nhân xô,Đắk Lắk,Thương lái thu mua,VNĐ/kg,VNĐ,CTV địa phương,2021-11-03,42167.0
Cà phê Robusta nhân xô,Lâm Đồng,Thương lái thu mua,VNĐ/kg,VNĐ,CTV địa phương,2021-11-03,41400.0
Cà phê Robusta nhân xô,Đắk Lắk,Thương lái thu mua,VNĐ/kg,VNĐ,CTV địa phương,2021-11-02,42033.0
Cà phê Robusta nhân xô,Lâm Đồng,Thương lái thu mua,VNĐ/kg,VNĐ,CTV địa phương,2021-11-02,39800.0
Cà phê Robusta nhân xô,Đắk Lắk,Thương lái thu mua,VNĐ/kg,VNĐ,CTV địa phương,2021-11-01,41178.5
Cà phê Robusta nhân xô,Lâm Đồng,Thương lái thu mua,VNĐ/kg,VNĐ,CTV địa phương,2021-11-01,40708.5
Cà phê Robusta nhân xô,Đắk Lắk,Thương lái thu mua,VNĐ/kg,VNĐ,CTV địa phương,2021-10-29,40233.0
Cà phê Robusta nhân xô,Lâm Đồng,Thương lái thu mua,VNĐ/kg,VNĐ,CTV địa phương,2021-10-29,39367.0
Cà phê Robusta nhân xô,Đắk Lắk,Thương lái thu mua,VNĐ/kg,VNĐ,CTV địa phương,2021-10-28,42333.0
Cà phê Robusta nhân xô,Lâm Đồng,Thương lái thu mua,VNĐ/kg,VNĐ,CTV địa phương,2021-10-28,41433.0
Cà phê Robusta nhân xô,Đắk Lắk,Thương lái thu mua,VNĐ/kg,VNĐ,CTV địa phương,2021-10-27,42333.0
Cà phê Robusta nhân xô,Lâm Đồng,Thương lái thu mua,VNĐ/kg,VNĐ,CTV địa phương,2021-10-27,41500.0
Cà phê Robusta nhân xô,Đắk Lắk,Thương lái thu mua,VNĐ/kg,VNĐ,CTV địa phương,2021-10-26,40467.0
Cà phê Robusta nhân xô,Lâm Đồng,Thương lái thu mua,VNĐ/kg,VNĐ,CTV địa phương,2021-10-26,40300.0
Cà phê Robusta nhân xô,Đắk Lắk,Thương lái thu mua,VNĐ/kg,VNĐ,CTV địa phương,2021-10-25,40833.0
Cà phê Robusta nhân xô,Lâm Đồng,Thương lái thu mua,VNĐ/kg,VNĐ,CTV địa phương,2021-10-25,40000.0
Cà phê Robusta nhân xô,Đắk Lắk,Thương lái thu mua,VNĐ/kg,VNĐ,CTV địa phương,2021-10-22,40533.0
Cà phê Robusta nhân xô,Lâm Đồng,Thương lái thu mua,VNĐ/kg,VNĐ,CTV địa phương,2021-10-22,39700.0
Cà phê Robusta nhân xô,Đắk Lắk,Thương lái thu mua,VNĐ/kg,VNĐ,CTV địa phương,2021-10-21,40333.0
Cà phê Robusta nhân xô,Lâm Đồng,Thương lái thu mua,VNĐ/kg,VNĐ,CTV địa phương,2021-10-21,39500.0
Cà phê Robusta nhân xô,Đắk Lắk,Thương lái thu mua,VNĐ/kg,VNĐ,CTV địa phương,2021-10-20,40233.0
Cà phê Robusta nhân xô,Lâm Đồng,Thương lái thu mua,VNĐ/kg,VNĐ,CTV địa phương,2021-10-20,39367.0
Cà phê Robusta nhân xô,Đắk Lắk,Thương lái thu mua,VNĐ/kg,VNĐ,CTV địa phương,2021-10-19,40233.0
Cà phê Robusta nhân xô,Lâm Đồng,Thương lái thu mua,VNĐ/kg,VNĐ,CTV địa phương,2021-10-19,39400.0
Cà phê Robusta nhân xô,Đắk Lắk,Thương lái thu mua,VNĐ/kg,VNĐ,CTV địa phương,2021-10-18,40833.0
Cà phê Robusta nhân xô,Lâm Đồng,Thương lái thu mua,VNĐ/kg,VNĐ,CTV địa phương,2021-10-18,40000.0
Cà phê Robusta nhân xô,Đắk Lắk,Thương lái thu mua,VNĐ/kg,VNĐ,CTV địa phương,2021-10-15,40633.0
Cà phê Robusta nhân xô,Lâm Đồng,Thương lái thu mua,VNĐ/kg,VNĐ,CTV địa phương,2021-10-15,39800.0
Cà phê Robusta nhân xô,Đắk Lắk,Thương lái thu mua,VNĐ/kg,VNĐ,CTV địa phương,2021-10-14,40633.0
Cà phê Robusta nhân xô,Lâm Đồng,Thương lái thu mua,VNĐ/kg,VNĐ,CTV địa phương,2021-10-14,39800.0
Cà phê Robusta nhân xô,Đắk Lắk,Thương lái thu mua,VNĐ/kg,VNĐ,CTV địa phương,2021-10-13,40133.0
Cà phê Robusta nhân xô,Lâm Đồng,Thương lái thu mua,VNĐ/kg,VNĐ,CTV địa phương,2021-10-13,39600.0
Cà phê Robusta nhân xô,Đắk Lắk,Thương lái thu mua,VNĐ/kg,VNĐ,CTV địa phương,2021-10-12,39933.0
Cà phê Robusta nhân xô,Lâm Đồng,Thương lái thu mua,VNĐ/kg,VNĐ,CTV địa phương,2021-10-12,39000.0
Cà phê Robusta nhân xô,Đắk Lắk,Thương lái thu mua,VNĐ/kg,VNĐ,CTV địa phương,2021-10-11,40133.0
Cà phê Robusta nhân xô,Lâm Đồng,Thương lái thu mua,VNĐ/kg,VNĐ,CTV địa phương,2021-10-11,39800.0
Cà phê Robusta nhân xô,Đắk Lắk,Thương lái thu mua,VNĐ/kg,VNĐ,CTV địa phương,2021-10-08,40133.0
Cà phê Robusta nhân xô,Lâm Đồng,Thương lái thu mua,VNĐ/kg,VNĐ,CTV địa phương,2021-10-08,39300.0
Cà phê Robusta nhân xô,Đắk Lắk,Thương lái thu mua,VNĐ/kg,VNĐ,CTV địa phương,2021-10-07,40033.0
Cà phê Robusta nhân xô,Lâm Đồng,Thương lái thu mua,VNĐ/kg,VNĐ,CTV địa phương,2021-10-07,39300.0
Cà phê Robusta nhân xô,Đắk Lắk,Thương lái thu mua,VNĐ/kg,VNĐ,CTV địa phương,2021-10-06,40033.0
Cà phê Robusta nhân xô,Lâm Đồng,Thương lái thu mua,VNĐ/kg,VNĐ,CTV địa phương,2021-10-06,39200.0
Cà phê Robusta nhân xô,Đắk Lắk,Thương lái thu mua,VNĐ/kg,VNĐ,CTV địa phương,2021-10-05,40433.0
Cà phê Robusta nhân xô,Lâm Đồng,Thương lái thu mua,VNĐ/kg,VNĐ,CTV địa phương,2021-10-05,39600.0
Cà phê Robusta nhân xô,Đắk Lắk,Thương lái thu mua,VNĐ/kg,VNĐ,CTV địa phương,2021-10-04,40733.0
Cà phê Robusta nhân xô,Lâm Đồng,Thương lái thu mua,VNĐ/kg,VNĐ,CTV địa phương,2021-10-04,39900.0
Cà phê Robusta nhân xô,Đắk Lắk,Thương lái thu mua,VNĐ/kg,VNĐ,CTV địa phương,2021-10-01,40284.0
Cà phê Robusta nhân xô,Lâm Đồng,Thương lái thu mua,VNĐ/kg,VNĐ,CTV địa phương,2021-10-01,39482.5
Cà phê Robusta nhân xô,Đắk Lắk,Thương lái thu mua,VNĐ/kg,VNĐ,CTV địa phương,2021-09-30,40133.0
Cà phê Robusta nhân xô,Lâm Đồng,Thương lái thu mua,VNĐ/kg,VNĐ,CTV địa phương,2021-09-30,39300.0
Cà phê Robusta nhân xô,Đắk Lắk,Thương lái thu mua,VNĐ/kg,VNĐ,CTV địa phương,2021-09-29,40633.0
Cà phê Robusta nhân xô,Lâm Đồng,Thương lái thu mua,VNĐ/kg,VNĐ,CTV địa phương,2021-09-29,40600.0
Cà phê Robusta nhân xô,Đắk Lắk,Thương lái thu mua,VNĐ/kg,VNĐ,CTV địa phương,2021-09-28,40233.0
Cà phê Robusta nhân xô,Lâm Đồng,Thương lái thu mua,VNĐ/kg,VNĐ,CTV địa phương,2021-09-28,39400.0
Cà phê Robusta nhân xô,Đắk Lắk,Thương lái thu mua,VNĐ/kg,VNĐ,CTV địa phương,2021-09-27,40633.0
Cà phê Robusta nhân xô,Lâm Đồng,Thương lái thu mua,VNĐ/kg,VNĐ,CTV địa phương,2021-09-27,39800.0
Cà phê Robusta nhân xô,Đắk Lắk,Thương lái thu mua,VNĐ/kg,VNĐ,CTV địa phương,2021-09-24,40433.0
Cà phê Robusta nhân xô,Lâm Đồng,Thương lái thu mua,VNĐ/kg,VNĐ,CTV địa phương,2021-09-24,39600.0
Cà phê Robusta nhân xô,Đắk Lắk,Thương lái thu mua,VNĐ/kg,VNĐ,CTV địa phương,2021-09-23,40433.0
Cà phê Robusta nhân xô,Lâm Đồng,Thương lái thu mua,VNĐ/kg,VNĐ,CTV địa phương,2021-09-23,39600.0
Cà phê Robusta nhân xô,Đắk Lắk,Thương lái thu mua,VNĐ/kg,VNĐ,CTV địa phương,2021-09-22,40833.0
Cà phê Robusta nhân xô,Lâm Đồng,Thương lái thu mua,VNĐ/kg,VNĐ,CTV địa phương,2021-09-22,40000.0
Cà phê Robusta nhân xô,Đắk Lắk,Thương lái thu mua,VNĐ/kg,VNĐ,CTV địa phương,2021-09-21,40833.0
Cà phê Robusta nhân xô,Lâm Đồng,Thương lái thu mua,VNĐ/kg,VNĐ,CTV địa phương,2021-09-21,40000.0
Cà phê Robusta nhân xô,Đắk Lắk,Thương lái thu mua,VNĐ/kg,VNĐ,CTV địa phương,2021-09-20,40933.0
Cà phê Robusta nhân xô,Lâm Đồng,Thương lái thu mua,VNĐ/kg,VNĐ,CTV địa phương,2021-09-20,40100.0
Cà phê Robusta nhân xô,Đắk Lắk,Thương lái thu mua,VNĐ/kg,VNĐ,CTV địa phương,2021-09-17,40233.0
Cà phê Robusta nhân xô,Lâm Đồng,Thương lái thu mua,VNĐ/kg,VNĐ,CTV địa phương,2021-09-17,39400.0
Cà phê Robusta nhân xô,Đắk Lắk,Thương lái thu mua,VNĐ/kg,VNĐ,CTV địa phương,2021-09-16,40133.0
Cà phê Robusta nhân xô,Lâm Đồng,Thương lái thu mua,VNĐ/kg,VNĐ,CTV địa phương,2021-09-16,39300.0
Cà phê Robusta nhân xô,Đắk Lắk,Thương lái thu mua,VNĐ/kg,VNĐ,CTV địa phương,2021-09-15,39733.0
Cà phê Robusta nhân xô,Lâm Đồng,Thương lái thu mua,VNĐ/kg,VNĐ,CTV địa phương,2021-09-15,38900.0
Cà phê Robusta nhân xô,Đắk Lắk,Thương lái thu mua,VNĐ/kg,VNĐ,CTV địa phương,2021-09-14,39533.0
Cà phê Robusta nhân xô,Lâm Đồng,Thương lái thu mua,VNĐ/kg,VNĐ,CTV địa phương,2021-09-14,38700.0
Cà phê Robusta nhân xô,Đắk Lắk,Thương lái thu mua,VNĐ/kg,VNĐ,CTV địa phương,2021-09-13,40933.0
Cà phê Robusta nhân xô,Lâm Đồng,Thương lái thu mua,VNĐ/kg,VNĐ,CTV địa phương,2021-09-13,40100.0
Cà phê Robusta nhân xô,Đắk Lắk,Thương lái thu mua,VNĐ/kg,VNĐ,CTV địa phương,2021-09-10,39533.0
Cà phê Robusta nhân xô,Lâm Đồng,Thương lái thu mua,VNĐ/kg,VNĐ,CTV địa phương,2021-09-10,37800.0
Cà phê Robusta nhân xô,Đắk Lắk,Thương lái thu mua,VNĐ/kg,VNĐ,CTV địa phương,2021-09-09,39933.0
Cà phê Robusta nhân xô,Lâm Đồng,Thương lái thu mua,VNĐ/kg,VNĐ,CTV địa phương,2021-09-09,39100.0
Cà phê Robusta nhân xô,Đắk Lắk,Thương lái thu mua,VNĐ/kg,VNĐ,CTV địa phương,2021-09-08,40233.0
Cà phê Robusta nhân xô,Lâm Đồng,Thương lái thu mua,VNĐ/kg,VNĐ,CTV địa phương,2021-09-08,39400.0
Cà phê Robusta nhân xô,Đắk Lắk,Thương lái thu mua,VNĐ/kg,VNĐ,CTV địa phương,2021-09-07,40233.0
Cà phê Robusta nhân xô,Lâm Đồng,Thương lái thu mua,VNĐ/kg,VNĐ,CTV địa phương,2021-09-07,39400.0
Cà phê Robusta nhân xô,Đắk Lắk,Thương lái thu mua,VNĐ/kg,VNĐ,CTV địa phương,2021-09-06,40000.0
Cà phê Robusta nhân xô,Lâm Đồng,Thương lái thu mua,VNĐ/kg,VNĐ,CTV địa phương,2021-09-06,39200.0
Cà phê Robusta nhân xô,Đắk Lắk,Thương lái thu mua,VNĐ/kg,VNĐ,CTV địa phương,2021-09-03,40100.0
Cà phê Robusta nhân xô,Lâm Đồng,Thương lái thu mua,VNĐ/kg,VNĐ,CTV địa phương,2021-09-03,39200.0
Cà phê Robusta nhân xô,Đắk Lắk,Thương lái thu mua,VNĐ/kg,VNĐ,CTV địa phương,2021-09-02,40300.0
Cà phê Robusta nhân xô,Lâm Đồng,Thương lái thu mua,VNĐ/kg,VNĐ,CTV địa phương,2021-09-02,39400.0
Cà phê Robusta nhân xô,Đắk Lắk,Thương lái thu mua,VNĐ/kg,VNĐ,CTV địa phương,2021-09-01,40084.0
Cà phê Robusta nhân xô,Lâm Đồng,Thương lái thu mua,VNĐ/kg,VNĐ,CTV địa phương,2021-09-01,39211.5
Cà phê Robusta nhân xô,Đắk Lắk,Thương lái thu mua,VNĐ/kg,VNĐ,CTV địa phương,2021-08-31,39900.0
Cà phê Robusta nhân xô,Lâm Đồng,Thương lái thu mua,VNĐ/kg,VNĐ,CTV địa phương,2021-08-31,39000.0
Cà phê Robusta nhân xô,Đắk Lắk,Thương lái thu mua,VNĐ/kg,VNĐ,CTV địa phương,2021-08-30,39900.0
Cà phê Robusta nhân xô,Lâm Đồng,Thương lái thu mua,VNĐ/kg,VNĐ,CTV địa phương,2021-08-30,39000.0
Cà phê Robusta nhân xô,Đắk Lắk,Thương lái thu mua,VNĐ/kg,VNĐ,CTV địa phương,2021-08-27,40000.0
Cà phê Robusta nhân xô,Lâm Đồng,Thương lái thu mua,VNĐ/kg,VNĐ,CTV địa phương,2021-08-27,39200.0
Cà phê Robusta nhân xô,Đắk Lắk,Thương lái thu mua,VNĐ/kg,VNĐ,CTV địa phương,2021-08-26,38200.0
Cà phê Robusta nhân xô,Lâm Đồng,Thương lái thu mua,VNĐ/kg,VNĐ,CTV địa phương,2021-08-26,38500.0
Cà phê Robusta nhân xô,Đắk Lắk,Thương lái thu mua,VNĐ/kg,VNĐ,CTV địa phương,2021-08-25,39900.0
Cà phê Robusta nhân xô,Lâm Đồng,Thương lái thu mua,VNĐ/kg,VNĐ,CTV địa phương,2021-08-25,38500.0
Cà phê Robusta nhân xô,Đắk Lắk,Thương lái thu mua,VNĐ/kg,VNĐ,CTV địa phương,2021-08-24,39900.0
Cà phê Robusta nhân xô,Lâm Đồng,Thương lái thu mua,VNĐ/kg,VNĐ,CTV địa phương,2021-08-24,38500.0
Cà phê Robusta nhân xô,Đắk Lắk,Thương lái thu mua,VNĐ/kg,VNĐ,CTV địa phương,2021-08-23,39900.0
Cà phê Robusta nhân xô,Lâm Đồng,Thương lái thu mua,VNĐ/kg,VNĐ,CTV địa phương,2021-08-23,38500.0
Cà phê Robusta nhân xô,Đắk Lắk,Thương lái thu mua,VNĐ/kg,VNĐ,CTV địa phương,2021-08-20,37867.0
Cà phê Robusta nhân xô,Lâm Đồng,Thương lái thu mua,VNĐ/kg,VNĐ,CTV địa phương,2021-08-20,36867.0
Cà phê Robusta nhân xô,Đắk Lắk,Thương lái thu mua,VNĐ/kg,VNĐ,CTV địa phương,2021-08-19,38167.0
Cà phê Robusta nhân xô,Lâm Đồng,Thương lái thu mua,VNĐ/kg,VNĐ,CTV địa phương,2021-08-19,37167.0
Cà phê Robusta nhân xô,Đắk Lắk,Thương lái thu mua,VNĐ/kg,VNĐ,CTV địa phương,2021-08-18,37867.0
Cà phê Robusta nhân xô,Lâm Đồng,Thương lái thu mua,VNĐ/kg,VNĐ,CTV địa phương,2021-08-18,36867.0
Cà phê Robusta nhân xô,Đắk Lắk,Thương lái thu mua,VNĐ/kg,VNĐ,CTV địa phương,2021-08-17,37967.0
Cà phê Robusta nhân xô,Lâm Đồng,Thương lái thu mua,VNĐ/kg,VNĐ,CTV địa phương,2021-08-17,36967.0
Cà phê Robusta nhân xô,Đắk Lắk,Thương lái thu mua,VNĐ/kg,VNĐ,CTV địa phương,2021-08-16,37567.0
Cà phê Robusta nhân xô,Lâm Đồng,Thương lái thu mua,VNĐ/kg,VNĐ,CTV địa phương,2021-08-16,36567.0
Cà phê Robusta nhân xô,Đắk Lắk,Thương lái thu mua,VNĐ/kg,VNĐ,CTV địa phương,2021-08-13,37867.0
Cà phê Robusta nhân xô,Lâm Đồng,Thương lái thu mua,VNĐ/kg,VNĐ,CTV địa phương,2021-08-13,36867.0
Cà phê Robusta nhân xô,Đắk Lắk,Thương lái thu mua,VNĐ/kg,VNĐ,CTV địa phương,2021-08-12,37967.0
Cà phê Robusta nhân xô,Lâm Đồng,Thương lái thu mua,VNĐ/kg,VNĐ,CTV địa phương,2021-08-12,36967.0
Cà phê Robusta nhân xô,Đắk Lắk,Thương lái thu mua,VNĐ/kg,VNĐ,CTV địa phương,2021-08-11,37867.0
Cà phê Robusta nhân xô,Lâm Đồng,Thương lái thu mua,VNĐ/kg,VNĐ,CTV địa phương,2021-08-11,36867.0
Cà phê Robusta nhân xô,Đắk Lắk,Thương lái thu mua,VNĐ/kg,VNĐ,CTV địa phương,2021-08-10,37267.0
Cà phê Robusta nhân xô,Lâm Đồng,Thương lái thu mua,VNĐ/kg,VNĐ,CTV địa phương,2021-08-10,36267.0
Cà phê Robusta nhân xô,Đắk Lắk,Thương lái thu mua,VNĐ/kg,VNĐ,CTV địa phương,2021-08-09,36567.0
Cà phê Robusta nhân xô,Lâm Đồng,Thương lái thu mua,VNĐ/kg,VNĐ,CTV địa phương,2021-08-09,35567.0
Cà phê Robusta nhân xô,Đắk Lắk,Thương lái thu mua,VNĐ/kg,VNĐ,CTV địa phương,2021-08-06,36967.0
Cà phê Robusta nhân xô,Lâm Đồng,Thương lái thu mua,VNĐ/kg,VNĐ,CTV địa phương,2021-08-06,35967.0
Cà phê Robusta nhân xô,Đắk Lắk,Thương lái thu mua,VNĐ/kg,VNĐ,CTV địa phương,2021-08-05,37067.0
Cà phê Robusta nhân xô,Lâm Đồng,Thương lái thu mua,VNĐ/kg,VNĐ,CTV địa phương,2021-08-05,36067.0
Cà phê Robusta nhân xô,Đắk Lắk,Thương lái thu mua,VNĐ/kg,VNĐ,CTV địa phương,2021-08-04,37067.0
Cà phê Robusta nhân xô,Lâm Đồng,Thương lái thu mua,VNĐ/kg,VNĐ,CTV địa phương,2021-08-04,36067.0
Cà phê Robusta nhân xô,Đắk Lắk,Thương lái thu mua,VNĐ/kg,VNĐ,CTV địa phương,2021-08-03,36667.0
Cà phê Robusta nhân xô,Lâm Đồng,Thương lái thu mua,VNĐ/kg,VNĐ,CTV địa phương,2021-08-03,35667.0
Cà phê Robusta nhân xô,Đắk Lắk,Thương lái thu mua,VNĐ/kg,VNĐ,CTV địa phương,2021-08-02,36767.0
Cà phê Robusta nhân xô,Lâm Đồng,Thương lái thu mua,VNĐ/kg,VNĐ,CTV địa phương,2021-08-02,35767.0
Cà phê Robusta nhân xô,Đắk Lắk,Thương lái thu mua,VNĐ/kg,VNĐ,CTV địa phương,2021-08-01,38145.0
Cà phê Robusta nhân xô,Lâm Đồng,Thương lái thu mua,VNĐ/kg,VNĐ,CTV địa phương,2021-08-01,37168.0
Cà phê Robusta nhân xô,Đắk Lắk,Thương lái thu mua,VNĐ/kg,VNĐ,CTV địa phương,2021-07-30,37567.0
Cà phê Robusta nhân xô,Lâm Đồng,Thương lái thu mua,VNĐ/kg,VNĐ,CTV địa phương,2021-07-30,36567.0
Cà phê Robusta nhân xô,Đắk Lắk,Thương lái thu mua,VNĐ/kg,VNĐ,CTV địa phương,2021-07-29,38067.0
Cà phê Robusta nhân xô,Lâm Đồng,Thương lái thu mua,VNĐ/kg,VNĐ,CTV địa phương,2021-07-29,37067.0
Cà phê Robusta nhân xô,Đắk Lắk,Thương lái thu mua,VNĐ/kg,VNĐ,CTV địa phương,2021-07-28,38067.0
Cà phê Robusta nhân xô,Lâm Đồng,Thương lái thu mua,VNĐ/kg,VNĐ,CTV địa phương,2021-07-28,37067.0
Cà phê Robusta nhân xô,Đắk Lắk,Thương lái thu mua,VNĐ/kg,VNĐ,CTV địa phương,2021-07-27,38567.0
Cà phê Robusta nhân xô,Lâm Đồng,Thương lái thu mua,VNĐ/kg,VNĐ,CTV địa phương,2021-07-27,37567.0
Cà phê Robusta nhân xô,Đắk Lắk,Thương lái thu mua,VNĐ/kg,VNĐ,CTV địa phương,2021-07-26,37867.0
Cà phê Robusta nhân xô,Lâm Đồng,Thương lái thu mua,VNĐ/kg,VNĐ,CTV địa phương,2021-07-26,36867.0
Cà phê Robusta nhân xô,Đắk Lắk,Thương lái thu mua,VNĐ/kg,VNĐ,CTV địa phương,2021-07-23,37567.0
Cà phê Robusta nhân xô,Lâm Đồng,Thương lái thu mua,VNĐ/kg,VNĐ,CTV địa phương,2021-07-23,36567.0
Cà phê Robusta nhân xô,Đắk Lắk,Thương lái thu mua,VNĐ/kg,VNĐ,CTV địa phương,2021-07-22,36667.0
Cà phê Robusta nhân xô,Lâm Đồng,Thương lái thu mua,VNĐ/kg,VNĐ,CTV địa phương,2021-07-22,35667.0
Cà phê Robusta nhân xô,Đắk Lắk,Thương lái thu mua,VNĐ/kg,VNĐ,CTV địa phương,2021-07-21,36233.0
Cà phê Robusta nhân xô,Lâm Đồng,Thương lái thu mua,VNĐ/kg,VNĐ,CTV địa phương,2021-07-21,35267.0
Cà phê Robusta nhân xô,Đắk Lắk,Thương lái thu mua,VNĐ/kg,VNĐ,CTV địa phương,2021-07-20,35967.0
Cà phê Robusta nhân xô,Lâm Đồng,Thương lái thu mua,VNĐ/kg,VNĐ,CTV địa phương,2021-07-20,34967.0
Cà phê Robusta nhân xô,Đắk Lắk,Thương lái thu mua,VNĐ/kg,VNĐ,CTV địa phương,2021-07-19,36367.0
Cà phê Robusta nhân xô,Lâm Đồng,Thương lái thu mua,VNĐ/kg,VNĐ,CTV địa phương,2021-07-19,35367.0
Cà phê Robusta nhân xô,Đắk Lắk,Thương lái thu mua,VNĐ/kg,VNĐ,CTV địa phương,2021-07-16,36267.0
Cà phê Robusta nhân xô,Lâm Đồng,Thương lái thu mua,VNĐ/kg,VNĐ,CTV địa phương,2021-07-16,35267.0
Cà phê Robusta nhân xô,Đắk Lắk,Thương lái thu mua,VNĐ/kg,VNĐ,CTV địa phương,2021-07-15,36367.0
Cà phê Robusta nhân xô,Lâm Đồng,Thương lái thu mua,VNĐ/kg,VNĐ,CTV địa phương,2021-07-15,35367.0
Cà phê Robusta nhân xô,Đắk Lắk,Thương lái thu mua,VNĐ/kg,VNĐ,CTV địa phương,2021-07-14,35867.0
Cà phê Robusta nhân xô,Lâm Đồng,Thương lái thu mua,VNĐ/kg,VNĐ,CTV địa phương,2021-07-14,34867.0
Cà phê Robusta nhân xô,Đắk Lắk,Thương lái thu mua,VNĐ/kg,VNĐ,CTV địa phương,2021-07-13,36367.0
Cà phê Robusta nhân xô,Lâm Đồng,Thương lái thu mua,VNĐ/kg,VNĐ,CTV địa phương,2021-07-13,35367.0
Cà phê Robusta nhân xô,Đắk Lắk,Thương lái thu mua,VNĐ/kg,VNĐ,CTV địa phương,2021-07-12,36367.0
Cà phê Robusta nhân xô,Lâm Đồng,Thương lái thu mua,VNĐ/kg,VNĐ,CTV địa phương,2021-07-12,35367.0
Cà phê Robusta nhân xô,Đắk Lắk,Thương lái thu mua,VNĐ/kg,VNĐ,CTV địa phương,2021-07-09,36067.0
Cà phê Robusta nhân xô,Lâm Đồng,Thương lái thu mua,VNĐ/kg,VNĐ,CTV địa phương,2021-07-09,35067.0
Cà phê Robusta nhân xô,Đắk Lắk,Thương lái thu mua,VNĐ/kg,VNĐ,CTV địa phương,2021-07-08,35967.0
Cà phê Robusta nhân xô,Lâm Đồng,Thương lái thu mua,VNĐ/kg,VNĐ,CTV địa phương,2021-07-08,34967.0
Cà phê Robusta nhân xô,Đắk Lắk,Thương lái thu mua,VNĐ/kg,VNĐ,CTV địa phương,2021-07-07,35567.0
Cà phê Robusta nhân xô,Lâm Đồng,Thương lái thu mua,VNĐ/kg,VNĐ,CTV địa phương,2021-07-07,34567.0
Cà phê Robusta nhân xô,Đắk Lắk,Thương lái thu mua,VNĐ/kg,VNĐ,CTV địa phương,2021-07-06,35667.0
Cà phê Robusta nhân xô,Lâm Đồng,Thương lái thu mua,VNĐ/kg,VNĐ,CTV địa phương,2021-07-06,34667.0
Cà phê Robusta nhân xô,Đắk Lắk,Thương lái thu mua,VNĐ/kg,VNĐ,CTV địa phương,2021-07-05,36067.0
Cà phê Robusta nhân xô,Lâm Đồng,Thương lái thu mua,VNĐ/kg,VNĐ,CTV địa phương,2021-07-05,35067.0
Cà phê Robusta nhân xô,Đắk Lắk,Thương lái thu mua,VNĐ/kg,VNĐ,CTV địa phương,2021-07-02,36100.0
Cà phê Robusta nhân xô,Lâm Đồng,Thương lái thu mua,VNĐ/kg,VNĐ,CTV địa phương,2021-07-02,35067.0
Cà phê Robusta nhân xô,Đắk Lắk,Công ty thu mua,VNĐ/Kg,VNĐ,CTV địa phương,2021-07-01,36800.0
Cà phê Robusta nhân xô,Đắk Lắk,Đại lý thu mua,VNĐ/Kg,VNĐ,CTV địa phương,2021-07-01,36300.0
Cà phê Robusta nhân xô,Đắk Lắk,Thương lái thu mua,VNĐ/kg,VNĐ,CTV địa phương,2021-07-01,36413.5
Cà phê Robusta nhân xô,Đắk Nông,Công ty thu mua,VNĐ/Kg,VNĐ,CTV địa phương,2021-07-01,36000.0
Cà phê Robusta nhân xô,Đắk Nông,Đại lý thu mua,VNĐ/Kg,VNĐ,CTV địa phương,2021-07-01,35900.0
Cà phê Robusta nhân xô,Gia Lai,Đại lý thu mua,VNĐ/Kg,VNĐ,CTV địa phương,2021-07-01,36000.0
Cà phê Robusta nhân xô,Hồ Chí Minh,Đại lý thu mua,VNĐ/Kg,VNĐ,CTV địa phương,2021-07-01,37500.0
Cà phê Robusta nhân xô,Kon Tum,Đại lý thu mua,VNĐ/Kg,VNĐ,CTV địa phương,2021-07-01,35900.0
Cà phê Robusta nhân xô,Lâm Đồng,Công ty thu mua,VNĐ/Kg,VNĐ,CTV địa phương,2021-07-01,35300.0
Cà phê Robusta nhân xô,Lâm Đồng,Đại lý thu mua,VNĐ/Kg,VNĐ,CTV địa phương,2021-07-01,35200.0
Cà phê Robusta nhân xô,Lâm Đồng,Thương lái thu mua,VNĐ/kg,VNĐ,CTV địa phương,2021-07-01,35396.5
Cà phê Robusta nhân xô,Đắk Lắk,Công ty thu mua,VNĐ/Kg,VNĐ,CTV địa phương,2021-06-30,36200.0
Cà phê Robusta nhân xô,Đắk Lắk,Đại lý thu mua,VNĐ/Kg,VNĐ,CTV địa phương,2021-06-30,35700.0
Cà phê Robusta nhân xô,Đắk Lắk,Thương lái thu mua,VNĐ/kg,VNĐ,CTV địa phương,2021-06-30,35567.0
Cà phê Robusta nhân xô,Đắk Nông,Công ty thu mua,VNĐ/Kg,VNĐ,CTV địa phương,2021-06-30,35400.0
Cà phê Robusta nhân xô,Đắk Nông,Đại lý thu mua,VNĐ/Kg,VNĐ,CTV địa phương,2021-06-30,35300.0
Cà phê Robusta nhân xô,Gia Lai,Đại lý thu mua,VNĐ/Kg,VNĐ,CTV địa phương,2021-06-30,35400.0
Cà phê Robusta nhân xô,Hồ Chí Minh,Đại lý thu mua,VNĐ/Kg,VNĐ,CTV địa phương,2021-06-30,36900.0
Cà phê Robusta nhân xô,Kon Tum,Đại lý thu mua,VNĐ/Kg,VNĐ,CTV địa phương,2021-06-30,35300.0
Cà phê Robusta nhân xô,Lâm Đồng,Công ty thu mua,VNĐ/Kg,VNĐ,CTV địa phương,2021-06-30,34700.0
Cà phê Robusta nhân xô,Lâm Đồng,Đại lý thu mua,VNĐ/Kg,VNĐ,CTV địa phương,2021-06-30,34600.0
Cà phê Robusta nhân xô,Lâm Đồng,Thương lái thu mua,VNĐ/kg,VNĐ,CTV địa phương,2021-06-30,34567.0
Cà phê Robusta nhân xô,Đắk Lắk,Công ty thu mua,VNĐ/Kg,VNĐ,CTV địa phương,2021-06-29,36900.0
Cà phê Robusta nhân xô,Đắk Lắk,Đại lý thu mua,VNĐ/Kg,VNĐ,CTV địa phương,2021-06-29,36400.0
Cà phê Robusta nhân xô,Đắk Lắk,Thương lái thu mua,VNĐ/kg,VNĐ,CTV địa phương,2021-06-29,36267.0
Cà phê Robusta nhân xô,Đắk Nông,Công ty thu mua,VNĐ/Kg,VNĐ,CTV địa phương,2021-06-29,36100.0
Cà phê Robusta nhân xô,Đắk Nông,Đại lý thu mua,VNĐ/Kg,VNĐ,CTV địa phương,2021-06-29,36000.0
Cà phê Robusta nhân xô,Gia Lai,Đại lý thu mua,VNĐ/Kg,VNĐ,CTV địa phương,2021-06-29,36100.0
Cà phê Robusta nhân xô,Hồ Chí Minh,Đại lý thu mua,VNĐ/Kg,VNĐ,CTV địa phương,2021-06-29,37600.0
Cà phê Robusta nhân xô,Kon Tum,Đại lý thu mua,VNĐ/Kg,VNĐ,CTV địa phương,2021-06-29,36000.0
Cà phê Robusta nhân xô,Lâm Đồng,Công ty thu mua,VNĐ/Kg,VNĐ,CTV địa phương,2021-06-29,35400.0
Cà phê Robusta nhân xô,Lâm Đồng,Đại lý thu mua,VNĐ/Kg,VNĐ,CTV địa phương,2021-06-29,35300.0
Cà phê Robusta nhân xô,Lâm Đồng,Thương lái thu mua,VNĐ/kg,VNĐ,CTV địa phương,2021-06-29,35267.0
Cà phê Robusta nhân xô,Đắk Lắk,Công ty thu mua,VNĐ/Kg,VNĐ,CTV địa phương,2021-06-28,36400.0
Cà phê Robusta nhân xô,Đắk Lắk,Đại lý thu mua,VNĐ/Kg,VNĐ,CTV địa phương,2021-06-28,35900.0
Cà phê Robusta nhân xô,Đắk Lắk,Thương lái thu mua,VNĐ/kg,VNĐ,CTV địa phương,2021-06-28,35767.0
Cà phê Robusta nhân xô,Đắk Nông,Công ty thu mua,VNĐ/Kg,VNĐ,CTV địa phương,2021-06-28,35600.0
Cà phê Robusta nhân xô,Đắk Nông,Đại lý thu mua,VNĐ/Kg,VNĐ,CTV địa phương,2021-06-28,35500.0
Cà phê Robusta nhân xô,Gia Lai,Đại lý thu mua,VNĐ/Kg,VNĐ,CTV địa phương,2021-06-28,35600.0
Cà phê Robusta nhân xô,Hồ Chí Minh,Đại lý thu mua,VNĐ/Kg,VNĐ,CTV địa phương,2021-06-28,37100.0
Cà phê Robusta nhân xô,Kon Tum,Đại lý thu mua,VNĐ/Kg,VNĐ,CTV địa phương,2021-06-28,35500.0
Cà phê Robusta nhân xô,Lâm Đồng,Công ty thu mua,VNĐ/Kg,VNĐ,CTV địa phương,2021-06-28,34900.0
Cà phê Robusta nhân xô,Lâm Đồng,Đại lý thu mua,VNĐ/Kg,VNĐ,CTV địa phương,2021-06-28,34800.0
Cà phê Robusta nhân xô,Lâm Đồng,Thương lái thu mua,VNĐ/kg,VNĐ,CTV địa phương,2021-06-28,34767.0
Cà phê Robusta nhân xô,Đắk Lắk,Công ty thu mua,VNĐ/Kg,VNĐ,CTV địa phương,2021-06-25,35900.0
Cà phê Robusta nhân xô,Đắk Lắk,Đại lý thu mua,VNĐ/Kg,VNĐ,CTV địa phương,2021-06-25,35400.0
Cà phê Robusta nhân xô,Đắk Lắk,Thương lái thu mua,VNĐ/kg,VNĐ,CTV địa phương,2021-06-25,35267.0
Cà phê Robusta nhân xô,Đắk Nông,Công ty thu mua,VNĐ/Kg,VNĐ,CTV địa phương,2021-06-25,35100.0
Cà phê Robusta nhân xô,Đắk Nông,Đại lý thu mua,VNĐ/Kg,VNĐ,CTV địa phương,2021-06-25,35000.0
Cà phê Robusta nhân xô,Gia Lai,Đại lý thu mua,VNĐ/Kg,VNĐ,CTV địa phương,2021-06-25,35100.0
Cà phê Robusta nhân xô,Hồ Chí Minh,Đại lý thu mua,VNĐ/Kg,VNĐ,CTV địa phương,2021-06-25,36600.0
Cà phê Robusta nhân xô,Kon Tum,Đại lý thu mua,VNĐ/Kg,VNĐ,CTV địa phương,2021-06-25,35000.0
Cà phê Robusta nhân xô,Lâm Đồng,Công ty thu mua,VNĐ/Kg,VNĐ,CTV địa phương,2021-06-25,34400.0
Cà phê Robusta nhân xô,Lâm Đồng,Đại lý thu mua,VNĐ/Kg,VNĐ,CTV địa phương,2021-06-25,34300.0
Cà phê Robusta nhân xô,Lâm Đồng,Thương lái thu mua,VNĐ/kg,VNĐ,CTV địa phương,2021-06-25,34267.0
Cà phê Robusta nhân xô,Đắk Lắk,Công ty thu mua,VNĐ/Kg,VNĐ,CTV địa phương,2021-06-24,35500.0
Cà phê Robusta nhân xô,Đắk Lắk,Đại lý thu mua,VNĐ/Kg,VNĐ,CTV địa phương,2021-06-24,35000.0
Cà phê Robusta nhân xô,Đắk Lắk,Thương lái thu mua,VNĐ/kg,VNĐ,CTV địa phương,2021-06-24,34867.0
Cà phê Robusta nhân xô,Đắk Nông,Công ty thu mua,VNĐ/Kg,VNĐ,CTV địa phương,2021-06-24,34700.0
Cà phê Robusta nhân xô,Đắk Nông,Đại lý thu mua,VNĐ/Kg,VNĐ,CTV địa phương,2021-06-24,34600.0
Cà phê Robusta nhân xô,Gia Lai,Đại lý thu mua,VNĐ/Kg,VNĐ,CTV địa phương,2021-06-24,34700.0
Cà phê Robusta nhân xô,Hồ Chí Minh,Đại lý thu mua,VNĐ/Kg,VNĐ,CTV địa phương,2021-06-24,36200.0
Cà phê Robusta nhân xô,Kon Tum,Đại lý thu mua,VNĐ/Kg,VNĐ,CTV địa phương,2021-06-24,34500.0
Cà phê Robusta nhân xô,Lâm Đồng,Công ty thu mua,VNĐ/Kg,VNĐ,CTV địa phương,2021-06-24,34000.0
Cà phê Robusta nhân xô,Lâm Đồng,Đại lý thu mua,VNĐ/Kg,VNĐ,CTV địa phương,2021-06-24,33900.0
Cà phê Robusta nhân xô,Lâm Đồng,Thương lái thu mua,VNĐ/kg,VNĐ,CTV địa phương,2021-06-24,33867.0
Cà phê Robusta nhân xô,Đắk Lắk,Công ty thu mua,VNĐ/Kg,VNĐ,CTV địa phương,2021-06-23,35100.0
Cà phê Robusta nhân xô,Đắk Lắk,Đại lý thu mua,VNĐ/Kg,VNĐ,CTV địa phương,2021-06-23,34600.0
Cà phê Robusta nhân xô,Đắk Lắk,Thương lái thu mua,VNĐ/kg,VNĐ,CTV địa phương,2021-06-23,34467.0
Cà phê Robusta nhân xô,Đắk Nông,Công ty thu mua,VNĐ/Kg,VNĐ,CTV địa phương,2021-06-23,34300.0
Cà phê Robusta nhân xô,Đắk Nông,Đại lý thu mua,VNĐ/Kg,VNĐ,CTV địa phương,2021-06-23,34200.0
Cà phê Robusta nhân xô,Gia Lai,Đại lý thu mua,VNĐ/Kg,VNĐ,CTV địa phương,2021-06-23,34300.0
Cà phê Robusta nhân xô,Hồ Chí Minh,Đại lý thu mua,VNĐ/Kg,VNĐ,CTV địa phương,2021-06-23,35800.0
Cà phê Robusta nhân xô,Kon Tum,Đại lý thu mua,VNĐ/Kg,VNĐ,CTV địa phương,2021-06-23,34300.0
Cà phê Robusta nhân xô,Lâm Đồng,Công ty thu mua,VNĐ/Kg,VNĐ,CTV địa phương,2021-06-23,33600.0
Cà phê Robusta nhân xô,Lâm Đồng,Đại lý thu mua,VNĐ/Kg,VNĐ,CTV địa phương,2021-06-23,33500.0
Cà phê Robusta nhân xô,Lâm Đồng,Thương lái thu mua,VNĐ/kg,VNĐ,CTV địa phương,2021-06-23,33467.0
Cà phê Robusta nhân xô,Đắk Lắk,Công ty thu mua,VNĐ/Kg,VNĐ,CTV địa phương,2021-06-22,35400.0
Cà phê Robusta nhân xô,Đắk Lắk,Đại lý thu mua,VNĐ/Kg,VNĐ,CTV địa phương,2021-06-22,34900.0
Cà phê Robusta nhân xô,Đắk Lắk,Thương lái thu mua,VNĐ/kg,VNĐ,CTV địa phương,2021-06-22,34767.0
Cà phê Robusta nhân xô,Đắk Nông,Công ty thu mua,VNĐ/Kg,VNĐ,CTV địa phương,2021-06-22,34600.0
Cà phê Robusta nhân xô,Đắk Nông,Đại lý thu mua,VNĐ/Kg,VNĐ,CTV địa phương,2021-06-22,34500.0
Cà phê Robusta nhân xô,Gia Lai,Đại lý thu mua,VNĐ/Kg,VNĐ,CTV địa phương,2021-06-22,34600.0
Cà phê Robusta nhân xô,Hồ Chí Minh,Đại lý thu mua,VNĐ/Kg,VNĐ,CTV địa phương,2021-06-22,36000.0
Cà phê Robusta nhân xô,Kon Tum,Đại lý thu mua,VNĐ/Kg,VNĐ,CTV địa phương,2021-06-22,34600.0
Cà phê Robusta nhân xô,Lâm Đồng,Công ty thu mua,VNĐ/Kg,VNĐ,CTV địa phương,2021-06-22,33900.0
Cà phê Robusta nhân xô,Lâm Đồng,Đại lý thu mua,VNĐ/Kg,VNĐ,CTV địa phương,2021-06-22,33800.0
Cà phê Robusta nhân xô,Lâm Đồng,Thương lái thu mua,VNĐ/kg,VNĐ,CTV địa phương,2021-06-22,33767.0
Cà phê Robusta nhân xô,Đắk Lắk,Công ty thu mua,VNĐ/Kg,VNĐ,CTV địa phương,2021-06-21,35300.0
Cà phê Robusta nhân xô,Đắk Lắk,Đại lý thu mua,VNĐ/Kg,VNĐ,CTV địa phương,2021-06-21,34800.0
Cà phê Robusta nhân xô,Đắk Lắk,Thương lái thu mua,VNĐ/kg,VNĐ,CTV địa phương,2021-06-21,34667.0
Cà phê Robusta nhân xô,Đắk Nông,Công ty thu mua,VNĐ/Kg,VNĐ,CTV địa phương,2021-06-21,34500.0
Cà phê Robusta nhân xô,Đắk Nông,Đại lý thu mua,VNĐ/Kg,VNĐ,CTV địa phương,2021-06-21,34400.0
Cà phê Robusta nhân xô,Gia Lai,Đại lý thu mua,VNĐ/Kg,VNĐ,CTV địa phương,2021-06-21,34500.0
Cà phê Robusta nhân xô,Hồ Chí Minh,Đại lý thu mua,VNĐ/Kg,VNĐ,CTV địa phương,2021-06-21,35900.0
Cà phê Robusta nhân xô,Kon Tum,Đại lý thu mua,VNĐ/Kg,VNĐ,CTV địa phương,2021-06-21,34400.0
Cà phê Robusta nhân xô,Lâm Đồng,Công ty thu mua,VNĐ/Kg,VNĐ,CTV địa phương,2021-06-21,33800.0
Cà phê Robusta nhân xô,Lâm Đồng,Đại lý thu mua,VNĐ/Kg,VNĐ,CTV địa phương,2021-06-21,33700.0
Cà phê Robusta nhân xô,Lâm Đồng,Thương lái thu mua,VNĐ/kg,VNĐ,CTV địa phương,2021-06-21,33667.0
Cà phê Robusta nhân xô,Đắk Lắk,Công ty thu mua,VNĐ/Kg,VNĐ,CTV địa phương,2021-06-18,34400.0
Cà phê Robusta nhân xô,Đắk Lắk,Đại lý thu mua,VNĐ/Kg,VNĐ,CTV địa phương,2021-06-18,34300.0
Cà phê Robusta nhân xô,Đắk Lắk,Thương lái thu mua,VNĐ/kg,VNĐ,CTV địa phương,2021-06-18,33167.0
Cà phê Robusta nhân xô,Đắk Nông,Công ty thu mua,VNĐ/Kg,VNĐ,CTV địa phương,2021-06-18,34300.0
Cà phê Robusta nhân xô,Đắk Nông,Đại lý thu mua,VNĐ/Kg,VNĐ,CTV địa phương,2021-06-18,34000.0
Cà phê Robusta nhân xô,Gia Lai,Đại lý thu mua,VNĐ/Kg,VNĐ,CTV địa phương,2021-06-18,34000.0
Cà phê Robusta nhân xô,Kon Tum,Đại lý thu mua,VNĐ/Kg,VNĐ,CTV địa phương,2021-06-18,34000.0
Cà phê Robusta nhân xô,Lâm Đồng,Công ty thu mua,VNĐ/Kg,VNĐ,CTV địa phương,2021-06-18,33300.0
Cà phê Robusta nhân xô,Lâm Đồng,Đại lý thu mua,VNĐ/Kg,VNĐ,CTV địa phương,2021-06-18,33200.0
Cà phê Robusta nhân xô,Lâm Đồng,Thương lái thu mua,VNĐ/kg,VNĐ,CTV địa phương,2021-06-18,33167.0
Cà phê Robusta nhân xô,Đắk Lắk,Công ty thu mua,VNĐ/Kg,VNĐ,CTV địa phương,2021-06-17,34900.0
Cà phê Robusta nhân xô,Đắk Lắk,Đại lý thu mua,VNĐ/Kg,VNĐ,CTV địa phương,2021-06-17,34800.0
Cà phê Robusta nhân xô,Đắk Lắk,Thương lái thu mua,VNĐ/kg,VNĐ,CTV địa phương,2021-06-17,33667.0
Cà phê Robusta nhân xô,Đắk Nông,Công ty thu mua,VNĐ/Kg,VNĐ,CTV địa phương,2021-06-17,34800.0
Cà phê Robusta nhân xô,Đắk Nông,Đại lý thu mua,VNĐ/Kg,VNĐ,CTV địa phương,2021-06-17,34500.0
Cà phê Robusta nhân xô,Gia Lai,Đại lý thu mua,VNĐ/Kg,VNĐ,CTV địa phương,2021-06-17,34500.0
Cà phê Robusta nhân xô,Kon Tum,Đại lý thu mua,VNĐ/Kg,VNĐ,CTV địa phương,2021-06-17,34400.0
Cà phê Robusta nhân xô,Lâm Đồng,Công ty thu mua,VNĐ/Kg,VNĐ,CTV địa phương,2021-06-17,33800.0
Cà phê Robusta nhân xô,Lâm Đồng,Đại lý thu mua,VNĐ/Kg,VNĐ,CTV địa phương,2021-06-17,33700.0
Cà phê Robusta nhân xô,Lâm Đồng,Thương lái thu mua,VNĐ/kg,VNĐ,CTV địa phương,2021-06-17,33667.0
Cà phê Robusta nhân xô,Đắk Lắk,Công ty thu mua,VNĐ/Kg,VNĐ,CTV địa phương,2021-06-16,34400.0
Cà phê Robusta nhân xô,Đắk Lắk,Đại lý thu mua,VNĐ/Kg,VNĐ,CTV địa phương,2021-06-16,34300.0
Cà phê Robusta nhân xô,Đắk Lắk,Thương lái thu mua,VNĐ/kg,VNĐ,CTV địa phương,2021-06-16,33167.0
Cà phê Robusta nhân xô,Đắk Nông,Công ty thu mua,VNĐ/Kg,VNĐ,CTV địa phương,2021-06-16,34300.0
Cà phê Robusta nhân xô,Đắk Nông,Đại lý thu mua,VNĐ/Kg,VNĐ,CTV địa phương,2021-06-16,34000.0
Cà phê Robusta nhân xô,Gia Lai,Đại lý thu mua,VNĐ/Kg,VNĐ,CTV địa phương,2021-06-16,34000.0
Cà phê Robusta nhân xô,Kon Tum,Đại lý thu mua,VNĐ/Kg,VNĐ,CTV địa phương,2021-06-16,33800.0
Cà phê Robusta nhân xô,Lâm Đồng,Công ty thu mua,VNĐ/Kg,VNĐ,CTV địa phương,2021-06-16,33200.0
Cà phê Robusta nhân xô,Lâm Đồng,Đại lý thu mua,VNĐ/Kg,VNĐ,CTV địa phương,2021-06-16,33100.0
Cà phê Robusta nhân xô,Lâm Đồng,Thương lái thu mua,VNĐ/kg,VNĐ,CTV địa phương,2021-06-16,33167.0
Cà phê Robusta nhân xô,Đắk Lắk,Công ty thu mua,VNĐ/Kg,VNĐ,CTV địa phương,2021-06-15,34300.0
Cà phê Robusta nhân xô,Đắk Lắk,Đại lý thu mua,VNĐ/Kg,VNĐ,CTV địa phương,2021-06-15,34200.0
Cà phê Robusta nhân xô,Đắk Lắk,Thương lái thu mua,VNĐ/kg,VNĐ,CTV địa phương,2021-06-15,33067.0
Cà phê Robusta nhân xô,Đắk Nông,Công ty thu mua,VNĐ/Kg,VNĐ,CTV địa phương,2021-06-15,34200.0
Cà phê Robusta nhân xô,Đắk Nông,Đại lý thu mua,VNĐ/Kg,VNĐ,CTV địa phương,2021-06-15,33900.0
Cà phê Robusta nhân xô,Gia Lai,Đại lý thu mua,VNĐ/Kg,VNĐ,CTV địa phương,2021-06-15,33900.0
Cà phê Robusta nhân xô,Kon Tum,Đại lý thu mua,VNĐ/Kg,VNĐ,CTV địa phương,2021-06-15,33800.0
Cà phê Robusta nhân xô,Lâm Đồng,Công ty thu mua,VNĐ/Kg,VNĐ,CTV địa phương,2021-06-15,33200.0
Cà phê Robusta nhân xô,Lâm Đồng,Đại lý thu mua,VNĐ/Kg,VNĐ,CTV địa phương,2021-06-15,33100.0
Cà phê Robusta nhân xô,Lâm Đồng,Thương lái thu mua,VNĐ/kg,VNĐ,CTV địa phương,2021-06-15,33067.0
Cà phê Robusta nhân xô,Đắk Lắk,Công ty thu mua,VNĐ/Kg,VNĐ,CTV địa phương,2021-06-14,34600.0
Cà phê Robusta nhân xô,Đắk Lắk,Đại lý thu mua,VNĐ/Kg,VNĐ,CTV địa phương,2021-06-14,34500.0
Cà phê Robusta nhân xô,Đắk Lắk,Thương lái thu mua,VNĐ/kg,VNĐ,CTV địa phương,2021-06-14,33367.0
Cà phê Robusta nhân xô,Đắk Nông,Công ty thu mua,VNĐ/Kg,VNĐ,CTV địa phương,2021-06-14,34500.0
Cà phê Robusta nhân xô,Đắk Nông,Đại lý thu mua,VNĐ/Kg,VNĐ,CTV địa phương,2021-06-14,34200.0
Cà phê Robusta nhân xô,Gia Lai,Đại lý thu mua,VNĐ/Kg,VNĐ,CTV địa phương,2021-06-14,34200.0
Cà phê Robusta nhân xô,Kon Tum,Đại lý thu mua,VNĐ/Kg,VNĐ,CTV địa phương,2021-06-14,34100.0
Cà phê Robusta nhân xô,Lâm Đồng,Công ty thu mua,VNĐ/Kg,VNĐ,CTV địa phương,2021-06-14,33500.0
Cà phê Robusta nhân xô,Lâm Đồng,Đại lý thu mua,VNĐ/Kg,VNĐ,CTV địa phương,2021-06-14,33400.0
Cà phê Robusta nhân xô,Lâm Đồng,Thương lái thu mua,VNĐ/kg,VNĐ,CTV địa phương,2021-06-14,33367.0
Cà phê Robusta nhân xô,Đắk Lắk,Công ty thu mua,VNĐ/Kg,VNĐ,CTV địa phương,2021-06-11,34500.0
Cà phê Robusta nhân xô,Đắk Lắk,Đại lý thu mua,VNĐ/Kg,VNĐ,CTV địa phương,2021-06-11,34400.0
Cà phê Robusta nhân xô,Đắk Lắk,Thương lái thu mua,VNĐ/kg,VNĐ,CTV địa phương,2021-06-11,33267.0
Cà phê Robusta nhân xô,Đắk Nông,Công ty thu mua,VNĐ/Kg,VNĐ,CTV địa phương,2021-06-11,34400.0
Cà phê Robusta nhân xô,Đắk Nông,Đại lý thu mua,VNĐ/Kg,VNĐ,CTV địa phương,2021-06-11,34100.0
Cà phê Robusta nhân xô,Gia Lai,Đại lý thu mua,VNĐ/Kg,VNĐ,CTV địa phương,2021-06-11,34100.0
Cà phê Robusta nhân xô,Kon Tum,Đại lý thu mua,VNĐ/Kg,VNĐ,CTV địa phương,2021-06-11,34000.0
Cà phê Robusta nhân xô,Lâm Đồng,Công ty thu mua,VNĐ/Kg,VNĐ,CTV địa phương,2021-06-11,33400.0
Cà phê Robusta nhân xô,Lâm Đồng,Đại lý thu mua,VNĐ/Kg,VNĐ,CTV địa phương,2021-06-11,33300.0
Cà phê Robusta nhân xô,Lâm Đồng,Thương lái thu mua,VNĐ/kg,VNĐ,CTV địa phương,2021-06-11,33267.0
Cà phê Robusta nhân xô,Đắk Lắk,Công ty thu mua,VNĐ/Kg,VNĐ,CTV địa phương,2021-06-10,34500.0
Cà phê Robusta nhân xô,Đắk Lắk,Đại lý thu mua,VNĐ/Kg,VNĐ,CTV địa phương,2021-06-10,34400.0
Cà phê Robusta nhân xô,Đắk Lắk,Thương lái thu mua,VNĐ/kg,VNĐ,CTV địa phương,2021-06-10,33267.0
Cà phê Robusta nhân xô,Đắk Nông,Công ty thu mua,VNĐ/Kg,VNĐ,CTV địa phương,2021-06-10,34400.0
Cà phê Robusta nhân xô,Đắk Nông,Đại lý thu mua,VNĐ/Kg,VNĐ,CTV địa phương,2021-06-10,34100.0
Cà phê Robusta nhân xô,Gia Lai,Đại lý thu mua,VNĐ/Kg,VNĐ,CTV địa phương,2021-06-10,34100.0
Cà phê Robusta nhân xô,Kon Tum,Đại lý thu mua,VNĐ/Kg,VNĐ,CTV địa phương,2021-06-10,33900.0
Cà phê Robusta nhân xô,Lâm Đồng,Công ty thu mua,VNĐ/Kg,VNĐ,CTV địa phương,2021-06-10,33400.0
Cà phê Robusta nhân xô,Lâm Đồng,Đại lý thu mua,VNĐ/Kg,VNĐ,CTV địa phương,2021-06-10,33300.0
Cà phê Robusta nhân xô,Lâm Đồng,Thương lái thu mua,VNĐ/kg,VNĐ,CTV địa phương,2021-06-10,33267.0
Cà phê Robusta nhân xô,Đắk Lắk,Công ty thu mua,VNĐ/Kg,VNĐ,CTV địa phương,2021-06-09,34700.0
Cà phê Robusta nhân xô,Đắk Lắk,Đại lý thu mua,VNĐ/Kg,VNĐ,CTV địa phương,2021-06-09,34600.0
Cà phê Robusta nhân xô,Đắk Lắk,Thương lái thu mua,VNĐ/kg,VNĐ,CTV địa phương,2021-06-09,33467.0
Cà phê Robusta nhân xô,Đắk Nông,Công ty thu mua,VNĐ/Kg,VNĐ,CTV địa phương,2021-06-09,34600.0
Cà phê Robusta nhân xô,Đắk Nông,Đại lý thu mua,VNĐ/Kg,VNĐ,CTV địa phương,2021-06-09,34300.0
Cà phê Robusta nhân xô,Gia Lai,Đại lý thu mua,VNĐ/Kg,VNĐ,CTV địa phương,2021-06-09,34300.0
Cà phê Robusta nhân xô,Kon Tum,Đại lý thu mua,VNĐ/Kg,VNĐ,CTV địa phương,2021-06-09,34000.0
Cà phê Robusta nhân xô,Lâm Đồng,Công ty thu mua,VNĐ/Kg,VNĐ,CTV địa phương,2021-06-09,33600.0
Cà phê Robusta nhân xô,Lâm Đồng,Đại lý thu mua,VNĐ/Kg,VNĐ,CTV địa phương,2021-06-09,33500.0
Cà phê Robusta nhân xô,Lâm Đồng,Thương lái thu mua,VNĐ/kg,VNĐ,CTV địa phương,2021-06-09,33467.0
Cà phê Robusta nhân xô,Đắk Lắk,Công ty thu mua,VNĐ/Kg,VNĐ,CTV địa phương,2021-06-08,35200.0
Cà phê Robusta nhân xô,Đắk Lắk,Đại lý thu mua,VNĐ/Kg,VNĐ,CTV địa phương,2021-06-08,35100.0
Cà phê Robusta nhân xô,Đắk Lắk,Thương lái thu mua,VNĐ/kg,VNĐ,CTV địa phương,2021-06-08,33967.0
Cà phê Robusta nhân xô,Đắk Nông,Công ty thu mua,VNĐ/Kg,VNĐ,CTV địa phương,2021-06-08,35100.0
Cà phê Robusta nhân xô,Đắk Nông,Đại lý thu mua,VNĐ/Kg,VNĐ,CTV địa phương,2021-06-08,34800.0
Cà phê Robusta nhân xô,Gia Lai,Đại lý thu mua,VNĐ/Kg,VNĐ,CTV địa phương,2021-06-08,34700.0
Cà phê Robusta nhân xô,Kon Tum,Đại lý thu mua,VNĐ/Kg,VNĐ,CTV địa phương,2021-06-08,34700.0
Cà phê Robusta nhân xô,Lâm Đồng,Công ty thu mua,VNĐ/Kg,VNĐ,CTV địa phương,2021-06-08,34100.0
Cà phê Robusta nhân xô,Lâm Đồng,Đại lý thu mua,VNĐ/Kg,VNĐ,CTV địa phương,2021-06-08,34000.0
Cà phê Robusta nhân xô,Lâm Đồng,Thương lái thu mua,VNĐ/kg,VNĐ,CTV địa phương,2021-06-08,33967.0
Cà phê Robusta nhân xô,Đắk Lắk,Công ty thu mua,VNĐ/Kg,VNĐ,CTV địa phương,2021-06-07,35100.0
Cà phê Robusta nhân xô,Đắk Lắk,Đại lý thu mua,VNĐ/Kg,VNĐ,CTV địa phương,2021-06-07,35000.0
Cà phê Robusta nhân xô,Đắk Lắk,Thương lái thu mua,VNĐ/kg,VNĐ,CTV địa phương,2021-06-07,33867.0
Cà phê Robusta nhân xô,Đắk Nông,Công ty thu mua,VNĐ/Kg,VNĐ,CTV địa phương,2021-06-07,35000.0
Cà phê Robusta nhân xô,Đắk Nông,Đại lý thu mua,VNĐ/Kg,VNĐ,CTV địa phương,2021-06-07,34700.0
Cà phê Robusta nhân xô,Gia Lai,Đại lý thu mua,VNĐ/Kg,VNĐ,CTV địa phương,2021-06-07,34700.0
Cà phê Robusta nhân xô,Kon Tum,Đại lý thu mua,VNĐ/Kg,VNĐ,CTV địa phương,2021-06-07,34500.0
Cà phê Robusta nhân xô,Lâm Đồng,Công ty thu mua,VNĐ/Kg,VNĐ,CTV địa phương,2021-06-07,34000.0
Cà phê Robusta nhân xô,Lâm Đồng,Đại lý thu mua,VNĐ/Kg,VNĐ,CTV địa phương,2021-06-07,33900.0
Cà phê Robusta nhân xô,Lâm Đồng,Thương lái thu mua,VNĐ/kg,VNĐ,CTV địa phương,2021-06-07,33867.0
Cà phê Robusta nhân xô,Đắk Lắk,Công ty thu mua,VNĐ/Kg,VNĐ,CTV địa phương,2021-06-04,35100.0
Cà phê Robusta nhân xô,Đắk Lắk,Đại lý thu mua,VNĐ/Kg,VNĐ,CTV địa phương,2021-06-04,35000.0
Cà phê Robusta nhân xô,Đắk Lắk,Thương lái thu mua,VNĐ/kg,VNĐ,CTV địa phương,2021-06-04,34900.0
Cà phê Robusta nhân xô,Đắk Nông,Công ty thu mua,VNĐ/Kg,VNĐ,CTV địa phương,2021-06-04,35000.0
Cà phê Robusta nhân xô,Đắk Nông,Đại lý thu mua,VNĐ/Kg,VNĐ,CTV địa phương,2021-06-04,34700.0
Cà phê Robusta nhân xô,Gia Lai,Đại lý thu mua,VNĐ/Kg,VNĐ,CTV địa phương,2021-06-04,34700.0
Cà phê Robusta nhân xô,Kon Tum,Đại lý thu mua,VNĐ/Kg,VNĐ,CTV địa phương,2021-06-04,34500.0
Cà phê Robusta nhân xô,Lâm Đồng,Công ty thu mua,VNĐ/Kg,VNĐ,CTV địa phương,2021-06-04,34000.0
Cà phê Robusta nhân xô,Lâm Đồng,Đại lý thu mua,VNĐ/Kg,VNĐ,CTV địa phương,2021-06-04,33900.0
Cà phê Robusta nhân xô,Lâm Đồng,Thương lái thu mua,VNĐ/kg,VNĐ,CTV địa phương,2021-06-04,33867.0
Cà phê Robusta nhân xô,Đắk Lắk,Công ty thu mua,VNĐ/Kg,VNĐ,CTV địa phương,2021-06-03,34800.0
Cà phê Robusta nhân xô,Đắk Lắk,Đại lý thu mua,VNĐ/Kg,VNĐ,CTV địa phương,2021-06-03,34700.0
Cà phê Robusta nhân xô,Đắk Lắk,Thương lái thu mua,VNĐ/kg,VNĐ,CTV địa phương,2021-06-03,34567.0
Cà phê Robusta nhân xô,Đắk Nông,Công ty thu mua,VNĐ/Kg,VNĐ,CTV địa phương,2021-06-03,34700.0
Cà phê Robusta nhân xô,Đắk Nông,Đại lý thu mua,VNĐ/Kg,VNĐ,CTV địa phương,2021-06-03,34400.0
Cà phê Robusta nhân xô,Gia Lai,Đại lý thu mua,VNĐ/Kg,VNĐ,CTV địa phương,2021-06-03,34400.0
Cà phê Robusta nhân xô,Kon Tum,Đại lý thu mua,VNĐ/Kg,VNĐ,CTV địa phương,2021-06-03,34300.0
Cà phê Robusta nhân xô,Lâm Đồng,Công ty thu mua,VNĐ/Kg,VNĐ,CTV địa phương,2021-06-03,33700.0
Cà phê Robusta nhân xô,Lâm Đồng,Đại lý thu mua,VNĐ/Kg,VNĐ,CTV địa phương,2021-06-03,33600.0
Cà phê Robusta nhân xô,Lâm Đồng,Thương lái thu mua,VNĐ/kg,VNĐ,CTV địa phương,2021-06-03,33567.0
Cà phê Robusta nhân xô,Đắk Lắk,Công ty thu mua,VNĐ/Kg,VNĐ,CTV địa phương,2021-06-02,35000.0
Cà phê Robusta nhân xô,Đắk Lắk,Đại lý thu mua,VNĐ/Kg,VNĐ,CTV địa phương,2021-06-02,34900.0
Cà phê Robusta nhân xô,Đắk Lắk,Thương lái thu mua,VNĐ/kg,VNĐ,CTV địa phương,2021-06-02,34767.0
Cà phê Robusta nhân xô,Đắk Nông,Công ty thu mua,VNĐ/Kg,VNĐ,CTV địa phương,2021-06-02,34900.0
Cà phê Robusta nhân xô,Đắk Nông,Đại lý thu mua,VNĐ/Kg,VNĐ,CTV địa phương,2021-06-02,34600.0
Cà phê Robusta nhân xô,Gia Lai,Đại lý thu mua,VNĐ/Kg,VNĐ,CTV địa phương,2021-06-02,34600.0
Cà phê Robusta nhân xô,Kon Tum,Đại lý thu mua,VNĐ/Kg,VNĐ,CTV địa phương,2021-06-02,34400.0
Cà phê Robusta nhân xô,Lâm Đồng,Công ty thu mua,VNĐ/Kg,VNĐ,CTV địa phương,2021-06-02,33900.0
Cà phê Robusta nhân xô,Lâm Đồng,Đại lý thu mua,VNĐ/Kg,VNĐ,CTV địa phương,2021-06-02,33800.0
Cà phê Robusta nhân xô,Lâm Đồng,Thương lái thu mua,VNĐ/kg,VNĐ,CTV địa phương,2021-06-02,33767.0
Cà phê Robusta nhân xô,Đắk Lắk,Công ty thu mua,VNĐ/Kg,VNĐ,CTV địa phương,2021-06-01,34800.0
Cà phê Robusta nhân xô,Đắk Lắk,Đại lý thu mua,VNĐ/Kg,VNĐ,CTV địa phương,2021-06-01,34700.0
Cà phê Robusta nhân xô,Đắk Lắk,Thương lái thu mua,VNĐ/kg,VNĐ,CTV địa phương,2021-06-01,34436.0
Cà phê Robusta nhân xô,Đắk Nông,Công ty thu mua,VNĐ/Kg,VNĐ,CTV địa phương,2021-06-01,34700.0
Cà phê Robusta nhân xô,Đắk Nông,Đại lý thu mua,VNĐ/Kg,VNĐ,CTV địa phương,2021-06-01,34400.0
Cà phê Robusta nhân xô,Gia Lai,Đại lý thu mua,VNĐ/Kg,VNĐ,CTV địa phương,2021-06-01,34400.0
Cà phê Robusta nhân xô,Kon Tum,Đại lý thu mua,VNĐ/Kg,VNĐ,CTV địa phương,2021-06-01,34300.0
Cà phê Robusta nhân xô,Lâm Đồng,Công ty thu mua,VNĐ/Kg,VNĐ,CTV địa phương,2021-06-01,33700.0
Cà phê Robusta nhân xô,Lâm Đồng,Đại lý thu mua,VNĐ/Kg,VNĐ,CTV địa phương,2021-06-01,33600.0
Cà phê Robusta nhân xô,Lâm Đồng,Thương lái thu mua,VNĐ/kg,VNĐ,CTV địa phương,2021-06-01,33662.5
Cà phê Robusta nhân xô,Đắk Lắk,Công ty thu mua,VNĐ/Kg,VNĐ,CTV địa phương,2021-05-31,34700.0
Cà phê Robusta nhân xô,Đắk Lắk,Đại lý thu mua,VNĐ/Kg,VNĐ,CTV địa phương,2021-05-31,34600.0
Cà phê Robusta nhân xô,Đắk Lắk,Thương lái thu mua,VNĐ/kg,VNĐ,CTV địa phương,2021-05-31,34467.0
Cà phê Robusta nhân xô,Đắk Nông,Công ty thu mua,VNĐ/Kg,VNĐ,CTV địa phương,2021-05-31,34600.0
Cà phê Robusta nhân xô,Đắk Nông,Đại lý thu mua,VNĐ/Kg,VNĐ,CTV địa phương,2021-05-31,34300.0
Cà phê Robusta nhân xô,Gia Lai,Đại lý thu mua,VNĐ/Kg,VNĐ,CTV địa phương,2021-05-31,34300.0
Cà phê Robusta nhân xô,Kon Tum,Đại lý thu mua,VNĐ/Kg,VNĐ,CTV địa phương,2021-05-31,34200.0
Cà phê Robusta nhân xô,Lâm Đồng,Công ty thu mua,VNĐ/Kg,VNĐ,CTV địa phương,2021-05-31,33500.0
Cà phê Robusta nhân xô,Lâm Đồng,Đại lý thu mua,VNĐ/Kg,VNĐ,CTV địa phương,2021-05-31,33400.0
Cà phê Robusta nhân xô,Lâm Đồng,Thương lái thu mua,VNĐ/kg,VNĐ,CTV địa phương,2021-05-31,33367.0
Cà phê Robusta nhân xô,Đắk Lắk,Công ty thu mua,VNĐ/Kg,VNĐ,CTV địa phương,2021-05-28,34100.0
Cà phê Robusta nhân xô,Đắk Lắk,Đại lý thu mua,VNĐ/Kg,VNĐ,CTV địa phương,2021-05-28,34000.0
Cà phê Robusta nhân xô,Đắk Lắk,Thương lái thu mua,VNĐ/kg,VNĐ,CTV địa phương,2021-05-28,33900.0
Cà phê Robusta nhân xô,Đắk Nông,Công ty thu mua,VNĐ/Kg,VNĐ,CTV địa phương,2021-05-28,34000.0
Cà phê Robusta nhân xô,Đắk Nông,Đại lý thu mua,VNĐ/Kg,VNĐ,CTV địa phương,2021-05-28,33700.0
Cà phê Robusta nhân xô,Gia Lai,Đại lý thu mua,VNĐ/Kg,VNĐ,CTV địa phương,2021-05-28,33700.0
Cà phê Robusta nhân xô,Kon Tum,Đại lý thu mua,VNĐ/Kg,VNĐ,CTV địa phương,2021-05-28,33500.0
Cà phê Robusta nhân xô,Lâm Đồng,Công ty thu mua,VNĐ/Kg,VNĐ,CTV địa phương,2021-05-28,33000.0
Cà phê Robusta nhân xô,Lâm Đồng,Đại lý thu mua,VNĐ/Kg,VNĐ,CTV địa phương,2021-05-28,32900.0
Cà phê Robusta nhân xô,Lâm Đồng,Thương lái thu mua,VNĐ/kg,VNĐ,CTV địa phương,2021-05-28,32867.0
Cà phê Robusta nhân xô,Đắk Lắk,Công ty thu mua,VNĐ/Kg,VNĐ,CTV địa phương,2021-05-27,33800.0
Cà phê Robusta nhân xô,Đắk Lắk,Đại lý thu mua,VNĐ/Kg,VNĐ,CTV địa phương,2021-05-27,33700.0
Cà phê Robusta nhân xô,Đắk Lắk,Thương lái thu mua,VNĐ/kg,VNĐ,CTV địa phương,2021-05-27,33600.0
Cà phê Robusta nhân xô,Đắk Nông,Công ty thu mua,VNĐ/Kg,VNĐ,CTV địa phương,2021-05-27,33700.0
Cà phê Robusta nhân xô,Đắk Nông,Đại lý thu mua,VNĐ/Kg,VNĐ,CTV địa phương,2021-05-27,33400.0
Cà phê Robusta nhân xô,Gia Lai,Đại lý thu mua,VNĐ/Kg,VNĐ,CTV địa phương,2021-05-27,33400.0
Cà phê Robusta nhân xô,Kon Tum,Đại lý thu mua,VNĐ/Kg,VNĐ,CTV địa phương,2021-05-27,33200.0
Cà phê Robusta nhân xô,Lâm Đồng,Công ty thu mua,VNĐ/Kg,VNĐ,CTV địa phương,2021-05-27,32700.0
Cà phê Robusta nhân xô,Lâm Đồng,Đại lý thu mua,VNĐ/Kg,VNĐ,CTV địa phương,2021-05-27,32600.0
Cà phê Robusta nhân xô,Lâm Đồng,Thương lái thu mua,VNĐ/kg,VNĐ,CTV địa phương,2021-05-27,32567.0
Cà phê Robusta nhân xô,Đắk Lắk,Công ty thu mua,VNĐ/Kg,VNĐ,CTV địa phương,2021-05-26,33400.0
Cà phê Robusta nhân xô,Đắk Lắk,Đại lý thu mua,VNĐ/Kg,VNĐ,CTV địa phương,2021-05-26,33300.0
Cà phê Robusta nhân xô,Đắk Lắk,Thương lái thu mua,VNĐ/kg,VNĐ,CTV địa phương,2021-05-26,33167.0
Cà phê Robusta nhân xô,Đắk Nông,Công ty thu mua,VNĐ/Kg,VNĐ,CTV địa phương,2021-05-26,33300.0
Cà phê Robusta nhân xô,Đắk Nông,Đại lý thu mua,VNĐ/Kg,VNĐ,CTV địa phương,2021-05-26,33000.0
Cà phê Robusta nhân xô,Gia Lai,Đại lý thu mua,VNĐ/Kg,VNĐ,CTV địa phương,2021-05-26,32900.0
Cà phê Robusta nhân xô,Kon Tum,Đại lý thu mua,VNĐ/Kg,VNĐ,CTV địa phương,2021-05-26,32900.0
Cà phê Robusta nhân xô,Lâm Đồng,Công ty thu mua,VNĐ/Kg,VNĐ,CTV địa phương,2021-05-26,32300.0
Cà phê Robusta nhân xô,Lâm Đồng,Đại lý thu mua,VNĐ/Kg,VNĐ,CTV địa phương,2021-05-26,32200.0
Cà phê Robusta nhân xô,Lâm Đồng,Thương lái thu mua,VNĐ/kg,VNĐ,CTV địa phương,2021-05-26,32167.0
Cà phê Robusta nhân xô,Đắk Lắk,Công ty thu mua,VNĐ/Kg,VNĐ,CTV địa phương,2021-05-25,33200.0
Cà phê Robusta nhân xô,Đắk Lắk,Đại lý thu mua,VNĐ/Kg,VNĐ,CTV địa phương,2021-05-25,33100.0
Cà phê Robusta nhân xô,Đắk Lắk,Thương lái thu mua,VNĐ/kg,VNĐ,CTV địa phương,2021-05-25,32967.0
Cà phê Robusta nhân xô,Đắk Nông,Công ty thu mua,VNĐ/Kg,VNĐ,CTV địa phương,2021-05-25,33100.0
Cà phê Robusta nhân xô,Đắk Nông,Đại lý thu mua,VNĐ/Kg,VNĐ,CTV địa phương,2021-05-25,32800.0
Cà phê Robusta nhân xô,Gia Lai,Đại lý thu mua,VNĐ/Kg,VNĐ,CTV địa phương,2021-05-25,32800.0
Cà phê Robusta nhân xô,Kon Tum,Đại lý thu mua,VNĐ/Kg,VNĐ,CTV địa phương,2021-05-25,32700.0
Cà phê Robusta nhân xô,Lâm Đồng,Công ty thu mua,VNĐ/Kg,VNĐ,CTV địa phương,2021-05-25,32100.0
Cà phê Robusta nhân xô,Lâm Đồng,Đại lý thu mua,VNĐ/Kg,VNĐ,CTV địa phương,2021-05-25,32000.0
Cà phê Robusta nhân xô,Lâm Đồng,Thương lái thu mua,VNĐ/kg,VNĐ,CTV địa phương,2021-05-25,31967.0
Cà phê Robusta nhân xô,Đắk Lắk,Công ty thu mua,VNĐ/Kg,VNĐ,CTV địa phương,2021-05-24,33100.0
Cà phê Robusta nhân xô,Đắk Lắk,Đại lý thu mua,VNĐ/Kg,VNĐ,CTV địa phương,2021-05-24,33000.0
Cà phê Robusta nhân xô,Đắk Lắk,Thương lái thu mua,VNĐ/kg,VNĐ,CTV địa phương,2021-05-24,32867.0
Cà phê Robusta nhân xô,Đắk Nông,Công ty thu mua,VNĐ/Kg,VNĐ,CTV địa phương,2021-05-24,33000.0
Cà phê Robusta nhân xô,Đắk Nông,Đại lý thu mua,VNĐ/Kg,VNĐ,CTV địa phương,2021-05-24,32700.0
Cà phê Robusta nhân xô,Gia Lai,Đại lý thu mua,VNĐ/Kg,VNĐ,CTV địa phương,2021-05-24,32700.0
Cà phê Robusta nhân xô,Kon Tum,Đại lý thu mua,VNĐ/Kg,VNĐ,CTV địa phương,2021-05-24,32500.0
Cà phê Robusta nhân xô,Lâm Đồng,Công ty thu mua,VNĐ/Kg,VNĐ,CTV địa phương,2021-05-24,31900.0
Cà phê Robusta nhân xô,Lâm Đồng,Đại lý thu mua,VNĐ/Kg,VNĐ,CTV địa phương,2021-05-24,31800.0
Cà phê Robusta nhân xô,Lâm Đồng,Thương lái thu mua,VNĐ/kg,VNĐ,CTV địa phương,2021-05-24,31867.0
Cà phê Robusta nhân xô,Đắk Lắk,Công ty thu mua,VNĐ/Kg,VNĐ,CTV địa phương,2021-05-21,33000.0
Cà phê Robusta nhân xô,Đắk Lắk,Đại lý thu mua,VNĐ/Kg,VNĐ,CTV địa phương,2021-05-21,32900.0
Cà phê Robusta nhân xô,Đắk Lắk,Thương lái thu mua,VNĐ/kg,VNĐ,CTV địa phương,2021-05-21,32767.0
Cà phê Robusta nhân xô,Đắk Nông,Công ty thu mua,VNĐ/Kg,VNĐ,CTV địa phương,2021-05-21,32900.0
Cà phê Robusta nhân xô,Đắk Nông,Đại lý thu mua,VNĐ/Kg,VNĐ,CTV địa phương,2021-05-21,32600.0
Cà phê Robusta nhân xô,Gia Lai,Đại lý thu mua,VNĐ/Kg,VNĐ,CTV địa phương,2021-05-21,32600.0
Cà phê Robusta nhân xô,Kon Tum,Đại lý thu mua,VNĐ/Kg,VNĐ,CTV địa phương,2021-05-21,32500.0
Cà phê Robusta nhân xô,Lâm Đồng,Công ty thu mua,VNĐ/Kg,VNĐ,CTV địa phương,2021-05-21,31900.0
Cà phê Robusta nhân xô,Lâm Đồng,Đại lý thu mua,VNĐ/Kg,VNĐ,CTV địa phương,2021-05-21,31800.0
Cà phê Robusta nhân xô,Lâm Đồng,Thương lái thu mua,VNĐ/kg,VNĐ,CTV địa phương,2021-05-21,31767.0
Cà phê Robusta nhân xô,Đắk Lắk,Công ty thu mua,VNĐ/Kg,VNĐ,CTV địa phương,2021-05-20,33000.0
Cà phê Robusta nhân xô,Đắk Lắk,Đại lý thu mua,VNĐ/Kg,VNĐ,CTV địa phương,2021-05-20,32900.0
Cà phê Robusta nhân xô,Đắk Lắk,Thương lái thu mua,VNĐ/kg,VNĐ,CTV địa phương,2021-05-20,32767.0
Cà phê Robusta nhân xô,Đắk Nông,Công ty thu mua,VNĐ/Kg,VNĐ,CTV địa phương,2021-05-20,32900.0
Cà phê Robusta nhân xô,Đắk Nông,Đại lý thu mua,VNĐ/Kg,VNĐ,CTV địa phương,2021-05-20,32600.0
Cà phê Robusta nhân xô,Gia Lai,Đại lý thu mua,VNĐ/Kg,VNĐ,CTV địa phương,2021-05-20,32600.0
Cà phê Robusta nhân xô,Kon Tum,Đại lý thu mua,VNĐ/Kg,VNĐ,CTV địa phương,2021-05-20,32700.0
Cà phê Robusta nhân xô,Lâm Đồng,Công ty thu mua,VNĐ/Kg,VNĐ,CTV địa phương,2021-05-20,31900.0
Cà phê Robusta nhân xô,Lâm Đồng,Đại lý thu mua,VNĐ/Kg,VNĐ,CTV địa phương,2021-05-20,31800.0
Cà phê Robusta nhân xô,Lâm Đồng,Thương lái thu mua,VNĐ/kg,VNĐ,CTV địa phương,2021-05-20,31767.0
Cà phê Robusta nhân xô,Đắk Lắk,Công ty thu mua,VNĐ/Kg,VNĐ,CTV địa phương,2021-05-19,33400.0
Cà phê Robusta nhân xô,Đắk Lắk,Đại lý thu mua,VNĐ/Kg,VNĐ,CTV địa phương,2021-05-19,33300.0
Cà phê Robusta nhân xô,Đắk Lắk,Thương lái thu mua,VNĐ/kg,VNĐ,CTV địa phương,2021-05-19,33167.0
Cà phê Robusta nhân xô,Đắk Nông,Công ty thu mua,VNĐ/Kg,VNĐ,CTV địa phương,2021-05-19,33300.0
Cà phê Robusta nhân xô,Đắk Nông,Đại lý thu mua,VNĐ/Kg,VNĐ,CTV địa phương,2021-05-19,33000.0
Cà phê Robusta nhân xô,Gia Lai,Đại lý thu mua,VNĐ/Kg,VNĐ,CTV địa phương,2021-05-19,33000.0
Cà phê Robusta nhân xô,Kon Tum,Đại lý thu mua,VNĐ/Kg,VNĐ,CTV địa phương,2021-05-19,32900.0
Cà phê Robusta nhân xô,Lâm Đồng,Công ty thu mua,VNĐ/Kg,VNĐ,CTV địa phương,2021-05-19,32300.0
Cà phê Robusta nhân xô,Lâm Đồng,Đại lý thu mua,VNĐ/Kg,VNĐ,CTV địa phương,2021-05-19,32200.0
Cà phê Robusta nhân xô,Lâm Đồng,Thương lái thu mua,VNĐ/kg,VNĐ,CTV địa phương,2021-05-19,32167.0
Cà phê Robusta nhân xô,Đắk Lắk,Công ty thu mua,VNĐ/Kg,VNĐ,CTV địa phương,2021-05-18,32700.0
Cà phê Robusta nhân xô,Đắk Lắk,Đại lý thu mua,VNĐ/Kg,VNĐ,CTV địa phương,2021-05-18,32600.0
Cà phê Robusta nhân xô,Đắk Lắk,Thương lái thu mua,VNĐ/kg,VNĐ,CTV địa phương,2021-05-18,32467.0
Cà phê Robusta nhân xô,Đắk Nông,Công ty thu mua,VNĐ/Kg,VNĐ,CTV địa phương,2021-05-18,32600.0
Cà phê Robusta nhân xô,Đắk Nông,Đại lý thu mua,VNĐ/Kg,VNĐ,CTV địa phương,2021-05-18,32300.0
Cà phê Robusta nhân xô,Gia Lai,Đại lý thu mua,VNĐ/Kg,VNĐ,CTV địa phương,2021-05-18,32300.0
Cà phê Robusta nhân xô,Kon Tum,Đại lý thu mua,VNĐ/Kg,VNĐ,CTV địa phương,2021-05-18,32300.0
Cà phê Robusta nhân xô,Lâm Đồng,Công ty thu mua,VNĐ/Kg,VNĐ,CTV địa phương,2021-05-18,31600.0
Cà phê Robusta nhân xô,Lâm Đồng,Đại lý thu mua,VNĐ/Kg,VNĐ,CTV địa phương,2021-05-18,31500.0
Cà phê Robusta nhân xô,Lâm Đồng,Thương lái thu mua,VNĐ/kg,VNĐ,CTV địa phương,2021-05-18,31467.0
Cà phê Robusta nhân xô,Đắk Lắk,Công ty thu mua,VNĐ/Kg,VNĐ,CTV địa phương,2021-05-17,32700.0
Cà phê Robusta nhân xô,Đắk Lắk,Đại lý thu mua,VNĐ/Kg,VNĐ,CTV địa phương,2021-05-17,32600.0
Cà phê Robusta nhân xô,Đắk Lắk,Thương lái thu mua,VNĐ/kg,VNĐ,CTV địa phương,2021-05-17,32467.0
Cà phê Robusta nhân xô,Đắk Nông,Công ty thu mua,VNĐ/Kg,VNĐ,CTV địa phương,2021-05-17,32600.0
Cà phê Robusta nhân xô,Đắk Nông,Đại lý thu mua,VNĐ/Kg,VNĐ,CTV địa phương,2021-05-17,32300.0
Cà phê Robusta nhân xô,Gia Lai,Đại lý thu mua,VNĐ/Kg,VNĐ,CTV địa phương,2021-05-17,32300.0
Cà phê Robusta nhân xô,Kon Tum,Đại lý thu mua,VNĐ/Kg,VNĐ,CTV địa phương,2021-05-17,32300.0
Cà phê Robusta nhân xô,Lâm Đồng,Công ty thu mua,VNĐ/Kg,VNĐ,CTV địa phương,2021-05-17,31600.0
Cà phê Robusta nhân xô,Lâm Đồng,Đại lý thu mua,VNĐ/Kg,VNĐ,CTV địa phương,2021-05-17,31500.0
Cà phê Robusta nhân xô,Lâm Đồng,Thương lái thu mua,VNĐ/kg,VNĐ,CTV địa phương,2021-05-17,31467.0
Cà phê Robusta nhân xô,Đắk Lắk,Công ty thu mua,VNĐ/Kg,VNĐ,CTV địa phương,2021-05-14,33500.0
Cà phê Robusta nhân xô,Đắk Lắk,Đại lý thu mua,VNĐ/Kg,VNĐ,CTV địa phương,2021-05-14,33400.0
Cà phê Robusta nhân xô,Đắk Lắk,Thương lái thu mua,VNĐ/kg,VNĐ,CTV địa phương,2021-05-14,32267.0
Cà phê Robusta nhân xô,Đắk Nông,Công ty thu mua,VNĐ/Kg,VNĐ,CTV địa phương,2021-05-14,33400.0
Cà phê Robusta nhân xô,Đắk Nông,Đại lý thu mua,VNĐ/Kg,VNĐ,CTV địa phương,2021-05-14,33100.0
Cà phê Robusta nhân xô,Gia Lai,Đại lý thu mua,VNĐ/Kg,VNĐ,CTV địa phương,2021-05-14,33100.0
Cà phê Robusta nhân xô,Kon Tum,Đại lý thu mua,VNĐ/Kg,VNĐ,CTV địa phương,2021-05-14,32900.0
Cà phê Robusta nhân xô,Lâm Đồng,Công ty thu mua,VNĐ/Kg,VNĐ,CTV địa phương,2021-05-14,32400.0
Cà phê Robusta nhân xô,Lâm Đồng,Đại lý thu mua,VNĐ/Kg,VNĐ,CTV địa phương,2021-05-14,32300.0
Cà phê Robusta nhân xô,Lâm Đồng,Thương lái thu mua,VNĐ/kg,VNĐ,CTV địa phương,2021-05-14,32267.0
Cà phê Robusta nhân xô,Đắk Lắk,Công ty thu mua,VNĐ/Kg,VNĐ,CTV địa phương,2021-05-13,33800.0
Cà phê Robusta nhân xô,Đắk Lắk,Đại lý thu mua,VNĐ/Kg,VNĐ,CTV địa phương,2021-05-13,33700.0
Cà phê Robusta nhân xô,Đắk Lắk,Thương lái thu mua,VNĐ/kg,VNĐ,CTV địa phương,2021-05-13,32567.0
Cà phê Robusta nhân xô,Đắk Nông,Công ty thu mua,VNĐ/Kg,VNĐ,CTV địa phương,2021-05-13,33700.0
Cà phê Robusta nhân xô,Đắk Nông,Đại lý thu mua,VNĐ/Kg,VNĐ,CTV địa phương,2021-05-13,33400.0
Cà phê Robusta nhân xô,Gia Lai,Đại lý thu mua,VNĐ/Kg,VNĐ,CTV địa phương,2021-05-13,33400.0
Cà phê Robusta nhân xô,Kon Tum,Đại lý thu mua,VNĐ/Kg,VNĐ,CTV địa phương,2021-05-13,33400.0
Cà phê Robusta nhân xô,Lâm Đồng,Công ty thu mua,VNĐ/Kg,VNĐ,CTV địa phương,2021-05-13,32700.0
Cà phê Robusta nhân xô,Lâm Đồng,Đại lý thu mua,VNĐ/Kg,VNĐ,CTV địa phương,2021-05-13,32600.0
Cà phê Robusta nhân xô,Lâm Đồng,Thương lái thu mua,VNĐ/kg,VNĐ,CTV địa phương,2021-05-13,32567.0
Cà phê Robusta nhân xô,Đắk Lắk,Công ty thu mua,VNĐ/Kg,VNĐ,CTV địa phương,2021-05-12,34200.0
Cà phê Robusta nhân xô,Đắk Lắk,Đại lý thu mua,VNĐ/Kg,VNĐ,CTV địa phương,2021-05-12,34100.0
Cà phê Robusta nhân xô,Đắk Lắk,Thương lái thu mua,VNĐ/kg,VNĐ,CTV địa phương,2021-05-12,32967.0
Cà phê Robusta nhân xô,Đắk Nông,Công ty thu mua,VNĐ/Kg,VNĐ,CTV địa phương,2021-05-12,34100.0
Cà phê Robusta nhân xô,Đắk Nông,Đại lý thu mua,VNĐ/Kg,VNĐ,CTV địa phương,2021-05-12,33800.0
Cà phê Robusta nhân xô,Gia Lai,Đại lý thu mua,VNĐ/Kg,VNĐ,CTV địa phương,2021-05-12,33800.0
Cà phê Robusta nhân xô,Kon Tum,Đại lý thu mua,VNĐ/Kg,VNĐ,CTV địa phương,2021-05-12,33800.0
Cà phê Robusta nhân xô,Lâm Đồng,Công ty thu mua,VNĐ/Kg,VNĐ,CTV địa phương,2021-05-12,33000.0
Cà phê Robusta nhân xô,Lâm Đồng,Đại lý thu mua,VNĐ/Kg,VNĐ,CTV địa phương,2021-05-12,32900.0
Cà phê Robusta nhân xô,Lâm Đồng,Thương lái thu mua,VNĐ/kg,VNĐ,CTV địa phương,2021-05-12,32967.0
Cà phê Robusta nhân xô,Đắk Lắk,Công ty thu mua,VNĐ/Kg,VNĐ,CTV địa phương,2021-05-11,33900.0
Cà phê Robusta nhân xô,Đắk Lắk,Đại lý thu mua,VNĐ/Kg,VNĐ,CTV địa phương,2021-05-11,33800.0
Cà phê Robusta nhân xô,Đắk Lắk,Thương lái thu mua,VNĐ/kg,VNĐ,CTV địa phương,2021-05-11,32667.0
Cà phê Robusta nhân xô,Đắk Nông,Công ty thu mua,VNĐ/Kg,VNĐ,CTV địa phương,2021-05-11,33800.0
Cà phê Robusta nhân xô,Đắk Nông,Đại lý thu mua,VNĐ/Kg,VNĐ,CTV địa phương,2021-05-11,33500.0
Cà phê Robusta nhân xô,Gia Lai,Đại lý thu mua,VNĐ/Kg,VNĐ,CTV địa phương,2021-05-11,33500.0
Cà phê Robusta nhân xô,Kon Tum,Đại lý thu mua,VNĐ/Kg,VNĐ,CTV địa phương,2021-05-11,33500.0
Cà phê Robusta nhân xô,Lâm Đồng,Công ty thu mua,VNĐ/Kg,VNĐ,CTV địa phương,2021-05-11,32800.0
Cà phê Robusta nhân xô,Lâm Đồng,Đại lý thu mua,VNĐ/Kg,VNĐ,CTV địa phương,2021-05-11,32700.0
Cà phê Robusta nhân xô,Lâm Đồng,Thương lái thu mua,VNĐ/kg,VNĐ,CTV địa phương,2021-05-11,32667.0
Cà phê Robusta nhân xô,Đắk Lắk,Công ty thu mua,VNĐ/Kg,VNĐ,CTV địa phương,2021-05-10,34300.0
Cà phê Robusta nhân xô,Đắk Lắk,Đại lý thu mua,VNĐ/Kg,VNĐ,CTV địa phương,2021-05-10,34200.0
Cà phê Robusta nhân xô,Đắk Lắk,Thương lái thu mua,VNĐ/kg,VNĐ,CTV địa phương,2021-05-10,33067.0
Cà phê Robusta nhân xô,Đắk Nông,Công ty thu mua,VNĐ/Kg,VNĐ,CTV địa phương,2021-05-10,34200.0
Cà phê Robusta nhân xô,Đắk Nông,Đại lý thu mua,VNĐ/Kg,VNĐ,CTV địa phương,2021-05-10,33900.0
Cà phê Robusta nhân xô,Gia Lai,Đại lý thu mua,VNĐ/Kg,VNĐ,CTV địa phương,2021-05-10,33900.0
Cà phê Robusta nhân xô,Kon Tum,Đại lý thu mua,VNĐ/Kg,VNĐ,CTV địa phương,2021-05-10,33900.0
Cà phê Robusta nhân xô,Lâm Đồng,Công ty thu mua,VNĐ/Kg,VNĐ,CTV địa phương,2021-05-10,33200.0
Cà phê Robusta nhân xô,Lâm Đồng,Đại lý thu mua,VNĐ/Kg,VNĐ,CTV địa phương,2021-05-10,33100.0
Cà phê Robusta nhân xô,Lâm Đồng,Thương lái thu mua,VNĐ/kg,VNĐ,CTV địa phương,2021-05-10,33067.0
Cà phê Robusta nhân xô,Đắk Lắk,Công ty thu mua,VNĐ/Kg,VNĐ,CTV địa phương,2021-05-07,34600.0
Cà phê Robusta nhân xô,Đắk Lắk,Đại lý thu mua,VNĐ/Kg,VNĐ,CTV địa phương,2021-05-07,34500.0
Cà phê Robusta nhân xô,Đắk Lắk,Thương lái thu mua,VNĐ/kg,VNĐ,CTV địa phương,2021-05-07,34367.0
Cà phê Robusta nhân xô,Đắk Nông,Công ty thu mua,VNĐ/Kg,VNĐ,CTV địa phương,2021-05-07,34500.0
Cà phê Robusta nhân xô,Đắk Nông,Đại lý thu mua,VNĐ/Kg,VNĐ,CTV địa phương,2021-05-07,34200.0
Cà phê Robusta nhân xô,Gia Lai,Đại lý thu mua,VNĐ/Kg,VNĐ,CTV địa phương,2021-05-07,34200.0
Cà phê Robusta nhân xô,Kon Tum,Đại lý thu mua,VNĐ/Kg,VNĐ,CTV địa phương,2021-05-07,34000.0
Cà phê Robusta nhân xô,Lâm Đồng,Công ty thu mua,VNĐ/Kg,VNĐ,CTV địa phương,2021-05-07,33500.0
Cà phê Robusta nhân xô,Lâm Đồng,Đại lý thu mua,VNĐ/Kg,VNĐ,CTV địa phương,2021-05-07,33400.0
Cà phê Robusta nhân xô,Lâm Đồng,Thương lái thu mua,VNĐ/kg,VNĐ,CTV địa phương,2021-05-07,33367.0
Cà phê Robusta nhân xô,Đắk Lắk,Công ty thu mua,VNĐ/Kg,VNĐ,CTV địa phương,2021-05-06,34500.0
Cà phê Robusta nhân xô,Đắk Lắk,Đại lý thu mua,VNĐ/Kg,VNĐ,CTV địa phương,2021-05-06,34400.0
Cà phê Robusta nhân xô,Đắk Lắk,Thương lái thu mua,VNĐ/kg,VNĐ,CTV địa phương,2021-05-06,34267.0
Cà phê Robusta nhân xô,Đắk Nông,Công ty thu mua,VNĐ/Kg,VNĐ,CTV địa phương,2021-05-06,34400.0
Cà phê Robusta nhân xô,Đắk Nông,Đại lý thu mua,VNĐ/Kg,VNĐ,CTV địa phương,2021-05-06,34100.0
Cà phê Robusta nhân xô,Gia Lai,Đại lý thu mua,VNĐ/Kg,VNĐ,CTV địa phương,2021-05-06,34100.0
Cà phê Robusta nhân xô,Kon Tum,Đại lý thu mua,VNĐ/Kg,VNĐ,CTV địa phương,2021-05-06,33900.0
Cà phê Robusta nhân xô,Lâm Đồng,Công ty thu mua,VNĐ/Kg,VNĐ,CTV địa phương,2021-05-06,33500.0
Cà phê Robusta nhân xô,Lâm Đồng,Đại lý thu mua,VNĐ/Kg,VNĐ,CTV địa phương,2021-05-06,33400.0
Cà phê Robusta nhân xô,Lâm Đồng,Thương lái thu mua,VNĐ/kg,VNĐ,CTV địa phương,2021-05-06,33367.0
Cà phê Robusta nhân xô,Đắk Lắk,Công ty thu mua,VNĐ/Kg,VNĐ,CTV địa phương,2021-05-05,33800.0
Cà phê Robusta nhân xô,Đắk Lắk,Đại lý thu mua,VNĐ/Kg,VNĐ,CTV địa phương,2021-05-05,33700.0
Cà phê Robusta nhân xô,Đắk Lắk,Thương lái thu mua,VNĐ/kg,VNĐ,CTV địa phương,2021-05-05,33567.0
Cà phê Robusta nhân xô,Đắk Nông,Công ty thu mua,VNĐ/Kg,VNĐ,CTV địa phương,2021-05-05,33700.0
Cà phê Robusta nhân xô,Đắk Nông,Đại lý thu mua,VNĐ/Kg,VNĐ,CTV địa phương,2021-05-05,33400.0
Cà phê Robusta nhân xô,Gia Lai,Đại lý thu mua,VNĐ/Kg,VNĐ,CTV địa phương,2021-05-05,33400.0
Cà phê Robusta nhân xô,Kon Tum,Đại lý thu mua,VNĐ/Kg,VNĐ,CTV địa phương,2021-05-05,33200.0
Cà phê Robusta nhân xô,Lâm Đồng,Công ty thu mua,VNĐ/Kg,VNĐ,CTV địa phương,2021-05-05,32800.0
Cà phê Robusta nhân xô,Lâm Đồng,Đại lý thu mua,VNĐ/Kg,VNĐ,CTV địa phương,2021-05-05,32700.0
Cà phê Robusta nhân xô,Lâm Đồng,Thương lái thu mua,VNĐ/kg,VNĐ,CTV địa phương,2021-05-05,32667.0
Cà phê Robusta nhân xô,Đắk Lắk,Công ty thu mua,VNĐ/Kg,VNĐ,CTV địa phương,2021-05-04,33500.0
Cà phê Robusta nhân xô,Đắk Lắk,Đại lý thu mua,VNĐ/Kg,VNĐ,CTV địa phương,2021-05-04,33400.0
Cà phê Robusta nhân xô,Đắk Lắk,Thương lái thu mua,VNĐ/kg,VNĐ,CTV địa phương,2021-05-04,33267.0
Cà phê Robusta nhân xô,Đắk Nông,Công ty thu mua,VNĐ/Kg,VNĐ,CTV địa phương,2021-05-04,33400.0
Cà phê Robusta nhân xô,Đắk Nông,Đại lý thu mua,VNĐ/Kg,VNĐ,CTV địa phương,2021-05-04,33100.0
Cà phê Robusta nhân xô,Gia Lai,Đại lý thu mua,VNĐ/Kg,VNĐ,CTV địa phương,2021-05-04,33100.0
Cà phê Robusta nhân xô,Kon Tum,Đại lý thu mua,VNĐ/Kg,VNĐ,CTV địa phương,2021-05-04,33100.0
Cà phê Robusta nhân xô,Lâm Đồng,Công ty thu mua,VNĐ/Kg,VNĐ,CTV địa phương,2021-05-04,32400.0
Cà phê Robusta nhân xô,Lâm Đồng,Đại lý thu mua,VNĐ/Kg,VNĐ,CTV địa phương,2021-05-04,32300.0
Cà phê Robusta nhân xô,Lâm Đồng,Thương lái thu mua,VNĐ/kg,VNĐ,CTV địa phương,2021-05-04,32367.0
Cà phê Robusta nhân xô,Đắk Lắk,Công ty thu mua,VNĐ/Kg,VNĐ,CTV địa phương,2021-05-03,33400.0
Cà phê Robusta nhân xô,Đắk Lắk,Đại lý thu mua,VNĐ/Kg,VNĐ,CTV địa phương,2021-05-03,33300.0
Cà phê Robusta nhân xô,Đắk Lắk,Thương lái thu mua,VNĐ/kg,VNĐ,CTV địa phương,2021-05-03,33367.0
Cà phê Robusta nhân xô,Đắk Nông,Công ty thu mua,VNĐ/Kg,VNĐ,CTV địa phương,2021-05-03,33400.0
Cà phê Robusta nhân xô,Đắk Nông,Đại lý thu mua,VNĐ/Kg,VNĐ,CTV địa phương,2021-05-03,33100.0
Cà phê Robusta nhân xô,Gia Lai,Đại lý thu mua,VNĐ/Kg,VNĐ,CTV địa phương,2021-05-03,33200.0
Cà phê Robusta nhân xô,Kon Tum,Đại lý thu mua,VNĐ/Kg,VNĐ,CTV địa phương,2021-05-03,33200.0
Cà phê Robusta nhân xô,Lâm Đồng,Công ty thu mua,VNĐ/Kg,VNĐ,CTV địa phương,2021-05-03,32500.0
Cà phê Robusta nhân xô,Lâm Đồng,Đại lý thu mua,VNĐ/Kg,VNĐ,CTV địa phương,2021-05-03,32400.0
Cà phê Robusta nhân xô,Lâm Đồng,Thương lái thu mua,VNĐ/kg,VNĐ,CTV địa phương,2021-05-03,32433.0
Cà phê Robusta nhân xô,Đắk Lắk,Thương lái thu mua,VNĐ/kg,VNĐ,CTV địa phương,2021-05-01,33189.0
Cà phê Robusta nhân xô,Lâm Đồng,Thương lái thu mua,VNĐ/kg,VNĐ,CTV địa phương,2021-05-01,32437.0
Cà phê Robusta nhân xô,Đắk Lắk,Công ty thu mua,VNĐ/Kg,VNĐ,CTV địa phương,2021-04-30,33300.0
Cà phê Robusta nhân xô,Đắk Lắk,Đại lý thu mua,VNĐ/Kg,VNĐ,CTV địa phương,2021-04-30,33200.0
Cà phê Robusta nhân xô,Đắk Lắk,Thương lái thu mua,VNĐ/kg,VNĐ,CTV địa phương,2021-04-30,33267.0
Cà phê Robusta nhân xô,Đắk Nông,Công ty thu mua,VNĐ/Kg,VNĐ,CTV địa phương,2021-04-30,33300.0
Cà phê Robusta nhân xô,Đắk Nông,Đại lý thu mua,VNĐ/Kg,VNĐ,CTV địa phương,2021-04-30,33000.0
Cà phê Robusta nhân xô,Gia Lai,Đại lý thu mua,VNĐ/Kg,VNĐ,CTV địa phương,2021-04-30,33100.0
Cà phê Robusta nhân xô,Kon Tum,Đại lý thu mua,VNĐ/Kg,VNĐ,CTV địa phương,2021-04-30,33100.0
Cà phê Robusta nhân xô,Lâm Đồng,Công ty thu mua,VNĐ/Kg,VNĐ,CTV địa phương,2021-04-30,32400.0
Cà phê Robusta nhân xô,Lâm Đồng,Đại lý thu mua,VNĐ/Kg,VNĐ,CTV địa phương,2021-04-30,32300.0
Cà phê Robusta nhân xô,Lâm Đồng,Thương lái thu mua,VNĐ/kg,VNĐ,CTV địa phương,2021-04-30,32367.0
Cà phê Robusta nhân xô,Đắk Lắk,Công ty thu mua,VNĐ/Kg,VNĐ,CTV địa phương,2021-04-29,33800.0
Cà phê Robusta nhân xô,Đắk Lắk,Đại lý thu mua,VNĐ/Kg,VNĐ,CTV địa phương,2021-04-29,33700.0
Cà phê Robusta nhân xô,Đắk Lắk,Thương lái thu mua,VNĐ/kg,VNĐ,CTV địa phương,2021-04-29,33567.0
Cà phê Robusta nhân xô,Đắk Nông,Công ty thu mua,VNĐ/Kg,VNĐ,CTV địa phương,2021-04-29,33700.0
Cà phê Robusta nhân xô,Đắk Nông,Đại lý thu mua,VNĐ/Kg,VNĐ,CTV địa phương,2021-04-29,33400.0
Cà phê Robusta nhân xô,Gia Lai,Đại lý thu mua,VNĐ/Kg,VNĐ,CTV địa phương,2021-04-29,33400.0
Cà phê Robusta nhân xô,Kon Tum,Đại lý thu mua,VNĐ/Kg,VNĐ,CTV địa phương,2021-04-29,33400.0
Cà phê Robusta nhân xô,Lâm Đồng,Công ty thu mua,VNĐ/Kg,VNĐ,CTV địa phương,2021-04-29,32800.0
Cà phê Robusta nhân xô,Lâm Đồng,Đại lý thu mua,VNĐ/Kg,VNĐ,CTV địa phương,2021-04-29,32700.0
Cà phê Robusta nhân xô,Lâm Đồng,Thương lái thu mua,VNĐ/kg,VNĐ,CTV địa phương,2021-04-29,32667.0
Cà phê Robusta nhân xô,Đắk Lắk,Công ty thu mua,VNĐ/Kg,VNĐ,CTV địa phương,2021-04-28,33800.0
Cà phê Robusta nhân xô,Đắk Lắk,Đại lý thu mua,VNĐ/Kg,VNĐ,CTV địa phương,2021-04-28,33700.0
Cà phê Robusta nhân xô,Đắk Lắk,Thương lái thu mua,VNĐ/kg,VNĐ,CTV địa phương,2021-04-28,33567.0
Cà phê Robusta nhân xô,Đắk Nông,Công ty thu mua,VNĐ/Kg,VNĐ,CTV địa phương,2021-04-28,33700.0
Cà phê Robusta nhân xô,Đắk Nông,Đại lý thu mua,VNĐ/Kg,VNĐ,CTV địa phương,2021-04-28,33400.0
Cà phê Robusta nhân xô,Gia Lai,Đại lý thu mua,VNĐ/Kg,VNĐ,CTV địa phương,2021-04-28,33400.0
Cà phê Robusta nhân xô,Kon Tum,Đại lý thu mua,VNĐ/Kg,VNĐ,CTV địa phương,2021-04-28,33400.0
Cà phê Robusta nhân xô,Lâm Đồng,Công ty thu mua,VNĐ/Kg,VNĐ,CTV địa phương,2021-04-28,32800.0
Cà phê Robusta nhân xô,Lâm Đồng,Đại lý thu mua,VNĐ/Kg,VNĐ,CTV địa phương,2021-04-28,32700.0
Cà phê Robusta nhân xô,Lâm Đồng,Thương lái thu mua,VNĐ/kg,VNĐ,CTV địa phương,2021-04-28,32667.0
Cà phê Robusta nhân xô,Đắk Lắk,Công ty thu mua,VNĐ/Kg,VNĐ,CTV địa phương,2021-04-27,33600.0
Cà phê Robusta nhân xô,Đắk Lắk,Đại lý thu mua,VNĐ/Kg,VNĐ,CTV địa phương,2021-04-27,33500.0
Cà phê Robusta nhân xô,Đắk Lắk,Thương lái thu mua,VNĐ/kg,VNĐ,CTV địa phương,2021-04-27,33367.0
Cà phê Robusta nhân xô,Đắk Nông,Công ty thu mua,VNĐ/Kg,VNĐ,CTV địa phương,2021-04-27,33500.0
Cà phê Robusta nhân xô,Đắk Nông,Đại lý thu mua,VNĐ/Kg,VNĐ,CTV địa phương,2021-04-27,33200.0
Cà phê Robusta nhân xô,Gia Lai,Đại lý thu mua,VNĐ/Kg,VNĐ,CTV địa phương,2021-04-27,33200.0
Cà phê Robusta nhân xô,Kon Tum,Đại lý thu mua,VNĐ/Kg,VNĐ,CTV địa phương,2021-04-27,33000.0
Cà phê Robusta nhân xô,Lâm Đồng,Công ty thu mua,VNĐ/Kg,VNĐ,CTV địa phương,2021-04-27,32600.0
Cà phê Robusta nhân xô,Lâm Đồng,Đại lý thu mua,VNĐ/Kg,VNĐ,CTV địa phương,2021-04-27,32500.0
Cà phê Robusta nhân xô,Lâm Đồng,Thương lái thu mua,VNĐ/kg,VNĐ,CTV địa phương,2021-04-27,32467.0
Cà phê Robusta nhân xô,Đắk Lắk,Công ty thu mua,VNĐ/Kg,VNĐ,CTV địa phương,2021-04-26,33300.0
Cà phê Robusta nhân xô,Đắk Lắk,Đại lý thu mua,VNĐ/Kg,VNĐ,CTV địa phương,2021-04-26,33200.0
Cà phê Robusta nhân xô,Đắk Lắk,Thương lái thu mua,VNĐ/kg,VNĐ,CTV địa phương,2021-04-26,33067.0
Cà phê Robusta nhân xô,Đắk Nông,Công ty thu mua,VNĐ/Kg,VNĐ,CTV địa phương,2021-04-26,33200.0
Cà phê Robusta nhân xô,Đắk Nông,Đại lý thu mua,VNĐ/Kg,VNĐ,CTV địa phương,2021-04-26,32900.0
Cà phê Robusta nhân xô,Gia Lai,Đại lý thu mua,VNĐ/Kg,VNĐ,CTV địa phương,2021-04-26,32900.0
Cà phê Robusta nhân xô,Kon Tum,Đại lý thu mua,VNĐ/Kg,VNĐ,CTV địa phương,2021-04-26,32700.0
Cà phê Robusta nhân xô,Lâm Đồng,Công ty thu mua,VNĐ/Kg,VNĐ,CTV địa phương,2021-04-26,32300.0
Cà phê Robusta nhân xô,Lâm Đồng,Đại lý thu mua,VNĐ/Kg,VNĐ,CTV địa phương,2021-04-26,32200.0
Cà phê Robusta nhân xô,Lâm Đồng,Thương lái thu mua,VNĐ/kg,VNĐ,CTV địa phương,2021-04-26,32167.0
Cà phê Robusta nhân xô,Đắk Lắk,Công ty thu mua,VNĐ/Kg,VNĐ,CTV địa phương,2021-04-23,33200.0
Cà phê Robusta nhân xô,Đắk Lắk,Đại lý thu mua,VNĐ/Kg,VNĐ,CTV địa phương,2021-04-23,33100.0
Cà phê Robusta nhân xô,Đắk Lắk,Thương lái thu mua,VNĐ/kg,VNĐ,CTV địa phương,2021-04-23,32967.0
Cà phê Robusta nhân xô,Đắk Nông,Công ty thu mua,VNĐ/Kg,VNĐ,CTV địa phương,2021-04-23,33100.0
Cà phê Robusta nhân xô,Đắk Nông,Đại lý thu mua,VNĐ/Kg,VNĐ,CTV địa phương,2021-04-23,32800.0
Cà phê Robusta nhân xô,Gia Lai,Đại lý thu mua,VNĐ/Kg,VNĐ,CTV địa phương,2021-04-23,32800.0
Cà phê Robusta nhân xô,Kon Tum,Đại lý thu mua,VNĐ/Kg,VNĐ,CTV địa phương,2021-04-23,32600.0
Cà phê Robusta nhân xô,Lâm Đồng,Công ty thu mua,VNĐ/Kg,VNĐ,CTV địa phương,2021-04-23,32200.0
Cà phê Robusta nhân xô,Lâm Đồng,Đại lý thu mua,VNĐ/Kg,VNĐ,CTV địa phương,2021-04-23,32100.0
Cà phê Robusta nhân xô,Lâm Đồng,Thương lái thu mua,VNĐ/kg,VNĐ,CTV địa phương,2021-04-23,32067.0
Cà phê Robusta nhân xô,Đắk Lắk,Công ty thu mua,VNĐ/Kg,VNĐ,CTV địa phương,2021-04-22,33200.0
Cà phê Robusta nhân xô,Đắk Lắk,Đại lý thu mua,VNĐ/Kg,VNĐ,CTV địa phương,2021-04-22,33100.0
Cà phê Robusta nhân xô,Đắk Lắk,Thương lái thu mua,VNĐ/kg,VNĐ,CTV địa phương,2021-04-22,32967.0
Cà phê Robusta nhân xô,Đắk Nông,Công ty thu mua,VNĐ/Kg,VNĐ,CTV địa phương,2021-04-22,33100.0
Cà phê Robusta nhân xô,Đắk Nông,Đại lý thu mua,VNĐ/Kg,VNĐ,CTV địa phương,2021-04-22,32800.0
Cà phê Robusta nhân xô,Gia Lai,Đại lý thu mua,VNĐ/Kg,VNĐ,CTV địa phương,2021-04-22,32800.0
Cà phê Robusta nhân xô,Kon Tum,Đại lý thu mua,VNĐ/Kg,VNĐ,CTV địa phương,2021-04-22,32600.0
Cà phê Robusta nhân xô,Lâm Đồng,Công ty thu mua,VNĐ/Kg,VNĐ,CTV địa phương,2021-04-22,32200.0
Cà phê Robusta nhân xô,Lâm Đồng,Đại lý thu mua,VNĐ/Kg,VNĐ,CTV địa phương,2021-04-22,32100.0
Cà phê Robusta nhân xô,Lâm Đồng,Thương lái thu mua,VNĐ/kg,VNĐ,CTV địa phương,2021-04-22,32067.0
Cà phê Robusta nhân xô,Đắk Lắk,Công ty thu mua,VNĐ/Kg,VNĐ,CTV địa phương,2021-04-21,33100.0
Cà phê Robusta nhân xô,Đắk Lắk,Đại lý thu mua,VNĐ/Kg,VNĐ,CTV địa phương,2021-04-21,33000.0
Cà phê Robusta nhân xô,Đắk Lắk,Thương lái thu mua,VNĐ/kg,VNĐ,CTV địa phương,2021-04-21,33067.0
Cà phê Robusta nhân xô,Đắk Nông,Công ty thu mua,VNĐ/Kg,VNĐ,CTV địa phương,2021-04-21,33100.0
Cà phê Robusta nhân xô,Đắk Nông,Đại lý thu mua,VNĐ/Kg,VNĐ,CTV địa phương,2021-04-21,32800.0
Cà phê Robusta nhân xô,Gia Lai,Đại lý thu mua,VNĐ/Kg,VNĐ,CTV địa phương,2021-04-21,32900.0
Cà phê Robusta nhân xô,Kon Tum,Đại lý thu mua,VNĐ/Kg,VNĐ,CTV địa phương,2021-04-21,32800.0
Cà phê Robusta nhân xô,Lâm Đồng,Công ty thu mua,VNĐ/Kg,VNĐ,CTV địa phương,2021-04-21,32200.0
Cà phê Robusta nhân xô,Lâm Đồng,Đại lý thu mua,VNĐ/Kg,VNĐ,CTV địa phương,2021-04-21,32100.0
Cà phê Robusta nhân xô,Lâm Đồng,Thương lái thu mua,VNĐ/kg,VNĐ,CTV địa phương,2021-04-21,32167.0
Cà phê Robusta nhân xô,Đắk Lắk,Công ty thu mua,VNĐ/Kg,VNĐ,CTV địa phương,2021-04-20,33000.0
Cà phê Robusta nhân xô,Đắk Lắk,Đại lý thu mua,VNĐ/Kg,VNĐ,CTV địa phương,2021-04-20,32900.0
Cà phê Robusta nhân xô,Đắk Lắk,Thương lái thu mua,VNĐ/kg,VNĐ,CTV địa phương,2021-04-20,32767.0
Cà phê Robusta nhân xô,Đắk Nông,Công ty thu mua,VNĐ/Kg,VNĐ,CTV địa phương,2021-04-20,32900.0
Cà phê Robusta nhân xô,Đắk Nông,Đại lý thu mua,VNĐ/Kg,VNĐ,CTV địa phương,2021-04-20,32600.0
Cà phê Robusta nhân xô,Gia Lai,Đại lý thu mua,VNĐ/Kg,VNĐ,CTV địa phương,2021-04-20,32600.0
Cà phê Robusta nhân xô,Kon Tum,Đại lý thu mua,VNĐ/Kg,VNĐ,CTV địa phương,2021-04-20,32500.0
Cà phê Robusta nhân xô,Lâm Đồng,Công ty thu mua,VNĐ/Kg,VNĐ,CTV địa phương,2021-04-20,32000.0
Cà phê Robusta nhân xô,Lâm Đồng,Đại lý thu mua,VNĐ/Kg,VNĐ,CTV địa phương,2021-04-20,31900.0
Cà phê Robusta nhân xô,Lâm Đồng,Thương lái thu mua,VNĐ/kg,VNĐ,CTV địa phương,2021-04-20,31867.0
Cà phê Robusta nhân xô,Đắk Lắk,Công ty thu mua,VNĐ/Kg,VNĐ,CTV địa phương,2021-04-19,32900.0
Cà phê Robusta nhân xô,Đắk Lắk,Đại lý thu mua,VNĐ/Kg,VNĐ,CTV địa phương,2021-04-19,32800.0
Cà phê Robusta nhân xô,Đắk Lắk,Thương lái thu mua,VNĐ/kg,VNĐ,CTV địa phương,2021-04-19,32667.0
Cà phê Robusta nhân xô,Đắk Nông,Công ty thu mua,VNĐ/Kg,VNĐ,CTV địa phương,2021-04-19,32800.0
Cà phê Robusta nhân xô,Đắk Nông,Đại lý thu mua,VNĐ/Kg,VNĐ,CTV địa phương,2021-04-19,32500.0
Cà phê Robusta nhân xô,Gia Lai,Đại lý thu mua,VNĐ/Kg,VNĐ,CTV địa phương,2021-04-19,32500.0
Cà phê Robusta nhân xô,Kon Tum,Đại lý thu mua,VNĐ/Kg,VNĐ,CTV địa phương,2021-04-19,32500.0
Cà phê Robusta nhân xô,Lâm Đồng,Công ty thu mua,VNĐ/Kg,VNĐ,CTV địa phương,2021-04-19,31900.0
Cà phê Robusta nhân xô,Lâm Đồng,Đại lý thu mua,VNĐ/Kg,VNĐ,CTV địa phương,2021-04-19,31800.0
Cà phê Robusta nhân xô,Lâm Đồng,Thương lái thu mua,VNĐ/kg,VNĐ,CTV địa phương,2021-04-19,31767.0
Cà phê Robusta nhân xô,Đắk Lắk,Công ty thu mua,VNĐ/Kg,VNĐ,CTV địa phương,2021-04-16,32800.0
Cà phê Robusta nhân xô,Đắk Lắk,Đại lý thu mua,VNĐ/Kg,VNĐ,CTV địa phương,2021-04-16,32700.0
Cà phê Robusta nhân xô,Đắk Lắk,Thương lái thu mua,VNĐ/kg,VNĐ,CTV địa phương,2021-04-16,32867.0
Cà phê Robusta nhân xô,Đắk Nông,Công ty thu mua,VNĐ/Kg,VNĐ,CTV địa phương,2021-04-16,32700.0
Cà phê Robusta nhân xô,Đắk Nông,Đại lý thu mua,VNĐ/Kg,VNĐ,CTV địa phương,2021-04-16,32400.0
Cà phê Robusta nhân xô,Gia Lai,Đại lý thu mua,VNĐ/Kg,VNĐ,CTV địa phương,2021-04-16,32400.0
Cà phê Robusta nhân xô,Kon Tum,Đại lý thu mua,VNĐ/Kg,VNĐ,CTV địa phương,2021-04-16,32400.0
Cà phê Robusta nhân xô,Lâm Đồng,Công ty thu mua,VNĐ/Kg,VNĐ,CTV địa phương,2021-04-16,31800.0
Cà phê Robusta nhân xô,Lâm Đồng,Đại lý thu mua,VNĐ/Kg,VNĐ,CTV địa phương,2021-04-16,31700.0
Cà phê Robusta nhân xô,Lâm Đồng,Thương lái thu mua,VNĐ/kg,VNĐ,CTV địa phương,2021-04-16,31967.0
Cà phê Robusta nhân xô,Đắk Lắk,Công ty thu mua,VNĐ/Kg,VNĐ,CTV địa phương,2021-04-15,32400.0
Cà phê Robusta nhân xô,Đắk Lắk,Đại lý thu mua,VNĐ/Kg,VNĐ,CTV địa phương,2021-04-15,32300.0
Cà phê Robusta nhân xô,Đắk Lắk,Thương lái thu mua,VNĐ/kg,VNĐ,CTV địa phương,2021-04-15,32967.0
Cà phê Robusta nhân xô,Đắk Nông,Công ty thu mua,VNĐ/Kg,VNĐ,CTV địa phương,2021-04-15,32300.0
Cà phê Robusta nhân xô,Đắk Nông,Đại lý thu mua,VNĐ/Kg,VNĐ,CTV địa phương,2021-04-15,32000.0
Cà phê Robusta nhân xô,Gia Lai,Đại lý thu mua,VNĐ/Kg,VNĐ,CTV địa phương,2021-04-15,32000.0
Cà phê Robusta nhân xô,Kon Tum,Đại lý thu mua,VNĐ/Kg,VNĐ,CTV địa phương,2021-04-15,32000.0
Cà phê Robusta nhân xô,Lâm Đồng,Công ty thu mua,VNĐ/Kg,VNĐ,CTV địa phương,2021-04-15,31300.0
Cà phê Robusta nhân xô,Lâm Đồng,Đại lý thu mua,VNĐ/Kg,VNĐ,CTV địa phương,2021-04-15,31200.0
Cà phê Robusta nhân xô,Lâm Đồng,Thương lái thu mua,VNĐ/kg,VNĐ,CTV địa phương,2021-04-15,32067.0
Cà phê Robusta nhân xô,Đắk Lắk,Công ty thu mua,VNĐ/Kg,VNĐ,CTV địa phương,2021-04-14,32500.0
Cà phê Robusta nhân xô,Đắk Lắk,Đại lý thu mua,VNĐ/Kg,VNĐ,CTV địa phương,2021-04-14,32400.0
Cà phê Robusta nhân xô,Đắk Lắk,Thương lái thu mua,VNĐ/kg,VNĐ,CTV địa phương,2021-04-14,32567.0
Cà phê Robusta nhân xô,Đắk Nông,Công ty thu mua,VNĐ/Kg,VNĐ,CTV địa phương,2021-04-14,32400.0
Cà phê Robusta nhân xô,Đắk Nông,Đại lý thu mua,VNĐ/Kg,VNĐ,CTV địa phương,2021-04-14,32100.0
Cà phê Robusta nhân xô,Gia Lai,Đại lý thu mua,VNĐ/Kg,VNĐ,CTV địa phương,2021-04-14,32100.0
Cà phê Robusta nhân xô,Kon Tum,Đại lý thu mua,VNĐ/Kg,VNĐ,CTV địa phương,2021-04-14,32000.0
Cà phê Robusta nhân xô,Lâm Đồng,Công ty thu mua,VNĐ/Kg,VNĐ,CTV địa phương,2021-04-14,31400.0
Cà phê Robusta nhân xô,Lâm Đồng,Đại lý thu mua,VNĐ/Kg,VNĐ,CTV địa phương,2021-04-14,31300.0
Cà phê Robusta nhân xô,Lâm Đồng,Thương lái thu mua,VNĐ/kg,VNĐ,CTV địa phương,2021-04-14,31667.0
Cà phê Robusta nhân xô,Đắk Lắk,Công ty thu mua,VNĐ/Kg,VNĐ,CTV địa phương,2021-04-13,32400.0
Cà phê Robusta nhân xô,Đắk Lắk,Đại lý thu mua,VNĐ/Kg,VNĐ,CTV địa phương,2021-04-13,32300.0
Cà phê Robusta nhân xô,Đắk Lắk,Thương lái thu mua,VNĐ/kg,VNĐ,CTV địa phương,2021-04-13,32567.0
Cà phê Robusta nhân xô,Đắk Nông,Công ty thu mua,VNĐ/Kg,VNĐ,CTV địa phương,2021-04-13,32300.0
Cà phê Robusta nhân xô,Đắk Nông,Đại lý thu mua,VNĐ/Kg,VNĐ,CTV địa phương,2021-04-13,32000.0
Cà phê Robusta nhân xô,Gia Lai,Đại lý thu mua,VNĐ/Kg,VNĐ,CTV địa phương,2021-04-13,32000.0
Cà phê Robusta nhân xô,Kon Tum,Đại lý thu mua,VNĐ/Kg,VNĐ,CTV địa phương,2021-04-13,31900.0
Cà phê Robusta nhân xô,Lâm Đồng,Công ty thu mua,VNĐ/Kg,VNĐ,CTV địa phương,2021-04-13,31400.0
Cà phê Robusta nhân xô,Lâm Đồng,Đại lý thu mua,VNĐ/Kg,VNĐ,CTV địa phương,2021-04-13,31300.0
Cà phê Robusta nhân xô,Lâm Đồng,Thương lái thu mua,VNĐ/kg,VNĐ,CTV địa phương,2021-04-13,31667.0
Cà phê Robusta nhân xô,Đắk Lắk,Công ty thu mua,VNĐ/Kg,VNĐ,CTV địa phương,2021-04-12,32400.0
Cà phê Robusta nhân xô,Đắk Lắk,Đại lý thu mua,VNĐ/Kg,VNĐ,CTV địa phương,2021-04-12,32300.0
Cà phê Robusta nhân xô,Đắk Lắk,Thương lái thu mua,VNĐ/kg,VNĐ,CTV địa phương,2021-04-12,32467.0
Cà phê Robusta nhân xô,Đắk Nông,Công ty thu mua,VNĐ/Kg,VNĐ,CTV địa phương,2021-04-12,32300.0
Cà phê Robusta nhân xô,Đắk Nông,Đại lý thu mua,VNĐ/Kg,VNĐ,CTV địa phương,2021-04-12,32000.0
Cà phê Robusta nhân xô,Gia Lai,Đại lý thu mua,VNĐ/Kg,VNĐ,CTV địa phương,2021-04-12,32000.0
Cà phê Robusta nhân xô,Kon Tum,Đại lý thu mua,VNĐ/Kg,VNĐ,CTV địa phương,2021-04-12,31900.0
Cà phê Robusta nhân xô,Lâm Đồng,Công ty thu mua,VNĐ/Kg,VNĐ,CTV địa phương,2021-04-12,31400.0
Cà phê Robusta nhân xô,Lâm Đồng,Đại lý thu mua,VNĐ/Kg,VNĐ,CTV địa phương,2021-04-12,31300.0
Cà phê Robusta nhân xô,Lâm Đồng,Thương lái thu mua,VNĐ/kg,VNĐ,CTV địa phương,2021-04-12,31567.0
Cà phê Robusta nhân xô,Đắk Lắk,Công ty thu mua,VNĐ/Kg,VNĐ,CTV địa phương,2021-04-09,32300.0
Cà phê Robusta nhân xô,Đắk Lắk,Đại lý thu mua,VNĐ/Kg,VNĐ,CTV địa phương,2021-04-09,32200.0
Cà phê Robusta nhân xô,Đắk Lắk,Thương lái thu mua,VNĐ/kg,VNĐ,CTV địa phương,2021-04-09,32567.0
Cà phê Robusta nhân xô,Đắk Nông,Công ty thu mua,VNĐ/Kg,VNĐ,CTV địa phương,2021-04-09,32200.0
Cà phê Robusta nhân xô,Đắk Nông,Đại lý thu mua,VNĐ/Kg,VNĐ,CTV địa phương,2021-04-09,31900.0
Cà phê Robusta nhân xô,Gia Lai,Đại lý thu mua,VNĐ/Kg,VNĐ,CTV địa phương,2021-04-09,31900.0
Cà phê Robusta nhân xô,Kon Tum,Đại lý thu mua,VNĐ/Kg,VNĐ,CTV địa phương,2021-04-09,31800.0
Cà phê Robusta nhân xô,Lâm Đồng,Công ty thu mua,VNĐ/Kg,VNĐ,CTV địa phương,2021-04-09,31200.0
Cà phê Robusta nhân xô,Lâm Đồng,Đại lý thu mua,VNĐ/Kg,VNĐ,CTV địa phương,2021-04-09,31100.0
Cà phê Robusta nhân xô,Lâm Đồng,Thương lái thu mua,VNĐ/kg,VNĐ,CTV địa phương,2021-04-09,31667.0
Cà phê Robusta nhân xô,Đắk Lắk,Công ty thu mua,VNĐ/Kg,VNĐ,CTV địa phương,2021-04-08,32400.0
Cà phê Robusta nhân xô,Đắk Lắk,Đại lý thu mua,VNĐ/Kg,VNĐ,CTV địa phương,2021-04-08,32300.0
Cà phê Robusta nhân xô,Đắk Lắk,Thương lái thu mua,VNĐ/kg,VNĐ,CTV địa phương,2021-04-08,32167.0
Cà phê Robusta nhân xô,Đắk Nông,Công ty thu mua,VNĐ/Kg,VNĐ,CTV địa phương,2021-04-08,32300.0
Cà phê Robusta nhân xô,Đắk Nông,Đại lý thu mua,VNĐ/Kg,VNĐ,CTV địa phương,2021-04-08,32000.0
Cà phê Robusta nhân xô,Gia Lai,Đại lý thu mua,VNĐ/Kg,VNĐ,CTV địa phương,2021-04-08,32000.0
Cà phê Robusta nhân xô,Kon Tum,Đại lý thu mua,VNĐ/Kg,VNĐ,CTV địa phương,2021-04-08,32000.0
Cà phê Robusta nhân xô,Lâm Đồng,Công ty thu mua,VNĐ/Kg,VNĐ,CTV địa phương,2021-04-08,31400.0
Cà phê Robusta nhân xô,Lâm Đồng,Đại lý thu mua,VNĐ/Kg,VNĐ,CTV địa phương,2021-04-08,31300.0
Cà phê Robusta nhân xô,Lâm Đồng,Thương lái thu mua,VNĐ/kg,VNĐ,CTV địa phương,2021-04-08,31267.0
Cà phê Robusta nhân xô,Đắk Lắk,Công ty thu mua,VNĐ/Kg,VNĐ,CTV địa phương,2021-04-07,32500.0
Cà phê Robusta nhân xô,Đắk Lắk,Đại lý thu mua,VNĐ/Kg,VNĐ,CTV địa phương,2021-04-07,32400.0
Cà phê Robusta nhân xô,Đắk Lắk,Thương lái thu mua,VNĐ/kg,VNĐ,CTV địa phương,2021-04-07,32267.0
Cà phê Robusta nhân xô,Đắk Nông,Công ty thu mua,VNĐ/Kg,VNĐ,CTV địa phương,2021-04-07,32400.0
Cà phê Robusta nhân xô,Đắk Nông,Đại lý thu mua,VNĐ/Kg,VNĐ,CTV địa phương,2021-04-07,32100.0
Cà phê Robusta nhân xô,Gia Lai,Đại lý thu mua,VNĐ/Kg,VNĐ,CTV địa phương,2021-04-07,32100.0
Cà phê Robusta nhân xô,Kon Tum,Đại lý thu mua,VNĐ/Kg,VNĐ,CTV địa phương,2021-04-07,32100.0
Cà phê Robusta nhân xô,Lâm Đồng,Công ty thu mua,VNĐ/Kg,VNĐ,CTV địa phương,2021-04-07,31500.0
Cà phê Robusta nhân xô,Lâm Đồng,Đại lý thu mua,VNĐ/Kg,VNĐ,CTV địa phương,2021-04-07,31400.0
Cà phê Robusta nhân xô,Lâm Đồng,Thương lái thu mua,VNĐ/kg,VNĐ,CTV địa phương,2021-04-07,31367.0
Cà phê Robusta nhân xô,Đắk Lắk,Công ty thu mua,VNĐ/Kg,VNĐ,CTV địa phương,2021-04-06,32600.0
Cà phê Robusta nhân xô,Đắk Lắk,Đại lý thu mua,VNĐ/Kg,VNĐ,CTV địa phương,2021-04-06,32500.0
Cà phê Robusta nhân xô,Đắk Lắk,Thương lái thu mua,VNĐ/kg,VNĐ,CTV địa phương,2021-04-06,32167.0
Cà phê Robusta nhân xô,Đắk Nông,Công ty thu mua,VNĐ/Kg,VNĐ,CTV địa phương,2021-04-06,32500.0
Cà phê Robusta nhân xô,Đắk Nông,Đại lý thu mua,VNĐ/Kg,VNĐ,CTV địa phương,2021-04-06,32200.0
Cà phê Robusta nhân xô,Gia Lai,Đại lý thu mua,VNĐ/Kg,VNĐ,CTV địa phương,2021-04-06,32200.0
Cà phê Robusta nhân xô,Kon Tum,Đại lý thu mua,VNĐ/Kg,VNĐ,CTV địa phương,2021-04-06,32200.0
Cà phê Robusta nhân xô,Lâm Đồng,Công ty thu mua,VNĐ/Kg,VNĐ,CTV địa phương,2021-04-06,31500.0
Cà phê Robusta nhân xô,Lâm Đồng,Đại lý thu mua,VNĐ/Kg,VNĐ,CTV địa phương,2021-04-06,31400.0
Cà phê Robusta nhân xô,Lâm Đồng,Thương lái thu mua,VNĐ/kg,VNĐ,CTV địa phương,2021-04-06,31267.0
Cà phê Robusta nhân xô,Đắk Lắk,Công ty thu mua,VNĐ/Kg,VNĐ,CTV địa phương,2021-04-05,33000.0
Cà phê Robusta nhân xô,Đắk Lắk,Đại lý thu mua,VNĐ/Kg,VNĐ,CTV địa phương,2021-04-05,32900.0
Cà phê Robusta nhân xô,Đắk Lắk,Thương lái thu mua,VNĐ/kg,VNĐ,CTV địa phương,2021-04-05,32167.0
Cà phê Robusta nhân xô,Đắk Nông,Công ty thu mua,VNĐ/Kg,VNĐ,CTV địa phương,2021-04-05,32900.0
Cà phê Robusta nhân xô,Đắk Nông,Đại lý thu mua,VNĐ/Kg,VNĐ,CTV địa phương,2021-04-05,32600.0
Cà phê Robusta nhân xô,Gia Lai,Đại lý thu mua,VNĐ/Kg,VNĐ,CTV địa phương,2021-04-05,32500.0
Cà phê Robusta nhân xô,Kon Tum,Đại lý thu mua,VNĐ/Kg,VNĐ,CTV địa phương,2021-04-05,32600.0
Cà phê Robusta nhân xô,Lâm Đồng,Công ty thu mua,VNĐ/Kg,VNĐ,CTV địa phương,2021-04-05,31800.0
Cà phê Robusta nhân xô,Lâm Đồng,Đại lý thu mua,VNĐ/Kg,VNĐ,CTV địa phương,2021-04-05,31700.0
Cà phê Robusta nhân xô,Lâm Đồng,Thương lái thu mua,VNĐ/kg,VNĐ,CTV địa phương,2021-04-05,31267.0
Cà phê Robusta nhân xô,Đắk Lắk,Công ty thu mua,VNĐ/Kg,VNĐ,CTV địa phương,2021-04-02,32500.0
Cà phê Robusta nhân xô,Đắk Lắk,Đại lý thu mua,VNĐ/Kg,VNĐ,CTV địa phương,2021-04-02,32400.0
Cà phê Robusta nhân xô,Đắk Lắk,Thương lái thu mua,VNĐ/kg,VNĐ,CTV địa phương,2021-04-02,32067.0
Cà phê Robusta nhân xô,Đắk Nông,Công ty thu mua,VNĐ/Kg,VNĐ,CTV địa phương,2021-04-02,32400.0
Cà phê Robusta nhân xô,Đắk Nông,Đại lý thu mua,VNĐ/Kg,VNĐ,CTV địa phương,2021-04-02,32100.0
Cà phê Robusta nhân xô,Gia Lai,Đại lý thu mua,VNĐ/Kg,VNĐ,CTV địa phương,2021-04-02,32100.0
Cà phê Robusta nhân xô,Kon Tum,Đại lý thu mua,VNĐ/Kg,VNĐ,CTV địa phương,2021-04-02,32100.0
Cà phê Robusta nhân xô,Lâm Đồng,Công ty thu mua,VNĐ/Kg,VNĐ,CTV địa phương,2021-04-02,31400.0
Cà phê Robusta nhân xô,Lâm Đồng,Đại lý thu mua,VNĐ/Kg,VNĐ,CTV địa phương,2021-04-02,31300.0
Cà phê Robusta nhân xô,Lâm Đồng,Thương lái thu mua,VNĐ/kg,VNĐ,CTV địa phương,2021-04-02,31167.0
Cà phê Robusta nhân xô,Đắk Lắk,Công ty thu mua,VNĐ/Kg,VNĐ,CTV địa phương,2021-04-01,32500.0
Cà phê Robusta nhân xô,Đắk Lắk,Đại lý thu mua,VNĐ/Kg,VNĐ,CTV địa phương,2021-04-01,32400.0
Cà phê Robusta nhân xô,Đắk Lắk,Thương lái thu mua,VNĐ/kg,VNĐ,CTV địa phương,2021-04-01,32453.0
Cà phê Robusta nhân xô,Đắk Nông,Công ty thu mua,VNĐ/Kg,VNĐ,CTV địa phương,2021-04-01,32400.0
Cà phê Robusta nhân xô,Đắk Nông,Đại lý thu mua,VNĐ/Kg,VNĐ,CTV địa phương,2021-04-01,32100.0
Cà phê Robusta nhân xô,Gia Lai,Đại lý thu mua,VNĐ/Kg,VNĐ,CTV địa phương,2021-04-01,32100.0
Cà phê Robusta nhân xô,Kon Tum,Đại lý thu mua,VNĐ/Kg,VNĐ,CTV địa phương,2021-04-01,32000.0
Cà phê Robusta nhân xô,Lâm Đồng,Công ty thu mua,VNĐ/Kg,VNĐ,CTV địa phương,2021-04-01,31400.0
Cà phê Robusta nhân xô,Lâm Đồng,Đại lý thu mua,VNĐ/Kg,VNĐ,CTV địa phương,2021-04-01,31300.0
Cà phê Robusta nhân xô,Lâm Đồng,Thương lái thu mua,VNĐ/kg,VNĐ,CTV địa phương,2021-04-01,31710.0
Cà phê Robusta nhân xô,Đắk Lắk,Công ty thu mua,VNĐ/Kg,VNĐ,CTV địa phương,2021-03-31,32700.0
Cà phê Robusta nhân xô,Đắk Lắk,Đại lý thu mua,VNĐ/Kg,VNĐ,CTV địa phương,2021-03-31,32600.0
Cà phê Robusta nhân xô,Đắk Lắk,Thương lái thu mua,VNĐ/kg,VNĐ,CTV địa phương,2021-03-31,32267.0
Cà phê Robusta nhân xô,Đắk Nông,Công ty thu mua,VNĐ/Kg,VNĐ,CTV địa phương,2021-03-31,32600.0
Cà phê Robusta nhân xô,Đắk Nông,Đại lý thu mua,VNĐ/Kg,VNĐ,CTV địa phương,2021-03-31,32300.0
Cà phê Robusta nhân xô,Gia Lai,Đại lý thu mua,VNĐ/Kg,VNĐ,CTV địa phương,2021-03-31,32300.0
Cà phê Robusta nhân xô,Kon Tum,Đại lý thu mua,VNĐ/Kg,VNĐ,CTV địa phương,2021-03-31,32200.0
Cà phê Robusta nhân xô,Lâm Đồng,Công ty thu mua,VNĐ/Kg,VNĐ,CTV địa phương,2021-03-31,31600.0
Cà phê Robusta nhân xô,Lâm Đồng,Đại lý thu mua,VNĐ/Kg,VNĐ,CTV địa phương,2021-03-31,31500.0
Cà phê Robusta nhân xô,Lâm Đồng,Thương lái thu mua,VNĐ/kg,VNĐ,CTV địa phương,2021-03-31,31367.0
Cà phê Robusta nhân xô,Đắk Lắk,Công ty thu mua,VNĐ/Kg,VNĐ,CTV địa phương,2021-03-30,32800.0
Cà phê Robusta nhân xô,Đắk Lắk,Đại lý thu mua,VNĐ/Kg,VNĐ,CTV địa phương,2021-03-30,32700.0
Cà phê Robusta nhân xô,Đắk Lắk,Thương lái thu mua,VNĐ/kg,VNĐ,CTV địa phương,2021-03-30,32367.0
Cà phê Robusta nhân xô,Đắk Nông,Công ty thu mua,VNĐ/Kg,VNĐ,CTV địa phương,2021-03-30,32900.0
Cà phê Robusta nhân xô,Đắk Nông,Đại lý thu mua,VNĐ/Kg,VNĐ,CTV địa phương,2021-03-30,32600.0
Cà phê Robusta nhân xô,Gia Lai,Đại lý thu mua,VNĐ/Kg,VNĐ,CTV địa phương,2021-03-30,32600.0
Cà phê Robusta nhân xô,Kon Tum,Đại lý thu mua,VNĐ/Kg,VNĐ,CTV địa phương,2021-03-30,32500.0
Cà phê Robusta nhân xô,Lâm Đồng,Công ty thu mua,VNĐ/Kg,VNĐ,CTV địa phương,2021-03-30,31800.0
Cà phê Robusta nhân xô,Lâm Đồng,Đại lý thu mua,VNĐ/Kg,VNĐ,CTV địa phương,2021-03-30,31700.0
Cà phê Robusta nhân xô,Lâm Đồng,Thương lái thu mua,VNĐ/kg,VNĐ,CTV địa phương,2021-03-30,31467.0
Cà phê Robusta nhân xô,Đắk Lắk,Công ty thu mua,VNĐ/Kg,VNĐ,CTV địa phương,2021-03-29,32600.0
Cà phê Robusta nhân xô,Đắk Lắk,Đại lý thu mua,VNĐ/Kg,VNĐ,CTV địa phương,2021-03-29,32500.0
Cà phê Robusta nhân xô,Đắk Lắk,Thương lái thu mua,VNĐ/kg,VNĐ,CTV địa phương,2021-03-29,32767.0
Cà phê Robusta nhân xô,Đắk Nông,Công ty thu mua,VNĐ/Kg,VNĐ,CTV địa phương,2021-03-29,32700.0
Cà phê Robusta nhân xô,Đắk Nông,Đại lý thu mua,VNĐ/Kg,VNĐ,CTV địa phương,2021-03-29,32400.0
Cà phê Robusta nhân xô,Gia Lai,Đại lý thu mua,VNĐ/Kg,VNĐ,CTV địa phương,2021-03-29,32400.0
Cà phê Robusta nhân xô,Kon Tum,Đại lý thu mua,VNĐ/Kg,VNĐ,CTV địa phương,2021-03-29,32300.0
Cà phê Robusta nhân xô,Lâm Đồng,Công ty thu mua,VNĐ/Kg,VNĐ,CTV địa phương,2021-03-29,31600.0
Cà phê Robusta nhân xô,Lâm Đồng,Đại lý thu mua,VNĐ/Kg,VNĐ,CTV địa phương,2021-03-29,31500.0
Cà phê Robusta nhân xô,Lâm Đồng,Thương lái thu mua,VNĐ/kg,VNĐ,CTV địa phương,2021-03-29,31767.0
Cà phê Robusta nhân xô,Đắk Lắk,Công ty thu mua,VNĐ/Kg,VNĐ,CTV địa phương,2021-03-26,32800.0
Cà phê Robusta nhân xô,Đắk Lắk,Đại lý thu mua,VNĐ/Kg,VNĐ,CTV địa phương,2021-03-26,32700.0
Cà phê Robusta nhân xô,Đắk Lắk,Thương lái thu mua,VNĐ/kg,VNĐ,CTV địa phương,2021-03-26,31267.0
Cà phê Robusta nhân xô,Đắk Nông,Công ty thu mua,VNĐ/Kg,VNĐ,CTV địa phương,2021-03-26,32600.0
Cà phê Robusta nhân xô,Đắk Nông,Đại lý thu mua,VNĐ/Kg,VNĐ,CTV địa phương,2021-03-26,32300.0
Cà phê Robusta nhân xô,Gia Lai,Đại lý thu mua,VNĐ/Kg,VNĐ,CTV địa phương,2021-03-26,32200.0
Cà phê Robusta nhân xô,Kon Tum,Đại lý thu mua,VNĐ/Kg,VNĐ,CTV địa phương,2021-03-26,32200.0
Cà phê Robusta nhân xô,Lâm Đồng,Công ty thu mua,VNĐ/Kg,VNĐ,CTV địa phương,2021-03-26,31700.0
Cà phê Robusta nhân xô,Lâm Đồng,Đại lý thu mua,VNĐ/Kg,VNĐ,CTV địa phương,2021-03-26,31600.0
Cà phê Robusta nhân xô,Lâm Đồng,Thương lái thu mua,VNĐ/kg,VNĐ,CTV địa phương,2021-03-26,31267.0
Cà phê Robusta nhân xô,Đắk Lắk,Công ty thu mua,VNĐ/Kg,VNĐ,CTV địa phương,2021-03-25,33300.0
Cà phê Robusta nhân xô,Đắk Lắk,Đại lý thu mua,VNĐ/Kg,VNĐ,CTV địa phương,2021-03-25,33200.0
Cà phê Robusta nhân xô,Đắk Lắk,Thương lái thu mua,VNĐ/kg,VNĐ,CTV địa phương,2021-03-25,31267.0
Cà phê Robusta nhân xô,Đắk Nông,Công ty thu mua,VNĐ/Kg,VNĐ,CTV địa phương,2021-03-25,33100.0
Cà phê Robusta nhân xô,Đắk Nông,Đại lý thu mua,VNĐ/Kg,VNĐ,CTV địa phương,2021-03-25,32800.0
Cà phê Robusta nhân xô,Gia Lai,Đại lý thu mua,VNĐ/Kg,VNĐ,CTV địa phương,2021-03-25,32800.0
Cà phê Robusta nhân xô,Kon Tum,Đại lý thu mua,VNĐ/Kg,VNĐ,CTV địa phương,2021-03-25,32700.0
Cà phê Robusta nhân xô,Lâm Đồng,Công ty thu mua,VNĐ/Kg,VNĐ,CTV địa phương,2021-03-25,32200.0
Cà phê Robusta nhân xô,Lâm Đồng,Đại lý thu mua,VNĐ/Kg,VNĐ,CTV địa phương,2021-03-25,32100.0
Cà phê Robusta nhân xô,Lâm Đồng,Thương lái thu mua,VNĐ/kg,VNĐ,CTV địa phương,2021-03-25,31267.0
Cà phê Robusta nhân xô,Đắk Lắk,Công ty thu mua,VNĐ/Kg,VNĐ,CTV địa phương,2021-03-24,33200.0
Cà phê Robusta nhân xô,Đắk Lắk,Đại lý thu mua,VNĐ/Kg,VNĐ,CTV địa phương,2021-03-24,33100.0
Cà phê Robusta nhân xô,Đắk Lắk,Thương lái thu mua,VNĐ/kg,VNĐ,CTV địa phương,2021-03-24,31467.0
Cà phê Robusta nhân xô,Đắk Nông,Công ty thu mua,VNĐ/Kg,VNĐ,CTV địa phương,2021-03-24,33000.0
Cà phê Robusta nhân xô,Đắk Nông,Đại lý thu mua,VNĐ/Kg,VNĐ,CTV địa phương,2021-03-24,32700.0
Cà phê Robusta nhân xô,Gia Lai,Đại lý thu mua,VNĐ/Kg,VNĐ,CTV địa phương,2021-03-24,32700.0
Cà phê Robusta nhân xô,Kon Tum,Đại lý thu mua,VNĐ/Kg,VNĐ,CTV địa phương,2021-03-24,32700.0
Cà phê Robusta nhân xô,Lâm Đồng,Công ty thu mua,VNĐ/Kg,VNĐ,CTV địa phương,2021-03-24,32100.0
Cà phê Robusta nhân xô,Lâm Đồng,Đại lý thu mua,VNĐ/Kg,VNĐ,CTV địa phương,2021-03-24,32000.0
Cà phê Robusta nhân xô,Lâm Đồng,Thương lái thu mua,VNĐ/kg,VNĐ,CTV địa phương,2021-03-24,31467.0
Cà phê Robusta nhân xô,Đắk Lắk,Công ty thu mua,VNĐ/Kg,VNĐ,CTV địa phương,2021-03-23,32800.0
Cà phê Robusta nhân xô,Đắk Lắk,Đại lý thu mua,VNĐ/Kg,VNĐ,CTV địa phương,2021-03-23,32700.0
Cà phê Robusta nhân xô,Đắk Lắk,Thương lái thu mua,VNĐ/kg,VNĐ,CTV địa phương,2021-03-23,31767.0
Cà phê Robusta nhân xô,Đắk Nông,Công ty thu mua,VNĐ/Kg,VNĐ,CTV địa phương,2021-03-23,32700.0
Cà phê Robusta nhân xô,Đắk Nông,Đại lý thu mua,VNĐ/Kg,VNĐ,CTV địa phương,2021-03-23,32400.0
Cà phê Robusta nhân xô,Gia Lai,Đại lý thu mua,VNĐ/Kg,VNĐ,CTV địa phương,2021-03-23,32400.0
Cà phê Robusta nhân xô,Kon Tum,Đại lý thu mua,VNĐ/Kg,VNĐ,CTV địa phương,2021-03-23,32400.0
Cà phê Robusta nhân xô,Lâm Đồng,Công ty thu mua,VNĐ/Kg,VNĐ,CTV địa phương,2021-03-23,31800.0
Cà phê Robusta nhân xô,Lâm Đồng,Đại lý thu mua,VNĐ/Kg,VNĐ,CTV địa phương,2021-03-23,31700.0
Cà phê Robusta nhân xô,Lâm Đồng,Thương lái thu mua,VNĐ/kg,VNĐ,CTV địa phương,2021-03-23,31767.0
Cà phê Robusta nhân xô,Đắk Lắk,Công ty thu mua,VNĐ/Kg,VNĐ,CTV địa phương,2021-03-22,32900.0
Cà phê Robusta nhân xô,Đắk Lắk,Đại lý thu mua,VNĐ/Kg,VNĐ,CTV địa phương,2021-03-22,32800.0
Cà phê Robusta nhân xô,Đắk Lắk,Thương lái thu mua,VNĐ/kg,VNĐ,CTV địa phương,2021-03-22,31567.0
Cà phê Robusta nhân xô,Đắk Nông,Công ty thu mua,VNĐ/Kg,VNĐ,CTV địa phương,2021-03-22,32800.0
Cà phê Robusta nhân xô,Đắk Nông,Đại lý thu mua,VNĐ/Kg,VNĐ,CTV địa phương,2021-03-22,32500.0
Cà phê Robusta nhân xô,Gia Lai,Đại lý thu mua,VNĐ/Kg,VNĐ,CTV địa phương,2021-03-22,32500.0
Cà phê Robusta nhân xô,Kon Tum,Đại lý thu mua,VNĐ/Kg,VNĐ,CTV địa phương,2021-03-22,32500.0
Cà phê Robusta nhân xô,Lâm Đồng,Công ty thu mua,VNĐ/Kg,VNĐ,CTV địa phương,2021-03-22,31900.0
Cà phê Robusta nhân xô,Lâm Đồng,Đại lý thu mua,VNĐ/Kg,VNĐ,CTV địa phương,2021-03-22,31800.0
Cà phê Robusta nhân xô,Lâm Đồng,Thương lái thu mua,VNĐ/kg,VNĐ,CTV địa phương,2021-03-22,31567.0
Cà phê Robusta nhân xô,Đắk Lắk,Công ty thu mua,VNĐ/Kg,VNĐ,CTV địa phương,2021-03-19,33200.0
Cà phê Robusta nhân xô,Đắk Lắk,Đại lý thu mua,VNĐ/Kg,VNĐ,CTV địa phương,2021-03-19,33100.0
Cà phê Robusta nhân xô,Đắk Lắk,Thương lái thu mua,VNĐ/kg,VNĐ,CTV địa phương,2021-03-19,32567.0
Cà phê Robusta nhân xô,Đắk Nông,Công ty thu mua,VNĐ/Kg,VNĐ,CTV địa phương,2021-03-19,33100.0
Cà phê Robusta nhân xô,Đắk Nông,Đại lý thu mua,VNĐ/Kg,VNĐ,CTV địa phương,2021-03-19,32800.0
Cà phê Robusta nhân xô,Gia Lai,Đại lý thu mua,VNĐ/Kg,VNĐ,CTV địa phương,2021-03-19,32800.0
Cà phê Robusta nhân xô,Kon Tum,Đại lý thu mua,VNĐ/Kg,VNĐ,CTV địa phương,2021-03-19,32700.0
Cà phê Robusta nhân xô,Lâm Đồng,Công ty thu mua,VNĐ/Kg,VNĐ,CTV địa phương,2021-03-19,32200.0
Cà phê Robusta nhân xô,Lâm Đồng,Đại lý thu mua,VNĐ/Kg,VNĐ,CTV địa phương,2021-03-19,32100.0
Cà phê Robusta nhân xô,Lâm Đồng,Thương lái thu mua,VNĐ/kg,VNĐ,CTV địa phương,2021-03-19,31600.0
Cà phê Robusta nhân xô,Đắk Lắk,Công ty thu mua,VNĐ/Kg,VNĐ,CTV địa phương,2021-03-18,33100.0
Cà phê Robusta nhân xô,Đắk Lắk,Đại lý thu mua,VNĐ/Kg,VNĐ,CTV địa phương,2021-03-18,33000.0
Cà phê Robusta nhân xô,Đắk Lắk,Thương lái thu mua,VNĐ/kg,VNĐ,CTV địa phương,2021-03-18,33067.0
Cà phê Robusta nhân xô,Đắk Nông,Công ty thu mua,VNĐ/Kg,VNĐ,CTV địa phương,2021-03-18,33000.0
Cà phê Robusta nhân xô,Đắk Nông,Đại lý thu mua,VNĐ/Kg,VNĐ,CTV địa phương,2021-03-18,32700.0
Cà phê Robusta nhân xô,Gia Lai,Đại lý thu mua,VNĐ/Kg,VNĐ,CTV địa phương,2021-03-18,32700.0
Cà phê Robusta nhân xô,Kon Tum,Đại lý thu mua,VNĐ/Kg,VNĐ,CTV địa phương,2021-03-18,32600.0
Cà phê Robusta nhân xô,Lâm Đồng,Công ty thu mua,VNĐ/Kg,VNĐ,CTV địa phương,2021-03-18,32100.0
Cà phê Robusta nhân xô,Lâm Đồng,Đại lý thu mua,VNĐ/Kg,VNĐ,CTV địa phương,2021-03-18,32000.0
Cà phê Robusta nhân xô,Lâm Đồng,Thương lái thu mua,VNĐ/kg,VNĐ,CTV địa phương,2021-03-18,32100.0
Cà phê Robusta nhân xô,Đắk Lắk,Công ty thu mua,VNĐ/Kg,VNĐ,CTV địa phương,2021-03-17,33000.0
Cà phê Robusta nhân xô,Đắk Lắk,Đại lý thu mua,VNĐ/Kg,VNĐ,CTV địa phương,2021-03-17,32900.0
Cà phê Robusta nhân xô,Đắk Lắk,Thương lái thu mua,VNĐ/kg,VNĐ,CTV địa phương,2021-03-17,32967.0
Cà phê Robusta nhân xô,Đắk Nông,Công ty thu mua,VNĐ/Kg,VNĐ,CTV địa phương,2021-03-17,32900.0
Cà phê Robusta nhân xô,Đắk Nông,Đại lý thu mua,VNĐ/Kg,VNĐ,CTV địa phương,2021-03-17,32600.0
Cà phê Robusta nhân xô,Gia Lai,Đại lý thu mua,VNĐ/Kg,VNĐ,CTV địa phương,2021-03-17,32600.0
Cà phê Robusta nhân xô,Kon Tum,Đại lý thu mua,VNĐ/Kg,VNĐ,CTV địa phương,2021-03-17,32600.0
Cà phê Robusta nhân xô,Lâm Đồng,Công ty thu mua,VNĐ/Kg,VNĐ,CTV địa phương,2021-03-17,31900.0
Cà phê Robusta nhân xô,Lâm Đồng,Đại lý thu mua,VNĐ/Kg,VNĐ,CTV địa phương,2021-03-17,31800.0
Cà phê Robusta nhân xô,Lâm Đồng,Thương lái thu mua,VNĐ/kg,VNĐ,CTV địa phương,2021-03-17,32000.0
Cà phê Robusta nhân xô,Đắk Lắk,Công ty thu mua,VNĐ/Kg,VNĐ,CTV địa phương,2021-03-16,32400.0
Cà phê Robusta nhân xô,Đắk Lắk,Đại lý thu mua,VNĐ/Kg,VNĐ,CTV địa phương,2021-03-16,32300.0
Cà phê Robusta nhân xô,Đắk Lắk,Thương lái thu mua,VNĐ/kg,VNĐ,CTV địa phương,2021-03-16,32567.0
Cà phê Robusta nhân xô,Đắk Nông,Công ty thu mua,VNĐ/Kg,VNĐ,CTV địa phương,2021-03-16,32300.0
Cà phê Robusta nhân xô,Đắk Nông,Đại lý thu mua,VNĐ/Kg,VNĐ,CTV địa phương,2021-03-16,32000.0
Cà phê Robusta nhân xô,Gia Lai,Đại lý thu mua,VNĐ/Kg,VNĐ,CTV địa phương,2021-03-16,32000.0
Cà phê Robusta nhân xô,Kon Tum,Đại lý thu mua,VNĐ/Kg,VNĐ,CTV địa phương,2021-03-16,32000.0
Cà phê Robusta nhân xô,Lâm Đồng,Công ty thu mua,VNĐ/Kg,VNĐ,CTV địa phương,2021-03-16,31400.0
Cà phê Robusta nhân xô,Lâm Đồng,Đại lý thu mua,VNĐ/Kg,VNĐ,CTV địa phương,2021-03-16,31300.0
Cà phê Robusta nhân xô,Lâm Đồng,Thương lái thu mua,VNĐ/kg,VNĐ,CTV địa phương,2021-03-16,31700.0
Cà phê Robusta nhân xô,Đắk Lắk,Công ty thu mua,VNĐ/Kg,VNĐ,CTV địa phương,2021-03-15,32700.0
Cà phê Robusta nhân xô,Đắk Lắk,Đại lý thu mua,VNĐ/Kg,VNĐ,CTV địa phương,2021-03-15,32600.0
Cà phê Robusta nhân xô,Đắk Lắk,Thương lái thu mua,VNĐ/kg,VNĐ,CTV địa phương,2021-03-15,32733.0
Cà phê Robusta nhân xô,Đắk Nông,Công ty thu mua,VNĐ/Kg,VNĐ,CTV địa phương,2021-03-15,32600.0
Cà phê Robusta nhân xô,Đắk Nông,Đại lý thu mua,VNĐ/Kg,VNĐ,CTV địa phương,2021-03-15,32300.0
Cà phê Robusta nhân xô,Gia Lai,Đại lý thu mua,VNĐ/Kg,VNĐ,CTV địa phương,2021-03-15,32300.0
Cà phê Robusta nhân xô,Kon Tum,Đại lý thu mua,VNĐ/Kg,VNĐ,CTV địa phương,2021-03-15,32000.0
Cà phê Robusta nhân xô,Lâm Đồng,Công ty thu mua,VNĐ/Kg,VNĐ,CTV địa phương,2021-03-15,31800.0
Cà phê Robusta nhân xô,Lâm Đồng,Đại lý thu mua,VNĐ/Kg,VNĐ,CTV địa phương,2021-03-15,31700.0
Cà phê Robusta nhân xô,Lâm Đồng,Thương lái thu mua,VNĐ/kg,VNĐ,CTV địa phương,2021-03-15,31800.0
Cà phê Robusta nhân xô,Đắk Lắk,Công ty thu mua,VNĐ/Kg,VNĐ,CTV địa phương,2021-03-12,32800.0
Cà phê Robusta nhân xô,Đắk Lắk,Đại lý thu mua,VNĐ/Kg,VNĐ,CTV địa phương,2021-03-12,32700.0
Cà phê Robusta nhân xô,Đắk Lắk,Thương lái thu mua,VNĐ/kg,VNĐ,CTV địa phương,2021-03-12,33000.0
Cà phê Robusta nhân xô,Đắk Nông,Công ty thu mua,VNĐ/Kg,VNĐ,CTV địa phương,2021-03-12,32700.0
Cà phê Robusta nhân xô,Đắk Nông,Đại lý thu mua,VNĐ/Kg,VNĐ,CTV địa phương,2021-03-12,32400.0
Cà phê Robusta nhân xô,Gia Lai,Đại lý thu mua,VNĐ/Kg,VNĐ,CTV địa phương,2021-03-12,32400.0
Cà phê Robusta nhân xô,Kon Tum,Đại lý thu mua,VNĐ/Kg,VNĐ,CTV địa phương,2021-03-12,32400.0
Cà phê Robusta nhân xô,Lâm Đồng,Công ty thu mua,VNĐ/Kg,VNĐ,CTV địa phương,2021-03-12,32100.0
Cà phê Robusta nhân xô,Lâm Đồng,Đại lý thu mua,VNĐ/Kg,VNĐ,CTV địa phương,2021-03-12,32000.0
Cà phê Robusta nhân xô,Lâm Đồng,Thương lái thu mua,VNĐ/kg,VNĐ,CTV địa phương,2021-03-12,32050.0
Cà phê Robusta nhân xô,Đắk Lắk,Công ty thu mua,VNĐ/Kg,VNĐ,CTV địa phương,2021-03-11,32900.0
Cà phê Robusta nhân xô,Đắk Lắk,Đại lý thu mua,VNĐ/Kg,VNĐ,CTV địa phương,2021-03-11,32800.0
Cà phê Robusta nhân xô,Đắk Lắk,Thương lái thu mua,VNĐ/kg,VNĐ,CTV địa phương,2021-03-11,32900.0
Cà phê Robusta nhân xô,Đắk Nông,Công ty thu mua,VNĐ/Kg,VNĐ,CTV địa phương,2021-03-11,32800.0
Cà phê Robusta nhân xô,Đắk Nông,Đại lý thu mua,VNĐ/Kg,VNĐ,CTV địa phương,2021-03-11,32500.0
Cà phê Robusta nhân xô,Gia Lai,Đại lý thu mua,VNĐ/Kg,VNĐ,CTV địa phương,2021-03-11,32500.0
Cà phê Robusta nhân xô,Kon Tum,Đại lý thu mua,VNĐ/Kg,VNĐ,CTV địa phương,2021-03-11,32500.0
Cà phê Robusta nhân xô,Lâm Đồng,Công ty thu mua,VNĐ/Kg,VNĐ,CTV địa phương,2021-03-11,32200.0
Cà phê Robusta nhân xô,Lâm Đồng,Đại lý thu mua,VNĐ/Kg,VNĐ,CTV địa phương,2021-03-11,32100.0
Cà phê Robusta nhân xô,Lâm Đồng,Thương lái thu mua,VNĐ/kg,VNĐ,CTV địa phương,2021-03-11,31950.0
Cà phê Robusta nhân xô,Đắk Lắk,Công ty thu mua,VNĐ/Kg,VNĐ,CTV địa phương,2021-03-10,33000.0
Cà phê Robusta nhân xô,Đắk Lắk,Đại lý thu mua,VNĐ/Kg,VNĐ,CTV địa phương,2021-03-10,32900.0
Cà phê Robusta nhân xô,Đắk Lắk,Thương lái thu mua,VNĐ/kg,VNĐ,CTV địa phương,2021-03-10,32800.0
Cà phê Robusta nhân xô,Đắk Nông,Công ty thu mua,VNĐ/Kg,VNĐ,CTV địa phương,2021-03-10,32900.0
Cà phê Robusta nhân xô,Đắk Nông,Đại lý thu mua,VNĐ/Kg,VNĐ,CTV địa phương,2021-03-10,32600.0
Cà phê Robusta nhân xô,Gia Lai,Đại lý thu mua,VNĐ/Kg,VNĐ,CTV địa phương,2021-03-10,32600.0
Cà phê Robusta nhân xô,Kon Tum,Đại lý thu mua,VNĐ/Kg,VNĐ,CTV địa phương,2021-03-10,32500.0
Cà phê Robusta nhân xô,Lâm Đồng,Công ty thu mua,VNĐ/Kg,VNĐ,CTV địa phương,2021-03-10,32300.0
Cà phê Robusta nhân xô,Lâm Đồng,Đại lý thu mua,VNĐ/Kg,VNĐ,CTV địa phương,2021-03-10,32200.0
Cà phê Robusta nhân xô,Lâm Đồng,Thương lái thu mua,VNĐ/kg,VNĐ,CTV địa phương,2021-03-10,31900.0
Cà phê Robusta nhân xô,Đắk Lắk,Công ty thu mua,VNĐ/Kg,VNĐ,CTV địa phương,2021-03-09,33100.0
Cà phê Robusta nhân xô,Đắk Lắk,Đại lý thu mua,VNĐ/Kg,VNĐ,CTV địa phương,2021-03-09,33000.0
Cà phê Robusta nhân xô,Đắk Lắk,Thương lái thu mua,VNĐ/kg,VNĐ,CTV địa phương,2021-03-09,32200.0
Cà phê Robusta nhân xô,Đắk Nông,Công ty thu mua,VNĐ/Kg,VNĐ,CTV địa phương,2021-03-09,33000.0
Cà phê Robusta nhân xô,Đắk Nông,Đại lý thu mua,VNĐ/Kg,VNĐ,CTV địa phương,2021-03-09,32700.0
Cà phê Robusta nhân xô,Gia Lai,Đại lý thu mua,VNĐ/Kg,VNĐ,CTV địa phương,2021-03-09,32600.0
Cà phê Robusta nhân xô,Kon Tum,Đại lý thu mua,VNĐ/Kg,VNĐ,CTV địa phương,2021-03-09,32600.0
Cà phê Robusta nhân xô,Lâm Đồng,Công ty thu mua,VNĐ/Kg,VNĐ,CTV địa phương,2021-03-09,32400.0
Cà phê Robusta nhân xô,Lâm Đồng,Đại lý thu mua,VNĐ/Kg,VNĐ,CTV địa phương,2021-03-09,32300.0
Cà phê Robusta nhân xô,Lâm Đồng,Thương lái thu mua,VNĐ/kg,VNĐ,CTV địa phương,2021-03-09,31250.0
Cà phê Robusta nhân xô,Đắk Lắk,Công ty thu mua,VNĐ/Kg,VNĐ,CTV địa phương,2021-03-08,33200.0
Cà phê Robusta nhân xô,Đắk Lắk,Đại lý thu mua,VNĐ/Kg,VNĐ,CTV địa phương,2021-03-08,33100.0
Cà phê Robusta nhân xô,Đắk Lắk,Thương lái thu mua,VNĐ/kg,VNĐ,CTV địa phương,2021-03-08,32500.0
Cà phê Robusta nhân xô,Đắk Nông,Công ty thu mua,VNĐ/Kg,VNĐ,CTV địa phương,2021-03-08,33100.0
Cà phê Robusta nhân xô,Đắk Nông,Đại lý thu mua,VNĐ/Kg,VNĐ,CTV địa phương,2021-03-08,32800.0
Cà phê Robusta nhân xô,Gia Lai,Đại lý thu mua,VNĐ/Kg,VNĐ,CTV địa phương,2021-03-08,32800.0
Cà phê Robusta nhân xô,Kon Tum,Đại lý thu mua,VNĐ/Kg,VNĐ,CTV địa phương,2021-03-08,32800.0
Cà phê Robusta nhân xô,Lâm Đồng,Công ty thu mua,VNĐ/Kg,VNĐ,CTV địa phương,2021-03-08,32500.0
Cà phê Robusta nhân xô,Lâm Đồng,Đại lý thu mua,VNĐ/Kg,VNĐ,CTV địa phương,2021-03-08,32400.0
Cà phê Robusta nhân xô,Lâm Đồng,Thương lái thu mua,VNĐ/kg,VNĐ,CTV địa phương,2021-03-08,31650.0
Cà phê Robusta nhân xô,Đắk Lắk,Công ty thu mua,VNĐ/Kg,VNĐ,CTV địa phương,2021-03-05,32800.0
Cà phê Robusta nhân xô,Đắk Lắk,Đại lý thu mua,VNĐ/Kg,VNĐ,CTV địa phương,2021-03-05,32700.0
Cà phê Robusta nhân xô,Đắk Lắk,Thương lái thu mua,VNĐ/kg,VNĐ,CTV địa phương,2021-03-05,32600.0
Cà phê Robusta nhân xô,Đắk Nông,Công ty thu mua,VNĐ/Kg,VNĐ,CTV địa phương,2021-03-05,32700.0
Cà phê Robusta nhân xô,Đắk Nông,Đại lý thu mua,VNĐ/Kg,VNĐ,CTV địa phương,2021-03-05,32400.0
Cà phê Robusta nhân xô,Gia Lai,Đại lý thu mua,VNĐ/Kg,VNĐ,CTV địa phương,2021-03-05,32400.0
Cà phê Robusta nhân xô,Kon Tum,Đại lý thu mua,VNĐ/Kg,VNĐ,CTV địa phương,2021-03-05,32400.0
Cà phê Robusta nhân xô,Lâm Đồng,Công ty thu mua,VNĐ/Kg,VNĐ,CTV địa phương,2021-03-05,32100.0
Cà phê Robusta nhân xô,Lâm Đồng,Đại lý thu mua,VNĐ/Kg,VNĐ,CTV địa phương,2021-03-05,32000.0
Cà phê Robusta nhân xô,Lâm Đồng,Thương lái thu mua,VNĐ/kg,VNĐ,CTV địa phương,2021-03-05,31950.0
Cà phê Robusta nhân xô,Đắk Lắk,Công ty thu mua,VNĐ/Kg,VNĐ,CTV địa phương,2021-03-04,32900.0
Cà phê Robusta nhân xô,Đắk Lắk,Đại lý thu mua,VNĐ/Kg,VNĐ,CTV địa phương,2021-03-04,32800.0
Cà phê Robusta nhân xô,Đắk Lắk,Thương lái thu mua,VNĐ/kg,VNĐ,CTV địa phương,2021-03-04,32700.0
Cà phê Robusta nhân xô,Đắk Nông,Công ty thu mua,VNĐ/Kg,VNĐ,CTV địa phương,2021-03-04,32800.0
Cà phê Robusta nhân xô,Đắk Nông,Đại lý thu mua,VNĐ/Kg,VNĐ,CTV địa phương,2021-03-04,32500.0
Cà phê Robusta nhân xô,Gia Lai,Đại lý thu mua,VNĐ/Kg,VNĐ,CTV địa phương,2021-03-04,32500.0
Cà phê Robusta nhân xô,Kon Tum,Đại lý thu mua,VNĐ/Kg,VNĐ,CTV địa phương,2021-03-04,32500.0
Cà phê Robusta nhân xô,Lâm Đồng,Công ty thu mua,VNĐ/Kg,VNĐ,CTV địa phương,2021-03-04,32200.0
Cà phê Robusta nhân xô,Lâm Đồng,Đại lý thu mua,VNĐ/Kg,VNĐ,CTV địa phương,2021-03-04,32100.0
Cà phê Robusta nhân xô,Lâm Đồng,Thương lái thu mua,VNĐ/kg,VNĐ,CTV địa phương,2021-03-04,32050.0
Cà phê Robusta nhân xô,Đắk Lắk,Công ty thu mua,VNĐ/Kg,VNĐ,CTV địa phương,2021-03-03,33000.0
Cà phê Robusta nhân xô,Đắk Lắk,Đại lý thu mua,VNĐ/Kg,VNĐ,CTV địa phương,2021-03-03,32900.0
Cà phê Robusta nhân xô,Đắk Lắk,Thương lái thu mua,VNĐ/kg,VNĐ,CTV địa phương,2021-03-03,32800.0
Cà phê Robusta nhân xô,Đắk Nông,Công ty thu mua,VNĐ/Kg,VNĐ,CTV địa phương,2021-03-03,32900.0
Cà phê Robusta nhân xô,Đắk Nông,Đại lý thu mua,VNĐ/Kg,VNĐ,CTV địa phương,2021-03-03,32600.0
Cà phê Robusta nhân xô,Gia Lai,Đại lý thu mua,VNĐ/Kg,VNĐ,CTV địa phương,2021-03-03,32600.0
Cà phê Robusta nhân xô,Kon Tum,Đại lý thu mua,VNĐ/Kg,VNĐ,CTV địa phương,2021-03-03,32500.0
Cà phê Robusta nhân xô,Lâm Đồng,Công ty thu mua,VNĐ/Kg,VNĐ,CTV địa phương,2021-03-03,32300.0
Cà phê Robusta nhân xô,Lâm Đồng,Đại lý thu mua,VNĐ/Kg,VNĐ,CTV địa phương,2021-03-03,32200.0
Cà phê Robusta nhân xô,Lâm Đồng,Thương lái thu mua,VNĐ/kg,VNĐ,CTV địa phương,2021-03-03,32150.0
Cà phê Robusta nhân xô,Đắk Lắk,Công ty thu mua,VNĐ/Kg,VNĐ,CTV địa phương,2021-03-02,33100.0
Cà phê Robusta nhân xô,Đắk Lắk,Đại lý thu mua,VNĐ/Kg,VNĐ,CTV địa phương,2021-03-02,33000.0
Cà phê Robusta nhân xô,Đắk Lắk,Thương lái thu mua,VNĐ/kg,VNĐ,CTV địa phương,2021-03-02,32900.0
Cà phê Robusta nhân xô,Đắk Nông,Công ty thu mua,VNĐ/Kg,VNĐ,CTV địa phương,2021-03-02,33000.0
Cà phê Robusta nhân xô,Đắk Nông,Đại lý thu mua,VNĐ/Kg,VNĐ,CTV địa phương,2021-03-02,32700.0
Cà phê Robusta nhân xô,Gia Lai,Đại lý thu mua,VNĐ/Kg,VNĐ,CTV địa phương,2021-03-02,32600.0
Cà phê Robusta nhân xô,Kon Tum,Đại lý thu mua,VNĐ/Kg,VNĐ,CTV địa phương,2021-03-02,32600.0
Cà phê Robusta nhân xô,Lâm Đồng,Công ty thu mua,VNĐ/Kg,VNĐ,CTV địa phương,2021-03-02,32400.0
Cà phê Robusta nhân xô,Lâm Đồng,Đại lý thu mua,VNĐ/Kg,VNĐ,CTV địa phương,2021-03-02,32300.0
Cà phê Robusta nhân xô,Lâm Đồng,Thương lái thu mua,VNĐ/kg,VNĐ,CTV địa phương,2021-03-02,32250.0
Cà phê Robusta nhân xô,Đắk Lắk,Công ty thu mua,VNĐ/Kg,VNĐ,CTV địa phương,2021-03-01,33200.0
Cà phê Robusta nhân xô,Đắk Lắk,Đại lý thu mua,VNĐ/Kg,VNĐ,CTV địa phương,2021-03-01,33100.0
Cà phê Robusta nhân xô,Đắk Lắk,Thương lái thu mua,VNĐ/kg,VNĐ,CTV địa phương,2021-03-01,32718.0
Cà phê Robusta nhân xô,Đắk Nông,Công ty thu mua,VNĐ/Kg,VNĐ,CTV địa phương,2021-03-01,33100.0
Cà phê Robusta nhân xô,Đắk Nông,Đại lý thu mua,VNĐ/Kg,VNĐ,CTV địa phương,2021-03-01,32800.0
Cà phê Robusta nhân xô,Gia Lai,Đại lý thu mua,VNĐ/Kg,VNĐ,CTV địa phương,2021-03-01,32800.0
Cà phê Robusta nhân xô,Kon Tum,Đại lý thu mua,VNĐ/Kg,VNĐ,CTV địa phương,2021-03-01,32800.0
Cà phê Robusta nhân xô,Lâm Đồng,Công ty thu mua,VNĐ/Kg,VNĐ,CTV địa phương,2021-03-01,32500.0
Cà phê Robusta nhân xô,Lâm Đồng,Đại lý thu mua,VNĐ/Kg,VNĐ,CTV địa phương,2021-03-01,32400.0
Cà phê Robusta nhân xô,Lâm Đồng,Thương lái thu mua,VNĐ/kg,VNĐ,CTV địa phương,2021-03-01,32059.5
Cà phê Robusta nhân xô,Đắk Lắk,Thương lái thu mua,VNĐ/kg,VNĐ,CTV địa phương,2021-02-26,33067.0
Cà phê Robusta nhân xô,Lâm Đồng,Thương lái thu mua,VNĐ/kg,VNĐ,CTV địa phương,2021-02-26,32467.0
Cà phê Robusta nhân xô,Đắk Lắk,Thương lái thu mua,VNĐ/kg,VNĐ,CTV địa phương,2021-02-25,32967.0
Cà phê Robusta nhân xô,Lâm Đồng,Thương lái thu mua,VNĐ/kg,VNĐ,CTV địa phương,2021-02-25,32367.0
Cà phê Robusta nhân xô,Đắk Lắk,Thương lái thu mua,VNĐ/kg,VNĐ,CTV địa phương,2021-02-24,32967.0
Cà phê Robusta nhân xô,Lâm Đồng,Thương lái thu mua,VNĐ/kg,VNĐ,CTV địa phương,2021-02-24,32367.0
Cà phê Robusta nhân xô,Đắk Lắk,Thương lái thu mua,VNĐ/kg,VNĐ,CTV địa phương,2021-02-23,32567.0
Cà phê Robusta nhân xô,Lâm Đồng,Thương lái thu mua,VNĐ/kg,VNĐ,CTV địa phương,2021-02-23,31967.0
Cà phê Robusta nhân xô,Đắk Lắk,Thương lái thu mua,VNĐ/kg,VNĐ,CTV địa phương,2021-02-22,31867.0
Cà phê Robusta nhân xô,Lâm Đồng,Thương lái thu mua,VNĐ/kg,VNĐ,CTV địa phương,2021-02-22,31267.0
Cà phê Robusta nhân xô,Đắk Lắk,Thương lái thu mua,VNĐ/kg,VNĐ,CTV địa phương,2021-02-19,31967.0
Cà phê Robusta nhân xô,Lâm Đồng,Thương lái thu mua,VNĐ/kg,VNĐ,CTV địa phương,2021-02-19,31367.0
Cà phê Robusta nhân xô,Đắk Lắk,Thương lái thu mua,VNĐ/kg,VNĐ,CTV địa phương,2021-02-18,31867.0
Cà phê Robusta nhân xô,Lâm Đồng,Thương lái thu mua,VNĐ/kg,VNĐ,CTV địa phương,2021-02-18,31267.0
Cà phê Robusta nhân xô,Đắk Lắk,Thương lái thu mua,VNĐ/kg,VNĐ,CTV địa phương,2021-02-17,31667.0
Cà phê Robusta nhân xô,Lâm Đồng,Thương lái thu mua,VNĐ/kg,VNĐ,CTV địa phương,2021-02-17,31067.0
Cà phê Robusta nhân xô,Đắk Lắk,Thương lái thu mua,VNĐ/kg,VNĐ,CTV địa phương,2021-02-16,31767.0
Cà phê Robusta nhân xô,Lâm Đồng,Thương lái thu mua,VNĐ/kg,VNĐ,CTV địa phương,2021-02-16,31033.0
Cà phê Robusta nhân xô,Đắk Lắk,Thương lái thu mua,VNĐ/kg,VNĐ,CTV địa phương,2021-02-12,31967.0
Cà phê Robusta nhân xô,Lâm Đồng,Thương lái thu mua,VNĐ/kg,VNĐ,CTV địa phương,2021-02-12,31300.0
Cà phê Robusta nhân xô,Đắk Lắk,Thương lái thu mua,VNĐ/kg,VNĐ,CTV địa phương,2021-02-11,31867.0
Cà phê Robusta nhân xô,Lâm Đồng,Thương lái thu mua,VNĐ/kg,VNĐ,CTV địa phương,2021-02-11,31167.0
Cà phê Robusta nhân xô,Đắk Lắk,Thương lái thu mua,VNĐ/kg,VNĐ,CTV địa phương,2021-02-10,32067.0
Cà phê Robusta nhân xô,Lâm Đồng,Thương lái thu mua,VNĐ/kg,VNĐ,CTV địa phương,2021-02-10,31367.0
Cà phê Robusta nhân xô,Đắk Lắk,Thương lái thu mua,VNĐ/kg,VNĐ,CTV địa phương,2021-02-09,31967.0
Cà phê Robusta nhân xô,Lâm Đồng,Thương lái thu mua,VNĐ/kg,VNĐ,CTV địa phương,2021-02-09,31267.0
Cà phê Robusta nhân xô,Đắk Lắk,Thương lái thu mua,VNĐ/kg,VNĐ,CTV địa phương,2021-02-08,31767.0
Cà phê Robusta nhân xô,Lâm Đồng,Thương lái thu mua,VNĐ/kg,VNĐ,CTV địa phương,2021-02-08,31067.0
Cà phê Robusta nhân xô,Đắk Lắk,Thương lái thu mua,VNĐ/kg,VNĐ,CTV địa phương,2021-02-05,31767.0
Cà phê Robusta nhân xô,Lâm Đồng,Thương lái thu mua,VNĐ/kg,VNĐ,CTV địa phương,2021-02-05,31067.0
Cà phê Robusta nhân xô,Đắk Lắk,Thương lái thu mua,VNĐ/kg,VNĐ,CTV địa phương,2021-02-04,31567.0
Cà phê Robusta nhân xô,Lâm Đồng,Thương lái thu mua,VNĐ/kg,VNĐ,CTV địa phương,2021-02-04,30967.0
Cà phê Robusta nhân xô,Đắk Lắk,Thương lái thu mua,VNĐ/kg,VNĐ,CTV địa phương,2021-02-03,31367.0
Cà phê Robusta nhân xô,Lâm Đồng,Thương lái thu mua,VNĐ/kg,VNĐ,CTV địa phương,2021-02-03,30767.0
Cà phê Robusta nhân xô,Đắk Lắk,Thương lái thu mua,VNĐ/kg,VNĐ,CTV địa phương,2021-02-02,31767.0
Cà phê Robusta nhân xô,Lâm Đồng,Thương lái thu mua,VNĐ/kg,VNĐ,CTV địa phương,2021-02-02,31267.0
Cà phê Robusta nhân xô,Đắk Lắk,Thương lái thu mua,VNĐ/kg,VNĐ,CTV địa phương,2021-02-01,31740.5
Cà phê Robusta nhân xô,Lâm Đồng,Thương lái thu mua,VNĐ/kg,VNĐ,CTV địa phương,2021-02-01,31177.5
Cà phê Robusta nhân xô,Đắk Lắk,Thương lái thu mua,VNĐ/kg,VNĐ,CTV địa phương,2021-01-29,30867.0
Cà phê Robusta nhân xô,Lâm Đồng,Thương lái thu mua,VNĐ/kg,VNĐ,CTV địa phương,2021-01-29,31367.0
Cà phê Robusta nhân xô,Đắk Lắk,Thương lái thu mua,VNĐ/kg,VNĐ,CTV địa phương,2021-01-28,31067.0
Cà phê Robusta nhân xô,Lâm Đồng,Thương lái thu mua,VNĐ/kg,VNĐ,CTV địa phương,2021-01-28,31567.0
Cà phê Robusta nhân xô,Đắk Lắk,Thương lái thu mua,VNĐ/kg,VNĐ,CTV địa phương,2021-01-27,31067.0
Cà phê Robusta nhân xô,Lâm Đồng,Thương lái thu mua,VNĐ/kg,VNĐ,CTV địa phương,2021-01-27,31567.0
Cà phê Robusta nhân xô,Đắk Lắk,Thương lái thu mua,VNĐ/kg,VNĐ,CTV địa phương,2021-01-26,30867.0
Cà phê Robusta nhân xô,Lâm Đồng,Thương lái thu mua,VNĐ/kg,VNĐ,CTV địa phương,2021-01-26,31367.0
Cà phê Robusta nhân xô,Đắk Lắk,Thương lái thu mua,VNĐ/kg,VNĐ,CTV địa phương,2021-01-25,30867.0
Cà phê Robusta nhân xô,Lâm Đồng,Thương lái thu mua,VNĐ/kg,VNĐ,CTV địa phương,2021-01-25,31367.0
Cà phê Robusta nhân xô,Đắk Lắk,Thương lái thu mua,VNĐ/kg,VNĐ,CTV địa phương,2021-01-22,31600.0
Cà phê Robusta nhân xô,Lâm Đồng,Thương lái thu mua,VNĐ/kg,VNĐ,CTV địa phương,2021-01-22,31067.0
Cà phê Robusta nhân xô,Đắk Lắk,Thương lái thu mua,VNĐ/kg,VNĐ,CTV địa phương,2021-01-21,31867.0
Cà phê Robusta nhân xô,Lâm Đồng,Thương lái thu mua,VNĐ/kg,VNĐ,CTV địa phương,2021-01-21,31367.0
Cà phê Robusta nhân xô,Đắk Lắk,Thương lái thu mua,VNĐ/kg,VNĐ,CTV địa phương,2021-01-20,31967.0
Cà phê Robusta nhân xô,Lâm Đồng,Thương lái thu mua,VNĐ/kg,VNĐ,CTV địa phương,2021-01-20,31467.0
Cà phê Robusta nhân xô,Đắk Lắk,Thương lái thu mua,VNĐ/kg,VNĐ,CTV địa phương,2021-01-19,31867.0
Cà phê Robusta nhân xô,Lâm Đồng,Thương lái thu mua,VNĐ/kg,VNĐ,CTV địa phương,2021-01-19,31367.0
Cà phê Robusta nhân xô,Đắk Lắk,Thương lái thu mua,VNĐ/kg,VNĐ,CTV địa phương,2021-01-18,32267.0
Cà phê Robusta nhân xô,Lâm Đồng,Thương lái thu mua,VNĐ/kg,VNĐ,CTV địa phương,2021-01-18,31767.0
Cà phê Robusta nhân xô,Đắk Lắk,Thương lái thu mua,VNĐ/kg,VNĐ,CTV địa phương,2021-01-15,31967.0
Cà phê Robusta nhân xô,Lâm Đồng,Thương lái thu mua,VNĐ/kg,VNĐ,CTV địa phương,2021-01-15,31467.0
Cà phê Robusta nhân xô,Đắk Lắk,Thương lái thu mua,VNĐ/kg,VNĐ,CTV địa phương,2021-01-14,32067.0
Cà phê Robusta nhân xô,Lâm Đồng,Thương lái thu mua,VNĐ/kg,VNĐ,CTV địa phương,2021-01-14,31567.0
Cà phê Robusta nhân xô,Đắk Lắk,Thương lái thu mua,VNĐ/kg,VNĐ,CTV địa phương,2021-01-13,31467.0
Cà phê Robusta nhân xô,Lâm Đồng,Thương lái thu mua,VNĐ/kg,VNĐ,CTV địa phương,2021-01-13,30967.0
Cà phê Robusta nhân xô,Đắk Lắk,Thương lái thu mua,VNĐ/kg,VNĐ,CTV địa phương,2021-01-12,31667.0
Cà phê Robusta nhân xô,Lâm Đồng,Thương lái thu mua,VNĐ/kg,VNĐ,CTV địa phương,2021-01-12,31167.0
Cà phê Robusta nhân xô,Đắk Lắk,Thương lái thu mua,VNĐ/kg,VNĐ,CTV địa phương,2021-01-11,31767.0
Cà phê Robusta nhân xô,Lâm Đồng,Thương lái thu mua,VNĐ/kg,VNĐ,CTV địa phương,2021-01-11,31267.0
Cà phê Robusta nhân xô,Đắk Lắk,Thương lái thu mua,VNĐ/kg,VNĐ,CTV địa phương,2021-01-08,32067.0
Cà phê Robusta nhân xô,Lâm Đồng,Thương lái thu mua,VNĐ/kg,VNĐ,CTV địa phương,2021-01-08,31567.0
Cà phê Robusta nhân xô,Đắk Lắk,Thương lái thu mua,VNĐ/kg,VNĐ,CTV địa phương,2021-01-07,32367.0
Cà phê Robusta nhân xô,Lâm Đồng,Thương lái thu mua,VNĐ/kg,VNĐ,CTV địa phương,2021-01-07,31867.0
Cà phê Robusta nhân xô,Đắk Lắk,Thương lái thu mua,VNĐ/kg,VNĐ,CTV địa phương,2021-01-06,32567.0
Cà phê Robusta nhân xô,Lâm Đồng,Thương lái thu mua,VNĐ/kg,VNĐ,CTV địa phương,2021-01-06,32067.0
Cà phê Robusta nhân xô,Đắk Lắk,Thương lái thu mua,VNĐ/kg,VNĐ,CTV địa phương,2021-01-05,32667.0
Cà phê Robusta nhân xô,Lâm Đồng,Thương lái thu mua,VNĐ/kg,VNĐ,CTV địa phương,2021-01-05,32167.0
Cà phê Robusta nhân xô,Đắk Lắk,Thương lái thu mua,VNĐ/kg,VNĐ,CTV địa phương,2021-01-04,32967.0
Cà phê Robusta nhân xô,Lâm Đồng,Thương lái thu mua,VNĐ/kg,VNĐ,CTV địa phương,2021-01-04,32467.0
Cà phê Robusta nhân xô,Đắk Lắk,Thương lái thu mua,VNĐ/kg,VNĐ,CTV địa phương,2021-01-01,31793.0
Cà phê Robusta nhân xô,Lâm Đồng,Thương lái thu mua,VNĐ/kg,VNĐ,CTV địa phương,2021-01-01,31542.0
Cà phê Robusta nhân xô,Đắk Lắk,Thương lái thu mua,VNĐ/kg,VNĐ,CTV địa phương,2020-12-31,32867.0
Cà phê Robusta nhân xô,Lâm Đồng,Thương lái thu mua,VNĐ/kg,VNĐ,CTV địa phương,2020-12-31,32367.0
Cà phê Robusta nhân xô,Đắk Lắk,Thương lái thu mua,VNĐ/kg,VNĐ,CTV địa phương,2020-12-30,32967.0
Cà phê Robusta nhân xô,Lâm Đồng,Thương lái thu mua,VNĐ/kg,VNĐ,CTV địa phương,2020-12-30,32467.0
Cà phê Robusta nhân xô,Đắk Lắk,Thương lái thu mua,VNĐ/kg,VNĐ,CTV địa phương,2020-12-29,32967.0
Cà phê Robusta nhân xô,Lâm Đồng,Thương lái thu mua,VNĐ/kg,VNĐ,CTV địa phương,2020-12-29,32467.0
Cà phê Robusta nhân xô,Đắk Lắk,Thương lái thu mua,VNĐ/kg,VNĐ,CTV địa phương,2020-12-28,32967.0
Cà phê Robusta nhân xô,Lâm Đồng,Thương lái thu mua,VNĐ/kg,VNĐ,CTV địa phương,2020-12-28,32467.0
Cà phê Robusta nhân xô,Đắk Lắk,Thương lái thu mua,VNĐ/kg,VNĐ,CTV địa phương,2020-12-25,32967.0
Cà phê Robusta nhân xô,Lâm Đồng,Thương lái thu mua,VNĐ/kg,VNĐ,CTV địa phương,2020-12-25,32467.0
Cà phê Robusta nhân xô,Đắk Lắk,Thương lái thu mua,VNĐ/kg,VNĐ,CTV địa phương,2020-12-24,32867.0
Cà phê Robusta nhân xô,Lâm Đồng,Thương lái thu mua,VNĐ/kg,VNĐ,CTV địa phương,2020-12-24,32367.0
Cà phê Robusta nhân xô,Đắk Lắk,Thương lái thu mua,VNĐ/kg,VNĐ,CTV địa phương,2020-12-23,32867.0
Cà phê Robusta nhân xô,Lâm Đồng,Thương lái thu mua,VNĐ/kg,VNĐ,CTV địa phương,2020-12-23,32367.0
Cà phê Robusta nhân xô,Đắk Lắk,Thương lái thu mua,VNĐ/kg,VNĐ,CTV địa phương,2020-12-22,32867.0
Cà phê Robusta nhân xô,Lâm Đồng,Thương lái thu mua,VNĐ/kg,VNĐ,CTV địa phương,2020-12-22,32367.0
Cà phê Robusta nhân xô,Đắk Lắk,Thương lái thu mua,VNĐ/kg,VNĐ,CTV địa phương,2020-12-21,32867.0
Cà phê Robusta nhân xô,Lâm Đồng,Thương lái thu mua,VNĐ/kg,VNĐ,CTV địa phương,2020-12-21,32367.0
Cà phê Robusta nhân xô,Đắk Lắk,Thương lái thu mua,VNĐ/kg,VNĐ,CTV địa phương,2020-12-18,32967.0
Cà phê Robusta nhân xô,Lâm Đồng,Thương lái thu mua,VNĐ/kg,VNĐ,CTV địa phương,2020-12-18,32567.0
Cà phê Robusta nhân xô,Đắk Lắk,Thương lái thu mua,VNĐ/kg,VNĐ,CTV địa phương,2020-12-17,33067.0
Cà phê Robusta nhân xô,Lâm Đồng,Thương lái thu mua,VNĐ/kg,VNĐ,CTV địa phương,2020-12-17,32667.0
Cà phê Robusta nhân xô,Đắk Lắk,Thương lái thu mua,VNĐ/kg,VNĐ,CTV địa phương,2020-12-16,32967.0
Cà phê Robusta nhân xô,Lâm Đồng,Thương lái thu mua,VNĐ/kg,VNĐ,CTV địa phương,2020-12-16,32567.0
Cà phê Robusta nhân xô,Đắk Lắk,Thương lái thu mua,VNĐ/kg,VNĐ,CTV địa phương,2020-12-15,32867.0
Cà phê Robusta nhân xô,Lâm Đồng,Thương lái thu mua,VNĐ/kg,VNĐ,CTV địa phương,2020-12-15,32467.0
Cà phê Robusta nhân xô,Đắk Lắk,Thương lái thu mua,VNĐ/kg,VNĐ,CTV địa phương,2020-12-14,32867.0
Cà phê Robusta nhân xô,Lâm Đồng,Thương lái thu mua,VNĐ/kg,VNĐ,CTV địa phương,2020-12-14,32467.0
Cà phê Robusta nhân xô,Đắk Lắk,Thương lái thu mua,VNĐ/kg,VNĐ,CTV địa phương,2020-12-11,32967.0
Cà phê Robusta nhân xô,Lâm Đồng,Thương lái thu mua,VNĐ/kg,VNĐ,CTV địa phương,2020-12-11,32467.0
Cà phê Robusta nhân xô,Đắk Lắk,Thương lái thu mua,VNĐ/kg,VNĐ,CTV địa phương,2020-12-10,32967.0
Cà phê Robusta nhân xô,Lâm Đồng,Thương lái thu mua,VNĐ/kg,VNĐ,CTV địa phương,2020-12-10,32367.0
Cà phê Robusta nhân xô,Đắk Lắk,Thương lái thu mua,VNĐ/kg,VNĐ,CTV địa phương,2020-12-09,31767.0
Cà phê Robusta nhân xô,Lâm Đồng,Thương lái thu mua,VNĐ/kg,VNĐ,CTV địa phương,2020-12-09,31167.0
Cà phê Robusta nhân xô,Đắk Lắk,Thương lái thu mua,VNĐ/kg,VNĐ,CTV địa phương,2020-12-08,31867.0
Cà phê Robusta nhân xô,Lâm Đồng,Thương lái thu mua,VNĐ/kg,VNĐ,CTV địa phương,2020-12-08,31267.0
Cà phê Robusta nhân xô,Đắk Lắk,Thương lái thu mua,VNĐ/kg,VNĐ,CTV địa phương,2020-12-07,31967.0
Cà phê Robusta nhân xô,Lâm Đồng,Thương lái thu mua,VNĐ/kg,VNĐ,CTV địa phương,2020-12-07,31367.0
Cà phê Robusta nhân xô,Đắk Lắk,Thương lái thu mua,VNĐ/kg,VNĐ,CTV địa phương,2020-12-04,32167.0
Cà phê Robusta nhân xô,Lâm Đồng,Thương lái thu mua,VNĐ/kg,VNĐ,CTV địa phương,2020-12-04,31567.0
Cà phê Robusta nhân xô,Đắk Lắk,Thương lái thu mua,VNĐ/kg,VNĐ,CTV địa phương,2020-12-03,32067.0
Cà phê Robusta nhân xô,Lâm Đồng,Thương lái thu mua,VNĐ/kg,VNĐ,CTV địa phương,2020-12-03,31467.0
Cà phê Robusta nhân xô,Đắk Lắk,Thương lái thu mua,VNĐ/kg,VNĐ,CTV địa phương,2020-12-02,32867.0
Cà phê Robusta nhân xô,Lâm Đồng,Thương lái thu mua,VNĐ/kg,VNĐ,CTV địa phương,2020-12-02,32267.0
Cà phê Robusta nhân xô,Đắk Lắk,Thương lái thu mua,VNĐ/kg,VNĐ,CTV địa phương,2020-12-01,33067.0
Cà phê Robusta nhân xô,Lâm Đồng,Thương lái thu mua,VNĐ/kg,VNĐ,CTV địa phương,2020-12-01,32467.0
Cà phê Robusta nhân xô,Đắk Lắk,Thương lái thu mua,VNĐ/kg,VNĐ,CTV địa phương,2020-11-30,33267.0
Cà phê Robusta nhân xô,Lâm Đồng,Thương lái thu mua,VNĐ/kg,VNĐ,CTV địa phương,2020-11-30,32667.0
Cà phê Robusta nhân xô,Đắk Lắk,Thương lái thu mua,VNĐ/kg,VNĐ,CTV địa phương,2020-11-27,33267.0
Cà phê Robusta nhân xô,Lâm Đồng,Thương lái thu mua,VNĐ/kg,VNĐ,CTV địa phương,2020-11-27,32667.0
Cà phê Robusta nhân xô,Đắk Lắk,Thương lái thu mua,VNĐ/kg,VNĐ,CTV địa phương,2020-11-26,32567.0
Cà phê Robusta nhân xô,Lâm Đồng,Thương lái thu mua,VNĐ/kg,VNĐ,CTV địa phương,2020-11-26,31967.0
Cà phê Robusta nhân xô,Đắk Lắk,Thương lái thu mua,VNĐ/kg,VNĐ,CTV địa phương,2020-11-25,32367.0
Cà phê Robusta nhân xô,Lâm Đồng,Thương lái thu mua,VNĐ/kg,VNĐ,CTV địa phương,2020-11-25,31767.0
Cà phê Robusta nhân xô,Đắk Lắk,Thương lái thu mua,VNĐ/kg,VNĐ,CTV địa phương,2020-11-24,32867.0
Cà phê Robusta nhân xô,Lâm Đồng,Thương lái thu mua,VNĐ/kg,VNĐ,CTV địa phương,2020-11-24,32267.0
Cà phê Robusta nhân xô,Đắk Lắk,Thương lái thu mua,VNĐ/kg,VNĐ,CTV địa phương,2020-11-23,33067.0
Cà phê Robusta nhân xô,Lâm Đồng,Thương lái thu mua,VNĐ/kg,VNĐ,CTV địa phương,2020-11-23,32467.0
Cà phê Robusta nhân xô,Đắk Lắk,Thương lái thu mua,VNĐ/kg,VNĐ,CTV địa phương,2020-11-20,33167.0
Cà phê Robusta nhân xô,Lâm Đồng,Thương lái thu mua,VNĐ/kg,VNĐ,CTV địa phương,2020-11-20,32567.0
Cà phê Robusta nhân xô,Đắk Lắk,Thương lái thu mua,VNĐ/kg,VNĐ,CTV địa phương,2020-11-19,33567.0
Cà phê Robusta nhân xô,Lâm Đồng,Thương lái thu mua,VNĐ/kg,VNĐ,CTV địa phương,2020-11-19,32867.0
Cà phê Robusta nhân xô,Đắk Lắk,Thương lái thu mua,VNĐ/kg,VNĐ,CTV địa phương,2020-11-18,33900.0
Cà phê Robusta nhân xô,Lâm Đồng,Thương lái thu mua,VNĐ/kg,VNĐ,CTV địa phương,2020-11-18,33267.0
Cà phê Robusta nhân xô,Đắk Lắk,Thương lái thu mua,VNĐ/kg,VNĐ,CTV địa phương,2020-11-17,34500.0
Cà phê Robusta nhân xô,Lâm Đồng,Thương lái thu mua,VNĐ/kg,VNĐ,CTV địa phương,2020-11-17,33867.0
Cà phê Robusta nhân xô,Đắk Lắk,Thương lái thu mua,VNĐ/kg,VNĐ,CTV địa phương,2020-11-16,33967.0
Cà phê Robusta nhân xô,Lâm Đồng,Thương lái thu mua,VNĐ/kg,VNĐ,CTV địa phương,2020-11-16,33367.0
Cà phê Robusta nhân xô,Đắk Lắk,Thương lái thu mua,VNĐ/kg,VNĐ,CTV địa phương,2020-11-13,34067.0
Cà phê Robusta nhân xô,Lâm Đồng,Thương lái thu mua,VNĐ/kg,VNĐ,CTV địa phương,2020-11-13,33467.0
Cà phê Robusta nhân xô,Đắk Lắk,Thương lái thu mua,VNĐ/kg,VNĐ,CTV địa phương,2020-11-12,33867.0
Cà phê Robusta nhân xô,Lâm Đồng,Thương lái thu mua,VNĐ/kg,VNĐ,CTV địa phương,2020-11-12,33267.0
Cà phê Robusta nhân xô,Đắk Lắk,Thương lái thu mua,VNĐ/kg,VNĐ,CTV địa phương,2020-11-11,33567.0
Cà phê Robusta nhân xô,Lâm Đồng,Thương lái thu mua,VNĐ/kg,VNĐ,CTV địa phương,2020-11-11,32967.0
Cà phê Robusta nhân xô,Đắk Lắk,Thương lái thu mua,VNĐ/kg,VNĐ,CTV địa phương,2020-11-10,33367.0
Cà phê Robusta nhân xô,Lâm Đồng,Thương lái thu mua,VNĐ/kg,VNĐ,CTV địa phương,2020-11-10,32767.0
Cà phê Robusta nhân xô,Đắk Lắk,Thương lái thu mua,VNĐ/kg,VNĐ,CTV địa phương,2020-11-09,33367.0
Cà phê Robusta nhân xô,Lâm Đồng,Thương lái thu mua,VNĐ/kg,VNĐ,CTV địa phương,2020-11-09,32767.0
Cà phê Robusta nhân xô,Đắk Lắk,Thương lái thu mua,VNĐ/kg,VNĐ,CTV địa phương,2020-11-06,33267.0
Cà phê Robusta nhân xô,Lâm Đồng,Thương lái thu mua,VNĐ/kg,VNĐ,CTV địa phương,2020-11-06,32567.0
Cà phê Robusta nhân xô,Đắk Lắk,Thương lái thu mua,VNĐ/kg,VNĐ,CTV địa phương,2020-11-05,32767.0
Cà phê Robusta nhân xô,Lâm Đồng,Thương lái thu mua,VNĐ/kg,VNĐ,CTV địa phương,2020-11-05,32067.0
Cà phê Robusta nhân xô,Đắk Lắk,Thương lái thu mua,VNĐ/kg,VNĐ,CTV địa phương,2020-11-04,32867.0
Cà phê Robusta nhân xô,Lâm Đồng,Thương lái thu mua,VNĐ/kg,VNĐ,CTV địa phương,2020-11-04,32167.0
Cà phê Robusta nhân xô,Đắk Lắk,Thương lái thu mua,VNĐ/kg,VNĐ,CTV địa phương,2020-11-03,33000.0
Cà phê Robusta nhân xô,Lâm Đồng,Thương lái thu mua,VNĐ/kg,VNĐ,CTV địa phương,2020-11-03,32367.0
Cà phê Robusta nhân xô,Đắk Lắk,Thương lái thu mua,VNĐ/kg,VNĐ,CTV địa phương,2020-11-02,33067.0
Cà phê Robusta nhân xô,Lâm Đồng,Thương lái thu mua,VNĐ/kg,VNĐ,CTV địa phương,2020-11-02,32467.0
Cà phê Robusta nhân xô,Đắk Lắk,Thương lái thu mua,VNĐ/kg,VNĐ,CTV địa phương,2020-10-30,33100.0
Cà phê Robusta nhân xô,Lâm Đồng,Thương lái thu mua,VNĐ/kg,VNĐ,CTV địa phương,2020-10-30,32467.0
Cà phê Robusta nhân xô,Đắk Lắk,Thương lái thu mua,VNĐ/kg,VNĐ,CTV địa phương,2020-10-29,33067.0
Cà phê Robusta nhân xô,Lâm Đồng,Thương lái thu mua,VNĐ/kg,VNĐ,CTV địa phương,2020-10-29,32367.0
Cà phê Robusta nhân xô,Đắk Lắk,Thương lái thu mua,VNĐ/kg,VNĐ,CTV địa phương,2020-10-28,33067.0
Cà phê Robusta nhân xô,Lâm Đồng,Thương lái thu mua,VNĐ/kg,VNĐ,CTV địa phương,2020-10-28,32367.0
Cà phê Robusta nhân xô,Đắk Lắk,Thương lái thu mua,VNĐ/kg,VNĐ,CTV địa phương,2020-10-27,32467.0
Cà phê Robusta nhân xô,Lâm Đồng,Thương lái thu mua,VNĐ/kg,VNĐ,CTV địa phương,2020-10-27,31767.0
Cà phê Robusta nhân xô,Đắk Lắk,Thương lái thu mua,VNĐ/kg,VNĐ,CTV địa phương,2020-10-26,32267.0
Cà phê Robusta nhân xô,Lâm Đồng,Thương lái thu mua,VNĐ/kg,VNĐ,CTV địa phương,2020-10-26,31567.0
Cà phê Robusta nhân xô,Đắk Lắk,Thương lái thu mua,VNĐ/kg,VNĐ,CTV địa phương,2020-10-23,32267.0
Cà phê Robusta nhân xô,Lâm Đồng,Thương lái thu mua,VNĐ/kg,VNĐ,CTV địa phương,2020-10-23,31667.0
Cà phê Robusta nhân xô,Đắk Lắk,Thương lái thu mua,VNĐ/kg,VNĐ,CTV địa phương,2020-10-22,31667.0
Cà phê Robusta nhân xô,Lâm Đồng,Thương lái thu mua,VNĐ/kg,VNĐ,CTV địa phương,2020-10-22,31067.0
Cà phê Robusta nhân xô,Đắk Lắk,Thương lái thu mua,VNĐ/kg,VNĐ,CTV địa phương,2020-10-21,31867.0
Cà phê Robusta nhân xô,Lâm Đồng,Thương lái thu mua,VNĐ/kg,VNĐ,CTV địa phương,2020-10-21,31267.0
Cà phê Robusta nhân xô,Đắk Lắk,Thương lái thu mua,VNĐ/kg,VNĐ,CTV địa phương,2020-10-20,32167.0
Cà phê Robusta nhân xô,Lâm Đồng,Thương lái thu mua,VNĐ/kg,VNĐ,CTV địa phương,2020-10-20,31567.0
Cà phê Robusta nhân xô,Đắk Lắk,Thương lái thu mua,VNĐ/kg,VNĐ,CTV địa phương,2020-10-19,32067.0
Cà phê Robusta nhân xô,Lâm Đồng,Thương lái thu mua,VNĐ/kg,VNĐ,CTV địa phương,2020-10-19,31467.0
Cà phê Robusta nhân xô,Đắk Lắk,Thương lái thu mua,VNĐ/kg,VNĐ,CTV địa phương,2020-10-16,31933.0
Cà phê Robusta nhân xô,Lâm Đồng,Thương lái thu mua,VNĐ/kg,VNĐ,CTV địa phương,2020-10-16,31367.0
Cà phê Robusta nhân xô,Đắk Lắk,Thương lái thu mua,VNĐ/kg,VNĐ,CTV địa phương,2020-10-15,31733.0
Cà phê Robusta nhân xô,Lâm Đồng,Thương lái thu mua,VNĐ/kg,VNĐ,CTV địa phương,2020-10-15,31167.0
Cà phê Robusta nhân xô,Đắk Lắk,Thương lái thu mua,VNĐ/kg,VNĐ,CTV địa phương,2020-10-14,31167.0
Cà phê Robusta nhân xô,Lâm Đồng,Thương lái thu mua,VNĐ/kg,VNĐ,CTV địa phương,2020-10-14,30667.0
Cà phê Robusta nhân xô,Đắk Lắk,Thương lái thu mua,VNĐ/kg,VNĐ,CTV địa phương,2020-10-13,31267.0
Cà phê Robusta nhân xô,Lâm Đồng,Thương lái thu mua,VNĐ/kg,VNĐ,CTV địa phương,2020-10-13,30767.0
Cà phê Robusta nhân xô,Đắk Lắk,Thương lái thu mua,VNĐ/kg,VNĐ,CTV địa phương,2020-10-12,31767.0
Cà phê Robusta nhân xô,Lâm Đồng,Thương lái thu mua,VNĐ/kg,VNĐ,CTV địa phương,2020-10-12,31267.0
Cà phê Robusta nhân xô,Đắk Lắk,Thương lái thu mua,VNĐ/kg,VNĐ,CTV địa phương,2020-10-09,31767.0
Cà phê Robusta nhân xô,Lâm Đồng,Thương lái thu mua,VNĐ/kg,VNĐ,CTV địa phương,2020-10-09,31167.0
Cà phê Robusta nhân xô,Đắk Lắk,Thương lái thu mua,VNĐ/kg,VNĐ,CTV địa phương,2020-10-08,31667.0
Cà phê Robusta nhân xô,Lâm Đồng,Thương lái thu mua,VNĐ/kg,VNĐ,CTV địa phương,2020-10-08,31067.0
Cà phê Robusta nhân xô,Đắk Lắk,Thương lái thu mua,VNĐ/kg,VNĐ,CTV địa phương,2020-10-07,31867.0
Cà phê Robusta nhân xô,Lâm Đồng,Thương lái thu mua,VNĐ/kg,VNĐ,CTV địa phương,2020-10-07,31267.0
Cà phê Robusta nhân xô,Đắk Lắk,Thương lái thu mua,VNĐ/kg,VNĐ,CTV địa phương,2020-10-06,31933.0
Cà phê Robusta nhân xô,Lâm Đồng,Thương lái thu mua,VNĐ/kg,VNĐ,CTV địa phương,2020-10-06,31367.0
Cà phê Robusta nhân xô,Đắk Lắk,Thương lái thu mua,VNĐ/kg,VNĐ,CTV địa phương,2020-10-05,32067.0
Cà phê Robusta nhân xô,Lâm Đồng,Thương lái thu mua,VNĐ/kg,VNĐ,CTV địa phương,2020-10-05,31467.0
Cà phê Robusta nhân xô,Đắk Lắk,Thương lái thu mua,VNĐ/kg,VNĐ,CTV địa phương,2020-10-02,31567.0
Cà phê Robusta nhân xô,Lâm Đồng,Thương lái thu mua,VNĐ/kg,VNĐ,CTV địa phương,2020-10-02,30967.0
Cà phê Robusta nhân xô,Đắk Lắk,Thương lái thu mua,VNĐ/kg,VNĐ,CTV địa phương,2020-10-01,31667.0
Cà phê Robusta nhân xô,Lâm Đồng,Thương lái thu mua,VNĐ/kg,VNĐ,CTV địa phương,2020-10-01,31067.0
Cà phê Robusta nhân xô,Đắk Lắk,Thương lái thu mua,VNĐ/kg,VNĐ,CTV địa phương,2020-09-30,31667.0
Cà phê Robusta nhân xô,Lâm Đồng,Thương lái thu mua,VNĐ/kg,VNĐ,CTV địa phương,2020-09-30,31067.0
Cà phê Robusta nhân xô,Đắk Lắk,Thương lái thu mua,VNĐ/kg,VNĐ,CTV địa phương,2020-09-29,31867.0
Cà phê Robusta nhân xô,Lâm Đồng,Thương lái thu mua,VNĐ/kg,VNĐ,CTV địa phương,2020-09-29,31267.0
Cà phê Robusta nhân xô,Đắk Lắk,Thương lái thu mua,VNĐ/kg,VNĐ,CTV địa phương,2020-09-28,32467.0
Cà phê Robusta nhân xô,Lâm Đồng,Thương lái thu mua,VNĐ/kg,VNĐ,CTV địa phương,2020-09-28,31867.0
Cà phê Robusta nhân xô,Đắk Lắk,Thương lái thu mua,VNĐ/kg,VNĐ,CTV địa phương,2020-09-25,32267.0
Cà phê Robusta nhân xô,Lâm Đồng,Thương lái thu mua,VNĐ/kg,VNĐ,CTV địa phương,2020-09-25,31667.0
Cà phê Robusta nhân xô,Đắk Lắk,Thương lái thu mua,VNĐ/kg,VNĐ,CTV địa phương,2020-09-24,32267.0
Cà phê Robusta nhân xô,Lâm Đồng,Thương lái thu mua,VNĐ/kg,VNĐ,CTV địa phương,2020-09-24,31667.0
Cà phê Robusta nhân xô,Đắk Lắk,Thương lái thu mua,VNĐ/kg,VNĐ,CTV địa phương,2020-09-23,32167.0
Cà phê Robusta nhân xô,Lâm Đồng,Thương lái thu mua,VNĐ/kg,VNĐ,CTV địa phương,2020-09-23,31567.0
Cà phê Robusta nhân xô,Đắk Lắk,Thương lái thu mua,VNĐ/kg,VNĐ,CTV địa phương,2020-09-22,32267.0
Cà phê Robusta nhân xô,Lâm Đồng,Thương lái thu mua,VNĐ/kg,VNĐ,CTV địa phương,2020-09-22,31667.0
Cà phê Robusta nhân xô,Đắk Lắk,Thương lái thu mua,VNĐ/kg,VNĐ,CTV địa phương,2020-09-21,32467.0
Cà phê Robusta nhân xô,Lâm Đồng,Thương lái thu mua,VNĐ/kg,VNĐ,CTV địa phương,2020-09-21,31867.0
Cà phê Robusta nhân xô,Đắk Lắk,Thương lái thu mua,VNĐ/kg,VNĐ,CTV địa phương,2020-09-18,32867.0
Cà phê Robusta nhân xô,Lâm Đồng,Thương lái thu mua,VNĐ/kg,VNĐ,CTV địa phương,2020-09-18,32367.0
Cà phê Robusta nhân xô,Đắk Lắk,Thương lái thu mua,VNĐ/kg,VNĐ,CTV địa phương,2020-09-17,32967.0
Cà phê Robusta nhân xô,Lâm Đồng,Thương lái thu mua,VNĐ/kg,VNĐ,CTV địa phương,2020-09-17,32467.0
Cà phê Robusta nhân xô,Đắk Lắk,Thương lái thu mua,VNĐ/kg,VNĐ,CTV địa phương,2020-09-16,32933.0
Cà phê Robusta nhân xô,Lâm Đồng,Thương lái thu mua,VNĐ/kg,VNĐ,CTV địa phương,2020-09-16,32467.0
Cà phê Robusta nhân xô,Đắk Lắk,Thương lái thu mua,VNĐ/kg,VNĐ,CTV địa phương,2020-09-15,32967.0
Cà phê Robusta nhân xô,Lâm Đồng,Thương lái thu mua,VNĐ/kg,VNĐ,CTV địa phương,2020-09-15,32467.0
Cà phê Robusta nhân xô,Đắk Lắk,Thương lái thu mua,VNĐ/kg,VNĐ,CTV địa phương,2020-09-14,33800.0
Cà phê Robusta nhân xô,Lâm Đồng,Thương lái thu mua,VNĐ/kg,VNĐ,CTV địa phương,2020-09-14,33267.0
Cà phê Robusta nhân xô,Đắk Lắk,Thương lái thu mua,VNĐ/kg,VNĐ,CTV địa phương,2020-09-11,33467.0
Cà phê Robusta nhân xô,Lâm Đồng,Thương lái thu mua,VNĐ/kg,VNĐ,CTV địa phương,2020-09-11,32967.0
Cà phê Robusta nhân xô,Đắk Lắk,Thương lái thu mua,VNĐ/kg,VNĐ,CTV địa phương,2020-09-10,33233.0
Cà phê Robusta nhân xô,Lâm Đồng,Thương lái thu mua,VNĐ/kg,VNĐ,CTV địa phương,2020-09-10,32767.0
Cà phê Robusta nhân xô,Đắk Lắk,Thương lái thu mua,VNĐ/kg,VNĐ,CTV địa phương,2020-09-09,33367.0
Cà phê Robusta nhân xô,Lâm Đồng,Thương lái thu mua,VNĐ/kg,VNĐ,CTV địa phương,2020-09-09,32867.0
Cà phê Robusta nhân xô,Đắk Lắk,Thương lái thu mua,VNĐ/kg,VNĐ,CTV địa phương,2020-09-08,33667.0
Cà phê Robusta nhân xô,Lâm Đồng,Thương lái thu mua,VNĐ/kg,VNĐ,CTV địa phương,2020-09-08,33167.0
Cà phê Robusta nhân xô,Đắk Lắk,Thương lái thu mua,VNĐ/kg,VNĐ,CTV địa phương,2020-09-07,33867.0
Cà phê Robusta nhân xô,Lâm Đồng,Thương lái thu mua,VNĐ/kg,VNĐ,CTV địa phương,2020-09-07,33367.0
Cà phê Robusta nhân xô,Đắk Lắk,Thương lái thu mua,VNĐ/kg,VNĐ,CTV địa phương,2020-09-04,33800.0
Cà phê Robusta nhân xô,Lâm Đồng,Thương lái thu mua,VNĐ/kg,VNĐ,CTV địa phương,2020-09-04,33267.0
Cà phê Robusta nhân xô,Đắk Lắk,Thương lái thu mua,VNĐ/kg,VNĐ,CTV địa phương,2020-09-03,33900.0
Cà phê Robusta nhân xô,Lâm Đồng,Thương lái thu mua,VNĐ/kg,VNĐ,CTV địa phương,2020-09-03,33367.0
Cà phê Robusta nhân xô,Đắk Lắk,Thương lái thu mua,VNĐ/kg,VNĐ,CTV địa phương,2020-09-01,33667.0
Cà phê Robusta nhân xô,Lâm Đồng,Thương lái thu mua,VNĐ/kg,VNĐ,CTV địa phương,2020-09-01,33167.0
Cà phê Robusta nhân xô,Đắk Lắk,Thương lái thu mua,VNĐ/kg,VNĐ,CTV địa phương,2020-08-31,33633.0
Cà phê Robusta nhân xô,Lâm Đồng,Thương lái thu mua,VNĐ/kg,VNĐ,CTV địa phương,2020-08-31,33167.0
Cà phê Robusta nhân xô,Đắk Lắk,Thương lái thu mua,VNĐ/kg,VNĐ,CTV địa phương,2020-08-28,33467.0
Cà phê Robusta nhân xô,Lâm Đồng,Thương lái thu mua,VNĐ/kg,VNĐ,CTV địa phương,2020-08-28,32867.0
Cà phê Robusta nhân xô,Đắk Lắk,Thương lái thu mua,VNĐ/kg,VNĐ,CTV địa phương,2020-08-27,33800.0
Cà phê Robusta nhân xô,Lâm Đồng,Thương lái thu mua,VNĐ/kg,VNĐ,CTV địa phương,2020-08-27,33167.0
Cà phê Robusta nhân xô,Đắk Lắk,Thương lái thu mua,VNĐ/kg,VNĐ,CTV địa phương,2020-08-26,33667.0
Cà phê Robusta nhân xô,Lâm Đồng,Thương lái thu mua,VNĐ/kg,VNĐ,CTV địa phương,2020-08-26,33067.0
Cà phê Robusta nhân xô,Đắk Lắk,Thương lái thu mua,VNĐ/kg,VNĐ,CTV địa phương,2020-08-25,33467.0
Cà phê Robusta nhân xô,Lâm Đồng,Thương lái thu mua,VNĐ/kg,VNĐ,CTV địa phương,2020-08-25,32867.0
Cà phê Robusta nhân xô,Đắk Lắk,Thương lái thu mua,VNĐ/kg,VNĐ,CTV địa phương,2020-08-24,33500.0
Cà phê Robusta nhân xô,Lâm Đồng,Thương lái thu mua,VNĐ/kg,VNĐ,CTV địa phương,2020-08-24,32867.0
Cà phê Robusta nhân xô,Đắk Lắk,Thương lái thu mua,VNĐ/kg,VNĐ,CTV địa phương,2020-08-21,33167.0
Cà phê Robusta nhân xô,Lâm Đồng,Thương lái thu mua,VNĐ/kg,VNĐ,CTV địa phương,2020-08-21,32567.0
Cà phê Robusta nhân xô,Đắk Lắk,Thương lái thu mua,VNĐ/kg,VNĐ,CTV địa phương,2020-08-20,33033.0
Cà phê Robusta nhân xô,Lâm Đồng,Thương lái thu mua,VNĐ/kg,VNĐ,CTV địa phương,2020-08-20,32467.0
Cà phê Robusta nhân xô,Đắk Lắk,Thương lái thu mua,VNĐ/kg,VNĐ,CTV địa phương,2020-08-19,33233.0
Cà phê Robusta nhân xô,Lâm Đồng,Thương lái thu mua,VNĐ/kg,VNĐ,CTV địa phương,2020-08-19,32667.0
Cà phê Robusta nhân xô,Đắk Lắk,Thương lái thu mua,VNĐ/kg,VNĐ,CTV địa phương,2020-08-18,33000.0
Cà phê Robusta nhân xô,Lâm Đồng,Thương lái thu mua,VNĐ/kg,VNĐ,CTV địa phương,2020-08-18,32467.0
Cà phê Robusta nhân xô,Đắk Lắk,Thương lái thu mua,VNĐ/kg,VNĐ,CTV địa phương,2020-08-17,33067.0
Cà phê Robusta nhân xô,Lâm Đồng,Thương lái thu mua,VNĐ/kg,VNĐ,CTV địa phương,2020-08-17,32567.0
Cà phê Robusta nhân xô,Đắk Lắk,Thương lái thu mua,VNĐ/kg,VNĐ,CTV địa phương,2020-08-14,33067.0
Cà phê Robusta nhân xô,Lâm Đồng,Thương lái thu mua,VNĐ/kg,VNĐ,CTV địa phương,2020-08-14,32567.0
Cà phê Robusta nhân xô,Đắk Lắk,Thương lái thu mua,VNĐ/kg,VNĐ,CTV địa phương,2020-08-13,32667.0
Cà phê Robusta nhân xô,Lâm Đồng,Thương lái thu mua,VNĐ/kg,VNĐ,CTV địa phương,2020-08-13,32167.0
Cà phê Robusta nhân xô,Đắk Lắk,Thương lái thu mua,VNĐ/kg,VNĐ,CTV địa phương,2020-08-12,32467.0
Cà phê Robusta nhân xô,Lâm Đồng,Thương lái thu mua,VNĐ/kg,VNĐ,CTV địa phương,2020-08-12,32067.0
Cà phê Robusta nhân xô,Đắk Lắk,Thương lái thu mua,VNĐ/kg,VNĐ,CTV địa phương,2020-08-11,32567.0
Cà phê Robusta nhân xô,Lâm Đồng,Thương lái thu mua,VNĐ/kg,VNĐ,CTV địa phương,2020-08-11,32167.0
Cà phê Robusta nhân xô,Đắk Lắk,Thương lái thu mua,VNĐ/kg,VNĐ,CTV địa phương,2020-08-10,32667.0
Cà phê Robusta nhân xô,Lâm Đồng,Thương lái thu mua,VNĐ/kg,VNĐ,CTV địa phương,2020-08-10,32267.0
Cà phê Robusta nhân xô,Đắk Lắk,Thương lái thu mua,VNĐ/kg,VNĐ,CTV địa phương,2020-08-07,32467.0
Cà phê Robusta nhân xô,Lâm Đồng,Thương lái thu mua,VNĐ/kg,VNĐ,CTV địa phương,2020-08-07,32067.0
Cà phê Robusta nhân xô,Đắk Lắk,Thương lái thu mua,VNĐ/kg,VNĐ,CTV địa phương,2020-08-06,32667.0
Cà phê Robusta nhân xô,Lâm Đồng,Thương lái thu mua,VNĐ/kg,VNĐ,CTV địa phương,2020-08-06,32267.0
Cà phê Robusta nhân xô,Đắk Lắk,Thương lái thu mua,VNĐ/kg,VNĐ,CTV địa phương,2020-08-05,33467.0
Cà phê Robusta nhân xô,Lâm Đồng,Thương lái thu mua,VNĐ/kg,VNĐ,CTV địa phương,2020-08-05,32967.0
Cà phê Robusta nhân xô,Đắk Lắk,Thương lái thu mua,VNĐ/kg,VNĐ,CTV địa phương,2020-08-04,32667.0
Cà phê Robusta nhân xô,Lâm Đồng,Thương lái thu mua,VNĐ/kg,VNĐ,CTV địa phương,2020-08-04,32167.0
Cà phê Robusta nhân xô,Đắk Lắk,Thương lái thu mua,VNĐ/kg,VNĐ,CTV địa phương,2020-08-03,32667.0
Cà phê Robusta nhân xô,Lâm Đồng,Thương lái thu mua,VNĐ/kg,VNĐ,CTV địa phương,2020-08-03,32067.0
Cà phê Robusta nhân xô,Đắk Lắk,Thương lái thu mua,VNĐ/kg,VNĐ,CTV địa phương,2020-07-31,31967.0
Cà phê Robusta nhân xô,Lâm Đồng,Thương lái thu mua,VNĐ/kg,VNĐ,CTV địa phương,2020-07-31,32567.0
Cà phê Robusta nhân xô,Đắk Lắk,Thương lái thu mua,VNĐ/kg,VNĐ,CTV địa phương,2020-07-30,31967.0
Cà phê Robusta nhân xô,Lâm Đồng,Thương lái thu mua,VNĐ/kg,VNĐ,CTV địa phương,2020-07-30,32600.0
Cà phê Robusta nhân xô,Đắk Lắk,Thương lái thu mua,VNĐ/kg,VNĐ,CTV địa phương,2020-07-29,31767.0
Cà phê Robusta nhân xô,Lâm Đồng,Thương lái thu mua,VNĐ/kg,VNĐ,CTV địa phương,2020-07-29,32367.0
Cà phê Robusta nhân xô,Đắk Lắk,Thương lái thu mua,VNĐ/kg,VNĐ,CTV địa phương,2020-07-28,31967.0
Cà phê Robusta nhân xô,Lâm Đồng,Thương lái thu mua,VNĐ/kg,VNĐ,CTV địa phương,2020-07-28,32567.0
Cà phê Robusta nhân xô,Đắk Lắk,Thương lái thu mua,VNĐ/kg,VNĐ,CTV địa phương,2020-07-27,32167.0
Cà phê Robusta nhân xô,Lâm Đồng,Thương lái thu mua,VNĐ/kg,VNĐ,CTV địa phương,2020-07-27,32767.0
Cà phê Robusta nhân xô,Đắk Lắk,Thương lái thu mua,VNĐ/kg,VNĐ,CTV địa phương,2020-07-24,32767.0
Cà phê Robusta nhân xô,Lâm Đồng,Thương lái thu mua,VNĐ/kg,VNĐ,CTV địa phương,2020-07-24,32167.0
Cà phê Robusta nhân xô,Đắk Lắk,Thương lái thu mua,VNĐ/kg,VNĐ,CTV địa phương,2020-07-23,32833.0
Cà phê Robusta nhân xô,Lâm Đồng,Thương lái thu mua,VNĐ/kg,VNĐ,CTV địa phương,2020-07-23,32267.0
Cà phê Robusta nhân xô,Đắk Lắk,Thương lái thu mua,VNĐ/kg,VNĐ,CTV địa phương,2020-07-22,32633.0
Cà phê Robusta nhân xô,Lâm Đồng,Thương lái thu mua,VNĐ/kg,VNĐ,CTV địa phương,2020-07-22,32067.0
Cà phê Robusta nhân xô,Đắk Lắk,Thương lái thu mua,VNĐ/kg,VNĐ,CTV địa phương,2020-07-21,32133.0
Cà phê Robusta nhân xô,Lâm Đồng,Thương lái thu mua,VNĐ/kg,VNĐ,CTV địa phương,2020-07-21,31467.0
Cà phê Robusta nhân xô,Đắk Lắk,Thương lái thu mua,VNĐ/kg,VNĐ,CTV địa phương,2020-07-20,32567.0
Cà phê Robusta nhân xô,Lâm Đồng,Thương lái thu mua,VNĐ/kg,VNĐ,CTV địa phương,2020-07-20,31967.0
Cà phê Robusta nhân xô,Đắk Lắk,Thương lái thu mua,VNĐ/kg,VNĐ,CTV địa phương,2020-07-17,32033.0
Cà phê Robusta nhân xô,Lâm Đồng,Thương lái thu mua,VNĐ/kg,VNĐ,CTV địa phương,2020-07-17,31467.0
Cà phê Robusta nhân xô,Đắk Lắk,Thương lái thu mua,VNĐ/kg,VNĐ,CTV địa phương,2020-07-16,31967.0
Cà phê Robusta nhân xô,Lâm Đồng,Thương lái thu mua,VNĐ/kg,VNĐ,CTV địa phương,2020-07-16,31367.0
Cà phê Robusta nhân xô,Đắk Lắk,Thương lái thu mua,VNĐ/kg,VNĐ,CTV địa phương,2020-07-15,31767.0
Cà phê Robusta nhân xô,Lâm Đồng,Thương lái thu mua,VNĐ/kg,VNĐ,CTV địa phương,2020-07-15,31167.0
Cà phê Robusta nhân xô,Đắk Lắk,Thương lái thu mua,VNĐ/kg,VNĐ,CTV địa phương,2020-07-14,32067.0
Cà phê Robusta nhân xô,Lâm Đồng,Thương lái thu mua,VNĐ/kg,VNĐ,CTV địa phương,2020-07-14,31467.0
Cà phê Robusta nhân xô,Đắk Lắk,Thương lái thu mua,VNĐ/kg,VNĐ,CTV địa phương,2020-07-13,31667.0
Cà phê Robusta nhân xô,Lâm Đồng,Thương lái thu mua,VNĐ/kg,VNĐ,CTV địa phương,2020-07-13,30967.0
Cà phê Robusta nhân xô,Đắk Lắk,Thương lái thu mua,VNĐ/kg,VNĐ,CTV địa phương,2020-07-10,31667.0
Cà phê Robusta nhân xô,Lâm Đồng,Thương lái thu mua,VNĐ/kg,VNĐ,CTV địa phương,2020-07-10,30967.0
Cà phê Robusta nhân xô,Đắk Lắk,Thương lái thu mua,VNĐ/kg,VNĐ,CTV địa phương,2020-07-09,31633.0
Cà phê Robusta nhân xô,Lâm Đồng,Thương lái thu mua,VNĐ/kg,VNĐ,CTV địa phương,2020-07-09,30867.0
Cà phê Robusta nhân xô,Đắk Lắk,Thương lái thu mua,VNĐ/kg,VNĐ,CTV địa phương,2020-07-08,31633.0
Cà phê Robusta nhân xô,Lâm Đồng,Thương lái thu mua,VNĐ/kg,VNĐ,CTV địa phương,2020-07-08,30867.0
Cà phê Robusta nhân xô,Đắk Lắk,Thương lái thu mua,VNĐ/kg,VNĐ,CTV địa phương,2020-07-07,31333.0
Cà phê Robusta nhân xô,Lâm Đồng,Thương lái thu mua,VNĐ/kg,VNĐ,CTV địa phương,2020-07-07,30567.0
Cà phê Robusta nhân xô,Đắk Lắk,Thương lái thu mua,VNĐ/kg,VNĐ,CTV địa phương,2020-07-06,31767.0
Cà phê Robusta nhân xô,Lâm Đồng,Thương lái thu mua,VNĐ/kg,VNĐ,CTV địa phương,2020-07-06,30967.0
Cà phê Robusta nhân xô,Đắk Lắk,Thương lái thu mua,VNĐ/kg,VNĐ,CTV địa phương,2020-07-03,31733.0
Cà phê Robusta nhân xô,Lâm Đồng,Thương lái thu mua,VNĐ/kg,VNĐ,CTV địa phương,2020-07-03,30967.0
Cà phê Robusta nhân xô,Đắk Lắk,Thương lái thu mua,VNĐ/kg,VNĐ,CTV địa phương,2020-07-02,31733.0
Cà phê Robusta nhân xô,Lâm Đồng,Thương lái thu mua,VNĐ/kg,VNĐ,CTV địa phương,2020-07-02,30967.0
Cà phê Robusta nhân xô,Đắk Lắk,Thương lái thu mua,VNĐ/kg,VNĐ,CTV địa phương,2020-07-01,31300.0
Cà phê Robusta nhân xô,Lâm Đồng,Thương lái thu mua,VNĐ/kg,VNĐ,CTV địa phương,2020-07-01,30567.0
Cà phê Robusta nhân xô,Đắk Lắk,Thương lái thu mua,VNĐ/kg,VNĐ,CTV địa phương,2020-06-30,31033.0
Cà phê Robusta nhân xô,Lâm Đồng,Thương lái thu mua,VNĐ/kg,VNĐ,CTV địa phương,2020-06-30,30367.0
Cà phê Robusta nhân xô,Đắk Lắk,Thương lái thu mua,VNĐ/kg,VNĐ,CTV địa phương,2020-06-29,30633.0
Cà phê Robusta nhân xô,Lâm Đồng,Thương lái thu mua,VNĐ/kg,VNĐ,CTV địa phương,2020-06-29,29967.0
Cà phê Robusta nhân xô,Đắk Lắk,Thương lái thu mua,VNĐ/kg,VNĐ,CTV địa phương,2020-06-26,30633.0
Cà phê Robusta nhân xô,Lâm Đồng,Thương lái thu mua,VNĐ/kg,VNĐ,CTV địa phương,2020-06-26,29967.0
Cà phê Robusta nhân xô,Đắk Lắk,Thương lái thu mua,VNĐ/kg,VNĐ,CTV địa phương,2020-06-25,30767.0
Cà phê Robusta nhân xô,Lâm Đồng,Thương lái thu mua,VNĐ/kg,VNĐ,CTV địa phương,2020-06-25,30167.0
Cà phê Robusta nhân xô,Đắk Lắk,Thương lái thu mua,VNĐ/kg,VNĐ,CTV địa phương,2020-06-24,30967.0
Cà phê Robusta nhân xô,Lâm Đồng,Thương lái thu mua,VNĐ/kg,VNĐ,CTV địa phương,2020-06-24,30367.0
Cà phê Robusta nhân xô,Đắk Lắk,Thương lái thu mua,VNĐ/kg,VNĐ,CTV địa phương,2020-06-23,30967.0
Cà phê Robusta nhân xô,Lâm Đồng,Thương lái thu mua,VNĐ/kg,VNĐ,CTV địa phương,2020-06-23,30367.0
Cà phê Robusta nhân xô,Đắk Lắk,Thương lái thu mua,VNĐ/kg,VNĐ,CTV địa phương,2020-06-22,30767.0
Cà phê Robusta nhân xô,Lâm Đồng,Thương lái thu mua,VNĐ/kg,VNĐ,CTV địa phương,2020-06-22,30167.0
Cà phê Robusta nhân xô,Đắk Lắk,Thương lái thu mua,VNĐ/kg,VNĐ,CTV địa phương,2020-06-19,30667.0
Cà phê Robusta nhân xô,Lâm Đồng,Thương lái thu mua,VNĐ/kg,VNĐ,CTV địa phương,2020-06-19,30067.0
Cà phê Robusta nhân xô,Đắk Lắk,Thương lái thu mua,VNĐ/kg,VNĐ,CTV địa phương,2020-06-18,30967.0
Cà phê Robusta nhân xô,Lâm Đồng,Thương lái thu mua,VNĐ/kg,VNĐ,CTV địa phương,2020-06-18,30367.0
Cà phê Robusta nhân xô,Đắk Lắk,Thương lái thu mua,VNĐ/kg,VNĐ,CTV địa phương,2020-06-17,30867.0
Cà phê Robusta nhân xô,Lâm Đồng,Thương lái thu mua,VNĐ/kg,VNĐ,CTV địa phương,2020-06-17,30267.0
Cà phê Robusta nhân xô,Đắk Lắk,Thương lái thu mua,VNĐ/kg,VNĐ,CTV địa phương,2020-06-16,31167.0
Cà phê Robusta nhân xô,Lâm Đồng,Thương lái thu mua,VNĐ/kg,VNĐ,CTV địa phương,2020-06-16,30567.0
Cà phê Robusta nhân xô,Đắk Lắk,Thương lái thu mua,VNĐ/kg,VNĐ,CTV địa phương,2020-06-15,31467.0
Cà phê Robusta nhân xô,Lâm Đồng,Thương lái thu mua,VNĐ/kg,VNĐ,CTV địa phương,2020-06-15,30867.0
Cà phê Robusta nhân xô,Đắk Lắk,Thương lái thu mua,VNĐ/kg,VNĐ,CTV địa phương,2020-06-12,31433.0
Cà phê Robusta nhân xô,Lâm Đồng,Thương lái thu mua,VNĐ/kg,VNĐ,CTV địa phương,2020-06-12,30867.0
Cà phê Robusta nhân xô,Đắk Lắk,Thương lái thu mua,VNĐ/kg,VNĐ,CTV địa phương,2020-06-11,31767.0
Cà phê Robusta nhân xô,Lâm Đồng,Thương lái thu mua,VNĐ/kg,VNĐ,CTV địa phương,2020-06-11,31167.0
Cà phê Robusta nhân xô,Đắk Lắk,Thương lái thu mua,VNĐ/kg,VNĐ,CTV địa phương,2020-06-10,32267.0
Cà phê Robusta nhân xô,Lâm Đồng,Thương lái thu mua,VNĐ/kg,VNĐ,CTV địa phương,2020-06-10,31667.0
Cà phê Robusta nhân xô,Đắk Lắk,Thương lái thu mua,VNĐ/kg,VNĐ,CTV địa phương,2020-06-09,32700.0
Cà phê Robusta nhân xô,Lâm Đồng,Thương lái thu mua,VNĐ/kg,VNĐ,CTV địa phương,2020-06-09,32067.0
Cà phê Robusta nhân xô,Đắk Lắk,Thương lái thu mua,VNĐ/kg,VNĐ,CTV địa phương,2020-06-08,32567.0
Cà phê Robusta nhân xô,Lâm Đồng,Thương lái thu mua,VNĐ/kg,VNĐ,CTV địa phương,2020-06-08,31867.0
Cà phê Robusta nhân xô,Đắk Lắk,Thương lái thu mua,VNĐ/kg,VNĐ,CTV địa phương,2020-06-05,31867.0
Cà phê Robusta nhân xô,Lâm Đồng,Thương lái thu mua,VNĐ/kg,VNĐ,CTV địa phương,2020-06-05,31167.0
Cà phê Robusta nhân xô,Đắk Lắk,Thương lái thu mua,VNĐ/kg,VNĐ,CTV địa phương,2020-06-04,31933.0
Cà phê Robusta nhân xô,Lâm Đồng,Thương lái thu mua,VNĐ/kg,VNĐ,CTV địa phương,2020-06-04,31267.0
Cà phê Robusta nhân xô,Đắk Lắk,Thương lái thu mua,VNĐ/kg,VNĐ,CTV địa phương,2020-06-03,31533.0
Cà phê Robusta nhân xô,Lâm Đồng,Thương lái thu mua,VNĐ/kg,VNĐ,CTV địa phương,2020-06-03,30867.0
Cà phê Robusta nhân xô,Đắk Lắk,Thương lái thu mua,VNĐ/kg,VNĐ,CTV địa phương,2020-06-02,30967.0
Cà phê Robusta nhân xô,Lâm Đồng,Thương lái thu mua,VNĐ/kg,VNĐ,CTV địa phương,2020-06-02,30467.0
Cà phê Robusta nhân xô,Đắk Lắk,Thương lái thu mua,VNĐ/kg,VNĐ,CTV địa phương,2020-06-01,31167.0
Cà phê Robusta nhân xô,Lâm Đồng,Thương lái thu mua,VNĐ/kg,VNĐ,CTV địa phương,2020-06-01,30667.0
Cà phê Robusta nhân xô,Đắk Lắk,Thương lái thu mua,VNĐ/kg,VNĐ,CTV địa phương,2020-05-29,31167.0
Cà phê Robusta nhân xô,Lâm Đồng,Thương lái thu mua,VNĐ/kg,VNĐ,CTV địa phương,2020-05-29,30667.0
Cà phê Robusta nhân xô,Đắk Lắk,Thương lái thu mua,VNĐ/kg,VNĐ,CTV địa phương,2020-05-28,31367.0
Cà phê Robusta nhân xô,Lâm Đồng,Thương lái thu mua,VNĐ/kg,VNĐ,CTV địa phương,2020-05-28,30867.0
Cà phê Robusta nhân xô,Đắk Lắk,Thương lái thu mua,VNĐ/kg,VNĐ,CTV địa phương,2020-05-27,31867.0
Cà phê Robusta nhân xô,Lâm Đồng,Thương lái thu mua,VNĐ/kg,VNĐ,CTV địa phương,2020-05-27,31367.0
Cà phê Robusta nhân xô,Đắk Lắk,Thương lái thu mua,VNĐ/kg,VNĐ,CTV địa phương,2020-05-26,32067.0
Cà phê Robusta nhân xô,Lâm Đồng,Thương lái thu mua,VNĐ/kg,VNĐ,CTV địa phương,2020-05-26,31567.0
Cà phê Robusta nhân xô,Đắk Lắk,Thương lái thu mua,VNĐ/kg,VNĐ,CTV địa phương,2020-05-25,31667.0
Cà phê Robusta nhân xô,Lâm Đồng,Thương lái thu mua,VNĐ/kg,VNĐ,CTV địa phương,2020-05-25,31167.0
Cà phê Robusta nhân xô,Đắk Lắk,Thương lái thu mua,VNĐ/kg,VNĐ,CTV địa phương,2020-05-22,31033.0
Cà phê Robusta nhân xô,Lâm Đồng,Thương lái thu mua,VNĐ/kg,VNĐ,CTV địa phương,2020-05-22,30367.0
Cà phê Robusta nhân xô,Đắk Lắk,Thương lái thu mua,VNĐ/kg,VNĐ,CTV địa phương,2020-05-21,30533.0
Cà phê Robusta nhân xô,Lâm Đồng,Thương lái thu mua,VNĐ/kg,VNĐ,CTV địa phương,2020-05-21,29967.0
Cà phê Robusta nhân xô,Đắk Lắk,Thương lái thu mua,VNĐ/kg,VNĐ,CTV địa phương,2020-05-20,30767.0
Cà phê Robusta nhân xô,Lâm Đồng,Thương lái thu mua,VNĐ/kg,VNĐ,CTV địa phương,2020-05-20,30267.0
Cà phê Robusta nhân xô,Đắk Lắk,Thương lái thu mua,VNĐ/kg,VNĐ,CTV địa phương,2020-05-19,31067.0
Cà phê Robusta nhân xô,Lâm Đồng,Thương lái thu mua,VNĐ/kg,VNĐ,CTV địa phương,2020-05-19,30567.0
Cà phê Robusta nhân xô,Đắk Lắk,Thương lái thu mua,VNĐ/kg,VNĐ,CTV địa phương,2020-05-18,30867.0
Cà phê Robusta nhân xô,Lâm Đồng,Thương lái thu mua,VNĐ/kg,VNĐ,CTV địa phương,2020-05-18,30367.0
Cà phê Robusta nhân xô,Đắk Lắk,Thương lái thu mua,VNĐ/kg,VNĐ,CTV địa phương,2020-05-15,31033.0
Cà phê Robusta nhân xô,Lâm Đồng,Thương lái thu mua,VNĐ/kg,VNĐ,CTV địa phương,2020-05-15,30367.0
Cà phê Robusta nhân xô,Đắk Lắk,Thương lái thu mua,VNĐ/kg,VNĐ,CTV địa phương,2020-05-14,30533.0
Cà phê Robusta nhân xô,Lâm Đồng,Thương lái thu mua,VNĐ/kg,VNĐ,CTV địa phương,2020-05-14,29967.0
Cà phê Robusta nhân xô,Đắk Lắk,Thương lái thu mua,VNĐ/kg,VNĐ,CTV địa phương,2020-05-13,30767.0
Cà phê Robusta nhân xô,Lâm Đồng,Thương lái thu mua,VNĐ/kg,VNĐ,CTV địa phương,2020-05-13,30267.0
Cà phê Robusta nhân xô,Đắk Lắk,Thương lái thu mua,VNĐ/kg,VNĐ,CTV địa phương,2020-05-12,31067.0
Cà phê Robusta nhân xô,Lâm Đồng,Thương lái thu mua,VNĐ/kg,VNĐ,CTV địa phương,2020-05-12,30567.0
Cà phê Robusta nhân xô,Đắk Lắk,Thương lái thu mua,VNĐ/kg,VNĐ,CTV địa phương,2020-05-11,30867.0
Cà phê Robusta nhân xô,Lâm Đồng,Thương lái thu mua,VNĐ/kg,VNĐ,CTV địa phương,2020-05-11,30367.0
Cà phê Robusta nhân xô,Đắk Lắk,Thương lái thu mua,VNĐ/kg,VNĐ,CTV địa phương,2020-05-08,30767.0
Cà phê Robusta nhân xô,Lâm Đồng,Thương lái thu mua,VNĐ/kg,VNĐ,CTV địa phương,2020-05-08,30267.0
Cà phê Robusta nhân xô,Đắk Lắk,Thương lái thu mua,VNĐ/kg,VNĐ,CTV địa phương,2020-05-07,31067.0
Cà phê Robusta nhân xô,Lâm Đồng,Thương lái thu mua,VNĐ/kg,VNĐ,CTV địa phương,2020-05-07,30567.0
Cà phê Robusta nhân xô,Đắk Lắk,Thương lái thu mua,VNĐ/kg,VNĐ,CTV địa phương,2020-05-06,31067.0
Cà phê Robusta nhân xô,Lâm Đồng,Thương lái thu mua,VNĐ/kg,VNĐ,CTV địa phương,2020-05-06,30567.0
Cà phê Robusta nhân xô,Đắk Lắk,Thương lái thu mua,VNĐ/kg,VNĐ,CTV địa phương,2020-05-05,30867.0
Cà phê Robusta nhân xô,Lâm Đồng,Thương lái thu mua,VNĐ/kg,VNĐ,CTV địa phương,2020-05-05,30367.0
Cà phê Robusta nhân xô,Đắk Lắk,Thương lái thu mua,VNĐ/kg,VNĐ,CTV địa phương,2020-05-04,30933.0
Cà phê Robusta nhân xô,Lâm Đồng,Thương lái thu mua,VNĐ/kg,VNĐ,CTV địa phương,2020-05-04,30467.0
Cà phê Robusta nhân xô,Đắk Lắk,Thương lái thu mua,VNĐ/kg,VNĐ,CTV địa phương,2020-05-01,30567.0
Cà phê Robusta nhân xô,Lâm Đồng,Thương lái thu mua,VNĐ/kg,VNĐ,CTV địa phương,2020-05-01,30067.0
Cà phê Robusta nhân xô,Đắk Lắk,Thương lái thu mua,VNĐ/kg,VNĐ,CTV địa phương,2020-04-30,30467.0
Cà phê Robusta nhân xô,Lâm Đồng,Thương lái thu mua,VNĐ/kg,VNĐ,CTV địa phương,2020-04-30,29967.0
Cà phê Robusta nhân xô,Đắk Lắk,Thương lái thu mua,VNĐ/kg,VNĐ,CTV địa phương,2020-04-29,30367.0
Cà phê Robusta nhân xô,Lâm Đồng,Thương lái thu mua,VNĐ/kg,VNĐ,CTV địa phương,2020-04-29,29867.0
Cà phê Robusta nhân xô,Đắk Lắk,Thương lái thu mua,VNĐ/kg,VNĐ,CTV địa phương,2020-04-28,29733.0
Cà phê Robusta nhân xô,Lâm Đồng,Thương lái thu mua,VNĐ/kg,VNĐ,CTV địa phương,2020-04-28,29267.0
Cà phê Robusta nhân xô,Đắk Lắk,Thương lái thu mua,VNĐ/kg,VNĐ,CTV địa phương,2020-04-27,29633.0
Cà phê Robusta nhân xô,Lâm Đồng,Thương lái thu mua,VNĐ/kg,VNĐ,CTV địa phương,2020-04-27,29167.0
Cà phê Robusta nhân xô,Đắk Lắk,Thương lái thu mua,VNĐ/kg,VNĐ,CTV địa phương,2020-04-24,29300.0
Cà phê Robusta nhân xô,Lâm Đồng,Thương lái thu mua,VNĐ/kg,VNĐ,CTV địa phương,2020-04-24,28667.0
Cà phê Robusta nhân xô,Đắk Lắk,Thương lái thu mua,VNĐ/kg,VNĐ,CTV địa phương,2020-04-23,29000.0
Cà phê Robusta nhân xô,Lâm Đồng,Thương lái thu mua,VNĐ/kg,VNĐ,CTV địa phương,2020-04-23,28367.0
Cà phê Robusta nhân xô,Đắk Lắk,Thương lái thu mua,VNĐ/kg,VNĐ,CTV địa phương,2020-04-22,29400.0
Cà phê Robusta nhân xô,Lâm Đồng,Thương lái thu mua,VNĐ/kg,VNĐ,CTV địa phương,2020-04-22,28767.0
Cà phê Robusta nhân xô,Đắk Lắk,Thương lái thu mua,VNĐ/kg,VNĐ,CTV địa phương,2020-04-21,29833.0
Cà phê Robusta nhân xô,Lâm Đồng,Thương lái thu mua,VNĐ/kg,VNĐ,CTV địa phương,2020-04-21,29267.0
Cà phê Robusta nhân xô,Đắk Lắk,Thương lái thu mua,VNĐ/kg,VNĐ,CTV địa phương,2020-04-20,29933.0
Cà phê Robusta nhân xô,Lâm Đồng,Thương lái thu mua,VNĐ/kg,VNĐ,CTV địa phương,2020-04-20,29367.0
Cà phê Robusta nhân xô,Đắk Lắk,Thương lái thu mua,VNĐ/kg,VNĐ,CTV địa phương,2020-04-17,30133.0
Cà phê Robusta nhân xô,Lâm Đồng,Thương lái thu mua,VNĐ/kg,VNĐ,CTV địa phương,2020-04-17,29567.0
Cà phê Robusta nhân xô,Đắk Lắk,Thương lái thu mua,VNĐ/kg,VNĐ,CTV địa phương,2020-04-16,30033.0
Cà phê Robusta nhân xô,Lâm Đồng,Thương lái thu mua,VNĐ/kg,VNĐ,CTV địa phương,2020-04-16,29467.0
Cà phê Robusta nhân xô,Đắk Lắk,Thương lái thu mua,VNĐ/kg,VNĐ,CTV địa phương,2020-04-15,29733.0
Cà phê Robusta nhân xô,Lâm Đồng,Thương lái thu mua,VNĐ/kg,VNĐ,CTV địa phương,2020-04-15,29167.0
Cà phê Robusta nhân xô,Đắk Lắk,Thương lái thu mua,VNĐ/kg,VNĐ,CTV địa phương,2020-04-14,29933.0
Cà phê Robusta nhân xô,Lâm Đồng,Thương lái thu mua,VNĐ/kg,VNĐ,CTV địa phương,2020-04-14,29467.0
Cà phê Robusta nhân xô,Đắk Lắk,Thương lái thu mua,VNĐ/kg,VNĐ,CTV địa phương,2020-04-13,29933.0
Cà phê Robusta nhân xô,Lâm Đồng,Thương lái thu mua,VNĐ/kg,VNĐ,CTV địa phương,2020-04-13,29467.0
Cà phê Robusta nhân xô,Đắk Lắk,Thương lái thu mua,VNĐ/kg,VNĐ,CTV địa phương,2020-04-10,29967.0
Cà phê Robusta nhân xô,Lâm Đồng,Thương lái thu mua,VNĐ/kg,VNĐ,CTV địa phương,2020-04-10,29467.0
Cà phê Robusta nhân xô,Đắk Lắk,Thương lái thu mua,VNĐ/kg,VNĐ,CTV địa phương,2020-04-09,30067.0
Cà phê Robusta nhân xô,Lâm Đồng,Thương lái thu mua,VNĐ/kg,VNĐ,CTV địa phương,2020-04-09,29567.0
Cà phê Robusta nhân xô,Đắk Lắk,Thương lái thu mua,VNĐ/kg,VNĐ,CTV địa phương,2020-04-08,30033.0
Cà phê Robusta nhân xô,Lâm Đồng,Thương lái thu mua,VNĐ/kg,VNĐ,CTV địa phương,2020-04-08,29667.0
Cà phê Robusta nhân xô,Đắk Lắk,Thương lái thu mua,VNĐ/kg,VNĐ,CTV địa phương,2020-04-07,29833.0
Cà phê Robusta nhân xô,Lâm Đồng,Thương lái thu mua,VNĐ/kg,VNĐ,CTV địa phương,2020-04-07,29467.0
Cà phê Robusta nhân xô,Đắk Lắk,Thương lái thu mua,VNĐ/kg,VNĐ,CTV địa phương,2020-04-06,29833.0
Cà phê Robusta nhân xô,Lâm Đồng,Thương lái thu mua,VNĐ/kg,VNĐ,CTV địa phương,2020-04-06,29467.0
Cà phê Robusta nhân xô,Đắk Lắk,Thương lái thu mua,VNĐ/kg,VNĐ,CTV địa phương,2020-04-03,30000.0
Cà phê Robusta nhân xô,Lâm Đồng,Thương lái thu mua,VNĐ/kg,VNĐ,CTV địa phương,2020-04-03,29700.0
Cà phê Robusta nhân xô,Đắk Lắk,Thương lái thu mua,VNĐ/kg,VNĐ,CTV địa phương,2020-04-02,29200.0
Cà phê Robusta nhân xô,Lâm Đồng,Thương lái thu mua,VNĐ/kg,VNĐ,CTV địa phương,2020-04-02,28900.0
Cà phê Robusta nhân xô,Đắk Lắk,Thương lái thu mua,VNĐ/kg,VNĐ,CTV địa phương,2020-04-01,29419.0
Cà phê Robusta nhân xô,Lâm Đồng,Thương lái thu mua,VNĐ/kg,VNĐ,CTV địa phương,2020-04-01,29250.0
Cà phê Robusta nhân xô,Đắk Lắk,Thương lái thu mua,VNĐ/kg,VNĐ,CTV địa phương,2020-03-31,29719.0
Cà phê Robusta nhân xô,Lâm Đồng,Thương lái thu mua,VNĐ/kg,VNĐ,CTV địa phương,2020-03-31,29750.0
Cà phê Robusta nhân xô,Đắk Lắk,Thương lái thu mua,VNĐ/kg,VNĐ,CTV địa phương,2020-03-30,29725.0
Cà phê Robusta nhân xô,Lâm Đồng,Thương lái thu mua,VNĐ/kg,VNĐ,CTV địa phương,2020-03-30,29750.0
Cà phê Robusta nhân xô,Đắk Lắk,Thương lái thu mua,VNĐ/kg,VNĐ,CTV địa phương,2020-03-27,30367.0
Cà phê Robusta nhân xô,Lâm Đồng,Thương lái thu mua,VNĐ/kg,VNĐ,CTV địa phương,2020-03-27,30250.0
Cà phê Robusta nhân xô,Đắk Lắk,Thương lái thu mua,VNĐ/kg,VNĐ,CTV địa phương,2020-03-26,30767.0
Cà phê Robusta nhân xô,Lâm Đồng,Thương lái thu mua,VNĐ/kg,VNĐ,CTV địa phương,2020-03-26,30800.0
Cà phê Robusta nhân xô,Đắk Lắk,Thương lái thu mua,VNĐ/kg,VNĐ,CTV địa phương,2020-03-25,30767.0
Cà phê Robusta nhân xô,Lâm Đồng,Thương lái thu mua,VNĐ/kg,VNĐ,CTV địa phương,2020-03-25,30650.0
Cà phê Robusta nhân xô,Đắk Lắk,Thương lái thu mua,VNĐ/kg,VNĐ,CTV địa phương,2020-03-24,30567.0
Cà phê Robusta nhân xô,Lâm Đồng,Thương lái thu mua,VNĐ/kg,VNĐ,CTV địa phương,2020-03-24,30250.0
Cà phê Robusta nhân xô,Đắk Lắk,Thương lái thu mua,VNĐ/kg,VNĐ,CTV địa phương,2020-03-23,30467.0
Cà phê Robusta nhân xô,Lâm Đồng,Thương lái thu mua,VNĐ/kg,VNĐ,CTV địa phương,2020-03-23,30250.0
Cà phê Robusta nhân xô,Đắk Lắk,Thương lái thu mua,VNĐ/kg,VNĐ,CTV địa phương,2020-03-20,30014.0
Cà phê Robusta nhân xô,Lâm Đồng,Thương lái thu mua,VNĐ/kg,VNĐ,CTV địa phương,2020-03-20,30250.0
Cà phê Robusta nhân xô,Đắk Lắk,Thương lái thu mua,VNĐ/kg,VNĐ,CTV địa phương,2020-03-19,30214.0
Cà phê Robusta nhân xô,Lâm Đồng,Thương lái thu mua,VNĐ/kg,VNĐ,CTV địa phương,2020-03-19,30250.0
Cà phê Robusta nhân xô,Đắk Lắk,Thương lái thu mua,VNĐ/kg,VNĐ,CTV địa phương,2020-03-18,29914.0
Cà phê Robusta nhân xô,Lâm Đồng,Thương lái thu mua,VNĐ/kg,VNĐ,CTV địa phương,2020-03-18,30450.0
Cà phê Robusta nhân xô,Đắk Lắk,Thương lái thu mua,VNĐ/kg,VNĐ,CTV địa phương,2020-03-17,30131.0
Cà phê Robusta nhân xô,Lâm Đồng,Thương lái thu mua,VNĐ/kg,VNĐ,CTV địa phương,2020-03-17,29750.0
Cà phê Robusta nhân xô,Đắk Lắk,Thương lái thu mua,VNĐ/kg,VNĐ,CTV địa phương,2020-03-16,30519.0
Cà phê Robusta nhân xô,Lâm Đồng,Thương lái thu mua,VNĐ/kg,VNĐ,CTV địa phương,2020-03-16,30250.0
Cà phê Robusta nhân xô,Đắk Lắk,Thương lái thu mua,VNĐ/kg,VNĐ,CTV địa phương,2020-03-13,30614.0
Cà phê Robusta nhân xô,Lâm Đồng,Thương lái thu mua,VNĐ/kg,VNĐ,CTV địa phương,2020-03-13,30517.0
Cà phê Robusta nhân xô,Đắk Lắk,Thương lái thu mua,VNĐ/kg,VNĐ,CTV địa phương,2020-03-12,31383.0
Cà phê Robusta nhân xô,Lâm Đồng,Thương lái thu mua,VNĐ/kg,VNĐ,CTV địa phương,2020-03-12,30950.0
Cà phê Robusta nhân xô,Đắk Lắk,Thương lái thu mua,VNĐ/kg,VNĐ,CTV địa phương,2020-03-11,31314.0
Cà phê Robusta nhân xô,Lâm Đồng,Thương lái thu mua,VNĐ/kg,VNĐ,CTV địa phương,2020-03-11,31250.0
Cà phê Robusta nhân xô,Đắk Lắk,Thương lái thu mua,VNĐ/kg,VNĐ,CTV địa phương,2020-03-10,30714.0
Cà phê Robusta nhân xô,Lâm Đồng,Thương lái thu mua,VNĐ/kg,VNĐ,CTV địa phương,2020-03-10,30450.0
Cà phê Robusta nhân xô,Đắk Lắk,Thương lái thu mua,VNĐ/kg,VNĐ,CTV địa phương,2020-03-09,30714.0
Cà phê Robusta nhân xô,Lâm Đồng,Thương lái thu mua,VNĐ/kg,VNĐ,CTV địa phương,2020-03-09,30650.0
Cà phê Robusta nhân xô,Đắk Lắk,Thương lái thu mua,VNĐ/kg,VNĐ,CTV địa phương,2020-03-06,30883.0
Cà phê Robusta nhân xô,Lâm Đồng,Thương lái thu mua,VNĐ/kg,VNĐ,CTV địa phương,2020-03-06,30750.0
Cà phê Robusta nhân xô,Đắk Lắk,Thương lái thu mua,VNĐ/kg,VNĐ,CTV địa phương,2020-03-05,31767.0
Cà phê Robusta nhân xô,Lâm Đồng,Thương lái thu mua,VNĐ/kg,VNĐ,CTV địa phương,2020-03-05,31450.0
Cà phê Robusta nhân xô,Đắk Lắk,Thương lái thu mua,VNĐ/kg,VNĐ,CTV địa phương,2020-03-04,32567.0
Cà phê Robusta nhân xô,Lâm Đồng,Thương lái thu mua,VNĐ/kg,VNĐ,CTV địa phương,2020-03-04,32133.0
Cà phê Robusta nhân xô,Đắk Lắk,Thương lái thu mua,VNĐ/kg,VNĐ,CTV địa phương,2020-03-03,31567.0
Cà phê Robusta nhân xô,Lâm Đồng,Thương lái thu mua,VNĐ/kg,VNĐ,CTV địa phương,2020-03-03,31450.0
Cà phê Robusta nhân xô,Đắk Lắk,Thương lái thu mua,VNĐ/kg,VNĐ,CTV địa phương,2020-03-02,31367.0
Cà phê Robusta nhân xô,Lâm Đồng,Thương lái thu mua,VNĐ/kg,VNĐ,CTV địa phương,2020-03-02,31250.0
Cà phê Robusta nhân xô,Đắk Lắk,Thương lái thu mua,VNĐ/kg,VNĐ,CTV địa phương,2020-02-28,31419.0
Cà phê Robusta nhân xô,Lâm Đồng,Thương lái thu mua,VNĐ/kg,VNĐ,CTV địa phương,2020-02-28,31450.0
Cà phê Robusta nhân xô,Đắk Lắk,Thương lái thu mua,VNĐ/kg,VNĐ,CTV địa phương,2020-02-27,31481.0
Cà phê Robusta nhân xô,Lâm Đồng,Thương lái thu mua,VNĐ/kg,VNĐ,CTV địa phương,2020-02-27,31550.0
Cà phê Robusta nhân xô,Đắk Lắk,Thương lái thu mua,VNĐ/kg,VNĐ,CTV địa phương,2020-02-26,31281.0
Cà phê Robusta nhân xô,Lâm Đồng,Thương lái thu mua,VNĐ/kg,VNĐ,CTV địa phương,2020-02-26,31250.0
Cà phê Robusta nhân xô,Đắk Lắk,Thương lái thu mua,VNĐ/kg,VNĐ,CTV địa phương,2020-02-25,31069.0
Cà phê Robusta nhân xô,Lâm Đồng,Thương lái thu mua,VNĐ/kg,VNĐ,CTV địa phương,2020-02-25,31050.0
Cà phê Robusta nhân xô,Đắk Lắk,Thương lái thu mua,VNĐ/kg,VNĐ,CTV địa phương,2020-02-24,31281.0
Cà phê Robusta nhân xô,Lâm Đồng,Thương lái thu mua,VNĐ/kg,VNĐ,CTV địa phương,2020-02-24,31450.0
Cà phê Robusta nhân xô,Đắk Lắk,Thương lái thu mua,VNĐ/kg,VNĐ,CTV địa phương,2020-02-21,31025.0
Cà phê Robusta nhân xô,Lâm Đồng,Thương lái thu mua,VNĐ/kg,VNĐ,CTV địa phương,2020-02-21,31050.0
Cà phê Robusta nhân xô,Đắk Lắk,Thương lái thu mua,VNĐ/kg,VNĐ,CTV địa phương,2020-02-20,30981.0
Cà phê Robusta nhân xô,Lâm Đồng,Thương lái thu mua,VNĐ/kg,VNĐ,CTV địa phương,2020-02-20,31250.0
Cà phê Robusta nhân xô,Đắk Lắk,Thương lái thu mua,VNĐ/kg,VNĐ,CTV địa phương,2020-02-19,31481.0
Cà phê Robusta nhân xô,Lâm Đồng,Thương lái thu mua,VNĐ/kg,VNĐ,CTV địa phương,2020-02-19,31067.0
Cà phê Robusta nhân xô,Đắk Lắk,Thương lái thu mua,VNĐ/kg,VNĐ,CTV địa phương,2020-02-18,31481.0
Cà phê Robusta nhân xô,Lâm Đồng,Thương lái thu mua,VNĐ/kg,VNĐ,CTV địa phương,2020-02-18,31550.0
Cà phê Robusta nhân xô,Đắk Lắk,Thương lái thu mua,VNĐ/kg,VNĐ,CTV địa phương,2020-02-17,31481.0
Cà phê Robusta nhân xô,Lâm Đồng,Thương lái thu mua,VNĐ/kg,VNĐ,CTV địa phương,2020-02-17,31450.0
Cà phê Robusta nhân xô,Đắk Lắk,Thương lái thu mua,VNĐ/kg,VNĐ,CTV địa phương,2020-02-14,31114.0
Cà phê Robusta nhân xô,Lâm Đồng,Thương lái thu mua,VNĐ/kg,VNĐ,CTV địa phương,2020-02-14,30950.0
Cà phê Robusta nhân xô,Đắk Lắk,Thương lái thu mua,VNĐ/kg,VNĐ,CTV địa phương,2020-02-13,30706.0
Cà phê Robusta nhân xô,Lâm Đồng,Thương lái thu mua,VNĐ/kg,VNĐ,CTV địa phương,2020-02-13,30550.0
Cà phê Robusta nhân xô,Đắk Lắk,Thương lái thu mua,VNĐ/kg,VNĐ,CTV địa phương,2020-02-12,30906.0
Cà phê Robusta nhân xô,Lâm Đồng,Thương lái thu mua,VNĐ/kg,VNĐ,CTV địa phương,2020-02-12,30650.0
Cà phê Robusta nhân xô,Đắk Lắk,Thương lái thu mua,VNĐ/kg,VNĐ,CTV địa phương,2020-02-11,30697.0
Cà phê Robusta nhân xô,Lâm Đồng,Thương lái thu mua,VNĐ/kg,VNĐ,CTV địa phương,2020-02-11,30750.0
Cà phê Robusta nhân xô,Đắk Lắk,Thương lái thu mua,VNĐ/kg,VNĐ,CTV địa phương,2020-02-10,30797.0
Cà phê Robusta nhân xô,Lâm Đồng,Thương lái thu mua,VNĐ/kg,VNĐ,CTV địa phương,2020-02-10,30650.0
Cà phê Robusta nhân xô,Đắk Lắk,Thương lái thu mua,VNĐ/kg,VNĐ,CTV địa phương,2020-02-07,30886.0
Cà phê Robusta nhân xô,Lâm Đồng,Thương lái thu mua,VNĐ/kg,VNĐ,CTV địa phương,2020-02-07,30750.0
Cà phê Robusta nhân xô,Đắk Lắk,Thương lái thu mua,VNĐ/kg,VNĐ,CTV địa phương,2020-02-06,30631.0
Cà phê Robusta nhân xô,Lâm Đồng,Thương lái thu mua,VNĐ/kg,VNĐ,CTV địa phương,2020-02-06,30450.0
Cà phê Robusta nhân xô,Đắk Lắk,Thương lái thu mua,VNĐ/kg,VNĐ,CTV địa phương,2020-02-05,30719.0
Cà phê Robusta nhân xô,Lâm Đồng,Thương lái thu mua,VNĐ/kg,VNĐ,CTV địa phương,2020-02-05,30550.0
Cà phê Robusta nhân xô,Đắk Lắk,Thương lái thu mua,VNĐ/kg,VNĐ,CTV địa phương,2020-02-04,31282.0
Cà phê Robusta nhân xô,Lâm Đồng,Thương lái thu mua,VNĐ/kg,VNĐ,CTV địa phương,2020-02-04,30750.0
Cà phê Robusta nhân xô,Đắk Lắk,Thương lái thu mua,VNĐ/kg,VNĐ,CTV địa phương,2020-02-03,31281.0
Cà phê Robusta nhân xô,Lâm Đồng,Thương lái thu mua,VNĐ/kg,VNĐ,CTV địa phương,2020-02-03,31250.0
Cà phê Robusta nhân xô,Đắk Lắk,Thương lái thu mua,VNĐ/kg,VNĐ,CTV địa phương,2020-01-31,30900.0
Cà phê Robusta nhân xô,Lâm Đồng,Thương lái thu mua,VNĐ/kg,VNĐ,CTV địa phương,2020-01-31,30400.0
Cà phê Robusta nhân xô,Đắk Lắk,Thương lái thu mua,VNĐ/kg,VNĐ,CTV địa phương,2020-01-30,31000.0
Cà phê Robusta nhân xô,Lâm Đồng,Thương lái thu mua,VNĐ/kg,VNĐ,CTV địa phương,2020-01-30,30500.0
Cà phê Robusta nhân xô,Đắk Lắk,Thương lái thu mua,VNĐ/kg,VNĐ,CTV địa phương,2020-01-29,31500.0
Cà phê Robusta nhân xô,Lâm Đồng,Thương lái thu mua,VNĐ/kg,VNĐ,CTV địa phương,2020-01-29,31000.0
Cà phê Robusta nhân xô,Đắk Lắk,Thương lái thu mua,VNĐ/kg,VNĐ,CTV địa phương,2020-01-28,31600.0
Cà phê Robusta nhân xô,Lâm Đồng,Thương lái thu mua,VNĐ/kg,VNĐ,CTV địa phương,2020-01-28,31100.0
Cà phê Robusta nhân xô,Đắk Lắk,Thương lái thu mua,VNĐ/kg,VNĐ,CTV địa phương,2020-01-27,31500.0
Cà phê Robusta nhân xô,Lâm Đồng,Thương lái thu mua,VNĐ/kg,VNĐ,CTV địa phương,2020-01-27,31000.0
Cà phê Robusta nhân xô,Đắk Lắk,Thương lái thu mua,VNĐ/kg,VNĐ,CTV địa phương,2020-01-24,32500.0
Cà phê Robusta nhân xô,Lâm Đồng,Thương lái thu mua,VNĐ/kg,VNĐ,CTV địa phương,2020-01-24,32000.0
Cà phê Robusta nhân xô,Đắk Lắk,Thương lái thu mua,VNĐ/kg,VNĐ,CTV địa phương,2020-01-23,32000.0
Cà phê Robusta nhân xô,Lâm Đồng,Thương lái thu mua,VNĐ/kg,VNĐ,CTV địa phương,2020-01-23,31500.0
Cà phê Robusta nhân xô,Đắk Lắk,Thương lái thu mua,VNĐ/kg,VNĐ,CTV địa phương,2020-01-22,31900.0
Cà phê Robusta nhân xô,Lâm Đồng,Thương lái thu mua,VNĐ/kg,VNĐ,CTV địa phương,2020-01-22,31400.0
Cà phê Robusta nhân xô,Đắk Lắk,Thương lái thu mua,VNĐ/kg,VNĐ,CTV địa phương,2020-01-21,31400.0
Cà phê Robusta nhân xô,Lâm Đồng,Thương lái thu mua,VNĐ/kg,VNĐ,CTV địa phương,2020-01-21,30900.0
Cà phê Robusta nhân xô,Đắk Lắk,Thương lái thu mua,VNĐ/kg,VNĐ,CTV địa phương,2020-01-20,31700.0
Cà phê Robusta nhân xô,Lâm Đồng,Thương lái thu mua,VNĐ/kg,VNĐ,CTV địa phương,2020-01-20,31200.0
Cà phê Robusta nhân xô,Đắk Lắk,Thương lái thu mua,VNĐ/kg,VNĐ,CTV địa phương,2020-01-17,31819.0
Cà phê Robusta nhân xô,Lâm Đồng,Thương lái thu mua,VNĐ/kg,VNĐ,CTV địa phương,2020-01-17,31550.0
Cà phê Robusta nhân xô,Đắk Lắk,Thương lái thu mua,VNĐ/kg,VNĐ,CTV địa phương,2020-01-16,31703.0
Cà phê Robusta nhân xô,Lâm Đồng,Thương lái thu mua,VNĐ/kg,VNĐ,CTV địa phương,2020-01-16,31450.0
Cà phê Robusta nhân xô,Đắk Lắk,Thương lái thu mua,VNĐ/kg,VNĐ,CTV địa phương,2020-01-15,31631.0
Cà phê Robusta nhân xô,Lâm Đồng,Thương lái thu mua,VNĐ/kg,VNĐ,CTV địa phương,2020-01-15,31250.0
Cà phê Robusta nhân xô,Đắk Lắk,Thương lái thu mua,VNĐ/kg,VNĐ,CTV địa phương,2020-01-14,31619.0
Cà phê Robusta nhân xô,Lâm Đồng,Thương lái thu mua,VNĐ/kg,VNĐ,CTV địa phương,2020-01-14,31050.0
Cà phê Robusta nhân xô,Đắk Lắk,Thương lái thu mua,VNĐ/kg,VNĐ,CTV địa phương,2020-01-13,32019.0
Cà phê Robusta nhân xô,Lâm Đồng,Thương lái thu mua,VNĐ/kg,VNĐ,CTV địa phương,2020-01-13,31750.0
Cà phê Robusta nhân xô,Đắk Lắk,Thương lái thu mua,VNĐ/kg,VNĐ,CTV địa phương,2020-01-10,32131.0
Cà phê Robusta nhân xô,Lâm Đồng,Thương lái thu mua,VNĐ/kg,VNĐ,CTV địa phương,2020-01-10,32035.0
Cà phê Robusta nhân xô,Đắk Lắk,Thương lái thu mua,VNĐ/kg,VNĐ,CTV địa phương,2020-01-09,32133.0
Cà phê Robusta nhân xô,Lâm Đồng,Thương lái thu mua,VNĐ/kg,VNĐ,CTV địa phương,2020-01-09,32038.0
Cà phê Robusta nhân xô,Đắk Lắk,Thương lái thu mua,VNĐ/kg,VNĐ,CTV địa phương,2020-01-08,32286.0
Cà phê Robusta nhân xô,Lâm Đồng,Thương lái thu mua,VNĐ/kg,VNĐ,CTV địa phương,2020-01-08,32202.0
Cà phê Robusta nhân xô,Đắk Lắk,Thương lái thu mua,VNĐ/kg,VNĐ,CTV địa phương,2020-01-07,32181.0
Cà phê Robusta nhân xô,Lâm Đồng,Thương lái thu mua,VNĐ/kg,VNĐ,CTV địa phương,2020-01-07,32073.0
Cà phê Robusta nhân xô,Đắk Lắk,Thương lái thu mua,VNĐ/kg,VNĐ,CTV địa phương,2020-01-06,32519.0
Cà phê Robusta nhân xô,Lâm Đồng,Thương lái thu mua,VNĐ/kg,VNĐ,CTV địa phương,2020-01-06,32402.0
Cà phê Robusta nhân xô,Đắk Lắk,Thương lái thu mua,VNĐ/kg,VNĐ,CTV địa phương,2020-01-03,32539.0
Cà phê Robusta nhân xô,Lâm Đồng,Thương lái thu mua,VNĐ/kg,VNĐ,CTV địa phương,2020-01-03,32000.0
Cà phê Robusta nhân xô,Đắk Lắk,Thương lái thu mua,VNĐ/kg,VNĐ,CTV địa phương,2020-01-02,32639.0
Cà phê Robusta nhân xô,Lâm Đồng,Thương lái thu mua,VNĐ/kg,VNĐ,CTV địa phương,2020-01-02,32000.0
Cà phê Robusta nhân xô,Đắk Lắk,Thương lái thu mua,VNĐ/kg,VNĐ,CTV địa phương,2020-01-01,32639.0
Cà phê Robusta nhân xô,Lâm Đồng,Thương lái thu mua,VNĐ/kg,VNĐ,CTV địa phương,2020-01-01,32000.0
