Ngay,Đắk Lắk,Lâm Đồng,Gia_target,so_tinh_co_data,is_ffilled,log_return,price_repeat,outlier_flag
2020-01-01,32639.0,32000.0,32319.5,2,0,,0,0
2020-01-02,32639.0,32000.0,32319.5,2,0,0.0,1,0
2020-01-03,32539.0,32000.0,32269.5,2,0,-0.0015482515594867309,0,0
2020-01-06,32519.0,32402.0,32460.5,2,0,0.005901453864728621,0,0
2020-01-07,32181.0,32073.0,32127.0,2,0,-0.010327167454592752,0,0
2020-01-08,32286.0,32202.0,32244.0,2,0,0.0036351813345069078,0,0
2020-01-09,32133.0,32038.0,32085.5,2,0,-0.004927764734252549,0,0
2020-01-10,32131.0,32035.0,32083.0,2,0,-7.791985168001346e-05,0,0
2020-01-13,32019.0,31750.0,31884.5,2,0,-0.006206296546009743,0,0
2020-01-14,31619.0,31050.0,31334.5,2,0,-0.017400271338134536,0,0
2020-01-15,31631.0,31250.0,31440.5,2,0,0.003377143791159907,0,0
2020-01-16,31703.0,31450.0,31576.5,2,0,0.00431630230398826,0,0
2020-01-17,31819.0,31550.0,31684.5,2,0,0.00341442926684457,0,0
2020-01-20,31700.0,31200.0,31450.0,2,0,-0.007428619166820648,0,0
2020-01-21,31400.0,30900.0,31150.0,2,0,-0.009584737912987402,0,0
2020-01-22,31900.0,31400.0,31650.0,2,0,0.015923903356723144,0,0
2020-01-23,32000.0,31500.0,31750.0,2,0,0.003154576748515567,0,0
2020-01-24,32500.0,32000.0,32250.0,2,0,0.015625317903080815,0,0
2020-01-27,31500.0,31000.0,31250.0,2,0,-0.03149866705937105,0,0
2020-01-28,31600.0,31100.0,31350.0,2,0,0.0031948908965192886,0,0
2020-01-29,31500.0,31000.0,31250.0,2,0,-0.0031948908965191767,0,0
2020-01-30,31000.0,30500.0,30750.0,2,0,-0.016129381929883644,0,0
2020-01-31,30900.0,30400.0,30650.0,2,0,-0.0032573318703065105,0,0
2020-02-03,31281.0,31250.0,31265.5,2,0,0.019882590832849534,0,0
2020-02-04,31282.0,30750.0,31016.0,2,0,-0.008012052846442005,0,0
2020-02-05,30719.0,30550.0,30634.5,2,0,-0.012376375525442823,0,0
2020-02-06,30631.0,30450.0,30540.5,2,0,-0.003073153215532793,0,0
2020-02-07,30886.0,30750.0,30818.0,2,0,0.009045263232009155,0,0
2020-02-10,30797.0,30650.0,30723.5,2,0,-0.0030711007783142,0,0
2020-02-11,30697.0,30750.0,30723.5,2,0,0.0,1,0
2020-02-12,30906.0,30650.0,30778.0,2,0,0.0017723149603125245,0,0
2020-02-13,30706.0,30550.0,30628.0,2,0,-0.0048855257907829495,0,0
2020-02-14,31114.0,30950.0,31032.0,2,0,0.013104306886789052,0,0
2020-02-17,31481.0,31450.0,31465.5,2,0,0.013872777387150786,0,0
2020-02-18,31481.0,31550.0,31515.5,2,0,0.0015877807752929574,0,0
2020-02-19,31481.0,31067.0,31274.0,2,0,-0.0076924068787914725,0,0
2020-02-20,30981.0,31250.0,31115.5,2,0,-0.0050809941093551535,0,0
2020-02-21,31025.0,31050.0,31037.5,2,0,-0.0025099364776784384,0,0
2020-02-24,31281.0,31450.0,31365.5,2,0,0.010512411923243866,0,0
2020-02-25,31069.0,31050.0,31059.5,2,0,-0.009803843041640455,0,0
2020-02-26,31281.0,31250.0,31265.5,2,0,0.006610533499181767,0,0
2020-02-27,31481.0,31550.0,31515.5,2,0,0.007964235085039975,0,0
2020-02-28,31419.0,31450.0,31434.5,2,0,-0.002573472429027111,0,0
2020-03-02,31367.0,31250.0,31308.5,2,0,-0.004016389697002357,0,0
2020-03-03,31567.0,31450.0,31508.5,2,0,0.006367724526740848,0,0
2020-03-04,32567.0,32133.0,32350.0,2,0,0.026356670246088336,0,0
2020-03-05,31767.0,31450.0,31608.5,2,0,-0.023187949182879832,0,0
2020-03-06,30883.0,30750.0,30816.5,2,0,-0.025375810942457055,0,0
2020-03-09,30714.0,30650.0,30682.0,2,0,-0.004374097398991073,0,0
2020-03-10,30714.0,30450.0,30582.0,2,0,-0.00326456283662203,0,0
2020-03-11,31314.0,31250.0,31282.0,2,0,0.022631251666090188,0,0
2020-03-12,31383.0,30950.0,31166.5,2,0,-0.003699052233399534,0,0
2020-03-13,30614.0,30517.0,30565.5,2,0,-0.019471878091686486,0,0
2020-03-16,30519.0,30250.0,30384.5,2,0,-0.005939311962943611,0,0
2020-03-17,30131.0,29750.0,29940.5,2,0,-0.014720531045182337,0,0
2020-03-18,29914.0,30450.0,30182.0,2,0,0.008033641277520685,0,0
2020-03-19,30214.0,30250.0,30232.0,2,0,0.0016552458508291052,0,0
2020-03-20,30014.0,30250.0,30132.0,2,0,-0.003313236083739561,0,0
2020-03-23,30467.0,30250.0,30358.5,2,0,0.007488814228784626,0,0
2020-03-24,30567.0,30250.0,30408.5,2,0,0.0016456304008343066,0,0
2020-03-25,30767.0,30650.0,30708.5,2,0,0.00981731464200789,0,0
2020-03-26,30767.0,30800.0,30783.5,2,0,0.002439342912572726,0,0
2020-03-27,30367.0,30250.0,30308.5,2,0,-0.015550630920155926,0,0
2020-03-30,29725.0,29750.0,29737.5,2,0,-0.019019325598415723,0,0
2020-03-31,29719.0,29750.0,29734.5,2,0,-0.00010088781283782165,0,0
2020-04-01,29419.0,29250.0,29334.5,2,0,-0.01354369006978271,0,0
2020-04-02,29200.0,28900.0,29050.0,2,0,-0.009745814448535292,0,0
2020-04-03,30000.0,29700.0,29850.0,2,0,0.027166356540690884,0,0
2020-04-06,29833.0,29467.0,29650.0,2,0,-0.006722714394876589,0,0
2020-04-07,29833.0,29467.0,29650.0,2,0,0.0,1,0
2020-04-08,30033.0,29667.0,29850.0,2,0,0.0067227143948767375,0,0
2020-04-09,30067.0,29567.0,29817.0,2,0,-0.0011061391846328855,0,0
2020-04-10,29967.0,29467.0,29717.0,2,0,-0.003359428025933216,0,0
2020-04-13,29933.0,29467.0,29700.0,2,0,-0.0005722268193910523,0,0
2020-04-14,29933.0,29467.0,29700.0,2,0,0.0,1,0
2020-04-15,29733.0,29167.0,29450.0,2,0,-0.008453135711058239,0,0
2020-04-16,30033.0,29467.0,29750.0,2,0,0.010135221894043148,0,0
2020-04-17,30133.0,29567.0,29850.0,2,0,0.003355707846972315,0,0
2020-04-20,29933.0,29367.0,29650.0,2,0,-0.006722714394876589,0,0
2020-04-21,29833.0,29267.0,29550.0,2,0,-0.0033783815916273064,0,0
2020-04-22,29400.0,28767.0,29083.5,2,0,-0.01591274079507478,0,0
2020-04-23,29000.0,28367.0,28683.5,2,0,-0.013848958509228114,0,0
2020-04-24,29300.0,28667.0,28983.5,2,0,0.010404657999126751,0,0
2020-04-27,29633.0,29167.0,29400.0,2,0,0.014267971797704816,0,0
2020-04-28,29733.0,29267.0,29500.0,2,0,0.0033955890011381075,0,0
2020-04-29,30367.0,29867.0,30117.0,2,0,0.020699533031725066,0,0
2020-04-30,30467.0,29967.0,30217.0,2,0,0.003314883534008222,0,0
2020-05-01,30567.0,30067.0,30317.0,2,0,0.0033039313762956066,0,0
2020-05-04,30933.0,30467.0,30700.0,2,0,0.012554043305348487,0,0
2020-05-05,30867.0,30367.0,30617.0,2,0,-0.0027072443431163376,0,0
2020-05-06,31067.0,30567.0,30817.0,2,0,0.006511075514142255,0,0
2020-05-07,31067.0,30567.0,30817.0,2,0,0.0,1,0
2020-05-08,30767.0,30267.0,30517.0,2,0,-0.009782580378522702,0,0
2020-05-11,30867.0,30367.0,30617.0,2,0,0.0032715048643805686,0,0
2020-05-12,31067.0,30567.0,30817.0,2,0,0.006511075514142255,0,0
2020-05-13,30767.0,30267.0,30517.0,2,0,-0.009782580378522702,0,0
2020-05-14,30533.0,29967.0,30250.0,2,0,-0.008787720908804137,0,0
2020-05-15,31033.0,30367.0,30700.0,2,0,0.014766470116300995,0,0
2020-05-18,30867.0,30367.0,30617.0,2,0,-0.0027072443431163376,0,0
2020-05-19,31067.0,30567.0,30817.0,2,0,0.006511075514142255,0,0
2020-05-20,30767.0,30267.0,30517.0,2,0,-0.009782580378522702,0,0
2020-05-21,30533.0,29967.0,30250.0,2,0,-0.008787720908804137,0,0
2020-05-22,31033.0,30367.0,30700.0,2,0,0.014766470116300995,0,0
2020-05-25,31667.0,31167.0,31417.0,2,0,0.02308649309014801,0,0
2020-05-26,32067.0,31567.0,31817.0,2,0,0.012651590454833403,0,0
2020-05-27,31867.0,31367.0,31617.0,2,0,-0.00630578751822363,0,0
2020-05-28,31367.0,30867.0,31117.0,2,0,-0.01594065698487393,0,0
2020-05-29,31167.0,30667.0,30917.0,2,0,-0.006448099202563408,0,0
2020-06-01,31167.0,30667.0,30917.0,2,0,0.0,1,0
2020-06-02,30967.0,30467.0,30717.0,2,0,-0.006489947171682719,0,0
2020-06-03,31533.0,30867.0,31200.0,2,0,0.015601847554647332,0,0
2020-06-04,31933.0,31267.0,31600.0,2,0,0.012739025777429712,0,0
2020-06-05,31867.0,31167.0,31517.0,2,0,-0.0026300377978440374,0,0
2020-06-08,32567.0,31867.0,32217.0,2,0,0.02196718074916683,0,0
2020-06-09,32700.0,32067.0,32383.5,2,0,0.005154770278297335,0,0
2020-06-10,32267.0,31667.0,31967.0,2,0,-0.012944913126894194,0,0
2020-06-11,31767.0,31167.0,31467.0,2,0,-0.01576474304801568,0,0
2020-06-12,31433.0,30867.0,31150.0,2,0,-0.010125132414114389,0,0
2020-06-15,31467.0,30867.0,31167.0,2,0,0.0005455975230421939,0,0
2020-06-16,31167.0,30567.0,30867.0,2,0,-0.009672190694721422,0,0
2020-06-17,30867.0,30267.0,30567.0,2,0,-0.009766656401524848,0,0
2020-06-18,30967.0,30367.0,30667.0,2,0,0.0032661622268167737,0,0
2020-06-19,30667.0,30067.0,30367.0,2,0,-0.009830665401109662,0,0
2020-06-22,30767.0,30167.0,30467.0,2,0,0.003287638165215293,0,0
2020-06-23,30967.0,30367.0,30667.0,2,0,0.00654302723589435,0,0
2020-06-24,30967.0,30367.0,30667.0,2,0,0.0,1,0
2020-06-25,30767.0,30167.0,30467.0,2,0,-0.006543027235894286,0,0
2020-06-26,30633.0,29967.0,30300.0,2,0,-0.005496418135856998,0,0
2020-06-29,30633.0,29967.0,30300.0,2,0,0.0,1,0
2020-06-30,31033.0,30367.0,30700.0,2,0,0.01311494207782795,0,0
2020-07-01,31300.0,30567.0,30933.5,2,0,0.007577084447413436,0,0
2020-07-02,31733.0,30967.0,31350.0,2,0,0.013374528038364782,0,0
2020-07-03,31733.0,30967.0,31350.0,2,0,0.0,1,0
2020-07-06,31767.0,30967.0,31367.0,2,0,0.0005421177803895748,0,0
2020-07-07,31333.0,30567.0,30950.0,2,0,-0.013383385728714194,0,0
2020-07-08,31633.0,30867.0,31250.0,2,0,0.009646377051805335,0,0
2020-07-09,31633.0,30867.0,31250.0,2,0,0.0,1,0
2020-07-10,31667.0,30967.0,31317.0,2,0,0.0021417049118604677,0,0
2020-07-13,31667.0,30967.0,31317.0,2,0,0.0,1,0
2020-07-14,32067.0,31467.0,31767.0,2,0,0.014266934022156041,0,0
2020-07-15,31767.0,31167.0,31467.0,2,0,-0.009488637468850565,0,0
2020-07-16,31967.0,31367.0,31667.0,2,0,0.00633575154524276,0,0
2020-07-17,32033.0,31467.0,31750.0,2,0,0.0026175961458813415,0,0
2020-07-20,32567.0,31967.0,32267.0,2,0,0.016152310800873385,0,0
2020-07-21,32133.0,31467.0,31800.0,2,0,-0.014578746353442827,0,0
2020-07-22,32633.0,32067.0,32350.0,2,0,0.01714773116077847,0,0
2020-07-23,32833.0,32267.0,32550.0,2,0,0.006163347707668768,0,0
2020-07-24,32767.0,32167.0,32467.0,2,0,-0.0025531797864514795,0,0
2020-07-27,32167.0,32767.0,32467.0,2,0,0.0,1,0
2020-07-28,31967.0,32567.0,32267.0,2,0,-0.006179152728552781,0,0
2020-07-29,31767.0,32367.0,32067.0,2,0,-0.006217572179655545,0,0
2020-07-30,31967.0,32600.0,32283.5,2,0,0.006728799834262817,0,0
2020-07-31,31967.0,32567.0,32267.0,2,0,-0.0005112276546072258,0,0
2020-08-03,32667.0,32067.0,32367.0,2,0,0.0030943490977388406,0,0
2020-08-04,32667.0,32167.0,32417.0,2,0,0.0015435913166153713,0,0
2020-08-05,33467.0,32967.0,33217.0,2,0,0.024378816509344668,0,0
2020-08-06,32667.0,32267.0,32467.0,2,0,-0.022837604195146,0,0
2020-08-07,32467.0,32067.0,32267.0,2,0,-0.006179152728552781,0,0
2020-08-10,32667.0,32267.0,32467.0,2,0,0.006179152728552764,0,0
2020-08-11,32567.0,32167.0,32367.0,2,0,-0.0030848036308140986,0,0
2020-08-12,32467.0,32067.0,32267.0,2,0,-0.003094349097738765,0,0
2020-08-13,32667.0,32167.0,32417.0,2,0,0.00463794041435414,0,0
2020-08-14,33067.0,32567.0,32817.0,2,0,0.012263697251835282,0,0
2020-08-17,33067.0,32567.0,32817.0,2,0,0.0,1,0
2020-08-18,33000.0,32467.0,32733.5,2,0,-0.0025476554767208358,0,0
2020-08-19,33233.0,32667.0,32950.0,2,0,0.0065922426194735635,0,0
2020-08-20,33033.0,32467.0,32750.0,2,0,-0.006088298867255293,0,0
2020-08-21,33167.0,32567.0,32867.0,2,0,0.003566152795619148,0,0
2020-08-24,33500.0,32867.0,33183.5,2,0,0.009583649554309926,0,0
2020-08-25,33467.0,32867.0,33167.0,2,0,-0.0004973587339997825,0,0
2020-08-26,33667.0,33067.0,33367.0,2,0,0.006011981915965211,0,0
2020-08-27,33800.0,33167.0,33483.5,2,0,0.0034853925680865495,0,0
2020-08-28,33467.0,32867.0,33167.0,2,0,-0.009497374484051739,0,0
2020-08-31,33633.0,33167.0,33400.0,2,0,0.0070004942854643894,0,0
2020-09-01,33667.0,33167.0,33417.0,2,0,0.0005088525485076204,0,0
2020-09-02,33667.0,33167.0,33417.0,2,1,0.0,1,0
2020-09-03,33900.0,33367.0,33633.5,2,0,0.006457841549400681,0,0
2020-09-04,33800.0,33267.0,33533.5,2,0,-0.002977654916458806,0,0
2020-09-07,33867.0,33367.0,33617.0,2,0,0.0024869522352568944,0,0
2020-09-08,33667.0,33167.0,33417.0,2,0,-0.0059671388681987415,0,0
2020-09-09,33367.0,32867.0,33117.0,2,0,-0.009018006826838069,0,0
2020-09-10,33233.0,32767.0,33000.0,2,0,-0.0035391842378441267,0,0
2020-09-11,33467.0,32967.0,33217.0,2,0,0.006554231596792648,0,0
2020-09-14,33800.0,33267.0,33533.5,2,0,0.009483146100831572,0,0
2020-09-15,32967.0,32467.0,32717.0,2,0,-0.024650118674636498,0,0
2020-09-16,32933.0,32467.0,32700.0,2,0,-0.0005197425862600508,0,0
2020-09-17,32967.0,32467.0,32717.0,2,0,0.0005197425862601432,0,0
2020-09-18,32867.0,32367.0,32617.0,2,0,-0.0030611956436457904,0,0
2020-09-21,32467.0,31867.0,32167.0,2,0,-0.013892542528383305,0,0
2020-09-22,32267.0,31667.0,31967.0,2,0,-0.00623696162184646,0,0
2020-09-23,32167.0,31567.0,31867.0,2,0,-0.0031331291100083064,0,0
2020-09-24,32267.0,31667.0,31967.0,2,0,0.003133129110008273,0,0
2020-09-25,32267.0,31667.0,31967.0,2,0,0.0,1,0
2020-09-28,32467.0,31867.0,32167.0,2,0,0.0062369616218463705,0,0
2020-09-29,31867.0,31267.0,31567.0,2,0,-0.018828811187177837,0,0
2020-09-30,31667.0,31067.0,31367.0,2,0,-0.006355886270941608,0,0
2020-10-01,31667.0,31067.0,31367.0,2,0,0.0,1,0
2020-10-02,31567.0,30967.0,31267.0,2,0,-0.003193156591267596,0,0
2020-10-05,32067.0,31467.0,31767.0,2,0,0.015864786848375344,0,0
2020-10-06,31933.0,31367.0,31650.0,2,0,-0.003689866526241916,0,0
2020-10-07,31867.0,31267.0,31567.0,2,0,-0.0026258774599243377,0,0
2020-10-08,31667.0,31067.0,31367.0,2,0,-0.006355886270941608,0,0
2020-10-09,31767.0,31167.0,31467.0,2,0,0.0031829927882573634,0,0
2020-10-12,31767.0,31267.0,31517.0,2,0,0.0015877051474458375,0,0
2020-10-13,31267.0,30767.0,31017.0,2,0,-0.015991641522356645,0,0
2020-10-14,31167.0,30667.0,30917.0,2,0,-0.003229246840193683,0,0
2020-10-15,31733.0,31167.0,31450.0,2,0,0.017092788713977514,0,0
2020-10-16,31933.0,31367.0,31650.0,2,0,0.006339165443735676,0,0
2020-10-19,32067.0,31467.0,31767.0,2,0,0.0036898665262417836,0,0
2020-10-20,32167.0,31567.0,31867.0,2,0,0.0031429764691568137,0,0
2020-10-21,31867.0,31267.0,31567.0,2,0,-0.009458720455323012,0,0
2020-10-22,31667.0,31067.0,31367.0,2,0,-0.006355886270941608,0,0
2020-10-23,32267.0,31667.0,31967.0,2,0,0.01894773583627296,0,0
2020-10-26,32267.0,31567.0,31917.0,2,0,-0.001565337493253549,0,0
2020-10-27,32467.0,31767.0,32117.0,2,0,0.006246701763259998,0,0
2020-10-28,33067.0,32367.0,32717.0,2,0,0.018509335523869193,0,0
2020-10-29,33067.0,32367.0,32717.0,2,0,0.0,1,0
2020-10-30,33100.0,32467.0,32783.5,2,0,0.002030519548655181,0,0
2020-11-02,33067.0,32467.0,32767.0,2,0,-0.0005034286648760838,0,0
2020-11-03,33000.0,32367.0,32683.5,2,0,-0.0025515479729416647,0,0
2020-11-04,32867.0,32167.0,32517.0,2,0,-0.005107333898582655,0,0
2020-11-05,32767.0,32067.0,32417.0,2,0,-0.003080052947794324,0,0
2020-11-06,33267.0,32567.0,32917.0,2,0,0.015306265090198402,0,0
2020-11-09,33367.0,32767.0,33067.0,2,0,0.004546564572942751,0,0
2020-11-10,33367.0,32767.0,33067.0,2,0,0.0,1,0
2020-11-11,33567.0,32967.0,33267.0,2,0,0.006030108422119132,0,0
2020-11-12,33867.0,33267.0,33567.0,2,0,0.008977526854505289,0,0
2020-11-13,34067.0,33467.0,33767.0,2,0,0.005940552712421617,0,0
2020-11-16,33967.0,33367.0,33667.0,2,0,-0.0029658650918810633,0,0
2020-11-17,34500.0,33867.0,34183.5,2,0,0.015224942394564334,0,0
2020-11-18,33900.0,33267.0,33583.5,2,0,-0.01770819658327409,0,0
2020-11-19,33567.0,32867.0,33217.0,2,0,-0.0109730818622517,0,0
2020-11-20,33167.0,32567.0,32867.0,2,0,-0.010592678186392765,0,0
2020-11-23,33067.0,32467.0,32767.0,2,0,-0.00304720350363319,0,0
2020-11-24,32867.0,32267.0,32567.0,2,0,-0.006122405630466721,0,0
2020-11-25,32367.0,31767.0,32067.0,2,0,-0.015472041782861795,0,0
2020-11-26,32567.0,31967.0,32267.0,2,0,0.0062175721796556924,0,0
2020-11-27,33267.0,32667.0,32967.0,2,0,0.021462024993322643,0,0
2020-11-30,33267.0,32667.0,32967.0,2,0,0.0,1,0
2020-12-01,33067.0,32467.0,32767.0,2,0,-0.006085149759649858,0,0
2020-12-02,32867.0,32267.0,32567.0,2,0,-0.006122405630466721,0,0
2020-12-03,32067.0,31467.0,31767.0,2,0,-0.02487149062635308,0,0
2020-12-04,32167.0,31567.0,31867.0,2,0,0.0031429764691568137,0,0
2020-12-07,31967.0,31367.0,31667.0,2,0,-0.006295862392764598,0,0
2020-12-08,31867.0,31267.0,31567.0,2,0,-0.003162858062558516,0,0
2020-12-09,31767.0,31167.0,31467.0,2,0,-0.0031728934826843317,0,0
2020-12-10,32967.0,32367.0,32667.0,2,0,0.037426016384456987,0,1
2020-12-11,32967.0,32467.0,32717.0,2,0,0.001529426457434221,0,0
2020-12-14,32867.0,32467.0,32667.0,2,0,-0.001529426457434231,0,0
2020-12-15,32867.0,32467.0,32667.0,2,0,0.0,1,0
2020-12-16,32967.0,32567.0,32767.0,2,0,0.0030565173412133084,0,0
2020-12-17,33067.0,32667.0,32867.0,2,0,0.003047203503633131,0,0
2020-12-18,32967.0,32567.0,32767.0,2,0,-0.00304720350363319,0,0
2020-12-21,32867.0,32367.0,32617.0,2,0,-0.004588286527424837,0,0
2020-12-22,32867.0,32367.0,32617.0,2,0,0.0,1,0
2020-12-23,32867.0,32367.0,32617.0,2,0,0.0,1,0
2020-12-24,32867.0,32367.0,32617.0,2,0,0.0,1,0
2020-12-25,32967.0,32467.0,32717.0,2,0,0.003061195643645818,0,0
2020-12-28,32967.0,32467.0,32717.0,2,0,0.0,1,0
2020-12-29,32967.0,32467.0,32717.0,2,0,0.0,1,0
2020-12-30,32967.0,32467.0,32717.0,2,0,0.0,1,0
2020-12-31,32867.0,32367.0,32617.0,2,0,-0.0030611956436457904,0,0
2021-01-01,31793.0,31542.0,31667.5,2,0,-0.029542706470171497,0,1
2021-01-04,32967.0,32467.0,32717.0,2,0,0.03260390211381734,0,1
2021-01-05,32667.0,32167.0,32417.0,2,0,-0.009211843935539516,0,0
2021-01-06,32567.0,32067.0,32317.0,2,0,-0.003089568991420038,0,0
2021-01-07,32367.0,31867.0,32117.0,2,0,-0.006207922596909579,0,0
2021-01-08,32067.0,31567.0,31817.0,2,0,-0.009384746827465613,0,0
2021-01-11,31767.0,31267.0,31517.0,2,0,-0.009473655343110569,0,0
2021-01-12,31667.0,31167.0,31417.0,2,0,-0.003177935111722809,0,0
2021-01-13,31467.0,30967.0,31217.0,2,0,-0.006386329461728062,0,0
2021-01-14,32067.0,31567.0,31817.0,2,0,0.019037919916561417,0,0
2021-01-15,31967.0,31467.0,31717.0,2,0,-0.003147923397818472,0,0
2021-01-18,32267.0,31767.0,32017.0,2,0,0.009414196996088607,0,0
2021-01-19,31867.0,31367.0,31617.0,2,0,-0.012572061116493598,0,0
2021-01-20,31967.0,31467.0,31717.0,2,0,0.0031578641204050672,0,0
2021-01-21,31867.0,31367.0,31617.0,2,0,-0.0031578641204051015,0,0
2021-01-22,31600.0,31067.0,31333.5,2,0,-0.009007137883225588,0,0
2021-01-25,30867.0,31367.0,31117.0,2,0,-0.006933519101648343,0,0
2021-01-26,30867.0,31367.0,31117.0,2,0,0.0,1,0
2021-01-27,31067.0,31567.0,31317.0,2,0,0.006406787459235623,0,0
2021-01-28,31067.0,31567.0,31317.0,2,0,0.0,1,0
2021-01-29,30867.0,31367.0,31117.0,2,0,-0.006406787459235605,0,0
2021-02-01,31740.5,31177.5,31459.0,2,0,0.01093081709447529,0,0
2021-02-02,31767.0,31267.0,31517.0,2,0,0.0018419720655115344,0,0
2021-02-03,31367.0,30767.0,31067.0,2,0,-0.014380920215414582,0,0
2021-02-04,31567.0,30967.0,31267.0,2,0,0.006417065688443881,0,0
2021-02-05,31767.0,31067.0,31417.0,2,0,0.0047859194152478765,0,0
2021-02-08,31767.0,31067.0,31417.0,2,0,0.0,1,0
2021-02-09,31967.0,31267.0,31617.0,2,0,0.0063458029366099174,0,0
2021-02-10,32067.0,31367.0,31717.0,2,0,0.0031578641204050672,0,0
2021-02-11,31867.0,31167.0,31517.0,2,0,-0.0063257319452920974,0,0
2021-02-12,31967.0,31300.0,31633.5,2,0,0.003689602842769375,0,0
2021-02-15,31967.0,31300.0,31633.5,2,1,0.0,1,0
2021-02-16,31767.0,31033.0,31400.0,2,0,-0.007408792723584126,0,0
2021-02-17,31667.0,31067.0,31367.0,2,0,-0.0010515080548884534,0,0
2021-02-18,31867.0,31267.0,31567.0,2,0,0.00635588627094156,0,0
2021-02-19,31967.0,31367.0,31667.0,2,0,0.0031628580625585236,0,0
2021-02-22,31867.0,31267.0,31567.0,2,0,-0.003162858062558516,0,0
2021-02-23,32567.0,31967.0,32267.0,2,0,0.021932765009313075,0,0
2021-02-24,32967.0,32367.0,32667.0,2,0,0.012320357892459506,0,0
2021-02-25,32967.0,32367.0,32667.0,2,0,0.0,1,0
2021-02-26,33067.0,32467.0,32767.0,2,0,0.0030565173412133084,0,0
2021-03-01,32718.0,32059.5,32388.8,2,0,-0.011610771092778874,0,0
2021-03-02,32900.0,32250.0,32575.0,2,0,0.005733982730440754,0,0
2021-03-03,32800.0,32150.0,32475.0,2,0,-0.003074560454245572,0,0
2021-03-04,32700.0,32050.0,32375.0,2,0,-0.003084042536961445,0,0
2021-03-05,32600.0,31950.0,32275.0,2,0,-0.0030935832869956404,0,0
2021-03-08,32500.0,31650.0,32075.0,2,0,-0.006216026231006078,0,0
2021-03-09,32200.0,31250.0,31725.0,2,0,-0.010971896901248748,0,0
2021-03-10,32800.0,31900.0,32350.0,2,0,0.01950900734645813,0,0
2021-03-11,32900.0,31950.0,32425.0,2,0,0.0023157092555979035,0,0
2021-03-12,33000.0,32050.0,32525.0,2,0,0.0030792941960613575,0,0
2021-03-15,32733.0,31800.0,32266.5,2,0,-0.007979484086743645,0,0
2021-03-16,32567.0,31700.0,32133.5,2,0,-0.004130440654894321,0,0
2021-03-17,32967.0,32000.0,32483.5,2,0,0.01083316845169288,0,0
2021-03-18,33067.0,32100.0,32583.5,2,0,0.003073757165173639,0,0
2021-03-19,32567.0,31600.0,32083.5,2,0,-0.015464145982311724,0,0
2021-03-22,31567.0,31567.0,31567.0,2,0,-0.01622960816122491,0,0
2021-03-23,31767.0,31767.0,31767.0,2,0,0.006315743986166285,0,0
2021-03-24,31467.0,31467.0,31467.0,2,0,-0.009488637468850565,0,0
2021-03-25,31267.0,31267.0,31267.0,2,0,-0.0063761493795248024,0,0
2021-03-26,31267.0,31267.0,31267.0,2,0,0.0,1,0
2021-03-29,32767.0,31767.0,32267.0,2,0,0.031481807871522396,0,0
2021-03-30,32367.0,31467.0,31917.0,2,0,-0.010906252937235263,0,0
2021-03-31,32267.0,31367.0,31817.0,2,0,-0.0031380450642057587,0,0
2021-04-01,32453.0,31710.0,32081.5,2,0,0.008278801871792845,0,0
2021-04-02,32067.0,31167.0,31617.0,2,0,-0.01458458939001647,0,0
2021-04-05,32167.0,31267.0,31717.0,2,0,0.0031578641204050672,0,0
2021-04-06,32167.0,31267.0,31717.0,2,0,0.0,1,0
2021-04-07,32267.0,31367.0,31817.0,2,0,0.003147923397818527,0,0
2021-04-08,32167.0,31267.0,31717.0,2,0,-0.003147923397818472,0,0
2021-04-09,32567.0,31667.0,32117.0,2,0,0.012532670225284188,0,0
2021-04-12,32467.0,31567.0,32017.0,2,0,-0.0031184732291955277,0,0
2021-04-13,32567.0,31667.0,32117.0,2,0,0.0031184732291956365,0,0
2021-04-14,32567.0,31667.0,32117.0,2,0,0.0,1,0
2021-04-15,32967.0,32067.0,32517.0,2,0,0.012377544536124045,0,0
2021-04-16,32867.0,31967.0,32417.0,2,0,-0.003080052947794324,0,0
2021-04-19,32667.0,31767.0,32217.0,2,0,-0.0061887130097391056,0,0
2021-04-20,32767.0,31867.0,32317.0,2,0,0.0030991440183189512,0,0
2021-04-21,33067.0,32167.0,32617.0,2,0,0.009240217283313847,0,0
2021-04-22,32967.0,32067.0,32517.0,2,0,-0.0030705953440994293,0,0
2021-04-23,32967.0,32067.0,32517.0,2,0,0.0,1,0
2021-04-26,33067.0,32167.0,32617.0,2,0,0.003070595344099401,0,0
2021-04-27,33367.0,32467.0,32917.0,2,0,0.009155616798304615,0,0
2021-04-28,33567.0,32667.0,33117.0,2,0,0.006057504060197792,0,0
2021-04-29,33567.0,32667.0,33117.0,2,0,0.0,1,0
2021-04-30,33267.0,32367.0,32817.0,2,0,-0.009100071898560848,0,0
2021-05-03,33367.0,32433.0,32900.0,2,0,0.002525983965562775,0,0
2021-05-04,33267.0,32367.0,32817.0,2,0,-0.0025259839655627425,0,0
2021-05-05,33567.0,32667.0,33117.0,2,0,0.009100071898560897,0,0
2021-05-06,34267.0,33367.0,33817.0,2,0,0.02091688892325852,0,0
2021-05-07,34367.0,33367.0,33867.0,2,0,0.0014774543199366995,0,0
2021-05-10,33067.0,33067.0,33067.0,2,0,-0.02390528273045023,0,0
2021-05-11,32667.0,32667.0,32667.0,2,0,-0.012170412185035721,0,0
2021-05-12,32967.0,32967.0,32967.0,2,0,0.009141667100863112,0,0
2021-05-13,32567.0,32567.0,32567.0,2,0,-0.012207555390116514,0,0
2021-05-14,32267.0,32267.0,32267.0,2,0,-0.009254469603206165,0,0
2021-05-17,32467.0,31467.0,31967.0,2,0,-0.009340915443981758,0,0
2021-05-18,32467.0,31467.0,31967.0,2,0,0.0,1,0
2021-05-19,33167.0,32167.0,32667.0,2,0,0.021661273336441425,0,0
2021-05-20,32767.0,31767.0,32267.0,2,0,-0.012320357892459584,0,0
2021-05-21,32767.0,31767.0,32267.0,2,0,0.0,1,0
2021-05-24,32867.0,31867.0,32367.0,2,0,0.0030943490977388406,0,0
2021-05-25,32967.0,31967.0,32467.0,2,0,0.003084803630814069,0,0
2021-05-26,33167.0,32167.0,32667.0,2,0,0.00614120516390687,0,0
2021-05-27,33600.0,32567.0,33083.5,2,0,0.01266927463784222,0,0
2021-05-28,33900.0,32867.0,33383.5,2,0,0.009027097272612269,0,0
2021-05-31,34467.0,33367.0,33917.0,2,0,0.01585459767363987,0,0
2021-06-01,34436.0,33662.5,34049.2,2,0,0.0038916423050898235,0,0
2021-06-02,34767.0,33767.0,34267.0,2,0,0.006374786010883169,0,0
2021-06-03,34567.0,33567.0,34067.0,2,0,-0.0058536181426648015,0,0
2021-06-04,34900.0,33867.0,34383.5,2,0,0.009247624357709828,0,0
2021-06-07,33867.0,33867.0,33867.0,2,0,-0.01513570919962645,0,0
2021-06-08,33967.0,33967.0,33967.0,2,0,0.0029483761075861973,0,0
2021-06-09,33467.0,33467.0,33467.0,2,0,-0.014829586355826182,0,0
2021-06-10,33267.0,33267.0,33267.0,2,0,-0.005993964060091099,0,0
2021-06-11,33267.0,33267.0,33267.0,2,0,0.0,1,0
2021-06-14,33367.0,33367.0,33367.0,2,0,0.0030014729739669013,0,0
2021-06-15,33067.0,33067.0,33067.0,2,0,-0.009031581396086045,0,0
2021-06-16,33167.0,33167.0,33167.0,2,0,0.0030195994801209963,0,0
2021-06-17,33667.0,33667.0,33667.0,2,0,0.014962723417044061,0,0
2021-06-18,33167.0,33167.0,33167.0,2,0,-0.014962723417044011,0,0
2021-06-21,34667.0,33667.0,34167.0,2,0,0.029704860263133525,0,0
2021-06-22,34767.0,33767.0,34267.0,2,0,0.0029225259717774385,0,0
2021-06-23,34467.0,33467.0,33967.0,2,0,-0.008793326876995322,0,0
2021-06-24,34867.0,33867.0,34367.0,2,0,0.011707336573708118,0,0
2021-06-25,35267.0,34267.0,34767.0,2,0,0.011571859391549769,0,0
2021-06-28,35767.0,34767.0,35267.0,2,0,0.014279021486898918,0,0
2021-06-29,36267.0,35267.0,35767.0,2,0,0.014077998082344797,0,0
2021-06-30,35567.0,34567.0,35067.0,2,0,-0.019765163295864474,0,0
2021-07-01,36413.5,35396.5,35905.0,2,0,0.02361604426853792,0,0
2021-07-02,36100.0,35067.0,35583.5,2,0,-0.008994514291876353,0,0
2021-07-05,36067.0,35067.0,35567.0,2,0,-0.00046380560349637974,0,0
2021-07-06,35667.0,34667.0,35167.0,2,0,-0.011310098790833235,0,0
2021-07-07,35567.0,34567.0,35067.0,2,0,-0.002847625582332001,0,0
2021-07-08,35967.0,34967.0,35467.0,2,0,0.011342169397766338,0,0
2021-07-09,36067.0,35067.0,35567.0,2,0,0.0028155549753987315,0,0
2021-07-12,36367.0,35367.0,35867.0,2,0,0.008399411029777615,0,0
2021-07-13,36367.0,35367.0,35867.0,2,0,0.0,1,0
2021-07-14,35867.0,34867.0,35367.0,2,0,-0.014038470718585635,0,0
2021-07-15,36367.0,35367.0,35867.0,2,0,0.014038470718585713,0,0
2021-07-16,36267.0,35267.0,35767.0,2,0,-0.0027919721070783885,0,0
2021-07-19,36367.0,35367.0,35867.0,2,0,0.0027919721070784344,0,0
2021-07-20,35967.0,34967.0,35467.0,2,0,-0.011214966005176403,0,0
2021-07-21,36233.0,35267.0,35750.0,2,0,0.007947582448507313,0,0
2021-07-22,36667.0,35667.0,36167.0,2,0,0.01159683171977703,0,0
2021-07-23,37567.0,36567.0,37067.0,2,0,0.02457998505389885,0,0
2021-07-26,37867.0,36867.0,37367.0,2,0,0.00806087606312479,0,0
2021-07-27,38567.0,37567.0,38067.0,2,0,0.01855980310606984,0,0
2021-07-28,38067.0,37067.0,37567.0,2,0,-0.013221759630168969,0,0
2021-07-29,38067.0,37067.0,37567.0,2,0,0.0,1,0
2021-07-30,37567.0,36567.0,37067.0,2,0,-0.013398919539025602,0,0
2021-08-02,36767.0,35767.0,36267.0,2,0,-0.021818849025728112,0,0
2021-08-03,36667.0,35667.0,36167.0,2,0,-0.002761136028170704,0,0
2021-08-04,37067.0,36067.0,36567.0,2,0,0.010999093482015172,0,0
2021-08-05,37067.0,36067.0,36567.0,2,0,0.0,1,0
2021-08-06,36967.0,35967.0,36467.0,2,0,-0.0027384522959900555,0,0
2021-08-09,36567.0,35567.0,36067.0,2,0,-0.011029422200078466,0,0
2021-08-10,37267.0,36267.0,36767.0,2,0,0.019222383887645838,0,0
2021-08-11,37867.0,36867.0,37367.0,2,0,0.016187258243431053,0,0
2021-08-12,37967.0,36967.0,37467.0,2,0,0.0026725835722404283,0,0
2021-08-13,37867.0,36867.0,37367.0,2,0,-0.00267258357224041,0,0
2021-08-16,37567.0,36567.0,37067.0,2,0,-0.008060876063124726,0,0
2021-08-17,37967.0,36967.0,37467.0,2,0,0.010733459635365093,0,0
2021-08-18,37867.0,36867.0,37367.0,2,0,-0.00267258357224041,0,0
2021-08-19,38167.0,37167.0,37667.0,2,0,0.007996417585778475,0,0
2021-08-20,37867.0,36867.0,37367.0,2,0,-0.007996417585778513,0,0
2021-08-23,39900.0,38500.0,39200.0,2,0,0.04788878481959944,0,1
2021-08-24,39900.0,38500.0,39200.0,2,0,0.0,1,0
2021-08-25,39900.0,38500.0,39200.0,2,0,0.0,1,0
2021-08-26,38200.0,38500.0,38350.0,2,0,-0.021922218983151616,0,0
2021-08-27,40000.0,39200.0,39600.0,2,0,0.03207459044716972,0,0
2021-08-30,39900.0,39000.0,39450.0,2,0,-0.0037950709685516094,0,0
2021-08-31,39900.0,39000.0,39450.0,2,0,0.0,1,0
2021-09-01,40084.0,39211.5,39647.8,2,0,0.005000152646671912,0,0
2021-09-02,40300.0,39400.0,39850.0,2,0,0.005088205297668803,0,0
2021-09-03,40100.0,39200.0,39650.0,2,0,-0.0050314571553670955,0,0
2021-09-06,40000.0,39200.0,39600.0,2,0,-0.0012618298204221652,0,0
2021-09-07,40233.0,39400.0,39816.5,2,0,0.005452280982692426,0,0
2021-09-08,40233.0,39400.0,39816.5,2,0,0.0,1,0
2021-09-09,39933.0,39100.0,39516.5,2,0,-0.0075630930384088385,0,0
2021-09-10,39533.0,37800.0,38666.5,2,0,-0.02174471412058062,0,0
2021-09-13,40933.0,40100.0,40516.5,2,0,0.04673570646789892,0,1
2021-09-14,39533.0,38700.0,39116.5,2,0,-0.03516492569060605,0,0
2021-09-15,39733.0,38900.0,39316.5,2,0,0.005099905230800881,0,0
2021-09-16,40133.0,39300.0,39716.5,2,0,0.010122440384501297,0,0
2021-09-17,40233.0,39400.0,39816.5,2,0,0.0025146807663944284,0,0
2021-09-20,40933.0,40100.0,40516.5,2,0,0.01742789930890946,0,0
2021-09-21,40833.0,40000.0,40416.5,2,0,-0.002471181122396667,0,0
2021-09-22,40833.0,40000.0,40416.5,2,0,0.0,1,0
2021-09-23,40433.0,39600.0,40016.5,2,0,-0.009946248370439652,0,0
2021-09-24,40433.0,39600.0,40016.5,2,0,0.0,1,0
2021-09-27,40633.0,39800.0,40216.5,2,0,0.004985490116328384,0,0
2021-09-28,40233.0,39400.0,39816.5,2,0,-0.009995959932401745,0,0
2021-09-29,40633.0,40600.0,40616.5,2,0,0.019892988745732396,0,0
2021-09-30,40133.0,39300.0,39716.5,2,0,-0.022407669512126766,0,0
2021-10-01,40284.0,39482.5,39883.2,2,0,0.004189717779859915,0,0
2021-10-04,40733.0,39900.0,40316.5,2,0,0.010804378183144475,0,0
2021-10-05,40433.0,39600.0,40016.5,2,0,-0.007468945380536743,0,0
2021-10-06,40033.0,39200.0,39616.5,2,0,-0.010046170913549446,0,0
2021-10-07,40033.0,39300.0,39666.5,2,0,0.0012613046082693084,0,0
2021-10-08,40133.0,39300.0,39716.5,2,0,0.001259715722812495,0,0
2021-10-11,40133.0,39800.0,39966.5,2,0,0.006274884738146171,0,0
2021-10-12,39933.0,39000.0,39466.5,2,0,-0.012589392414973167,0,0
2021-10-13,40133.0,39600.0,39866.5,2,0,0.010084161437770458,0,0
2021-10-14,40633.0,39800.0,40216.5,2,0,0.008740986937852689,0,0
2021-10-15,40633.0,39800.0,40216.5,2,0,0.0,1,0
2021-10-18,40833.0,40000.0,40416.5,2,0,0.0049607582541111315,0,0
2021-10-19,40233.0,39400.0,39816.5,2,0,-0.014956718186512813,0,0
2021-10-20,40233.0,39367.0,39800.0,2,0,-0.00041448695273522555,0,0
2021-10-21,40333.0,39500.0,39916.5,2,0,0.0029228599584615934,0,0
2021-10-22,40533.0,39700.0,40116.5,2,0,0.004997948754256019,0,0
2021-10-25,40833.0,40000.0,40416.5,2,0,0.007450396426530556,0,0
2021-10-26,40467.0,40300.0,40383.5,2,0,-0.00081683172858509,0,0
2021-10-27,42333.0,41500.0,41916.5,2,0,0.037258258459637913,0,0
2021-10-28,42333.0,41433.0,41883.0,2,0,-0.0007995274860723132,0,0
2021-10-29,40233.0,39367.0,39800.0,2,0,-0.05101310438422852,0,0
2021-11-01,41178.5,40708.5,40943.5,2,0,0.028326155250991403,0,0
2021-11-02,42033.0,39800.0,40916.5,2,0,-0.0006596628629146913,0,0
2021-11-03,42167.0,41400.0,41783.5,2,0,0.020968120081041063,0,0
2021-11-04,41733.0,40900.0,41316.5,2,0,-0.011239588839187013,0,0
2021-11-05,41033.0,40200.0,40616.5,2,0,-0.017087547931463082,0,0
2021-11-08,39800.0,40633.0,40216.5,2,0,-0.009897028813330764,0,0
2021-11-09,39600.0,40433.0,40016.5,2,0,-0.0049854901163284135,0,0
2021-11-10,40300.0,41133.0,40716.5,2,0,0.01734154664018588,0,0
2021-11-11,40000.0,40833.0,40416.5,2,0,-0.007395298269746381,0,0
2021-11-12,40900.0,41733.0,41316.5,2,0,0.02202381849068267,0,0
2021-11-15,40400.0,41233.0,40816.5,2,0,-0.012175524497898249,0,0
2021-11-16,40200.0,41033.0,40616.5,2,0,-0.0049120234335648634,0,0
2021-11-17,39900.0,40733.0,40316.5,2,0,-0.007413573549122327,0,0
2021-11-18,40300.0,41133.0,40716.5,2,0,0.009872601259649214,0,0
2021-11-19,39700.0,40533.0,40116.5,2,0,-0.014845694696276857,0,0
2021-11-22,40633.0,40200.0,40416.5,2,0,0.007450396426530556,0,0
2021-11-23,41133.0,40400.0,40766.5,2,0,0.008622548279578906,0,0
2021-11-24,41733.0,41100.0,41416.5,2,0,0.015818686446443107,0,0
2021-11-25,41533.0,40400.0,40966.5,2,0,-0.010924692608309226,0,0
2021-11-26,41233.0,40500.0,40866.5,2,0,-0.0024440030250937905,0,0
2021-11-29,41533.0,40733.0,41133.0,2,0,0.00650006252036828,0,0
2021-11-30,40733.0,40000.0,40366.5,2,0,-0.018810485979372085,0,0
2021-12-01,41116.0,40387.0,40751.5,2,0,0.009492415762102474,0,0
2021-12-02,41233.0,40500.0,40866.5,2,0,0.002818007696901277,0,0
2021-12-03,41533.0,40800.0,41166.5,2,0,0.007314162286471529,0,0
2021-12-06,41933.0,41200.0,41566.5,2,0,0.009669735578016373,0,0
2021-12-07,42233.0,41500.0,41866.5,2,0,0.007191430079597902,0,0
2021-12-08,41233.0,40600.0,40916.5,2,0,-0.022952579787876393,0,0
2021-12-09,41333.0,40600.0,40966.5,2,0,0.0012212548688844435,0,0
2021-12-10,41533.0,40800.0,41166.5,2,0,0.004870159261377551,0,0
2021-12-13,41533.0,40800.0,41166.5,2,0,0.0,1,0
2021-12-14,41533.0,40800.0,41166.5,2,0,0.0,1,0
2021-12-15,41833.0,41100.0,41466.5,2,0,0.0072610535275567855,0,0
2021-12-16,41833.0,41100.0,41466.5,2,0,0.0,1,0
2021-12-17,41233.0,40500.0,40866.5,2,0,-0.014575215814028233,0,0
2021-12-20,41533.0,40800.0,41166.5,2,0,0.007314162286471529,0,0
2021-12-21,41233.0,40500.0,40866.5,2,0,-0.00731416228647145,0,0
2021-12-22,41233.0,40500.0,40866.5,2,0,0.0,1,0
2021-12-23,41633.0,40900.0,41266.5,2,0,0.009740376279757771,0,0
2021-12-24,41733.0,41100.0,41416.5,2,0,0.0036283193536453227,0,0
2021-12-27,41433.0,40700.0,41066.5,2,0,-0.00848664817414651,0,0
2021-12-28,41533.0,40800.0,41166.5,2,0,0.002432114827214962,0,0
2021-12-29,41333.0,40600.0,40966.5,2,0,-0.004870159261377623,0,0
2021-12-30,41533.0,40800.0,41166.5,2,0,0.004870159261377551,0,0
2021-12-31,41533.0,40800.0,41166.5,2,0,0.0,1,0
2022-01-03,41333.0,40600.0,40966.5,2,0,-0.004870159261377623,0,0
2022-01-04,41333.0,40600.0,40966.5,2,0,0.0,1,0
2022-01-05,41333.0,40500.0,40916.5,2,0,-0.001221254868884443,0,0
2022-01-06,41033.0,40200.0,40616.5,2,0,-0.007359016689608971,0,0
2022-01-07,40333.0,39600.0,39966.5,2,0,-0.016132784773980738,0,0
2022-01-10,40733.0,40000.0,40366.5,2,0,0.009958629848376572,0,0
2022-01-11,40133.0,39400.0,39766.5,2,0,-0.014975383751114082,0,0
2022-01-12,40100.0,39500.0,39800.0,2,0,0.0008420629782505527,0,0
2022-01-13,40333.0,39600.0,39966.5,2,0,0.004174690924486959,0,0
2022-01-14,39833.0,39100.0,39466.5,2,0,-0.012589392414973167,0,0
2022-01-17,39633.0,38900.0,39266.5,2,0,-0.005080472741710286,0,0
2022-01-18,39633.0,38900.0,39266.5,2,0,0.0,1,0
2022-01-19,39533.0,38800.0,39166.5,2,0,-0.0025499484702944794,0,0
2022-01-20,39933.0,39200.0,39566.5,2,0,0.010161011050824125,0,0
2022-01-21,40133.0,39400.0,39766.5,2,0,0.005042048673416317,0,0
2022-01-24,39833.0,39100.0,39466.5,2,0,-0.007572638512235534,0,0
2022-01-25,39733.0,39000.0,39366.5,2,0,-0.002537009973915116,0,0
2022-01-26,40033.0,39300.0,39666.5,2,0,0.007591801927929556,0,0
2022-01-27,40033.0,39300.0,39666.5,2,0,0.0,1,0
2022-01-28,39733.0,39000.0,39366.5,2,0,-0.00759180192792954,0,0
2022-01-31,39833.0,39300.0,39566.5,2,0,0.005067599812734293,0,0
2022-02-01,40379.0,39847.5,40113.2,2,0,0.013723903035980025,0,0
2022-02-02,39733.0,39200.0,39466.5,2,0,-0.016254492874799412,0,0
2022-02-03,40133.0,39600.0,39866.5,2,0,0.010084161437770458,0,0
2022-02-04,40633.0,40100.0,40366.5,2,0,0.01246386082557941,0,0
2022-02-07,40433.0,39900.0,40166.5,2,0,-0.004966918186857606,0,0
2022-02-08,40633.0,40100.0,40366.5,2,0,0.004966918186857575,0,0
2022-02-09,40933.0,40400.0,40666.5,2,0,0.007404424632837252,0,0
2022-02-10,41333.0,40800.0,41066.5,2,0,0.009788046285423044,0,0
2022-02-11,41433.0,40900.0,41166.5,2,0,0.002432114827214962,0,0
2022-02-14,41433.0,40900.0,41166.5,2,0,0.0,1,0
2022-02-15,41433.0,40900.0,41166.5,2,0,0.0,1,0
2022-02-16,41333.0,40900.0,41116.5,2,0,-0.0012153180159731089,0,0
2022-02-17,41733.0,41200.0,41466.5,2,0,0.00847637154352991,0,0
2022-02-18,41733.0,41200.0,41466.5,2,0,0.0,1,0
2022-02-21,41333.0,40800.0,41066.5,2,0,-0.009693168354771756,0,0
2022-02-22,41333.0,40800.0,41066.5,2,0,0.0,1,0
2022-02-23,41833.0,41400.0,41616.5,2,0,0.013304019262370617,0,0
2022-02-24,41667.0,41000.0,41333.5,2,0,-0.006823414057024168,0,0
2022-02-25,40733.0,40200.0,40466.5,2,0,-0.021198837854200417,0,0
2022-02-28,40933.0,40400.0,40666.5,2,0,0.0049301863634311615,0,0
2022-03-01,40563.0,40030.5,40296.8,2,0,-0.009133837156741764,0,0
2022-03-02,39833.0,39300.0,39566.5,2,0,-0.018288019900625996,0,0
2022-03-03,39433.0,38900.0,39166.5,2,0,-0.01016101105082406,0,0
2022-03-04,39233.0,38700.0,38966.5,2,0,-0.005119486947101003,0,0
2022-03-07,39633.0,39100.0,39366.5,2,0,0.010212898185190514,0,0
2022-03-08,39733.0,39200.0,39466.5,2,0,0.0025370099739151645,0,0
2022-03-09,40333.0,39800.0,40066.5,2,0,0.0150883628906628,0,0
2022-03-10,41000.0,40500.0,40750.0,2,0,0.016915265996303015,0,0
2022-03-11,40733.0,40200.0,40466.5,2,0,-0.006981368354209986,0,0
2022-03-14,40733.0,40200.0,40466.5,2,0,0.0,1,0
2022-03-15,40933.0,40400.0,40666.5,2,0,0.0049301863634311615,0,0
2022-03-16,40533.0,40000.0,40266.5,2,0,-0.0098847999449016,0,0
2022-03-17,41033.0,40500.0,40766.5,2,0,0.01234080795802794,0,0
2022-03-18,41333.0,40800.0,41066.5,2,0,0.007332038272296723,0,0
2022-03-21,41733.0,41200.0,41466.5,2,0,0.009693168354771827,0,0
2022-03-22,41933.0,41400.0,41666.5,2,0,0.004811576289903873,0,0
2022-03-23,41733.0,41200.0,41466.5,2,0,-0.00481157628990389,0,0
2022-03-24,41433.0,40900.0,41166.5,2,0,-0.00726105352755684,0,0
2022-03-25,41033.0,40500.0,40766.5,2,0,-0.009764153099511596,0,0
2022-03-28,41333.0,40800.0,41066.5,2,0,0.007332038272296723,0,0
2022-03-29,41333.0,40800.0,41066.5,2,0,0.0,1,0
2022-03-30,41333.0,40800.0,41066.5,2,0,0.0,1,0
2022-03-31,41533.0,41000.0,41266.5,2,0,0.004858328820501205,0,0
2022-04-01,41359.5,40847.5,41103.5,2,0,-0.0039577567747258674,0,0
2022-04-04,41433.0,40900.0,41166.5,2,0,0.0015315427814396748,0,0
2022-04-05,41433.0,40900.0,41166.5,2,0,0.0,1,0
2022-04-06,41233.0,40700.0,40966.5,2,0,-0.004870159261377623,0,0
2022-04-07,40833.0,40300.0,40566.5,2,0,-0.009812056693855684,0,0
2022-04-08,40633.0,40100.0,40366.5,2,0,-0.004942369790241751,0,0
2022-04-11,41233.0,40700.0,40966.5,2,0,0.014754426484097496,0,0
2022-04-12,41433.0,40900.0,41166.5,2,0,0.004870159261377551,0,0
2022-04-13,41133.0,40600.0,40866.5,2,0,-0.00731416228647145,0,0
2022-04-14,41033.0,40500.0,40766.5,2,0,-0.0024499908130401734,0,0
2022-04-15,40933.0,40400.0,40666.5,2,0,-0.002456008013126302,0,0
2022-04-18,40933.0,40400.0,40666.5,2,0,0.0,1,0
2022-04-19,40933.0,40400.0,40666.5,2,0,0.0,1,0
2022-04-20,40733.0,40200.0,40466.5,2,0,-0.004930186363431177,0,0
2022-04-21,40833.0,40300.0,40566.5,2,0,0.0024681315208356816,0,0
2022-04-22,41233.0,40700.0,40966.5,2,0,0.009812056693855617,0,0
2022-04-25,41433.0,40900.0,41166.5,2,0,0.004870159261377551,0,0
2022-04-26,40433.0,39900.0,40166.5,2,0,-0.024591503932332757,0,0
2022-04-27,40433.0,39900.0,40166.5,2,0,0.0,1,0
2022-04-28,40033.0,39500.0,39766.5,2,0,-0.010008465564256526,0,0
2022-04-29,40633.0,41000.0,40816.5,2,0,0.02606156211028315,0,0
2022-05-02,41633.0,41100.0,41366.5,2,0,0.01338496310304692,0,0
2022-05-03,41733.0,41200.0,41466.5,2,0,0.002414497810816029,0,0
2022-05-04,41833.0,41300.0,41566.5,2,0,0.0024086820504595685,0,0
2022-05-05,42133.0,41600.0,41866.5,2,0,0.007191430079597902,0,0
2022-05-06,42033.0,41500.0,41766.5,2,0,-0.0023914016633787326,0,0
2022-05-09,41033.0,40500.0,40766.5,2,0,-0.024233917093747188,0,0
2022-05-10,40033.0,39400.0,39716.5,2,0,-0.02609394723248618,0,0
2022-05-11,40033.0,39400.0,39716.5,2,0,0.0,1,0
2022-05-12,41033.0,40500.0,40766.5,2,0,0.02609394723248618,0,0
2022-05-13,40933.0,40400.0,40666.5,2,0,-0.002456008013126302,0,0
2022-05-16,40733.0,40200.0,40466.5,2,0,-0.004930186363431177,0,0
2022-05-17,41633.0,41100.0,41366.5,2,0,0.02199690319280977,0,0
2022-05-18,41933.0,41400.0,41666.5,2,0,0.007226074100719857,0,0
2022-05-19,41133.0,40600.0,40866.5,2,0,-0.019386792103932172,0,0
2022-05-20,41533.0,41000.0,41266.5,2,0,0.009740376279757771,0,0
2022-05-23,41133.0,40600.0,40866.5,2,0,-0.009740376279757698,0,0
2022-05-24,40933.0,40400.0,40666.5,2,0,-0.0049059988261664815,0,0
2022-05-25,41033.0,40500.0,40766.5,2,0,0.002456008013126252,0,0
2022-05-26,41633.0,41100.0,41366.5,2,0,0.014610708816252324,0,0
2022-05-27,42033.0,41500.0,41766.5,2,0,0.009623208277494844,0,0
2022-05-30,41933.0,41400.0,41666.5,2,0,-0.0023971341767749493,0,0
2022-05-31,42033.0,41500.0,41766.5,2,0,0.0023971341767750187,0,0
2022-06-01,42374.0,41863.5,42118.8,2,0,0.008398426909423768,0,0
2022-06-02,43033.0,42500.0,42766.5,2,0,0.015262076117363238,0,0
2022-06-03,43033.0,42500.0,42766.5,2,0,0.0,1,0
2022-06-06,43033.0,42500.0,42766.5,2,0,0.0,1,0
2022-06-07,42633.0,42200.0,42416.5,2,0,-0.008217648348034899,0,0
2022-06-08,42533.0,42000.0,42266.5,2,0,-0.0035426273721426427,0,0
2022-06-09,42533.0,42000.0,42266.5,2,0,0.0,1,0
2022-06-10,42333.0,41800.0,42066.5,2,0,-0.004743110643555941,0,0
2022-06-13,42033.0,41500.0,41766.5,2,0,-0.0071571166630534965,0,0
2022-06-14,41633.0,41100.0,41366.5,2,0,-0.009623208277494803,0,0
2022-06-15,41433.0,41000.0,41216.5,2,0,-0.003632712905985531,0,0
2022-06-16,41433.0,41000.0,41216.5,2,0,0.0,1,0
2022-06-17,42633.0,42200.0,42416.5,2,0,0.028698775862232285,0,0
2022-06-20,42733.0,42300.0,42516.5,2,0,0.0023547983989488045,0,0
2022-06-21,42733.0,42300.0,42516.5,2,0,0.0,1,0
2022-06-22,43233.0,42700.0,42966.5,2,0,0.010528506412891363,0,0
2022-06-23,43633.0,43100.0,43366.5,2,0,0.009266511351866073,0,0
2022-06-24,43333.0,42800.0,43066.5,2,0,-0.006941820941561265,0,0
2022-06-27,42933.0,42500.0,42716.5,2,0,-0.008160170247225727,0,0
2022-06-28,43033.0,42600.0,42816.5,2,0,0.0023382798583689167,0,0
2022-06-29,42533.0,42100.0,42316.5,2,0,-0.011746461398672326,0,0
2022-06-30,42933.0,42500.0,42716.5,2,0,0.009408181540303456,0,0
2022-07-01,42619.5,42200.0,42409.8,2,0,-0.00720697382363631,0,0
2022-07-04,42333.0,41900.0,42116.5,2,0,-0.006938700736312572,0,0
2022-07-05,42333.0,41900.0,42116.5,2,0,0.0,1,0
2022-07-06,41633.0,41200.0,41416.5,2,0,-0.016760235741026207,0,0
2022-07-07,41733.0,41300.0,41516.5,2,0,0.0024115864243322207,0,0
2022-07-08,41533.0,41100.0,41316.5,2,0,-0.004829002659671738,0,0
2022-07-11,42133.0,41700.0,41916.5,2,0,0.014417608240370024,0,0
2022-07-12,41833.0,41300.0,41566.5,2,0,-0.008384989773945792,0,0
2022-07-13,41633.0,41200.0,41416.5,2,0,-0.0036152022310847235,0,0
2022-07-14,42233.0,41800.0,42016.5,2,0,0.014383046122400532,0,0
2022-07-15,41233.0,40800.0,41016.5,2,0,-0.024087973506229626,0,0
2022-07-18,41433.0,41000.0,41216.5,2,0,0.004864236847652757,0,0
2022-07-19,42433.0,42000.0,42216.5,2,0,0.023972478264415613,0,0
2022-07-20,42833.0,42400.0,42616.5,2,0,0.009430362344529463,0,0
2022-07-21,42933.0,42500.0,42716.5,2,0,0.0023437602282062333,0,0
2022-07-22,42733.0,42300.0,42516.5,2,0,-0.00469302657597029,0,0
2022-07-25,42533.0,42100.0,42316.5,2,0,-0.0047151549643330804,0,0
2022-07-26,42833.0,42400.0,42616.5,2,0,0.0070644213120971844,0,0
2022-07-27,42933.0,42500.0,42716.5,2,0,0.0023437602282062333,0,0
2022-07-28,43100.0,43000.0,43050.0,2,0,0.007776968417102325,0,0
2022-07-29,43100.0,43000.0,43050.0,2,0,0.0,1,0
2022-08-01,45769.5,45365.0,45567.2,2,0,0.056827025861781906,0,0
2022-08-02,44433.0,44000.0,44216.5,2,0,-0.030091234144740128,0,0
2022-08-03,44333.0,43900.0,44116.5,2,0,-0.002264160454647429,0,0
2022-08-04,44433.0,44000.0,44216.5,2,0,0.002264160454647387,0,0
2022-08-05,43100.0,44300.0,43700.0,2,0,-0.011749920489237101,0,0
2022-08-08,44833.0,44400.0,44616.5,2,0,0.020755643664888978,0,0
2022-08-09,45133.0,44700.0,44916.5,2,0,0.006701464772540006,0,0
2022-08-10,45833.0,45400.0,45616.5,2,0,0.015464282637563137,0,0
2022-08-11,45133.0,44700.0,44916.5,2,0,-0.01546428263756316,0,0
2022-08-12,48233.0,47800.0,48016.5,2,0,0.06673949130042225,0,0
2022-08-15,48933.0,48500.0,48716.5,2,0,0.014473079901235558,0,0
2022-08-16,49033.0,48600.0,48816.5,2,0,0.0020505887246562147,0,0
2022-08-17,48633.0,48200.0,48416.5,2,0,-0.008227705748093386,0,0
2022-08-18,48333.0,47900.0,48116.5,2,0,-0.006215511085614904,0,0
2022-08-19,48233.0,47800.0,48016.5,2,0,-0.002080451792183602,0,0
2022-08-22,48533.0,48100.0,48316.5,2,0,0.006228415388876714,0,0
2022-08-23,48833.0,48400.0,48616.5,2,0,0.006189862231835425,0,0
2022-08-24,49133.0,48700.0,48916.5,2,0,0.00615178341915842,0,0
2022-08-25,50633.0,50200.0,50416.5,2,0,0.030203739572986936,0,0
2022-08-26,49633.0,49200.0,49416.5,2,0,-0.020034125929497017,0,0
2022-08-29,48833.0,48300.0,48566.5,2,0,-0.017350383704585966,0,0
2022-08-30,48733.0,48200.0,48466.5,2,0,-0.0020611551823195005,0,0
2022-08-31,48433.0,47900.0,48166.5,2,0,-0.006209078965072399,0,0
2022-09-01,48051.0,47700.0,47875.5,2,0,-0.006059867360275067,0,0
2022-09-02,48033.0,47500.0,47766.5,2,0,-0.0022793343341048398,0,0
2022-09-05,47833.0,47300.0,47566.5,2,0,-0.004195825022095377,0,0
2022-09-06,47733.0,47200.0,47466.5,2,0,-0.0021045328866566623,0,0
2022-09-07,48033.0,47500.0,47766.5,2,0,0.006300357908751964,0,0
2022-09-08,48033.0,47500.0,47766.5,2,0,0.0,1,0
2022-09-09,48033.0,47500.0,47766.5,2,0,0.0,1,0
2022-09-12,48333.0,47800.0,48066.5,2,0,0.006260911793949365,0,0
2022-09-13,48233.0,47700.0,47966.5,2,0,-0.002082618186334972,0,0
2022-09-14,47733.0,47200.0,47466.5,2,0,-0.010478651516366302,0,0
2022-09-15,47633.0,47100.0,47366.5,2,0,-0.002108971287730321,0,0
2022-09-16,47633.0,47100.0,47366.5,2,0,0.0,1,0
2022-09-19,47433.0,46900.0,47166.5,2,0,-0.0042313329398809526,0,0
2022-09-20,47433.0,46900.0,47166.5,2,0,0.0,1,0
2022-09-21,47733.0,47200.0,47466.5,2,0,0.0063403042276111874,0,0
2022-09-22,47733.0,47200.0,47466.5,2,0,0.0,1,0
2022-09-23,47899.7,47400.0,47649.8,2,0,0.0038549682773565933,0,0
2022-09-26,47333.0,47300.0,47316.5,2,0,-0.007020095467366413,0,0
2022-09-27,46933.0,46800.0,46866.5,2,0,-0.009555937363271446,0,1
2022-09-28,47333.0,46400.0,46866.5,2,0,0.0,1,0
2022-09-29,46833.0,46800.0,46816.5,2,0,-0.0010674296243187362,0,0
2022-09-30,46433.0,46500.0,46466.5,2,0,-0.007504082038738797,0,0
2022-10-03,46833.0,46100.0,46466.5,2,0,0.0,1,0
2022-10-04,46833.0,46500.0,46666.5,2,0,0.004294939654938315,0,0
2022-10-05,46833.0,46500.0,46666.5,2,0,0.0,1,0
2022-10-06,46833.0,46500.0,46666.5,2,0,0.0,1,0
2022-10-07,46733.0,46500.0,46616.5,2,0,-0.0010720067919840729,0,0
2022-10-10,46767.0,46400.0,46583.5,2,0,-0.0007081545360317546,0,0
2022-10-11,46967.0,46400.0,46683.5,2,0,0.002144382006921699,0,0
2022-10-12,46467.0,46600.0,46533.5,2,0,-0.003218299869512074,0,0
2022-10-13,45667.0,46100.0,45883.5,2,0,-0.014066908000712804,0,0
2022-10-14,44867.0,45300.0,45083.5,2,0,-0.01758924940560773,0,0
2022-10-17,44867.0,44500.0,44683.5,2,0,-0.00891201995090579,0,0
2022-10-18,44767.0,44400.0,44583.5,2,0,-0.0022404705396372637,0,0
2022-10-19,44767.0,44300.0,44533.5,2,0,-0.0011221204763732188,0,0
2022-10-20,44233.0,44300.0,44266.5,2,0,-0.006013531635507525,0,0
2022-10-21,43533.0,43900.0,43716.5,2,0,-0.012502578097906294,0,0
2022-10-24,42933.0,43200.0,43066.5,2,0,-0.014980172505125542,0,0
2022-10-25,42833.0,42400.0,42616.5,2,0,-0.01050393047543205,0,0
2022-10-26,41433.0,42300.0,41866.5,2,0,-0.01775551776208608,0,0
2022-10-27,41567.0,40900.0,41233.5,2,0,-0.015234951706994812,0,0
2022-10-28,40933.0,41000.0,40966.5,2,0,-0.006496373211997121,0,0
2022-10-31,41033.0,40400.0,40716.5,2,0,-0.006121243847966516,0,0
2022-11-01,41033.0,40500.0,40766.5,2,0,0.0012272500098325235,0,0
2022-11-02,41433.0,40500.0,40966.5,2,0,0.004893993838134015,0,0
2022-11-03,40733.0,40900.0,40816.5,2,0,-0.0036682481249285573,0,0
2022-11-04,41233.0,40200.0,40716.5,2,0,-0.0024529957230380196,0,0
2022-11-07,41233.0,40700.0,40966.5,2,0,0.006121243847966505,0,0
2022-11-08,40433.0,40700.0,40566.5,2,0,-0.009812056693855684,0,0
2022-11-09,40233.0,39900.0,40066.5,2,0,-0.012402029162928638,0,0
2022-11-10,40433.0,39700.0,40066.5,2,0,0.0,1,0
2022-11-11,40633.0,39900.0,40266.5,2,0,0.0049792840606223635,0,0
2022-11-14,40033.0,40100.0,40066.5,2,0,-0.004979284060622474,0,0
2022-11-15,39533.0,39600.0,39566.5,2,0,-0.012557773051843604,0,0
2022-11-16,39400.0,39100.0,39250.0,2,0,-0.008031356410307656,0,0
2022-11-17,39633.0,38900.0,39266.5,2,0,0.00042029382977811766,0,0
2022-11-18,39433.0,39200.0,39316.5,2,0,0.0012725400340360996,0,0
2022-11-21,39533.0,39000.0,39266.5,2,0,-0.0012725400340359984,0,0
2022-11-22,40133.0,39100.0,39616.5,2,0,0.008873960087455519,0,0
2022-11-23,39633.0,39700.0,39666.5,2,0,0.0012613046082693084,0,0
2022-11-24,40133.0,39200.0,39666.5,2,0,0.0,1,0
2022-11-25,40433.0,39700.0,40066.5,2,0,0.010033570936648457,0,0
2022-11-28,40433.0,40000.0,40216.5,2,0,0.0037367854849603348,0,0
2022-11-29,40633.0,40000.0,40316.5,2,0,0.0024834552642084354,0,0
2022-11-30,40933.0,40200.0,40566.5,2,0,0.006181788413760065,0,0
2022-12-01,41033.0,40500.0,40766.5,2,0,0.004918062855721803,0,0
2022-12-02,40933.0,40600.0,40766.5,2,0,0.0,1,0
2022-12-05,40933.0,40500.0,40716.5,2,0,-0.0012272500098325873,0,0
2022-12-06,41133.0,40500.0,40816.5,2,0,0.002452995723037888,0,0
2022-12-07,41433.0,40700.0,41066.5,2,0,0.006106292559091306,0,0
2022-12-08,40933.0,41000.0,40966.5,2,0,-0.0024380444341627156,0,0
2022-12-09,40633.0,40500.0,40566.5,2,0,-0.009812056693855684,0,0
2022-12-12,41033.0,40000.0,40516.5,2,0,-0.0012333043014606023,0,0
2022-12-13,40833.0,40400.0,40616.5,2,0,0.002465089436822876,0,0
2022-12-14,40933.0,40200.0,40566.5,2,0,-0.0012317851353623403,0,0
2022-12-15,41233.0,40300.0,40766.5,2,0,0.004918062855721803,0,0
2022-12-16,40733.0,40600.0,40666.5,2,0,-0.002456008013126302,0,0
2022-12-19,40533.0,40100.0,40316.5,2,0,-0.008643843256355492,0,0
2022-12-20,40733.0,39900.0,40316.5,2,0,0.0,1,0
2022-12-21,40833.0,40100.0,40466.5,2,0,0.003713656892924341,0,0
2022-12-22,40733.0,40300.0,40516.5,2,0,0.0012348272193750853,0,0
2022-12-23,40633.0,40200.0,40416.5,2,0,-0.002471181122396667,0,0
2022-12-26,40633.0,40100.0,40366.5,2,0,-0.0012378843663845786,0,0
2022-12-27,40633.0,40100.0,40366.5,2,0,0.0,1,0
2022-12-28,40433.0,40100.0,40266.5,2,0,-0.0024803753120643396,0,0
2022-12-29,39633.0,39900.0,39766.5,2,0,-0.012495008439049816,0,0
2022-12-30,39133.0,39100.0,39116.5,2,0,-0.016480476450710727,0,0
2023-01-02,39133.0,38600.0,38866.5,2,0,-0.00641167578700823,0,0
2023-01-03,39933.0,38600.0,39266.5,2,0,0.010239040983772957,0,0
2023-01-04,40133.0,39400.0,39766.5,2,0,0.012653111253945732,0,0
2023-01-05,39533.0,39600.0,39566.5,2,0,-0.005042048673416306,0,0
2023-01-06,39333.0,39000.0,39166.5,2,0,-0.01016101105082406,0,0
2023-01-09,39733.0,38900.0,39316.5,2,0,0.003822488504330507,0,0
2023-01-10,39433.0,39300.0,39366.5,2,0,0.0012709227337590408,0,0
2023-01-11,38933.0,39000.0,38966.5,2,0,-0.010212898185190541,0,0
2023-01-12,39933.0,38500.0,39216.5,2,0,0.006395273961678061,0,0
2023-01-13,40933.0,39500.0,40216.5,2,0,0.0251797825730506,0,0
2023-01-16,40933.0,40400.0,40666.5,2,0,0.011127298520563924,0,0
2023-01-17,40833.0,40400.0,40616.5,2,0,-0.0012302697072330995,0,0
2023-01-18,41033.0,40300.0,40666.5,2,0,0.0012302697072332182,0,0
2023-01-19,41033.0,40500.0,40766.5,2,0,0.002456008013126252,0,0
2023-01-20,41133.0,40500.0,40816.5,2,0,0.001225745713205428,0,0
2023-01-23,41033.0,40600.0,40816.5,2,0,0.0,1,0
2023-01-24,41033.0,40500.0,40766.5,2,0,-0.0012257457132054301,0,0
2023-01-25,41633.0,40500.0,41066.5,2,0,0.007332038272296723,0,0
2023-01-26,41933.0,41100.0,41516.5,2,0,0.010898234598478737,0,0
2023-01-27,42733.0,41400.0,42066.5,2,0,0.013160760886025273,0,0
2023-01-30,42433.0,42200.0,42316.5,2,0,0.005925381450314237,0,0
2023-01-31,42433.0,41900.0,42166.5,2,0,-0.003551013993850175,0,0
2023-02-01,43633.0,41900.0,42766.5,2,0,0.014129018907269275,0,0
2023-02-02,43133.0,42900.0,43016.5,2,0,0.005828677191993417,0,0
2023-02-03,42733.0,42800.0,42766.5,2,0,-0.005828677191993492,0,0
2023-02-06,43133.0,42400.0,42766.5,2,0,0.0,1,0
2023-02-07,43833.0,42700.0,43266.5,2,0,0.011623577684584108,0,0
2023-02-08,43433.0,43400.0,43416.5,2,0,0.003460889672068074,0,0
2023-02-09,43833.0,43000.0,43416.5,2,0,0.0,1,0
2023-02-10,43933.0,43400.0,43666.5,2,0,0.005741664545459317,0,0
2023-02-13,44333.0,43500.0,43916.5,2,0,0.0057088859478824335,0,0
2023-02-14,44833.0,43700.0,44266.5,2,0,0.007938079627147833,0,0
2023-02-15,44833.0,44200.0,44516.5,2,0,0.005631723657820381,0,0
2023-02-16,44833.0,44200.0,44516.5,2,0,0.0,1,0
2023-02-17,45633.0,44200.0,44916.5,2,0,0.008945303574258143,0,0
2023-02-20,45833.0,44900.0,45366.5,2,0,0.009968736674301525,0,0
2023-02-21,46233.0,45100.0,45666.5,2,0,0.006591040305043713,0,0
2023-02-22,47233.0,45300.0,46266.5,2,0,0.013053169574311884,0,0
2023-02-23,47433.0,46300.0,46866.5,2,0,0.012884977421734365,0,0
2023-02-24,47233.0,46800.0,47016.5,2,0,0.0031954694169933147,0,0
2023-02-27,47133.0,46800.0,46966.5,2,0,-0.0010640223171693752,0,0
2023-02-28,47833.0,46700.0,47266.5,2,0,0.006367217716423143,0,0
2023-03-01,47833.0,47400.0,47616.5,2,0,0.007377540496926104,0,0
2023-03-02,48200.0,47400.0,47800.0,2,0,0.0038462996698721925,0,0
2023-03-03,47933.0,47700.0,47816.5,2,0,0.0003451287207497695,0,0
2023-03-06,47733.0,47600.0,47666.5,2,0,-0.00314192313597172,0,0
2023-03-07,47833.0,47400.0,47616.5,2,0,-0.0010495052546503263,0,0
2023-03-08,47933.0,47500.0,47716.5,2,0,0.002097910202697824,0,0
2023-03-09,48133.0,47600.0,47866.5,2,0,0.0031386360155661367,0,0
2023-03-10,47733.0,47800.0,47766.5,2,0,-0.0020913290694036836,0,0
2023-03-13,47333.0,47400.0,47366.5,2,0,-0.008409329196482213,0,0
2023-03-14,46833.0,47000.0,46916.5,2,0,-0.00954580183240424,0,0
2023-03-15,46633.0,46500.0,46566.5,2,0,-0.007488027457177528,0,0
2023-03-16,47133.0,46300.0,46716.5,2,0,0.00321602283985332,0,0
2023-03-17,46333.0,46800.0,46566.5,2,0,-0.0032160228398532497,0,0
2023-03-20,46733.0,46000.0,46366.5,2,0,-0.004304182771811758,0,0
2023-03-21,47333.0,46400.0,46866.5,2,0,0.010725918795842585,0,0
2023-03-22,47033.0,47000.0,47016.5,2,0,0.0031954694169933147,0,0
2023-03-23,47333.0,46700.0,47016.5,2,0,0.0,1,0
2023-03-24,48333.0,47000.0,47666.5,2,0,0.013730241150830142,0,0
2023-03-27,48733.0,48000.0,48366.5,2,0,0.014578580234527332,0,0
2023-03-28,48233.0,48400.0,48316.5,2,0,-0.0010343080884430969,0,0
2023-03-29,47933.0,47900.0,47916.5,2,0,-0.008313204485841098,0,0
2023-03-30,47933.0,47600.0,47766.5,2,0,-0.00313535576603324,0,0
2023-03-31,48533.0,47600.0,48066.5,2,0,0.006260911793949365,0,0
2023-04-03,48933.0,48200.0,48566.5,2,0,0.010348524047822587,0,0
2023-04-04,49333.0,48600.0,48966.5,2,0,0.008202398011789378,0,0
2023-04-05,49933.0,49000.0,49466.5,2,0,0.010159281957297827,0,0
2023-04-06,49933.0,49600.0,49766.5,2,0,0.006046394122348307,0,0
2023-04-07,49533.0,49600.0,49566.5,2,0,-0.004026864592040293,0,0
2023-04-10,50333.0,49200.0,49766.5,2,0,0.004026864592040332,0,0
2023-04-11,50333.0,50000.0,50166.5,2,0,0.008005406346560471,0,0
2023-04-12,51033.0,50000.0,50516.5,2,0,0.006952542332919672,0,0
2023-04-13,50633.0,50700.0,50666.5,2,0,0.0029649271099866223,0,0
2023-04-14,50333.0,50200.0,50266.5,2,0,-0.007926091448690274,0,0
2023-04-17,50333.0,49900.0,50116.5,2,0,-0.0029885560631446755,0,0
2023-04-18,50933.0,49900.0,50416.5,2,0,0.0059682072650159386,0,0
2023-04-19,51033.0,50500.0,50766.5,2,0,0.006918185781273674,0,0
2023-04-20,50833.0,50600.0,50716.5,2,0,-0.000985386794749404,0,0
2023-04-21,50933.0,50400.0,50666.5,2,0,-0.000986358739705139,0,0
2023-04-24,51633.0,50500.0,51066.5,2,0,0.007863762226411452,0,0
2023-04-25,51533.0,51200.0,51366.5,2,0,0.0058575040808793956,0,0
2023-04-26,51533.0,51100.0,51316.5,2,0,-0.0009738711169671468,0,0
2023-04-27,51433.0,51000.0,51216.5,2,0,-0.0019505921353465793,0,0
2023-04-28,51433.0,50900.0,51166.5,2,0,-0.0009767247292024003,0,0
2023-05-01,51433.0,50900.0,51166.5,2,0,0.0,1,0
2023-05-02,51633.0,50900.0,51266.5,2,0,0.0019524963980100199,0,0
2023-05-03,52533.0,51100.0,51816.5,2,0,0.010671113940305515,0,0
2023-05-04,52333.0,51800.0,52066.5,2,0,0.00481311634486236,0,0
2023-05-05,53833.0,51600.0,52716.5,2,0,0.01240675181504033,0,0
2023-05-08,53833.0,53200.0,53516.5,2,0,0.015061518044886455,0,0
2023-05-09,53733.0,53200.0,53466.5,2,0,-0.000934728015488168,0,0
2023-05-10,54333.0,53100.0,53716.5,2,0,0.004664927336711961,0,0
2023-05-11,53133.0,53800.0,53466.5,2,0,-0.0046649273367119735,0,0
2023-05-12,55233.0,52800.0,54016.5,2,0,0.010234265894774832,0,0
2023-05-15,56233.0,54900.0,55566.5,2,0,0.028290946236782178,0,0
2023-05-16,56233.0,55900.0,56066.5,2,0,0.008957984530693958,0,0
2023-05-17,57433.0,55900.0,56666.5,2,0,0.010644720986641789,0,0
2023-05-18,57433.0,57000.0,57216.5,2,1,0.009659111125827182,0,0
2023-05-19,57433.0,57500.0,57466.5,2,1,0.00435985099807534,0,0
2023-05-22,59333.0,59500.0,59416.5,2,0,0.03336979624801425,0,0
2023-05-23,61033.0,60700.0,60866.5,2,0,0.024110975690106454,0,0
2023-05-24,60233.0,59900.0,60066.5,2,0,-0.013230659455884907,0,0
2023-05-25,60233.0,59900.0,60066.5,2,1,0.0,1,0
2023-05-26,60450.0,60000.0,60225.0,2,0,0.0026352666934401758,0,0
2023-05-29,61033.0,60500.0,60766.5,2,0,0.008951101780050428,0,0
2023-05-30,61033.0,60500.0,60766.5,2,0,0.0,1,0
2023-05-31,60633.0,60100.0,60366.5,2,0,-0.006604334969115894,0,0
2023-06-01,60633.0,60100.0,60366.5,2,0,0.0,1,0
2023-06-02,61333.0,60800.0,61066.5,2,0,0.01152911899868424,0,0
2023-06-05,61133.0,60700.0,60916.5,2,0,-0.00245936033063065,0,0
2023-06-06,61633.0,61200.0,61416.5,2,0,0.008174454713524827,0,0
2023-06-07,61733.0,61300.0,61516.5,2,0,0.0016269028179051825,0,0
2023-06-08,62733.0,62300.0,62516.5,2,0,0.01612509038913461,0,0
2023-06-09,65033.0,64500.0,64766.5,2,0,0.03535797247129032,0,0
2023-06-12,64933.0,64400.0,64666.5,2,0,-0.0015452012994685799,0,0
2023-06-13,64533.0,64000.0,64266.5,2,0,-0.0062047929283325556,0,0
2023-06-14,64733.0,64200.0,64466.5,2,0,0.003107208888356842,0,0
2023-06-15,64833.0,64300.0,64566.5,2,0,0.0015499913978689502,0,0
2023-06-16,66633.0,66100.0,66366.5,2,0,0.027496710667831055,0,0
2023-06-19,66433.0,66000.0,66216.5,2,0,-0.002262734498383462,0,0
2023-06-20,66933.0,66500.0,66716.5,2,0,0.007522622041297089,0,0
2023-06-21,66100.0,66100.0,66100.0,2,0,-0.009283551783306867,0,0
2023-06-22,65933.0,65500.0,65716.5,2,0,-0.005818711345325012,0,0
2023-06-23,66233.0,65800.0,66016.5,2,0,0.004554675269317318,0,0
2023-06-26,65833.0,65500.0,65666.5,2,0,-0.005315808786041026,0,0
2023-06-27,66333.0,66000.0,66166.5,2,0,0.007585390568683364,0,0
2023-06-28,66533.0,66300.0,66416.5,2,0,0.0037712270245022534,0,0
2023-06-29,65733.0,65600.0,65666.5,2,0,-0.011356617593185625,0,0
2023-06-30,65233.0,65100.0,65166.5,2,0,-0.007643368786308754,0,0
2023-07-03,64433.0,64200.0,64316.5,2,0,-0.013129325242030684,0,0
2023-07-04,65133.0,64800.0,64966.5,2,0,0.010055544456699046,0,0
2023-07-05,65033.0,64700.0,64866.5,2,0,-0.0015404407165303812,0,0
2023-07-06,64833.0,64500.0,64666.5,2,0,-0.0030880186351117016,0,0
2023-07-07,64733.0,64500.0,64616.5,2,0,-0.0007734969407100508,0,0
2023-07-10,66633.0,66300.0,66466.5,2,0,0.02822826520231729,0,0
2023-07-11,65933.0,65700.0,65816.5,2,0,-0.009827494559229112,0,0
2023-07-12,65833.0,65600.0,65716.5,2,0,-0.0015205312623720565,0,0
2023-07-13,65233.0,64700.0,64966.5,2,0,-0.011478283088364015,0,0
2023-07-14,65033.0,64600.0,64816.5,2,0,-0.002311551848715085,0,0
2023-07-17,65333.0,64900.0,65116.5,2,0,0.00461777274588338,0,0
2023-07-18,65533.0,65100.0,65316.5,2,0,0.003066710981810534,0,0
2023-07-19,65333.0,64800.0,65066.5,2,0,-0.0038348604707385396,0,0
2023-07-20,66633.0,66100.0,66366.5,2,0,0.019782587265841818,0,0
2023-07-21,65433.0,65300.0,65366.5,2,0,-0.015182516286624214,0,0
2023-07-24,66633.0,66200.0,66416.5,2,0,0.01593562477736804,0,0
2023-07-25,67433.0,67000.0,67216.5,2,0,0.011973233515651823,0,0
2023-07-26,66833.0,66400.0,66616.5,2,0,-0.008966458494743569,0,0
2023-07-27,67133.0,66700.0,66916.5,2,0,0.004493278885948931,0,0
2023-07-28,67533.0,67100.0,67316.5,2,0,0.005959803982250892,0,0
2023-07-31,67533.0,67100.0,67316.5,2,0,0.0,1,0
2023-08-01,66833.0,66400.0,66616.5,2,0,-0.010453082868199962,0,0
2023-08-02,67633.0,66900.0,67266.5,2,0,0.0097100469379497,0,0
2023-08-03,67233.0,66600.0,66916.5,2,0,-0.0052167680520008915,0,0
2023-08-04,66733.0,66100.0,66416.5,2,0,-0.007500053906857159,0,0
2023-08-07,66733.0,66100.0,66416.5,2,0,0.0,1,0
2023-08-08,67733.0,67100.0,67416.5,2,0,0.014944275490771776,0,0
2023-08-09,67733.0,67200.0,67466.5,2,0,0.0007413833068689622,0,0
2023-08-10,67533.0,67000.0,67266.5,2,0,-0.002968836838782606,0,0
2023-08-11,67433.0,66900.0,67166.5,2,0,-0.0014877302216644535,0,0
2023-08-14,67233.0,66600.0,66916.5,2,0,-0.003729037830336438,0,0
2023-08-15,65533.0,65000.0,65266.5,2,0,-0.02496668569674407,0,0
2023-08-16,65533.0,65000.0,65266.5,2,0,0.0,1,0
2023-08-17,64433.0,63900.0,64166.5,2,0,-0.016997620145132068,0,0
2023-08-18,64633.0,64100.0,64366.5,2,0,0.0031120437772957916,0,0
2023-08-21,64233.0,63600.0,63916.5,2,0,-0.00701576741712784,0,0
2023-08-22,64333.0,63700.0,64016.5,2,0,0.0015633186178136457,0,0
2023-08-23,64733.0,64100.0,64416.5,2,0,0.006228948842212757,0,0
2023-08-24,65033.0,64400.0,64716.5,2,0,0.004646380703943141,0,0
2023-08-25,65133.0,64500.0,64816.5,2,0,0.001544008397340324,0,0
2023-08-28,65533.0,64900.0,65216.5,2,0,0.006152303825858907,0,0
2023-08-29,65633.0,65000.0,65316.5,2,0,0.0015321799018352402,0,0
2023-08-30,65733.0,65100.0,65416.5,2,0,0.0015298359175313478,0,0
2023-08-31,66533.0,65800.0,66166.5,2,0,0.011399772343813336,0,0
2023-09-01,66533.0,65800.0,66166.5,2,0,0.0,1,0
2023-09-04,66333.0,65700.0,66016.5,2,0,-0.002269581782642432,0,0
2023-09-05,66433.0,65800.0,66116.5,2,0,0.0015136267108476025,0,0
2023-09-06,65933.0,65300.0,65616.5,2,0,-0.007591148779149572,0,0
2023-09-07,66033.0,65300.0,65666.5,2,0,0.0007617132822609363,0,0
2023-09-08,65233.0,64500.0,64866.5,2,0,-0.012257590288170772,0,0
2023-09-11,65233.0,64500.0,64866.5,2,0,0.0,1,0
2023-09-12,65233.0,64500.0,64866.5,2,0,0.0,1,0
2023-09-13,65867.0,65100.0,65483.5,2,0,0.009466890802588666,0,0
2023-09-14,66233.0,65600.0,65916.5,2,0,0.006590587021440749,0,0
2023-09-15,66533.0,65900.0,66216.5,2,0,0.004540887068199479,0,0
2023-09-18,67733.0,67200.0,67466.5,2,0,0.018701501786767858,0,0
2023-09-19,68033.0,67500.0,67766.5,2,0,0.004436794157171571,0,0
2023-09-20,67833.0,67300.0,67566.5,2,0,-0.0029556744563435868,0,0
2023-09-21,67333.0,66800.0,67066.5,2,0,-0.007427633622322992,0,0
2023-09-22,67333.0,66800.0,67066.5,2,0,0.0,1,0
2023-09-25,66533.0,66100.0,66316.5,2,0,-0.011245929457523396,0,0
2023-09-26,66233.0,65800.0,66016.5,2,0,-0.0045340242257671005,0,0
2023-09-27,66533.0,66100.0,66316.5,2,0,0.0045340242257669965,0,0
2023-09-28,66533.0,66100.0,66316.5,2,0,0.0,1,0
2023-09-29,66533.0,66000.0,66266.5,2,0,-0.0007542445467421004,0,0
2023-10-02,66533.0,66100.0,66316.5,2,0,0.0007542445467420579,0,0
2023-10-03,66533.0,66000.0,66266.5,2,0,-0.0007542445467421004,0,0
2023-10-04,65333.0,64800.0,65066.5,2,0,-0.01827466662846591,0,0
2023-10-05,65333.0,64800.0,65066.5,2,0,0.0,1,0
2023-10-06,64433.0,64000.0,64216.5,2,0,-0.013149636811726307,0,0
2023-10-09,64167.0,63700.0,63933.5,2,0,-0.004416706360466562,0,0
2023-10-10,64167.0,63700.0,63933.5,2,0,0.0,1,0
2023-10-11,63833.0,63400.0,63616.5,2,0,-0.0049706099988295425,0,0
2023-10-12,63833.0,63400.0,63616.5,2,0,0.0,1,0
2023-10-13,63333.0,62900.0,63116.5,2,0,-0.007890645597584007,0,0
2023-10-16,63633.0,63200.0,63416.5,2,0,0.004741854885752903,0,0
2023-10-17,63833.0,63400.0,63616.5,2,0,0.003148790711831139,0,0
2023-10-18,64033.0,63600.0,63816.5,2,0,0.003138906942664042,0,0
2023-10-19,57133.0,56400.0,56766.5,2,0,-0.11706541460291316,0,1
2023-10-20,58133.0,57400.0,57766.5,2,0,0.017462659878143005,0,0
2023-10-23,59833.0,59100.0,59466.5,2,0,0.029004105904225287,0,0
2023-10-24,61233.0,60400.0,60816.5,2,0,0.022448004950460083,0,0
2023-10-25,60933.0,60200.0,60566.5,2,0,-0.0041191987921819235,0,0
2023-10-26,60133.0,59400.0,59766.5,2,0,-0.01329663162489822,0,0
2023-10-27,59733.0,59000.0,59366.5,2,0,-0.006715209104669837,0,0
2023-10-30,59433.0,58700.0,59066.5,2,0,-0.005066166383537939,0,0
2023-10-31,58533.0,57800.0,58166.5,2,0,-0.01535434018770689,0,0
2023-11-01,59533.0,58800.0,59166.5,2,0,0.01704591570123071,0,0
2023-11-02,57733.0,56900.0,57316.5,2,0,-0.03176696295808835,0,0
2023-11-03,57833.0,57000.0,57416.5,2,0,0.001743178079929103,0,0
2023-11-06,58133.0,57200.0,57666.5,2,0,0.004344697188256882,0,0
2023-11-07,58533.0,57600.0,58066.5,2,0,0.006912489830026909,0,0
2023-11-08,57333.0,56700.0,57016.5,2,0,-0.01824820585277175,0,0
2023-11-09,57933.0,56700.0,57316.5,2,0,0.005247840754559044,0,0
2023-11-10,58433.0,57800.0,58116.5,2,0,0.013861076270875839,0,0
2023-11-13,58233.0,57600.0,57916.5,2,0,-0.0034472985799629385,0,0
2023-11-14,59333.0,58700.0,59016.5,2,0,0.0188147477500062,0,0
2023-11-15,59133.0,58500.0,58816.5,2,0,-0.0033946380395885613,0,0
2023-11-16,59933.0,59300.0,59616.5,2,0,0.013509953608978676,0,0
2023-11-17,60133.0,59500.0,59816.5,2,0,0.0033491612359730716,0,0
2023-11-20,57733.0,57100.0,57416.5,2,0,-0.04094982416635329,0,0
2023-11-21,58233.0,57600.0,57916.5,2,0,0.008670599610983987,0,0
2023-11-22,57733.0,57100.0,57416.5,2,0,-0.008670599610984014,0,0
2023-11-23,57833.0,57200.0,57516.5,2,0,0.0017401446970704674,0,0
2023-11-24,57633.0,57000.0,57316.5,2,0,-0.003483322776999379,0,0
2023-11-27,58433.0,57700.0,58066.5,2,0,0.013000365098212788,0,0
2023-11-28,58433.0,57700.0,58066.5,2,0,0.0,1,0
2023-11-29,58833.0,57800.0,58316.5,2,0,0.004296166699977232,0,0
2023-11-30,58833.0,57800.0,58316.5,2,0,0.0,1,0
2023-12-01,59633.0,58600.0,59116.5,2,0,0.013625001081558745,0,0
2023-12-04,59433.0,58500.0,58966.5,2,0,-0.002540587225634239,0,0
2023-12-05,59633.0,58700.0,59166.5,2,0,0.0033860173039741486,0,0
2023-12-06,60033.0,59100.0,59566.5,2,0,0.006737832165922984,0,0
2023-12-07,59933.0,59000.0,59466.5,2,0,-0.001680206724618993,0,0
2023-12-08,60333.0,59500.0,59916.5,2,0,0.007538797504720443,0,0
2023-12-11,60533.0,59700.0,60116.5,2,0,0.003332420002560633,0,0
2023-12-12,61533.0,60700.0,61116.5,2,0,0.016497532530120984,0,0
2023-12-13,63733.0,63000.0,63366.5,2,0,0.03615345180748942,0,0
2023-12-14,64333.0,63600.0,63966.5,2,0,0.009424178190259437,0,0
2023-12-15,65733.0,65200.0,65466.5,2,0,0.023179052605728098,0,0
2023-12-18,67233.0,66600.0,66916.5,2,0,0.021907012071466777,0,0
2023-12-19,66633.0,66000.0,66316.5,2,0,-0.009006838488234746,0,0
2023-12-20,68333.0,67700.0,68016.5,2,0,0.025311587793494014,0,0
2023-12-21,68333.0,67700.0,68016.5,2,1,0.0,1,0
2023-12-22,68333.0,67700.0,68016.5,2,1,0.0,1,0
2023-12-25,67933.0,67200.0,67566.5,2,0,-0.006638024713647605,0,0
2023-12-26,67933.0,67200.0,67566.5,2,0,0.0,1,0
2023-12-27,67933.0,67200.0,67566.5,2,0,0.0,1,0
2023-12-28,68133.0,67400.0,67766.5,2,0,0.002955674456343552,0,0
2023-12-29,69833.0,69100.0,69466.5,2,0,0.024776649432388508,0,0
2024-01-01,68333.0,67500.0,67916.5,2,0,-0.022565612513857025,0,0
2024-01-02,68233.0,67400.0,67816.5,2,0,-0.0014734812918434346,0,0
2024-01-03,68133.0,67300.0,67716.5,2,0,-0.001475655643220893,0,0
2024-01-04,67333.0,66500.0,66916.5,2,0,-0.011884299031422173,0,0
2024-01-05,67733.0,66900.0,67316.5,2,0,0.005959803982250892,0,0
2024-01-08,68133.0,67200.0,67666.5,2,0,0.005185849838571441,0,0
2024-01-09,69433.0,68700.0,69066.5,2,0,0.020478581270436388,0,0
2024-01-10,70333.0,69700.0,70016.5,2,0,0.013661119971932234,0,0
2024-01-11,70433.0,70000.0,70216.5,2,0,0.0028523975897663716,0,0
2024-01-12,70533.0,70000.0,70266.5,2,0,0.0007118299311838497,0,0
2024-01-15,70533.0,70000.0,70266.5,2,0,0.0,1,0
2024-01-16,71133.0,70600.0,70866.5,2,0,0.00850266932276542,0,0
2024-01-17,72633.0,72100.0,72366.5,2,0,0.02094565972480755,0,0
2024-01-18,72333.0,71700.0,72016.5,2,0,-0.004848225699296432,0,0
2024-01-19,70933.0,70400.0,70666.5,2,0,-0.018923631917497043,0,0
2024-01-22,72433.0,71800.0,72116.5,2,0,0.02031123941953272,0,0
2024-01-23,74433.0,73600.0,74016.5,2,0,0.02600517439227579,0,0
2024-01-24,73833.0,73000.0,73416.5,2,0,-0.008139335324321116,0,0
2024-01-25,74433.0,73900.0,74166.5,2,0,0.01016385974660633,0,0
2024-01-26,75500.0,74900.0,75200.0,2,0,0.013838665211145042,0,0
2024-01-29,76533.0,76100.0,76316.5,2,0,0.01473793559387206,0,0
2024-01-30,77433.0,77000.0,77216.5,2,0,0.011723998213888193,0,0
2024-01-31,78733.0,78100.0,78416.5,2,0,0.015421199633054047,0,0
2024-02-01,78633.0,77900.0,78266.5,2,0,-0.00191469458493504,0,0
2024-02-02,78633.0,77900.0,78266.5,2,0,0.0,1,0
2024-02-05,78433.0,77700.0,78066.5,2,0,-0.0025586422458575503,0,0
2024-02-06,78233.0,77500.0,77866.5,2,0,-0.0025652056931030997,0,0
2024-02-07,78333.0,77600.0,77966.5,2,0,0.0012834253813570652,0,0
2024-02-08,78933.0,78200.0,78566.5,2,0,0.007666152676968578,0,0
2024-02-09,78933.0,78200.0,78566.5,2,0,0.0,1,0
2024-02-12,79633.0,78900.0,79266.5,2,0,0.008870193048089978,0,0
2024-02-13,79433.0,78700.0,79066.5,2,0,-0.002526322451690255,0,0
2024-02-14,78667.0,77800.0,78233.5,2,0,-0.010591325961631625,0,0
2024-02-15,77733.0,77000.0,77366.5,2,0,-0.01114407419970549,0,0
2024-02-16,78933.0,77200.0,78066.5,2,0,0.009007157199715041,0,0
2024-02-19,80133.0,79500.0,79816.5,2,0,0.022169222433907534,0,0
2024-02-20,81933.0,81300.0,81616.5,2,0,0.022301197411836886,0,0
2024-02-21,81533.0,80900.0,81216.5,2,0,-0.0049130189162087355,0,0
2024-02-22,82333.0,81900.0,82116.5,2,0,0.011020542191814617,0,0
2024-02-23,82333.0,81900.0,82116.5,2,0,0.0,1,0
2024-02-26,82033.0,81500.0,81766.5,2,0,-0.00427134641333364,0,0
2024-02-27,82233.0,81600.0,81916.5,2,0,0.0018328114952680156,0,0
2024-02-28,83633.0,82700.0,83166.5,2,0,0.015144186744338994,0,0
2024-02-29,83433.0,82700.0,83066.5,2,0,-0.0012031306908097952,0,0
2024-03-01,84333.0,83800.0,84066.5,2,0,0.011966660484585615,0,0
2024-03-04,85733.0,85100.0,85416.5,2,0,0.015931138255877192,0,0
2024-03-05,86933.0,86200.0,86566.5,2,0,0.013373614137225943,0,0
2024-03-06,86733.0,86000.0,86366.5,2,0,-0.002313035559076414,0,0
2024-03-07,88433.0,88000.0,88216.5,2,0,0.0211941512051217,0,0
2024-03-08,91633.0,90400.0,91016.5,2,0,0.031246788415559744,0,0
2024-03-11,90633.0,89800.0,90216.5,2,0,-0.008828471593149456,0,0
2024-03-12,91033.0,90200.0,90616.5,2,0,0.00442397850376835,0,0
2024-03-13,91433.0,90700.0,91066.5,2,0,0.004953693193253909,0,0
2024-03-14,90933.0,90200.0,90566.5,2,0,-0.00550562136829547,0,0
2024-03-15,91433.0,90700.0,91066.5,2,0,0.005505621368295487,0,0
2024-03-18,91400.0,92400.0,91900.0,2,0,0.009111020495845038,0,0
2024-03-19,92400.0,93000.0,92700.0,2,0,0.008667443210168125,0,0
2024-03-20,93000.0,94000.0,93500.0,2,0,0.008592963722831817,0,0
2024-03-21,94000.0,93600.0,93800.0,2,0,0.0032034197175376438,0,0
2024-03-22,93600.0,94300.0,93950.0,2,0,0.0015978698472952333,0,0
2024-03-25,94733.0,94400.0,94566.5,2,0,0.006540564860571552,0,0
2024-03-26,96333.0,96000.0,96166.5,2,0,0.016777773456243816,0,0
2024-03-27,97533.0,97200.0,97366.5,2,0,0.01240114480527688,0,0
2024-03-28,97433.0,97100.0,97266.5,2,0,-0.0010275750648580106,0,0
2024-03-29,98533.0,98200.0,98366.5,2,0,0.011245665021738557,0,0
2024-04-01,98533.0,98100.0,98316.5,2,0,-0.0005084323614862513,0,0
2024-04-02,98533.0,98100.0,98316.5,2,0,0.0,1,0
2024-04-03,100033.0,99600.0,99816.5,2,0,0.015141633736172442,0,0
2024-04-04,103000.0,102700.0,102850.0,2,0,0.02993811578583272,0,0
2024-04-05,101933.0,101700.0,101816.5,2,0,-0.010099442601760628,0,0
2024-04-08,103233.0,103000.0,103116.5,2,0,0.01268724351815068,0,0
2024-04-09,104367.0,104000.0,104183.5,2,0,0.010294350437116802,0,0
2024-04-10,104367.0,104000.0,104183.5,2,0,0.0,1,0
2024-04-11,105733.0,105000.0,105366.5,2,0,0.01129098132181989,0,0
2024-04-12,107933.0,107200.0,107566.5,2,0,0.020664512187601007,0,0
2024-04-15,110333.0,109700.0,110016.5,2,0,0.022521093581647205,0,0
2024-04-16,113533.0,113000.0,113266.5,2,0,0.029113094571301915,0,0
2024-04-17,115433.0,115000.0,115216.5,2,0,0.01706951805729672,0,0
2024-04-18,119433.0,119000.0,119216.5,2,0,0.03412820069834715,0,0
2024-04-19,120000.0,119600.0,119800.0,2,0,0.004882517810861953,0,0
2024-04-22,123433.0,122500.0,122966.5,2,0,0.02608827487139083,0,0
2024-04-23,127933.0,127000.0,127466.5,2,0,0.03594162442416126,0,0
2024-04-24,130433.0,129300.0,129866.5,2,0,0.018653414754989415,0,0
2024-04-25,131433.0,130500.0,130966.5,2,0,0.008434565575159288,0,0
2024-04-26,133133.0,132700.0,132916.5,2,0,0.01477954620461337,0,0
2024-04-29,133933.0,133500.0,133716.5,2,0,0.006000775602562851,0,0
2024-04-30,134133.0,133700.0,133916.5,2,0,0.0014945842794400837,0,0
2024-05-01,133133.0,132700.0,132916.5,2,0,-0.0074953598820030965,0,0
2024-05-02,132433.0,132000.0,132216.5,2,0,-0.005280380989721659,0,0
2024-05-03,130433.0,130000.0,130216.5,2,0,-0.015242280666202227,0,0
2024-05-06,130433.0,130000.0,130216.5,2,1,0.0,1,0
2024-05-07,130433.0,130000.0,130216.5,2,1,0.0,1,0
2024-05-08,99000.0,99000.0,99000.0,2,0,-0.27407859972114934,0,1
2024-05-09,97933.0,97000.0,97466.5,2,0,-0.01561112091485827,0,0
2024-05-10,96433.0,95500.0,95966.5,2,0,-0.01550955698535605,0,0
2024-05-13,100900.0,99500.0,100200.0,2,0,0.043169016416388935,0,0
2024-05-14,100933.0,100000.0,100466.5,2,0,0.002656149947128269,0,0
2024-05-15,99933.0,99000.0,99466.5,2,0,-0.010003434541017688,0,0
2024-05-16,101733.0,100700.0,101216.5,2,0,0.01744088298460768,0,0
2024-05-17,100933.0,99900.0,100416.5,2,0,-0.0079352506571424,0,0
2024-05-20,103833.0,103500.0,103666.5,2,0,0.031852479408449874,0,0
2024-05-21,103433.0,103100.0,103266.5,2,0,-0.003865990423914443,0,0
2024-05-22,108433.0,108000.0,108216.5,2,0,0.04682082479619491,0,0
2024-05-23,109933.0,109000.0,109466.5,2,0,0.011484716210437973,0,0
2024-05-24,115000.0,114000.0,114500.0,2,0,0.04495625661878566,0,0
2024-05-27,115500.0,114500.0,115000.0,2,0,0.004357305368955626,0,0
2024-05-28,116433.0,115500.0,115966.5,2,0,0.008369227930907622,0,0
2024-05-29,119433.0,118500.0,118966.5,2,0,0.025540584580218063,0,0
2024-05-30,121633.0,121000.0,121316.5,2,0,0.01956089220575322,0,0
2024-05-31,124633.0,124000.0,124316.5,2,0,0.024427899989747662,0,0
2024-06-03,122000.0,124600.0,123300.0,2,0,-0.008210322899578038,0,0
2024-06-04,119933.0,119000.0,119466.5,2,0,-0.031584412827891796,0,0
2024-06-05,124000.0,120000.0,122000.0,2,0,0.020985047390849762,0,0
2024-06-06,124433.0,123500.0,123966.5,2,0,0.015990323081322182,0,0
2024-06-07,126433.0,125500.0,125966.5,2,0,0.01600463077052997,0,0
2024-06-10,121500.0,125000.0,123250.0,2,0,-0.021801185662309288,0,0
2024-06-11,123933.0,123000.0,123466.5,2,0,0.0017550512881953874,0,0
2024-06-12,123133.0,122200.0,122666.5,2,0,-0.006500573406748802,0,0
2024-06-13,121333.0,120400.0,120866.5,2,0,-0.014782660082506076,0,0
2024-06-14,122433.0,121500.0,121966.5,2,0,0.009059786140800335,0,0
2024-06-17,120000.0,121300.0,120650.0,2,0,-0.010852624791499538,0,0
2024-06-18,122000.0,122300.0,122150.0,2,0,0.01235600563270876,0,0
2024-06-19,119933.0,119000.0,119466.5,2,0,-0.022213800361342562,0,0
2024-06-20,120933.0,120000.0,120466.5,2,0,0.008335708638076715,0,0
2024-06-21,119933.0,119000.0,119466.5,2,0,-0.008335708638076755,0,0
2024-06-24,119000.0,119600.0,119300.0,2,0,-0.0013946682385364345,0,0
2024-06-25,119066.5,123000.0,121033.2,2,0,0.014423972132512517,0,0
2024-06-26,121433.0,120500.0,120966.5,2,0,-0.0005516534764419019,0,0
2024-06-27,123733.0,123000.0,123366.5,2,0,0.019645951976927013,0,0
2024-06-28,122233.0,121000.0,121616.5,2,0,-0.014286948620490295,0,0
2024-07-01,119133.0,118200.0,118666.5,2,0,-0.024555613427825414,0,0
2024-07-02,120133.0,120200.0,120166.5,2,0,0.012561243404827725,0,0
2024-07-03,121933.0,121000.0,121466.5,2,0,0.010760223504821021,0,0
2024-07-04,120933.0,120000.0,120466.5,2,0,-0.008266798617717546,0,0
2024-07-05,122933.0,123000.0,122966.5,2,0,0.02054025457225606,0,0
2024-07-08,123533.0,122900.0,123216.5,2,0,0.0020310101504777836,0,0
2024-07-09,126533.0,125900.0,126216.5,2,0,0.02405571570697778,0,0
2024-07-10,128700.0,128100.0,128400.0,2,0,0.017151704845665534,0,0
2024-07-11,127700.0,127100.0,127400.0,2,0,-0.007818648117797772,0,0
2024-07-12,127133.0,126600.0,126866.5,2,0,-0.004196390660173007,0,0
2024-07-15,128433.0,127900.0,128166.5,2,0,0.010194847408736505,0,0
2024-07-16,128000.0,127500.0,127750.0,2,0,-0.0032549708028126664,0,0
2024-07-17,127533.0,127200.0,127366.5,2,0,-0.0030064718578945264,0,0
2024-07-18,127433.0,127000.0,127216.5,2,0,-0.0011783977512855861,0,0
2024-07-19,126033.0,125500.0,125766.5,2,0,-0.011463346378763563,0,0
2024-07-22,126533.0,126000.0,126266.5,2,0,0.003967739589310749,0,0
2024-07-23,127733.0,127300.0,127516.5,2,0,0.00985101530502559,0,0
2024-07-24,126433.0,126000.0,126216.5,2,0,-0.010247081580011475,0,0
2024-07-25,124433.0,124000.0,124216.5,2,0,-0.015972675493082712,0,0
2024-07-26,125233.0,121000.0,123116.5,2,0,-0.00889494934091647,0,0
2024-07-29,123733.0,123400.0,123566.5,2,0,0.003648411111902909,0,0
2024-07-30,123733.0,123400.0,123566.5,2,0,0.0,1,0
2024-07-31,123433.0,123000.0,123216.5,2,0,-0.0028365019848813973,0,0
2024-08-01,123433.0,123000.0,123216.5,2,0,0.0,1,0
2024-08-02,123000.0,122500.0,122750.0,2,0,-0.0037932040285875213,0,0
2024-08-05,123133.0,122700.0,122916.5,2,0,0.0013554963781671726,0,0
2024-08-06,121933.0,121500.0,121716.5,2,0,-0.009810692956013214,0,0
2024-08-07,122433.0,122000.0,122216.5,2,0,0.004099492075634928,0,0
2024-08-08,121933.0,121500.0,121716.5,2,0,-0.004099492075635003,0,0
2024-08-09,121933.0,121300.0,121616.5,2,0,-0.0008219189804061488,0,0
2024-08-12,119233.0,118600.0,118916.5,2,0,-0.02245108497021974,0,0
2024-08-13,120933.0,120000.0,120466.5,2,0,0.012950139834325497,0,0
2024-08-14,118433.0,118000.0,118216.5,2,0,-0.018854016842179373,0,0
2024-08-15,117533.0,116900.0,117216.5,2,0,-0.008495036921732504,0,0
2024-08-16,118933.0,118500.0,118716.5,2,0,0.012715645635846097,0,0
2024-08-19,118033.0,117300.0,117666.5,2,0,-0.008883946018828644,0,0
2024-08-20,118333.0,117600.0,117966.5,2,0,0.0025463340202383235,0,0
2024-08-21,118633.0,117900.0,118266.5,2,0,0.0025398666678496254,0,0
2024-08-22,119633.0,119000.0,119316.5,2,0,0.008839073808297397,0,0
2024-08-23,119633.0,119000.0,119316.5,2,0,0.0,1,0
2024-08-26,119000.0,119000.0,119000.0,2,0,-0.002656133218444887,0,0
2024-08-27,119200.0,119200.0,119200.0,2,0,0.0016792615197199939,0,0
2024-08-28,120700.0,120700.0,120700.0,2,0,0.01250537347223651,0,0
2024-08-29,121200.0,121200.0,121200.0,2,0,0.004133945531728332,0,0
2024-08-30,120600.0,120600.0,120600.0,2,0,-0.004962789342129014,0,0
2024-09-02,113867.0,113000.0,113433.5,2,0,-0.06126252216361279,0,1
2024-09-03,117833.0,117000.0,117416.5,2,0,0.03451068053378439,0,1
2024-09-04,118033.0,117200.0,117616.5,2,0,0.00170188908173548,0,0
2024-09-05,120133.0,119400.0,119766.5,2,0,0.018114682110635393,0,0
2024-09-06,120433.0,119800.0,120116.5,2,0,0.0029180913058585354,0,0
2024-09-09,113867.0,113000.0,113433.5,2,0,-0.0572453430320136,0,1
2024-09-10,117833.0,117000.0,117416.5,2,0,0.03451068053378439,0,0
2024-09-11,118033.0,117200.0,117616.5,2,0,0.00170188908173548,0,0
2024-09-12,120133.0,119400.0,119766.5,2,0,0.018114682110635393,0,0
2024-09-13,120433.0,119800.0,120116.5,2,0,0.0029180913058585354,0,0
2024-09-16,120433.0,119800.0,120116.5,2,1,0.0,1,0
2024-09-17,120433.0,119800.0,120116.5,2,1,0.0,1,0
2024-09-18,120433.0,119800.0,120116.5,2,1,0.0,1,0
2024-09-19,,,,0,0,,0,0
2024-09-20,,,,0,0,,0,0
2024-09-23,119933.0,119500.0,119716.5,2,0,,0,0
2024-09-24,121433.0,121000.0,121216.5,2,0,0.012451755307294633,0,0
2024-09-25,120633.0,120000.0,120316.5,2,0,-0.007452432300366326,0,0
2024-09-26,121933.0,121000.0,121466.5,2,0,0.00951273391551214,0,0
2024-09-27,122533.0,121600.0,122066.5,2,0,0.00492747359905494,0,0
2024-09-30,121700.0,121100.0,121400.0,2,0,-0.00547509957185818,0,0
2024-10-01,121900.0,121300.0,121600.0,2,0,0.001646090906668717,0,0
2024-10-02,121900.0,121300.0,121600.0,2,0,0.0,1,0
2024-10-03,121900.0,121300.0,121600.0,2,1,0.0,1,0
2024-10-04,121900.0,121300.0,121600.0,2,1,0.0,1,0
2024-10-07,116133.0,115500.0,115816.5,2,0,-0.04872992749685466,0,1
2024-10-08,115033.0,114500.0,114766.5,2,0,-0.009107412581797597,0,0
2024-10-09,113233.0,112600.0,112916.5,2,0,-0.016251021943462913,0,0
2024-10-10,113433.0,112800.0,113116.5,2,0,0.0017696535655817398,0,0
2024-10-11,113933.0,113300.0,113616.5,2,0,0.004410481143142513,0,0
2024-10-14,113733.0,113200.0,113466.5,2,0,-0.0013211030488095882,0,0
2024-10-15,114533.0,114000.0,114266.5,2,0,0.007025800308155747,0,0
2024-10-16,113633.0,113300.0,113466.5,2,0,-0.0070258003081558155,0,0
2024-10-17,113033.0,112700.0,112866.5,2,0,-0.00530193480866668,0,0
2024-10-18,112033.0,111700.0,111866.5,2,0,-0.008899508306259355,0,0
2024-10-21,111433.0,111100.0,111266.5,2,0,-0.005377971399372713,0,0
2024-10-22,111333.0,111000.0,111166.5,2,0,-0.0008991472194972759,0,0
2024-10-23,111033.0,110700.0,110866.5,2,0,-0.0027023026537584295,0,0
2024-10-24,109533.0,109400.0,109466.5,2,0,-0.012708208406803012,0,0
2024-10-25,108700.0,108400.0,108550.0,2,0,-0.008407670051207834,0,0
2024-10-28,109733.0,109400.0,109566.5,2,0,0.00932077453270604,0,0
2024-10-29,109933.0,109500.0,109716.5,2,0,0.0013680953233589758,0,0
2024-10-30,109433.0,109000.0,109216.5,2,0,-0.0045676153827514865,0,0
2024-10-31,109433.0,109000.0,109216.5,2,0,0.0,1,0
2024-11-01,108133.0,107800.0,107966.5,2,0,-0.011511156975954876,0,0
2024-11-04,108133.0,107800.0,107966.5,2,1,0.0,1,0
2024-11-05,108133.0,107800.0,107966.5,2,1,0.0,1,0
2024-11-06,108133.0,107800.0,107966.5,2,1,0.0,1,0
2024-11-07,,,,0,0,,0,0
2024-11-08,,,,0,0,,0,0
2024-11-11,107233.0,106800.0,107016.5,2,0,,0,0
2024-11-12,108433.0,108000.0,108216.5,2,0,0.01115082198415048,0,0
2024-11-13,110733.0,110800.0,110766.5,2,0,0.023290531861776383,0,0
2024-11-14,111233.0,111100.0,111166.5,2,0,0.0036046954092230636,0,0
2024-11-15,111933.0,111800.0,111866.5,2,0,0.006277118618870085,0,0
2024-11-18,113133.0,112800.0,112966.5,2,0,0.009785118527404102,0,0
2024-11-19,113433.0,113100.0,113266.5,2,0,0.0026521345324990115,0,0
2024-11-20,113133.0,113200.0,113166.5,2,0,-0.0008832635393365011,0,0
2024-11-21,114933.0,114500.0,114716.5,2,0,0.013603681744841818,0,0
2024-11-22,114933.0,114400.0,114666.5,2,0,-0.00043595210448811226,0,0
2024-11-25,118933.0,118000.0,118466.5,2,0,0.032602304970087766,0,0
2024-11-26,122000.0,120800.0,121400.0,2,0,0.024460658439449907,0,0
2024-11-27,122333.0,121800.0,122066.5,2,0,0.005475099571858166,0,0
2024-11-28,127433.0,127000.0,127216.5,2,0,0.04132438127737769,0,0
2024-11-29,128433.0,128000.0,128216.5,2,0,0.007829881878344871,0,0
2024-12-02,129933.0,129700.0,129816.5,2,0,0.01240167348218854,0,0
2024-12-03,128033.0,127800.0,127916.5,2,0,-0.014744207534314884,0,0
2024-12-04,108933.0,108000.0,108466.5,2,0,-0.1649363377555801,0,1
2024-12-05,108033.0,107000.0,107516.5,2,0,-0.008797045383596819,0,0
2024-12-06,118266.5,118600.0,118433.2,2,0,0.09670518656621412,0,1
2024-12-09,123000.0,114400.0,118700.0,2,0,0.0022497908877327248,0,0
2024-12-10,123933.0,123000.0,123466.5,2,0,0.03937056259537243,0,1
2024-12-11,123933.0,123000.0,123466.5,2,0,0.0,1,0
2024-12-12,124633.0,124200.0,124416.5,2,0,0.007664943954569162,0,0
2024-12-13,124833.0,124400.0,124616.5,2,0,0.0016062131765563015,0,0
2024-12-16,124833.0,124400.0,124616.5,2,1,0.0,1,0
2024-12-17,124933.0,123500.0,124216.5,2,0,-0.00321501042500797,0,0
2024-12-18,124933.0,123500.0,124216.5,2,1,0.0,1,0
2024-12-19,124933.0,123500.0,124216.5,2,1,0.0,1,0
2024-12-20,124933.0,123500.0,124216.5,2,1,0.0,1,0
2024-12-23,,,,0,0,,0,0
2024-12-24,,,,0,0,,0,0
2024-12-25,,,,0,0,,0,0
2024-12-26,,,,0,0,,0,0
2024-12-27,,,,0,0,,0,0
2024-12-30,120733.0,120300.0,120516.5,2,0,,0,0
2024-12-31,120933.0,120500.0,120716.5,2,0,0.0016581483115847898,0,0
2025-01-01,120933.0,120500.0,120716.5,2,0,0.0,1,0
2025-01-02,119333.0,118700.0,119016.5,2,0,-0.014182682366958303,0,1
2025-01-03,119333.0,118700.0,119016.5,2,0,0.0,1,0
2025-01-06,120433.0,119800.0,120116.5,2,0,0.009199966199551846,0,0
2025-01-07,120733.0,120300.0,120516.5,2,0,0.003324567855821787,0,0
2025-01-08,121433.0,121000.0,121216.5,2,0,0.005791529965747658,0,0
2025-01-09,121366.3,120633.3,120999.8,2,0,-0.0017890623459788225,0,0
2025-01-10,117683.0,116600.0,117141.5,2,0,-0.03240653486705552,0,1
2025-01-13,117683.0,116600.0,117141.5,2,1,0.0,1,0
2025-01-14,117683.0,116600.0,117141.5,2,1,0.0,1,0
2025-01-15,117683.0,116600.0,117141.5,2,1,0.0,1,0
2025-01-16,,,,0,0,,0,0
2025-01-17,,,,0,0,,0,0
2025-01-20,120067.0,119300.0,119683.5,2,0,,0,0
2025-01-21,119067.0,118200.0,118633.5,2,0,-0.00881184971489281,0,0
2025-01-22,121067.0,120300.0,120683.5,2,0,0.017132507454422637,0,1
2025-01-23,124267.0,123500.0,123883.5,2,0,0.026170191663610523,0,1
2025-01-24,124267.0,123500.0,123883.5,2,0,0.0,1,0
2025-01-27,124267.0,123500.0,123883.5,2,1,0.0,1,0
2025-01-28,124267.0,123500.0,123883.5,2,1,0.0,1,0
2025-01-29,124267.0,123500.0,123883.5,2,1,0.0,1,0
2025-01-30,,,,0,0,,0,0
2025-01-31,,,,0,0,,0,0
2025-02-03,128733.0,127800.0,128266.5,2,0,,0,0
2025-02-04,130433.0,129700.0,130066.5,2,0,0.01393572737962518,0,0
2025-02-05,128333.0,127600.0,127966.5,2,0,-0.01627734721063504,0,0
2025-02-06,130433.0,129800.0,130116.5,2,0,0.01666169208032675,0,0
2025-02-07,130433.0,129800.0,130116.5,2,0,0.0,1,0
2025-02-10,123316.5,122250.0,122783.2,2,0,-0.05800959723745368,0,0
2025-02-11,131000.0,130000.0,130500.0,2,0,0.06095262100458671,0,0
2025-02-12,131000.0,130000.0,130500.0,2,1,0.0,1,0
2025-02-13,131000.0,132000.0,131500.0,2,1,0.007633624855071205,0,0
2025-02-14,132300.0,131000.0,131650.0,2,0,0.001140034324499077,0,0
2025-02-17,131133.5,129900.0,130516.8,2,0,-0.00864531492562499,0,0
2025-02-18,130267.0,129500.0,129883.5,2,0,-0.004863676193182151,0,0
2025-02-19,131933.0,130300.0,131116.5,2,0,0.009448346150243411,0,0
2025-02-20,133233.0,132200.0,132716.5,2,0,0.012129033252688246,0,0
2025-02-21,131733.0,130700.0,131216.5,2,0,-0.011366643428734417,0,0
2025-02-24,133933.0,132800.0,133366.5,2,0,0.01625234670901204,0,0
2025-02-25,131933.0,130800.0,131366.5,2,0,-0.015109850688201735,0,0
2025-02-26,129933.0,128000.0,128966.5,2,0,-0.01843844610459434,0,0
2025-02-27,130233.0,128300.0,129266.5,2,0,0.0023234841012919056,0,0
2025-02-28,130433.0,128500.0,129466.5,2,0,0.0015459956003683278,0,0
2025-03-03,129500.0,127500.0,128500.0,2,0,-0.007493256080310309,0,0
2025-03-04,132933.0,131000.0,131966.5,2,0,0.026619198162715154,0,0
2025-03-05,134933.0,133000.0,133966.5,2,0,0.015041666197712444,0,0
2025-03-06,134933.0,133000.0,133966.5,2,0,0.0,1,0
2025-03-07,131933.0,131000.0,131466.5,2,0,-0.018837702384613714,0,0
2025-03-10,129733.0,129000.0,129366.5,2,0,-0.01610260493291787,0,0
2025-03-11,132733.0,132000.0,132366.5,2,0,0.022925128961450048,0,0
2025-03-12,132733.0,132000.0,132366.5,2,0,0.0,1,0
2025-03-13,132933.0,131500.0,132216.5,2,0,-0.0011338598176789656,0,0
2025-03-14,133433.0,131600.0,132516.5,2,0,0.0022664354532168744,0,0
2025-03-17,132683.5,131000.0,131841.8,2,0,-0.005104826237042491,0,0
2025-03-18,133933.5,132700.0,133316.8,2,0,0.01112553596654489,0,0
2025-03-19,133867.0,132700.0,133283.5,2,0,-0.00024943712672741673,0,0
2025-03-20,134967.0,134000.0,134483.5,2,0,0.008963076358647713,0,0
2025-03-21,132000.0,131967.0,131983.5,2,0,-0.018764600163361324,0,0
2025-03-24,133667.0,132800.0,133233.5,2,0,0.009426313213369673,0,0
2025-03-25,133767.0,133150.0,133458.5,2,0,0.0016873401030660505,0,0
2025-03-26,135467.0,133950.0,134708.5,2,0,0.009322616528019422,0,0
2025-03-27,133367.0,133450.0,133408.5,2,0,-0.009697335025136405,0,0
2025-03-28,133450.0,133967.0,133708.5,2,0,0.0022462076628309365,0,0
2025-03-31,132967.0,132000.0,132483.5,2,0,-0.009203947885271955,0,0
2025-04-01,132267.0,131200.0,131733.5,2,0,-0.005677166983108451,0,0
2025-04-02,133467.0,132300.0,132883.5,2,0,0.008691862125655774,0,0
2025-04-03,133467.0,132500.0,132983.5,2,0,0.0007522558626361805,0,0
2025-04-04,132250.0,132267.0,132258.5,2,0,-0.005466719490521961,0,0
2025-04-07,126967.0,126000.0,126483.5,2,0,-0.04464647600714863,0,0
2025-04-08,127167.0,126000.0,126583.5,2,0,0.0007903045849899905,0,0
2025-04-09,116811.0,115733.3,116272.2,2,0,-0.08496847650304659,0,1
2025-04-10,117967.0,116000.0,116983.5,2,0,0.006099206252126029,0,0
2025-04-11,118967.0,117300.0,118133.5,2,0,0.009782441685355631,0,0
2025-04-14,125000.0,124300.0,124650.0,2,0,0.053694469072531434,0,0
2025-04-15,130200.0,129300.0,129750.0,2,0,0.04009971207643112,0,0
2025-04-16,132133.0,131300.0,131716.5,2,0,0.015042363593801053,0,0
2025-04-17,133533.0,132600.0,133066.5,2,0,0.010197117623605827,0,0
2025-04-18,132733.0,132700.0,132716.5,2,0,-0.0026337290369617262,0,0
2025-04-21,129700.0,129000.0,129350.0,2,0,-0.025693365594405024,0,0
2025-04-22,129133.0,128500.0,128816.5,2,0,-0.0041329975765431294,0,0
2025-04-23,129000.0,128400.0,128700.0,2,0,-0.0009047964534139674,0,0
2025-04-24,130433.0,129900.0,130166.5,2,0,0.011330285598999094,0,0
2025-04-25,132133.0,131500.0,131816.5,2,0,0.01259640371308785,0,0
2025-04-28,130633.0,130100.0,130366.5,2,0,-0.011061089267036852,0,0
2025-04-29,130733.0,130200.0,130466.5,2,0,0.0007667741804106209,0,0
2025-04-30,130733.0,130200.0,130466.5,2,0,0.0,1,0
2025-05-01,130733.0,130200.0,130466.5,2,0,0.0,1,0
2025-05-02,130733.0,130200.0,130466.5,2,0,0.0,1,0
2025-05-05,129933.0,129000.0,129466.5,2,0,-0.0076943284119570035,0,0
2025-05-06,128433.0,128200.0,128316.5,2,0,-0.008922292230462526,0,0
2025-05-07,128233.0,128000.0,128116.5,2,0,-0.001559861956556495,0,0
2025-05-08,127933.0,127700.0,127816.5,2,0,-0.0023443646376288363,0,0
2025-05-09,121583.0,121000.0,121291.5,2,0,-0.05239890229245143,0,0
2025-05-12,128000.0,128000.0,128000.0,2,0,0.05383352462113159,0,1
2025-05-13,126000.0,125500.0,125750.0,2,0,-0.01773445493976858,0,0
2025-05-14,128433.0,128000.0,128216.5,2,0,0.019424432373130095,0,0
2025-05-15,125933.0,125700.0,125816.5,2,0,-0.01889574511509722,0,0
2025-05-16,126133.0,125900.0,126016.5,2,0,0.001588354521034427,0,0
2025-05-19,124433.0,123800.0,124116.5,2,0,-0.015192210093885663,0,0
2025-05-20,126433.0,126000.0,126216.5,2,0,0.01677804574516501,0,0
2025-05-21,125633.0,125000.0,125316.5,2,0,-0.00715614921924439,0,0
2025-05-22,124933.0,124500.0,124716.5,2,0,-0.004799375696007467,0,0
2025-05-23,122933.0,122500.0,122716.5,2,0,-0.01616634449131115,0,0
2025-05-26,122433.0,122000.0,122216.5,2,0,-0.004082754831213196,0,0
2025-05-27,122433.0,122000.0,122216.5,2,0,0.0,1,0
2025-05-28,122133.0,121700.0,121916.5,2,0,-0.0024576779952280767,0,0
2025-05-29,119933.0,119700.0,119816.5,2,0,-0.017374978430436745,0,0
2025-05-30,118433.0,118200.0,118316.5,2,0,-0.012598168579566622,0,0
2025-06-02,117433.0,117000.0,117216.5,2,0,-0.009340584950615809,0,0
2025-06-03,116366.5,116000.0,116183.2,2,0,-0.008853966209739378,0,0
2025-06-04,113933.0,113500.0,113716.5,2,0,-0.021460177045537616,0,0
2025-06-05,114033.0,113600.0,113816.5,2,0,0.0008789934333795957,0,0
2025-06-06,115633.0,115000.0,115316.5,2,0,0.013093019585428666,0,0
2025-06-09,113933.0,113500.0,113716.5,2,0,-0.013972013018808174,0,0
2025-06-10,116199.7,115733.3,115966.5,2,0,0.019592847332862953,0,0
2025-06-11,114000.0,113500.0,113750.0,2,0,-0.019298298463097958,0,0
2025-06-12,112000.0,111500.0,111750.0,2,0,-0.017738824337381633,0,0
2025-06-13,112333.0,111800.0,112066.5,2,0,0.0028282116016274676,0,0
2025-06-16,112433.0,112000.0,112216.5,2,0,0.0013375960047309272,0,0
2025-06-17,111433.0,111000.0,111216.5,2,0,-0.00895128899600604,0,0
2025-06-18,109933.0,109400.0,109666.5,2,0,-0.014034809764762063,0,0
2025-06-19,107633.0,107100.0,107366.5,2,0,-0.02119572698437617,0,0
2025-06-20,103433.0,103000.0,103216.5,2,0,-0.03941949136653969,0,0
2025-06-23,95933.0,95500.0,95716.5,2,0,-0.07543802659789045,0,0
2025-06-24,98933.0,98500.0,98716.5,2,0,0.030861408329362326,0,0
2025-06-25,94433.0,94000.0,94216.5,2,0,-0.04665678024042615,0,0
2025-06-26,92433.0,92000.0,92216.5,2,0,-0.021456252142813957,0,0
2025-06-27,93733.0,93500.0,93616.5,2,0,0.015067576662389056,0,0
2025-06-30,94133.0,93900.0,94016.5,2,0,0.004263648782000071,0,0
2025-07-01,94633.0,94300.0,94466.5,2,0,0.004774975515185418,0,0
2025-07-02,95433.0,95100.0,95266.5,2,0,0.008432953054810588,0,0
2025-07-03,94633.0,94300.0,94466.5,2,0,-0.00843295305481071,0,0
2025-07-04,95433.0,95000.0,95216.5,2,0,0.007907971810832332,0,0
2025-07-07,96233.0,95800.0,96016.5,2,0,0.008366805592029264,0,0
2025-07-08,93933.0,93500.0,93716.5,2,0,-0.024245784040602396,0,0
2025-07-09,94733.0,94300.0,94516.5,2,0,0.008500154774521712,0,0
2025-07-10,108066.3,107700.0,107883.2,2,0,0.13227441356173789,0,1
2025-07-11,90533.0,90300.0,90416.5,2,0,-0.1766220631277896,0,1
2025-07-14,90233.0,89500.0,89866.5,2,0,-0.00610153709797235,0,0
2025-07-15,92233.0,92000.0,92116.5,2,0,0.024728844540808637,0,0
2025-07-16,91533.0,91200.0,91366.5,2,0,-0.008175189822527289,0,0
2025-07-17,92033.0,91700.0,91866.5,2,0,0.005457545759038508,0,0
2025-07-18,91933.0,91800.0,91866.5,2,0,0.0,1,0
2025-07-21,93733.0,93500.0,93616.5,2,0,0.01887021375273764,0,0
2025-07-22,91733.0,91500.0,91616.5,2,0,-0.02159526353616334,0,0
2025-07-23,93233.0,92600.0,92916.5,2,0,0.014089853919826908,0,0
2025-07-24,95433.0,95300.0,95366.5,2,0,0.026026123363105703,0,0
2025-07-25,95933.0,95700.0,95816.5,2,0,0.00470754022098983,0,0
2025-07-28,96433.0,96000.0,96216.5,2,0,0.004165956668971916,0,0
2025-07-29,97233.0,96800.0,97016.5,2,0,0.008280206494571389,0,0
2025-07-30,97933.0,97300.0,97616.5,2,0,0.006165469377232357,0,0
2025-07-31,99133.0,99000.0,99066.5,2,0,0.014744805297796077,0,0
2025-08-01,98933.0,98800.0,98866.5,2,0,-0.0020208865430864672,0,0
2025-08-04,99433.0,98700.0,99066.5,2,0,0.0020208865430864404,0,0
2025-08-05,100433.0,99700.0,100066.5,2,0,0.010043623168265058,0,0
2025-08-06,100933.0,100700.0,100816.5,2,0,0.007467067744065441,0,0
2025-08-07,104333.0,100000.0,102166.5,2,0,0.013301802667820889,0,0
2025-08-08,101433.0,101000.0,101216.5,2,0,-0.009342048343972792,0,0
2025-08-11,103733.0,103500.0,103616.5,2,0,0.023434796511618394,0,0
2025-08-12,107233.0,106500.0,106866.5,2,0,0.030883808377230294,0,0
2025-08-13,107933.0,107300.0,107616.5,2,0,0.006993589766006004,0,0
2025-08-14,111433.0,111000.0,111216.5,2,0,0.03290477040769326,0,0
2025-08-15,114733.0,114000.0,114366.5,2,0,0.0279294517901235,0,0
2025-08-18,117233.0,116800.0,117016.5,2,0,0.02290674660144686,0,0
2025-08-19,117033.0,116700.0,116866.5,2,0,-0.0012826928042334526,0,0
2025-08-20,120033.0,119700.0,119866.5,2,0,0.025346365803206098,0,0
2025-08-21,123633.0,123000.0,123316.5,2,0,0.028375597673972238,0,0
2025-08-22,124433.0,124100.0,124266.5,2,0,0.007674231772164492,0,0
2025-08-25,123967.0,123500.0,123733.5,2,0,-0.004298393714923069,0,0
2025-08-26,121933.0,121500.0,121716.5,2,0,-0.016435489129003257,0,0
2025-08-27,122233.0,121700.0,121966.5,2,0,0.002051846765756329,0,0
2025-08-28,123633.0,123200.0,123416.5,2,0,0.011818397177453668,0,0
2025-08-29,122233.0,121700.0,121966.5,2,0,-0.011818397177453699,0,0
2025-09-01,122233.0,121700.0,121966.5,2,1,0.0,1,0
2025-09-02,122233.0,121700.0,121966.5,2,1,0.0,1,0
2025-09-03,122233.0,121700.0,121966.5,2,1,0.0,1,0
2025-09-04,,,,0,0,,0,0
2025-09-05,,,,0,0,,0,0
2025-09-08,,,,0,0,,0,0
2025-09-09,115433.0,114500.0,114966.5,2,0,,0,0
2025-09-10,114933.0,114000.0,114466.5,2,0,-0.004358577811821059,0,0
2025-09-11,114933.0,114000.0,114466.5,2,1,0.0,1,0
2025-09-12,114933.0,114000.0,114466.5,2,1,0.0,1,0
2025-09-15,120133.0,119800.0,119966.5,2,0,0.0469303333748621,0,1
2025-09-16,122333.0,122000.0,122166.5,2,0,0.018172331260073903,0,0
2025-09-17,120133.0,120000.0,120066.5,2,0,-0.01733911244611544,0,0
2025-09-18,116433.0,115800.0,116116.5,2,0,-0.03345175848610423,0,0
2025-09-19,116433.0,115800.0,116116.5,2,0,0.0,1,0
2025-09-22,111433.0,110800.0,111116.5,2,0,-0.04401479699913537,0,0
2025-09-23,112933.0,112500.0,112716.5,2,0,0.014296616248173029,0,0
2025-09-24,111933.0,111000.0,111466.5,2,0,-0.011151719391995663,0,0
2025-09-25,113433.0,112500.0,112966.5,2,0,0.013367217256335941,0,0
2025-09-26,112933.0,112200.0,112566.5,2,0,-0.003547156464114288,0,0
2025-09-29,112933.0,112200.0,112566.5,2,1,0.0,1,0
2025-09-30,112933.0,112200.0,112566.5,2,1,0.0,1,0
2025-10-01,112933.0,112200.0,112566.5,2,1,0.0,1,0
2025-10-02,,,,0,0,,0,0
2025-10-03,,,,0,0,,0,0
2025-10-06,,,,0,0,,0,0
2025-10-07,,,,0,0,,0,0
2025-10-08,,,,0,0,,0,0
2025-10-09,,,,0,0,,0,0
2025-10-10,114433.0,113600.0,114016.5,2,0,,0,0
2025-10-13,113733.0,113000.0,113366.5,2,0,-0.005717241575111732,0,0
2025-10-14,114433.0,113700.0,114066.5,2,0,0.006155678466953274,0,0
2025-10-15,113733.0,113000.0,113366.5,2,0,-0.006155678466953178,0,0
2025-10-16,114433.0,113700.0,114066.5,2,0,0.006155678466953274,0,0
2025-10-17,115433.0,114500.0,114966.5,2,0,0.007859169922994683,0,0
2025-10-20,114433.0,113500.0,113966.5,2,0,-0.008736236017905269,0,0
2025-10-21,114433.0,113700.0,114066.5,2,0,0.000877066094910502,0,0
2025-10-22,115533.0,114900.0,115216.5,2,0,0.010031355517063629,0,0
2025-10-23,118433.0,117000.0,117716.5,2,0,0.02146622418471161,0,0
2025-10-24,115933.0,114500.0,115216.5,2,0,-0.021466224184711617,0,0
2025-10-27,116933.0,115700.0,116316.5,2,0,0.009501956751845977,0,0
2025-10-28,115633.0,114500.0,115066.5,2,0,-0.010804701819561007,0,0
2025-10-29,115733.0,114600.0,115166.5,2,0,0.0008686852561400329,0,0
2025-10-30,116433.0,115500.0,115966.5,2,0,0.0069224489335928925,0,0
2025-10-31,117933.0,116800.0,117366.5,2,0,0.012000161146609265,0,0
2025-11-03,116933.0,115600.0,116266.5,2,0,-0.009416547561318161,0,0
2025-11-04,118933.0,118200.0,118566.5,2,0,0.019589014726919995,0,0
2025-11-05,118633.0,117800.0,118216.5,2,0,-0.002956295468064702,0,0
2025-11-06,118933.0,118200.0,118566.5,2,0,0.002956295468064769,0,0
2025-11-07,116733.0,115700.0,116216.5,2,0,-0.020019153711455823,0,0
2025-11-10,119533.0,118200.0,118866.5,2,0,0.022546183733794644,0,0
2025-11-11,118933.0,117600.0,118266.5,2,0,-0.0050604621070309405,0,0
2025-11-12,118433.0,117300.0,117866.5,2,0,-0.0033879244544472438,0,0
2025-11-13,113433.0,111500.0,112466.5,2,0,-0.04689722854513853,0,0
2025-11-14,112933.0,111000.0,111966.5,2,0,-0.004455680111317052,0,0
2025-11-17,100433.0,108500.0,104466.5,2,0,-0.06933327356346893,0,0
2025-11-18,113633.0,112600.0,113116.5,2,0,0.07955181522822803,0,0
2025-11-19,114633.0,113700.0,114166.5,2,0,0.009239648103556937,0,0
2025-11-20,113433.0,112500.0,112966.5,2,0,-0.010566594596746068,0,0
2025-11-21,114633.0,113500.0,114066.5,2,0,0.009690297072732073,0,0
2025-11-24,111933.0,111000.0,111466.5,2,0,-0.02305751432906802,0,0
2025-11-25,110933.0,109500.0,110216.5,2,0,-0.011277484047582224,0,0
2025-11-26,111933.0,111300.0,111616.5,2,0,0.012622275202495802,0,0
2025-11-27,111433.0,110500.0,110966.5,2,0,-0.005840534521718243,0,0
2025-11-28,111933.0,111000.0,111466.5,2,0,0.0044957433668046595,0,0
2025-12-01,110933.0,110500.0,110716.5,2,0,-0.006751217227971624,0,0
2025-12-02,106933.0,106500.0,106716.5,2,0,-0.03679709457047567,0,0
2025-12-03,105433.0,104500.0,104966.5,2,0,-0.016534533895604536,0,0
2025-12-04,103533.0,102800.0,103166.5,2,0,-0.017297063685605255,0,0
2025-12-05,103933.0,103300.0,103616.5,2,0,0.004352395606750181,0,0
2025-12-08,103133.0,102500.0,102816.5,2,0,-0.007750737575144034,0,0
2025-12-09,100367.0,100500.0,100433.5,2,0,-0.02345002903558236,0,0
2025-12-10,101233.0,100700.0,100966.5,2,0,0.005292961711539558,0,0
2025-12-11,101733.0,101300.0,101516.5,2,0,0.0054325681925811945,0,0
2025-12-12,100933.0,100500.0,100716.5,2,0,-0.007911707515621742,0,0
2025-12-15,97233.0,96700.0,96966.5,2,0,-0.03794408130301718,0,0
2025-12-16,95233.0,94500.0,94866.5,2,0,-0.021894917893479162,0,0
2025-12-17,93233.0,92500.0,92866.5,2,0,-0.021307662146116475,0,0
2025-12-18,89733.0,88700.0,89216.5,2,0,-0.040096977930064566,0,0
2025-12-19,89233.0,88500.0,88866.5,2,0,-0.003930756452323553,0,0
2025-12-22,91433.0,91000.0,91216.5,2,0,0.026100558162804616,0,0
2025-12-23,92433.0,92000.0,92216.5,2,0,0.010903271567906924,0,0
2025-12-24,94933.0,94500.0,94716.5,2,0,0.02674914610289222,0,0
2025-12-25,96633.0,95200.0,95916.5,2,0,0.012589801873434827,0,0
2025-12-26,96633.0,95000.0,95816.5,2,0,-0.001043117346178775,0,0
2025-12-29,96433.0,95000.0,95716.5,2,0,-0.0010442065762703231,0,0
2025-12-30,97233.0,95700.0,96466.5,2,0,0.0078051004248104044,0,0
2025-12-31,97933.0,97000.0,97466.5,2,0,0.010312931404458913,0,0
2026-01-01,98233.0,97500.0,97866.5,2,0,0.004095575853793819,0,0
2026-01-02,98433.0,97700.0,98066.5,2,0,0.0020415149001245573,0,0
2026-01-05,94933.0,98000.0,96466.5,2,0,-0.0164500221583774,0,0
2026-01-06,97933.0,97500.0,97716.5,2,0,0.012874631313925428,0,0
2026-01-07,98933.0,98500.0,98716.5,2,0,0.010181676590626316,0,0
2026-01-08,97933.0,97500.0,97716.5,2,0,-0.010181676590626337,0,0
2026-01-09,97733.0,97500.0,97616.5,2,0,-0.0010238926216901167,0,0
2026-01-12,97433.0,97200.0,97316.5,2,0,-0.003077983069561941,0,0
2026-01-13,97433.0,97000.0,97216.5,2,0,-0.0010281032915577493,0,0
2026-01-14,98333.0,97700.0,98016.5,2,0,0.008195381698931452,0,0
2026-01-15,98433.0,97900.0,98166.5,2,0,0.0015291847839014622,0,0
2026-01-16,98933.0,98500.0,98716.5,2,0,0.005587089090603382,0,0
2026-01-19,98933.0,98300.0,98616.5,2,0,-0.001013515312290472,0,0
2026-01-20,99233.0,98600.0,98916.5,2,0,0.0030374694927478257,0,0
2026-01-21,98133.0,97400.0,97766.5,2,0,-0.011694077325614302,0,0
2026-01-22,99833.0,99100.0,99466.5,2,0,0.017238921482207435,0,0
2026-01-23,98933.0,98500.0,98716.5,2,0,-0.00756879833705058,0,0
2026-01-26,100933.0,100700.0,100816.5,2,0,0.021049926997809994,0,0
2026-01-27,101533.0,101200.0,101366.5,2,0,0.0054406291002347855,0,0
2026-01-28,103033.0,102500.0,102766.5,2,0,0.013716762607859517,0,0
2026-01-29,101033.0,100000.0,100516.5,2,0,-0.022137531298034974,0,0
2026-01-30,101733.0,101000.0,101366.5,2,0,0.00842076869017559,0,0
2026-02-02,100866.5,100150.0,100508.2,2,0,-0.008502848135663066,0,0
2026-02-03,99733.0,99300.0,99516.5,2,0,-0.009916354120063557,0,0
2026-02-04,97733.0,97300.0,97516.5,2,0,-0.020301865107021887,0,0
2026-02-05,94433.0,93700.0,94066.5,2,0,-0.036019615499141226,0,0
2026-02-06,94967.0,94800.0,94883.5,2,0,0.00864784431458189,0,0
2026-02-09,94967.0,94800.0,94883.5,2,1,0.0,1,0
2026-02-10,94967.0,94800.0,94883.5,2,1,0.0,1,0
2026-02-11,94967.0,94800.0,94883.5,2,1,0.0,1,0
2026-02-12,,,,0,0,,0,0
2026-02-13,,,,0,0,,0,0
2026-02-16,97633.0,96400.0,97016.5,2,0,,0,0
2026-02-17,97633.0,96400.0,97016.5,2,0,0.0,1,0
2026-02-18,97633.0,96400.0,97016.5,2,0,0.0,1,0
2026-02-19,97633.0,96400.0,97016.5,2,0,0.0,1,0
2026-02-20,93633.0,93200.0,93416.5,2,0,-0.03781307796902784,0,1
2026-02-23,93633.0,93200.0,93416.5,2,0,0.0,1,0
2026-02-24,93333.0,92800.0,93066.5,2,0,-0.00375369777368914,0,0
2026-02-25,95933.0,95300.0,95616.5,2,0,0.027031107919401078,0,0
2026-02-26,96933.0,96300.0,96616.5,2,0,0.01040413477899662,0,0
2026-02-27,95933.0,95500.0,95716.5,2,0,-0.009358836695494087,0,0
2026-03-02,95433.0,94800.0,95116.5,2,0,-0.006288241311488461,0,0
2026-03-03,96133.0,95300.0,95716.5,2,0,0.006288241311488403,0,0
2026-03-04,95333.0,94200.0,94766.5,2,0,-0.009974726108756953,0,0
2026-03-05,95933.0,95500.0,95716.5,2,0,0.00997472610875701,0,0
2026-03-06,95933.0,95500.0,95716.5,2,0,0.0,1,0
2026-03-09,96433.0,96300.0,96366.5,2,0,0.006767933456871419,0,0
2026-03-10,96433.0,96300.0,96366.5,2,0,0.0,1,0
2026-03-11,95633.0,95300.0,95466.5,2,0,-0.009383230240532557,0,0
2026-03-12,92633.0,91600.0,92116.5,2,0,-0.035721320297076524,0,0
2026-03-13,93933.0,93200.0,93566.5,2,0,0.01561833312728337,0,0
2026-03-16,90233.0,89500.0,89866.5,2,0,-0.040347177668091753,0,0
2026-03-17,90433.0,89700.0,90066.5,2,0,0.00222305060623549,0,0
2026-03-18,91933.0,91000.0,91466.5,2,0,0.015424498649374403,0,0
2026-03-19,92433.0,91500.0,91966.5,2,0,0.005451595278147101,0,0
2026-03-20,93433.0,92300.0,92866.5,2,0,0.009738597685587835,0,0
2026-03-23,93933.0,93000.0,93466.5,2,0,0.006440105335570299,0,0
2026-03-24,93433.0,92600.0,93016.5,2,0,-0.004826186552688787,0,0
2026-03-25,93933.0,93200.0,93566.5,2,0,0.005895516665865622,0,0
2026-03-26,93133.0,92200.0,92666.5,2,0,-0.009665386977248872,0,0
2026-03-27,92433.0,91700.0,92066.5,2,0,-0.006495884436719419,0,0
2026-03-30,92233.0,91700.0,91966.5,2,0,-0.0010867617203663932,0,0
2026-03-31,87433.0,87000.0,87216.5,2,0,-0.05303084710413386,0,1
2026-04-01,89133.0,88700.0,88916.5,2,0,0.019304193899211636,0,0
2026-04-02,89933.0,89700.0,89816.5,2,0,0.010070972980080809,0,0
2026-04-03,89133.0,88700.0,88916.5,2,0,-0.01007097298008091,0,0
2026-04-06,89133.0,88700.0,88916.5,2,0,0.0,1,0
2026-04-07,89133.0,88700.0,88916.5,2,0,0.0,1,0
2026-04-08,85133.0,84700.0,84916.5,2,0,-0.046029306373490175,0,0
2026-04-09,85733.0,85300.0,85516.5,2,0,0.007040919055875397,0,0
2026-04-10,85433.0,85000.0,85216.5,2,0,-0.003514262723093957,0,0
2026-04-13,85933.0,85500.0,85716.5,2,0,0.0058502621034494575,0,0
2026-04-14,86433.0,86000.0,86216.5,2,0,0.005816235504807323,0,0
2026-04-15,87033.0,86600.0,86816.5,2,0,0.006935121101677863,0,0
2026-04-16,88233.0,87900.0,88066.5,2,0,0.014295515145670259,0,0
2026-04-17,86933.0,86600.0,86766.5,2,0,-0.01487160844262729,0,0
2026-04-20,85233.0,84800.0,85016.5,2,0,-0.02037524717103689,0,0
2026-04-21,87233.0,86800.0,87016.5,2,0,0.02325240054574613,0,0
2026-04-22,86733.0,86300.0,86516.5,2,0,-0.00576260865255216,0,0
2026-04-23,87733.0,87300.0,87516.5,2,0,0.011492199822606417,0,0
2026-04-24,89233.0,88700.0,88966.5,2,0,0.016432547365021585,0,0
2026-04-27,87933.0,87500.0,87716.5,2,0,-0.014149871306933327,0,0
2026-04-28,86933.0,86500.0,86716.5,2,0,-0.011465845974610948,0,0
2026-04-29,88533.0,88100.0,88316.5,2,0,0.018282776022101526,0,0
2026-04-30,87533.0,87100.0,87316.5,2,0,-0.011387504697278754,0,0
2026-05-01,86333.0,86000.0,86166.5,2,0,-0.013257977380556634,0,0
2026-05-04,85533.0,85000.0,85266.5,2,0,-0.010499825219876312,0,0
2026-05-05,85533.0,85000.0,85266.5,2,0,0.0,1,0
2026-05-06,85933.0,85500.0,85716.5,2,0,0.005263693337841314,0,0
2026-05-07,86933.0,86500.0,86716.5,2,0,0.011598837937768999,0,0
2026-05-08,87433.0,87000.0,87216.5,2,0,0.005749356100278667,0,0
2026-05-11,86933.0,86300.0,86616.5,2,0,-0.006903204601080277,0,0
2026-05-12,87933.0,87500.0,87716.5,2,0,0.012619694475412457,0,0
2026-05-13,87833.0,87300.0,87566.5,2,0,-0.0017115183630606989,0,0
2026-05-14,88833.0,88300.0,88566.5,2,0,0.011355177564473356,0,0
2026-05-15,87633.0,87100.0,87366.5,2,0,-0.013641768283681516,0,0
2026-05-18,86933.0,86200.0,86566.5,2,0,-0.009199009290284197,0,0
2026-05-19,85233.0,84800.0,85016.5,2,0,-0.018067549401335713,0,0
2026-05-20,86033.0,85600.0,85816.5,2,0,0.009365940398487578,0,0
2026-05-21,85933.0,85500.0,85716.5,2,0,-0.0011659565369787869,0,0
2026-05-22,86633.0,86200.0,86416.5,2,0,0.008133290638866982,0,0
2026-05-25,87533.0,87000.0,87266.5,2,0,0.009788025151656552,0,0
2026-05-26,87733.0,87300.0,87516.5,2,0,0.002860692063768149,0,0
2026-05-27,88433.0,88000.0,88216.5,2,0,0.00796667333158037,0,0
2026-05-28,87633.0,87200.0,87416.5,2,0,-0.009109968317577351,0,0
2026-05-29,89033.0,88600.0,88816.5,2,0,0.015888391519458287,0,0
2026-06-01,89033.0,86800.0,87916.5,2,1,-0.010184943162472116,0,0
2026-06-02,89033.0,86200.0,87616.5,2,1,-0.003418164015838341,0,0
