Ngay,london_usd,usdvnd,london_vnd_kg,london_ret,usdvnd_ret,london_usd_lag1,usdvnd_lag1,london_vnd_kg_lag1,london_ret_lag1,usdvnd_ret_lag1
2020-01-01,1382.0,23171.0,32022.322,0.0,0.0,1382.0,23171.0,32022.322,0.005090909090909035,4.3159257660851935e-05
2020-01-02,1380.0,23168.0,31971.84,-0.0014471780028944004,-0.00012947218505887648,1382.0,23171.0,32022.322,0.0,0.0
2020-01-03,1372.0,23171.0,31790.612,-0.005797101449275366,0.00012948895027631302,1380.0,23168.0,31971.84,-0.0014471780028944004,-0.00012947218505887648
2020-01-06,1352.0,23176.0,31333.952,-0.014577259475218707,0.0002157869750982755,1372.0,23171.0,31790.612,-0.005797101449275366,0.00012948895027631302
2020-01-07,1364.0,23175.0,31610.7,0.008875739644970349,-4.314808422500871e-05,1352.0,23176.0,31333.952,-0.014577259475218707,0.0002157869750982755
2020-01-08,1354.0,23175.0,31378.95,-0.007331378299120228,0.0,1364.0,23175.0,31610.7,0.008875739644970349,-4.314808422500871e-05
2020-01-09,1338.0,23173.0,31005.474,-0.011816838995568735,-8.629989212516342e-05,1354.0,23175.0,31378.95,-0.007331378299120228,0.0
2020-01-10,1345.0,23176.0,31171.72,0.0052316890881913825,0.0001294610106590266,1338.0,23173.0,31005.474,-0.011816838995568735,-8.629989212516342e-05
2020-01-13,1312.0,23173.0,30402.976,-0.024535315985130146,-0.00012944425267513715,1345.0,23176.0,31171.72,0.0052316890881913825,0.0001294610106590266
2020-01-14,1320.0,23175.0,30591.0,0.0060975609756097615,8.630734043935107e-05,1312.0,23173.0,30402.976,-0.024535315985130146,-0.00012944425267513715
2020-01-15,1327.0,23170.0,30746.59,0.005303030303030365,-0.00021574973031279754,1320.0,23175.0,30591.0,0.0060975609756097615,8.630734043935107e-05
2020-01-16,1314.0,23171.0,30446.694,-0.009796533534287888,4.3159257660851935e-05,1327.0,23170.0,30746.59,0.005303030303030365,-0.00021574973031279754
2020-01-17,1319.0,23170.0,30561.23,0.003805175038051667,-4.3157395019588485e-05,1314.0,23171.0,30446.694,-0.009796533534287888,4.3159257660851935e-05
2020-01-20,1305.0,23169.0,30235.545,-0.010614101592115288,-4.315925766074091e-05,1319.0,23170.0,30561.23,0.003805175038051667,-4.3157395019588485e-05
2020-01-21,1335.0,23170.0,30931.95,0.02298850574712641,4.316112046276466e-05,1305.0,23169.0,30235.545,-0.010614101592115288,-4.315925766074091e-05
2020-01-22,1337.0,23169.0,30976.953,0.0014981273408238849,-4.315925766074091e-05,1335.0,23170.0,30931.95,0.02298850574712641,4.316112046276466e-05
2020-01-23,1367.0,23169.0,31672.023,0.022438294689603566,0.0,1337.0,23169.0,30976.953,0.0014981273408238849,-4.315925766074091e-05
2020-01-24,1319.0,23169.0,30559.911,-0.03511338697878563,0.0,1367.0,23169.0,31672.023,0.022438294689603566,0.0
2020-01-27,1328.0,23169.0,30768.432,0.006823351023502733,0.0,1319.0,23169.0,30559.911,-0.03511338697878563,0.0
2020-01-28,1337.0,23169.0,30976.953,0.006777108433734913,0.0,1328.0,23169.0,30768.432,0.006823351023502733,0.0
2020-01-29,1317.0,23169.0,30513.573,-0.014958863126402377,0.0,1337.0,23169.0,30976.953,0.006777108433734913,0.0
2020-01-30,1315.0,23182.0,30484.33,-0.0015186028853454436,0.0005610945660148303,1317.0,23169.0,30513.573,-0.014958863126402377,0.0
2020-01-31,1342.0,23222.0,31163.924,0.020532319391634912,0.0017254766629282159,1315.0,23182.0,30484.33,-0.0015186028853454436,0.0005610945660148303
2020-02-03,1302.0,23250.0,30271.5,-0.02980625931445602,0.0012057531651019637,1342.0,23222.0,31163.924,0.020532319391634912,0.0017254766629282159
2020-02-04,1290.0,23230.0,29966.7,-0.009216589861751112,-0.0008602150537634357,1302.0,23250.0,30271.5,-0.02980625931445602,0.0012057531651019637
2020-02-05,1284.0,23220.0,29814.48,-0.0046511627906976605,-0.00043047783039174004,1290.0,23230.0,29966.7,-0.009216589861751112,-0.0008602150537634357
2020-02-06,1297.0,23221.0,30117.637,0.010124610591900396,4.3066322136020574e-05,1284.0,23220.0,29814.48,-0.0046511627906976605,-0.00043047783039174004
2020-02-07,1290.0,23230.0,29966.7,-0.005397070161912154,0.00038758020757079237,1297.0,23221.0,30117.637,0.010124610591900396,4.3066322136020574e-05
2020-02-10,1285.0,23258.0,29886.53,-0.003875968992248069,0.0012053379250969165,1290.0,23230.0,29966.7,-0.005397070161912154,0.00038758020757079237
2020-02-11,1299.0,23240.0,30188.76,0.010894941634241206,-0.0007739272508384687,1285.0,23258.0,29886.53,-0.003875968992248069,0.0012053379250969165
2020-02-12,1287.0,23250.0,29922.75,-0.009237875288683584,0.00043029259896720795,1299.0,23240.0,30188.76,0.010894941634241206,-0.0007739272508384687
2020-02-13,1301.0,23239.0,30233.939,0.01087801087801088,-0.00047311827956986185,1287.0,23250.0,29922.75,-0.009237875288683584,0.00043029259896720795
2020-02-14,1314.0,23245.0,30543.93,0.009992313604919367,0.00025818666896171294,1301.0,23239.0,30233.939,0.01087801087801088,-0.00047311827956986185
2020-02-17,1314.0,23228.0,30521.592,0.0,-0.0007313400731340236,1314.0,23245.0,30543.93,0.009992313604919367,0.00025818666896171294
2020-02-18,1293.0,23239.0,30048.027,-0.01598173515981738,0.00047356638539697293,1314.0,23228.0,30521.592,0.0,-0.0007313400731340236
2020-02-19,1290.0,23225.0,29960.25,-0.002320185614849146,-0.0006024355609105525,1293.0,23239.0,30048.027,-0.01598173515981738,0.00047356638539697293
2020-02-20,1279.0,23236.0,29718.844,-0.00852713178294573,0.00047362755651247923,1290.0,23225.0,29960.25,-0.002320185614849146,-0.0006024355609105525
2020-02-21,1296.0,23242.0,30121.632,0.013291634089132032,0.0002582200034428883,1279.0,23236.0,29718.844,-0.00852713178294573,0.00047362755651247923
2020-02-24,1273.0,23247.0,29593.431,-0.017746913580246937,0.00021512778590482284,1296.0,23242.0,30121.632,0.013291634089132032,0.0002582200034428883
2020-02-25,1282.0,23270.0,29832.14,0.0070699135899450205,0.0009893749731149093,1273.0,23247.0,29593.431,-0.017746913580246937,0.00021512778590482284
2020-02-26,1295.0,23240.0,30095.8,0.010140405616224646,-0.0012892135797163418,1282.0,23270.0,29832.14,0.0070699135899450205,0.0009893749731149093
2020-02-27,1289.0,23240.0,29956.36,-0.004633204633204602,0.0,1295.0,23240.0,30095.8,0.010140405616224646,-0.0012892135797163418
2020-02-28,1283.0,23240.0,29816.92,-0.004654771140418901,0.0,1289.0,23240.0,29956.36,-0.004633204633204602,0.0
2020-03-02,1291.0,23240.0,30002.84,0.00623538581449723,0.0,1283.0,23240.0,29816.92,-0.004654771140418901,0.0
2020-03-03,1331.0,23218.0,30903.158,0.030983733539891478,-0.0009466437177280129,1291.0,23240.0,30002.84,0.00623538581449723,0.0
2020-03-04,1307.0,23206.0,30330.242,-0.018031555221637907,-0.0005168403824619139,1331.0,23218.0,30903.158,0.030983733539891478,-0.0009466437177280129
2020-03-05,1274.0,23210.0,29569.54,-0.025248661055853105,0.00017236921485830337,1307.0,23206.0,30330.242,-0.018031555221637907,-0.0005168403824619139
2020-03-06,1245.0,23205.0,28890.225,-0.02276295133437989,-0.00021542438604049696,1274.0,23210.0,29569.54,-0.025248661055853105,0.00017236921485830337
2020-03-09,1247.0,23172.0,28895.484,0.0016064257028112205,-0.0014221073044602406,1245.0,23205.0,28890.225,-0.02276295133437989,-0.00021542438604049696
2020-03-10,1279.0,23174.0,29639.546,0.02566158781074579,8.631106507861475e-05,1247.0,23172.0,28895.484,0.0016064257028112205,-0.0014221073044602406
2020-03-11,1271.0,23172.0,29451.612,-0.006254886630179812,-8.630361612149695e-05,1279.0,23174.0,29639.546,0.02566158781074579,8.631106507861475e-05
2020-03-12,1249.0,23195.0,28970.555,-0.01730920535011804,0.0009925772484031814,1271.0,23172.0,29451.612,-0.006254886630179812,-8.630361612149695e-05
2020-03-13,1241.0,23208.0,28801.128,-0.006405124099279402,0.0005604656175899336,1249.0,23195.0,28970.555,-0.01730920535011804,0.0009925772484031814
2020-03-16,1221.0,23225.0,28357.725,-0.016116035455277955,0.0007325060324026023,1241.0,23208.0,28801.128,-0.006405124099279402,0.0005604656175899336
2020-03-17,1212.0,23238.0,28164.456,-0.0073710073710073765,0.0005597416576963443,1221.0,23225.0,28357.725,-0.016116035455277955,0.0007325060324026023
2020-03-18,1227.0,23282.0,28567.014,0.012376237623762387,0.001893450382993267,1212.0,23238.0,28164.456,-0.0073710073710073765,0.0005597416576963443
2020-03-19,1216.0,23354.0,28398.464,-0.00896495517522411,0.003092517824929031,1227.0,23282.0,28567.014,0.012376237623762387,0.001893450382993267
2020-03-20,1244.0,23455.0,29178.02,0.023026315789473673,0.004324740943735472,1216.0,23354.0,28398.464,-0.00896495517522411,0.003092517824929031
2020-03-23,1244.0,23540.0,29283.76,0.0,0.0036239607759540604,1244.0,23455.0,29178.02,0.023026315789473673,0.004324740943735472
2020-03-24,1257.0,23580.0,29640.06,0.010450160771704242,0.001699235344095218,1244.0,23540.0,29283.76,0.0,0.0036239607759540604
2020-03-25,1259.0,23600.0,29712.4,0.0015910898965791898,0.0008481764206955678,1257.0,23580.0,29640.06,0.010450160771704242,0.001699235344095218
2020-03-26,1278.0,23620.0,30186.36,0.015091342335186608,0.0008474576271186862,1259.0,23600.0,29712.4,0.0015910898965791898,0.0008481764206955678
2020-03-27,1244.0,23620.0,29383.28,-0.026604068857590035,0.0,1278.0,23620.0,30186.36,0.015091342335186608,0.0008474576271186862
2020-03-30,1237.0,23640.0,29242.68,-0.00562700964630225,0.0008467400508043177,1244.0,23620.0,29383.28,-0.026604068857590035,0.0
2020-03-31,1222.0,23616.0,28858.752,-0.01212611156022636,-0.0010152284263958977,1237.0,23640.0,29242.68,-0.00562700964630225,0.0008467400508043177
2020-04-01,1204.0,23590.0,28402.36,-0.014729950900163713,-0.0011009485094850557,1222.0,23616.0,28858.752,-0.01212611156022636,-0.0010152284263958977
2020-04-02,1234.0,23590.0,29110.06,0.024916943521594792,0.0,1204.0,23590.0,28402.36,-0.014729950900163713,-0.0011009485094850557
2020-04-03,1220.0,23550.0,28731.0,-0.011345218800648316,-0.0016956337431114354,1234.0,23590.0,29110.06,0.024916943521594792,0.0
2020-04-06,1221.0,23440.0,28620.24,0.0008196721311475308,-0.004670912951167727,1220.0,23550.0,28731.0,-0.011345218800648316,-0.0016956337431114354
2020-04-07,1233.0,23450.0,28913.85,0.00982800982800991,0.0004266211604095904,1221.0,23440.0,28620.24,0.0008196721311475308,-0.004670912951167727
2020-04-08,1230.0,23550.0,28966.5,-0.0024330900243308973,0.004264392324093924,1233.0,23450.0,28913.85,0.00982800982800991,0.0004266211604095904
2020-04-09,1219.0,23488.0,28631.872,-0.00894308943089428,-0.002632696390658218,1230.0,23550.0,28966.5,-0.0024330900243308973,0.004264392324093924
2020-04-10,1219.0,23435.0,28567.265,0.0,-0.0022564713896457977,1219.0,23488.0,28631.872,-0.00894308943089428,-0.002632696390658218
2020-04-13,1219.0,23432.0,28563.608,0.0,-0.00012801365478987137,1219.0,23435.0,28567.265,0.0,-0.0022564713896457977
2020-04-14,1192.0,23471.0,27977.432,-0.022149302707136997,0.0016643905769886391,1219.0,23432.0,28563.608,0.0,-0.00012801365478987137
2020-04-15,1206.0,23440.0,28268.64,0.011744966442952975,-0.0013207788334540504,1192.0,23471.0,27977.432,-0.022149302707136997,0.0016643905769886391
2020-04-16,1205.0,23440.0,28245.2,-0.0008291873963516272,0.0,1206.0,23440.0,28268.64,0.011744966442952975,-0.0013207788334540504
2020-04-17,1188.0,23424.0,27827.712,-0.014107883817427336,-0.0006825938566552558,1205.0,23440.0,28245.2,-0.0008291873963516272,0.0
2020-04-20,1177.0,23450.0,27600.65,-0.0092592592592593,0.0011099726775956054,1188.0,23424.0,27827.712,-0.014107883817427336,-0.0006825938566552558
2020-04-21,1139.0,23460.0,26720.94,-0.03228547153780803,0.0004264392324093702,1177.0,23450.0,27600.65,-0.0092592592592593,0.0011099726775956054
2020-04-22,1121.0,23479.0,26319.959,-0.015803336259877065,0.000809889173060574,1139.0,23460.0,26720.94,-0.03228547153780803,0.0004264392324093702
2020-04-23,1150.0,23485.0,27007.75,0.025869759143621662,0.00025554751054124303,1121.0,23479.0,26319.959,-0.015803336259877065,0.000809889173060574
2020-04-24,1144.0,23505.0,26889.72,-0.00521739130434784,0.0008516074089843784,1150.0,23485.0,27007.75,0.025869759143621662,0.00025554751054124303
2020-04-27,1150.0,23455.0,26973.25,0.005244755244755206,-0.0021272069772388935,1144.0,23505.0,26889.72,-0.00521739130434784,0.0008516074089843784
2020-04-28,1180.0,23442.0,27661.56,0.026086956521739202,-0.0005542528245576772,1150.0,23455.0,26973.25,0.005244755244755206,-0.0021272069772388935
2020-04-29,1186.0,23428.0,27785.608,0.005084745762711895,-0.0005972186673491864,1180.0,23442.0,27661.56,0.026086956521739202,-0.0005542528245576772
2020-04-30,1194.0,23428.0,27973.032,0.006745362563237878,0.0,1186.0,23428.0,27785.608,0.005084745762711895,-0.0005972186673491864
2020-05-01,1205.0,23428.0,28230.74,0.009212730318257867,0.0,1194.0,23428.0,27973.032,0.006745362563237878,0.0
2020-05-04,1197.0,23445.0,28063.665,-0.00663900414937757,0.0007256274543281371,1205.0,23428.0,28230.74,0.009212730318257867,0.0
2020-05-05,1200.0,23421.0,28105.2,0.0025062656641603454,-0.0010236724248240403,1197.0,23445.0,28063.665,-0.00663900414937757,0.0007256274543281371
2020-05-06,1201.0,23423.0,28131.023,0.0008333333333332416,8.539345032243517e-05,1200.0,23421.0,28105.2,0.0025062656641603454,-0.0010236724248240403
2020-05-07,1186.0,23425.0,27782.05,-0.01248959200666111,8.53861589036331e-05,1201.0,23423.0,28131.023,0.0008333333333332416,8.539345032243517e-05
2020-05-08,1186.0,23377.0,27725.122,0.0,-0.002049092849519707,1186.0,23425.0,27782.05,-0.01248959200666111,8.53861589036331e-05
2020-05-11,1198.0,23322.0,27939.756,0.010118043844856706,-0.0023527398725242676,1186.0,23377.0,27725.122,0.0,-0.002049092849519707
2020-05-12,1180.0,23330.0,27529.4,-0.015025041736227096,0.0003430237543950998,1198.0,23322.0,27939.756,0.010118043844856706,-0.0023527398725242676
2020-05-13,1147.0,23347.0,26779.009,-0.027966101694915202,0.000728675525075051,1180.0,23330.0,27529.4,-0.015025041736227096,0.0003430237543950998
2020-05-14,1168.0,23350.0,27272.8,0.018308631211856996,0.0001284961665311002,1147.0,23347.0,26779.009,-0.027966101694915202,0.000728675525075051
2020-05-15,1178.0,23355.0,27512.19,0.008561643835616417,0.00021413276231263545,1168.0,23350.0,27272.8,0.018308631211856996,0.0001284961665311002
2020-05-18,1182.0,23338.0,27585.516,0.00339558573853993,-0.0007278955255833885,1178.0,23355.0,27512.19,0.008561643835616417,0.00021413276231263545
2020-05-19,1184.0,23295.0,27581.28,0.0016920473773265332,-0.0018424886451281486,1182.0,23338.0,27585.516,0.00339558573853993,-0.0007278955255833885
2020-05-20,1186.0,23270.0,27598.22,0.0016891891891892552,-0.0010731916720325696,1184.0,23295.0,27581.28,0.0016920473773265332,-0.0018424886451281486
2020-05-21,1189.0,23275.0,27673.975,0.002529510961214232,0.00021486892995281615,1186.0,23270.0,27598.22,0.0016891891891892552,-0.0010731916720325696
2020-05-22,1207.0,23267.0,28083.269,0.015138772077375906,-0.0003437164339420429,1189.0,23275.0,27673.975,0.002529510961214232,0.00021486892995281615
2020-05-25,1207.0,23312.0,28137.584,0.0,0.0019340697124683448,1207.0,23267.0,28083.269,0.015138772077375906,-0.0003437164339420429
2020-05-26,1242.0,23336.0,28983.312,0.028997514498757315,0.0010295126973232094,1207.0,23312.0,28137.584,0.0,0.0019340697124683448
2020-05-27,1232.0,23325.0,28736.4,-0.008051529790660261,-0.0004713747000343327,1242.0,23336.0,28983.312,0.028997514498757315,0.0010295126973232094
2020-05-28,1199.0,23300.0,27936.7,-0.0267857142857143,-0.001071811361200381,1232.0,23325.0,28736.4,-0.008051529790660261,-0.0004713747000343327
2020-05-29,1189.0,23280.0,27679.92,-0.008340283569641338,-0.0008583690987123971,1199.0,23300.0,27936.7,-0.0267857142857143,-0.001071811361200381
2020-06-01,1178.0,23260.0,27400.28,-0.009251471825063029,-0.0008591065292096189,1189.0,23280.0,27679.92,-0.008340283569641338,-0.0008583690987123971
2020-06-02,1198.0,23253.0,27857.094,0.01697792869269943,-0.00030094582975059847,1178.0,23260.0,27400.28,-0.009251471825063029,-0.0008591065292096189
2020-06-03,1218.0,23260.0,28330.68,0.016694490818029983,0.0003010364254074638,1198.0,23253.0,27857.094,0.01697792869269943,-0.00030094582975059847
2020-06-04,1210.0,23263.0,28148.23,-0.006568144499178974,0.00012897678417878033,1218.0,23260.0,28330.68,0.016694490818029983,0.0003010364254074638
2020-06-05,1245.0,23255.0,28952.475,0.02892561983471076,-0.000343893736835299,1210.0,23263.0,28148.23,-0.006568144499178974,0.00012897678417878033
2020-06-08,1263.0,23255.0,29371.065,0.014457831325301207,0.0,1245.0,23255.0,28952.475,0.02892561983471076,-0.000343893736835299
2020-06-09,1247.0,23205.0,28936.635,-0.012668250197941378,-0.0021500752526338873,1263.0,23255.0,29371.065,0.014457831325301207,0.0
2020-06-10,1253.0,23190.0,29057.07,0.004811547714514752,-0.0006464124111182912,1247.0,23205.0,28936.635,-0.012668250197941378,-0.0021500752526338873
2020-06-11,1227.0,23215.0,28484.805,-0.020750199521149204,0.0010780508840018133,1253.0,23190.0,29057.07,0.004811547714514752,-0.0006464124111182912
2020-06-12,1212.0,23206.0,28125.672,-0.012224938875305624,-0.000387680379065225,1227.0,23215.0,28484.805,-0.020750199521149204,0.0010780508840018133
2020-06-15,1194.0,23220.0,27724.68,-0.014851485148514865,0.0006032922520038397,1212.0,23206.0,28125.672,-0.012224938875305624,-0.000387680379065225
2020-06-16,1177.0,23210.0,27318.17,-0.014237855946398703,-0.00043066322136087187,1194.0,23220.0,27724.68,-0.014851485148514865,0.0006032922520038397
2020-06-17,1182.0,23196.0,27417.672,0.004248088360237823,-0.0006031882809134359,1177.0,23210.0,27318.17,-0.014237855946398703,-0.00043066322136087187
2020-06-18,1164.0,23210.0,27016.44,-0.015228426395939132,0.0006035523366096918,1182.0,23196.0,27417.672,0.004248088360237823,-0.0006031882809134359
2020-06-19,1175.0,23215.0,27277.625,0.009450171821305808,0.00021542438604060798,1164.0,23210.0,27016.44,-0.015228426395939132,0.0006035523366096918
2020-06-22,1188.0,23210.0,27573.48,0.01106382978723408,-0.00021537798836956945,1175.0,23215.0,27277.625,0.009450171821305808,0.00021542438604060798
2020-06-23,1185.0,23213.0,27507.405,-0.002525252525252486,0.00012925463162427597,1188.0,23210.0,27573.48,0.01106382978723408,-0.00021537798836956945
2020-06-24,1176.0,23195.0,27277.32,-0.0075949367088608,-0.0007754275621418838,1185.0,23213.0,27507.405,-0.002525252525252486,0.00012925463162427597
2020-06-25,1154.0,23208.0,26782.032,-0.018707482993197244,0.0005604656175899336,1176.0,23195.0,27277.32,-0.0075949367088608,-0.0007754275621418838
2020-06-26,1153.0,23210.0,26761.13,-0.0008665511265164572,8.617718028269827e-05,1154.0,23208.0,26782.032,-0.018707482993197244,0.0005604656175899336
2020-06-29,1178.0,23198.0,27327.244,0.021682567215958404,-0.0005170185264972149,1153.0,23210.0,26761.13,-0.0008665511265164572,8.617718028269827e-05
2020-06-30,1187.0,23204.0,27543.148,0.007640067911714787,0.00025864298646438577,1178.0,23198.0,27327.244,0.021682567215958404,-0.0005170185264972149
2020-07-01,1204.0,23203.0,27936.412,0.0143218197135635,-4.309601792795714e-05,1187.0,23204.0,27543.148,0.007640067911714787,0.00025864298646438577
2020-07-02,1202.0,23202.0,27888.804,-0.0016611295681062677,-4.309787527478903e-05,1204.0,23203.0,27936.412,0.0143218197135635,-4.309601792795714e-05
2020-07-03,1199.0,23199.0,27815.601,-0.0024958402662229595,-0.0001292991983449232,1202.0,23202.0,27888.804,-0.0016611295681062677,-4.309787527478903e-05
2020-07-06,1175.0,23201.0,27261.175,-0.020016680567139233,8.621061252633844e-05,1199.0,23199.0,27815.601,-0.0024958402662229595,-0.0001292991983449232
2020-07-07,1191.0,23180.0,27607.38,0.013617021276595809,-0.000905133399422442,1175.0,23201.0,27261.175,-0.020016680567139233,8.621061252633844e-05
2020-07-08,1192.0,23188.0,27640.096,0.0008396305625524292,0.0003451251078516737,1191.0,23180.0,27607.38,0.013617021276595809,-0.000905133399422442
2020-07-09,1197.0,23184.0,27751.248,0.004194630872483174,-0.00017250301880278318,1192.0,23188.0,27640.096,0.0008396305625524292,0.0003451251078516737
2020-07-10,1197.0,23177.0,27742.869,0.0,-0.0003019323671497043,1197.0,23184.0,27751.248,0.004194630872483174,-0.00017250301880278318
2020-07-13,1224.0,23179.0,28371.096,0.022556390977443552,8.6292445096392e-05,1197.0,23177.0,27742.869,0.0,-0.0003019323671497043
2020-07-14,1215.0,23181.0,28164.915,-0.007352941176470562,8.628499935281475e-05,1224.0,23179.0,28371.096,0.022556390977443552,8.6292445096392e-05
2020-07-15,1226.0,23183.0,28422.358,0.009053497942386857,8.627755489398758e-05,1215.0,23181.0,28164.915,-0.007352941176470562,8.628499935281475e-05
2020-07-16,1243.0,23184.0,28817.712,0.013866231647634564,4.313505585984423e-05,1226.0,23183.0,28422.358,0.009053497942386857,8.627755489398758e-05
2020-07-17,1293.0,23191.0,29985.963,0.04022526146419958,0.0003019323671498153,1243.0,23184.0,28817.712,0.013866231647634564,4.313505585984423e-05
2020-07-20,1278.0,23188.0,29634.264,-0.011600928074245953,-0.00012936052779100038,1293.0,23191.0,29985.963,0.04022526146419958,0.0003019323671498153
2020-07-21,1317.0,23180.0,30528.06,0.030516431924882736,-0.0003450060376056774,1278.0,23188.0,29634.264,-0.011600928074245953,-0.00012936052779100038
2020-07-22,1357.0,23184.0,31460.688,0.03037205770690954,0.00017256255392572584,1317.0,23180.0,30528.06,0.030516431924882736,-0.0003450060376056774
2020-07-23,1350.0,23180.0,31293.0,-0.005158437730287346,-0.0001725327812284183,1357.0,23184.0,31460.688,0.03037205770690954,0.00017256255392572584
2020-07-24,1358.0,23175.0,31471.65,0.00592592592592589,-0.00021570319240726832,1350.0,23180.0,31293.0,-0.005158437730287346,-0.0001725327812284183
2020-07-27,1346.0,23181.0,31201.626,-0.008836524300441795,0.0002588996763754903,1358.0,23175.0,31471.65,0.00592592592592589,-0.00021570319240726832
2020-07-28,1350.0,23170.0,31279.5,0.002971768202080227,-0.00047452655191748683,1346.0,23181.0,31201.626,-0.008836524300441795,0.0002588996763754903
2020-07-29,1358.0,23175.0,31471.65,0.00592592592592589,0.0002157962883038156,1350.0,23170.0,31279.5,0.002971768202080227,-0.00047452655191748683
2020-07-30,1356.0,23175.0,31425.3,-0.0014727540500736325,0.0,1358.0,23175.0,31471.65,0.00592592592592589,0.0002157962883038156
2020-07-31,1361.0,23170.0,31534.37,0.0036873156342183133,-0.00021574973031279754,1356.0,23175.0,31425.3,-0.0014727540500736325,0.0
2020-08-03,1350.0,23170.0,31279.5,-0.008082292432035287,0.0,1361.0,23170.0,31534.37,0.0036873156342183133,-0.00021574973031279754
2020-08-04,1386.0,23175.0,32120.55,0.026666666666666616,0.0002157962883038156,1350.0,23170.0,31279.5,-0.008082292432035287,0.0
2020-08-05,1362.0,23174.0,31562.988,-0.017316017316017285,-4.314994606258171e-05,1386.0,23175.0,32120.55,0.026666666666666616,0.0002157962883038156
2020-08-06,1353.0,23173.0,31353.069,-0.0066079295154185536,-4.315180806080399e-05,1362.0,23174.0,31562.988,-0.017316017316017285,-4.314994606258171e-05
2020-08-07,1363.0,23173.0,31584.799,0.007390983000739038,0.0,1353.0,23173.0,31353.069,-0.0066079295154185536,-4.315180806080399e-05
2020-08-10,1357.0,23170.0,31441.69,-0.00440205429200291,-0.00012946101065891558,1363.0,23173.0,31584.799,0.007390983000739038,0.0
2020-08-11,1337.0,23174.0,30983.638,-0.014738393515106862,0.00017263703064296365,1357.0,23170.0,31441.69,-0.00440205429200291,-0.00012946101065891558
2020-08-12,1342.0,23175.0,31100.85,0.0037397157816005944,4.315180806080399e-05,1337.0,23174.0,30983.638,-0.014738393515106862,0.00017263703064296365
2020-08-13,1382.0,23174.0,32026.468,0.02980625931445613,-4.314994606258171e-05,1342.0,23175.0,31100.85,0.0037397157816005944,4.315180806080399e-05
2020-08-14,1384.0,23174.0,32072.816,0.0014471780028944004,0.0,1382.0,23174.0,32026.468,0.02980625931445613,-4.314994606258171e-05
2020-08-17,1378.0,23174.0,31933.772,-0.00433526011560692,0.0,1384.0,23174.0,32072.816,0.0014471780028944004,0.0
2020-08-18,1396.0,23174.0,32350.904,0.013062409288824295,0.0,1378.0,23174.0,31933.772,-0.00433526011560692,0.0
2020-08-19,1384.0,23174.0,32072.816,-0.008595988538681931,0.0,1396.0,23174.0,32350.904,0.013062409288824295,0.0
2020-08-20,1385.0,23174.0,32095.99,0.0007225433526012459,0.0,1384.0,23174.0,32072.816,-0.008595988538681931,0.0
2020-08-21,1406.0,23175.0,32584.05,0.015162454873646203,4.315180806080399e-05,1385.0,23174.0,32095.99,0.0007225433526012459,0.0
2020-08-24,1404.0,23177.0,32540.508,-0.0014224751066855834,8.629989212516342e-05,1406.0,23175.0,32584.05,0.015162454873646203,4.315180806080399e-05
2020-08-25,1421.0,23170.0,32924.57,0.012108262108262213,-0.000302023557837483,1404.0,23177.0,32540.508,-0.0014224751066855834,8.629989212516342e-05
2020-08-26,1427.0,23174.0,33069.298,0.004222378606615118,0.00017263703064296365,1421.0,23170.0,32924.57,0.012108262108262213,-0.000302023557837483
2020-08-27,1405.0,23174.0,32559.47,-0.015416958654519974,0.0,1427.0,23174.0,33069.298,0.004222378606615118,0.00017263703064296365
2020-08-28,1429.0,23174.0,33115.646,0.01708185053380773,0.0,1405.0,23174.0,32559.47,-0.015416958654519974,0.0
2020-08-31,1429.0,23174.0,33115.646,0.0,0.0,1429.0,23174.0,33115.646,0.01708185053380773,0.0
2020-09-01,1463.0,23174.0,33903.562,0.023792862141357674,0.0,1429.0,23174.0,33115.646,0.0,0.0
2020-09-02,1440.0,23174.0,33370.56,-0.015721120984278913,0.0,1463.0,23174.0,33903.562,0.023792862141357674,0.0
2020-09-03,1436.0,23174.0,33277.864,-0.002777777777777768,0.0,1440.0,23174.0,33370.56,-0.015721120984278913,0.0
2020-09-04,1444.0,23178.0,33469.032,0.0055710306406684396,0.0001726072322429939,1436.0,23174.0,33277.864,-0.002777777777777768,0.0
2020-09-07,1427.0,23174.0,33069.298,-0.011772853185595622,-0.00017257744412801923,1444.0,23178.0,33469.032,0.0055710306406684396,0.0001726072322429939
2020-09-08,1411.0,23176.0,32701.336,-0.011212333566923638,8.630361612160797e-05,1427.0,23174.0,33069.298,-0.011772853185595622,-0.00017257744412801923
2020-09-09,1416.0,23175.0,32815.8,0.003543586109142405,-4.314808422500871e-05,1411.0,23176.0,32701.336,-0.011212333566923638,8.630361612160797e-05
2020-09-10,1423.0,23172.5,32974.4675,0.004943502824858781,-0.00010787486515639877,1416.0,23175.0,32815.8,0.003543586109142405,-4.314808422500871e-05
2020-09-11,1433.0,23174.0,33208.342,0.007027406886858767,6.473190203903911e-05,1423.0,23172.5,32974.4675,0.004943502824858781,-0.00010787486515639877
2020-09-14,1387.0,23175.0,32143.725,-0.032100488485694356,4.315180806080399e-05,1433.0,23174.0,33208.342,0.007027406886858767,6.473190203903911e-05
2020-09-15,1391.0,23175.0,32236.425,0.002883922134102379,0.0,1387.0,23175.0,32143.725,-0.032100488485694356,4.315180806080399e-05
2020-09-16,1392.0,23178.0,32263.776,0.0007189072609632419,0.00012944983818763411,1391.0,23175.0,32236.425,0.002883922134102379,0.0
2020-09-17,1387.0,23170.0,32136.79,-0.0035919540229885083,-0.0003451548882561495,1392.0,23178.0,32263.776,0.0007189072609632419,0.00012944983818763411
2020-09-18,1356.0,23170.0,31418.52,-0.022350396539293493,0.0,1387.0,23170.0,32136.79,-0.0035919540229885083,-0.0003451548882561495
2020-09-21,1347.0,23178.0,31220.766,-0.006637168141592875,0.00034527406128614935,1356.0,23170.0,31418.52,-0.022350396539293493,0.0
2020-09-22,1341.0,23177.0,31080.357,-0.0044543429844098315,-4.314436103203256e-05,1347.0,23178.0,31220.766,-0.006637168141592875,0.00034527406128614935
2020-09-23,1349.0,23185.0,31276.565,0.005965697240865042,0.00034516978038579005,1341.0,23177.0,31080.357,-0.0044543429844098315,-4.314436103203256e-05
2020-09-24,1352.0,23184.0,31344.768,0.002223869532987477,-4.313133491484766e-05,1349.0,23185.0,31276.565,0.005965697240865042,0.00034516978038579005
2020-09-25,1376.0,23191.0,31910.816,0.01775147928994092,0.0003019323671498153,1352.0,23184.0,31344.768,0.002223869532987477,-4.313133491484766e-05
2020-09-28,1346.0,23188.0,31211.048,-0.021802325581395388,-0.00012936052779100038,1376.0,23191.0,31910.816,0.01775147928994092,0.0003019323671498153
2020-09-29,1330.0,23190.0,30842.7,-0.011887072808320909,8.625150940133608e-05,1346.0,23188.0,31211.048,-0.021802325581395388,-0.00012936052779100038
2020-09-30,1331.0,23181.0,30853.911,0.0007518796992480592,-0.0003880983182406039,1330.0,23190.0,30842.7,-0.011887072808320909,8.625150940133608e-05
2020-10-01,1315.0,23188.0,30492.22,-0.012021036814425234,0.0003019714421292896,1331.0,23181.0,30853.911,0.0007518796992480592,-0.0003880983182406039
2020-10-02,1311.0,23191.0,30403.401,-0.003041825095057016,0.00012937726410222616,1315.0,23188.0,30492.22,-0.012021036814425234,0.0003019714421292896
2020-10-05,1293.0,23203.0,30001.479,-0.013729977116704761,0.0005174421111637795,1311.0,23191.0,30403.401,-0.003041825095057016,0.00012937726410222616
2020-10-06,1279.0,23205.0,29679.195,-0.010827532869296164,8.619575054957807e-05,1293.0,23203.0,30001.479,-0.013729977116704761,0.0005174421111637795
2020-10-07,1266.0,23205.0,29377.53,-0.010164190774042181,0.0,1279.0,23205.0,29679.195,-0.010827532869296164,8.619575054957807e-05
2020-10-08,1271.0,23191.0,29475.761,0.003949447077409074,-0.0006033182503770718,1266.0,23205.0,29377.53,-0.010164190774042181,0.0
2020-10-09,1280.0,23180.0,29670.4,0.007081038552321006,-0.000474321935233446,1271.0,23191.0,29475.761,0.003949447077409074,-0.0006033182503770718
2020-10-12,1255.0,23178.0,29088.39,-0.01953125,-8.628127696286292e-05,1280.0,23180.0,29670.4,0.007081038552321006,-0.000474321935233446
2020-10-13,1250.0,23177.0,28971.25,-0.003984063745019917,-4.314436103203256e-05,1255.0,23178.0,29088.39,-0.01953125,-8.628127696286292e-05
2020-10-14,1276.0,23175.0,29571.3,0.02079999999999993,-8.6292445096392e-05,1250.0,23177.0,28971.25,-0.003984063745019917,-4.314436103203256e-05
2020-10-15,1286.0,23170.0,29796.62,0.00783699059561127,-0.00021574973031279754,1276.0,23175.0,29571.3,0.02079999999999993,-8.6292445096392e-05
2020-10-16,1297.0,23175.0,30057.975,0.008553654743390426,0.0002157962883038156,1286.0,23170.0,29796.62,0.00783699059561127,-0.00021574973031279754
2020-10-19,1305.0,23175.0,30243.375,0.006168080185042335,0.0,1297.0,23175.0,30057.975,0.008553654743390426,0.0002157962883038156
2020-10-20,1289.0,23179.0,29877.731,-0.01226053639846747,0.00017259978425032685,1305.0,23175.0,30243.375,0.006168080185042335,0.0
2020-10-21,1279.0,23177.0,29643.383,-0.007757951900698168,-8.628499935281475e-05,1289.0,23179.0,29877.731,-0.01226053639846747,0.00017259978425032685
2020-10-22,1307.0,23176.0,30291.032,0.0218921032056294,-4.3146222548196e-05,1279.0,23177.0,29643.383,-0.007757951900698168,-8.628499935281475e-05
2020-10-23,1305.0,23176.0,30244.68,-0.0015302218821728886,0.0,1307.0,23176.0,30291.032,0.0218921032056294,-4.3146222548196e-05
2020-10-26,1313.0,23175.0,30428.775,0.006130268199233679,-4.314808422500871e-05,1305.0,23176.0,30244.68,-0.0015302218821728886,0.0
2020-10-27,1351.0,23175.0,31309.425,0.028941355674029,0.0,1313.0,23175.0,30428.775,0.006130268199233679,-4.314808422500871e-05
2020-10-28,1347.0,23176.0,31218.072,-0.002960769800148033,4.314994606247069e-05,1351.0,23175.0,31309.425,0.028941355674029,0.0
2020-10-29,1337.0,23170.0,30978.29,-0.007423904974016349,-0.0002588885053503853,1347.0,23176.0,31218.072,-0.002960769800148033,4.314994606247069e-05
2020-10-30,1351.0,23180.0,31316.18,0.010471204188481575,0.0004315925766076312,1337.0,23170.0,30978.29,-0.007423904974016349,-0.0002588885053503853
2020-11-02,1342.0,23177.0,31103.534,-0.006661732050333047,-0.00012942191544429438,1351.0,23180.0,31316.18,0.010471204188481575,0.0004315925766076312
2020-11-03,1327.0,23176.0,30754.552,-0.011177347242920965,-4.3146222548196e-05,1342.0,23177.0,31103.534,-0.006661732050333047,-0.00012942191544429438
2020-11-04,1313.0,23176.0,30430.088,-0.010550113036925435,0.0,1327.0,23176.0,30754.552,-0.011177347242920965,-4.3146222548196e-05
2020-11-05,1339.0,23175.0,31031.325,0.01980198019801982,-4.314808422500871e-05,1313.0,23176.0,30430.088,-0.010550113036925435,0.0
2020-11-06,1350.0,23176.0,31287.6,0.00821508588498876,4.314994606247069e-05,1339.0,23175.0,31031.325,0.01980198019801982,-4.314808422500871e-05
2020-11-09,1347.0,23170.0,31209.99,-0.0022222222222222365,-0.0002588885053503853,1350.0,23176.0,31287.6,0.00821508588498876,4.314994606247069e-05
2020-11-10,1366.0,23173.0,31654.318,0.01410541945063093,0.00012947777298233376,1347.0,23170.0,31209.99,-0.0022222222222222365,-0.0002588885053503853
2020-11-11,1393.0,23175.0,32282.775,0.019765739385065872,8.630734043935107e-05,1366.0,23173.0,31654.318,0.01410541945063093,0.00012947777298233376
2020-11-12,1413.0,23175.0,32746.275,0.014357501794687755,0.0,1393.0,23175.0,32282.775,0.019765739385065872,8.630734043935107e-05
2020-11-13,1410.0,23175.0,32676.75,-0.002123142250530785,0.0,1413.0,23175.0,32746.275,0.014357501794687755,0.0
2020-11-16,1440.0,23175.0,33372.0,0.02127659574468077,0.0,1410.0,23175.0,32676.75,-0.002123142250530785,0.0
2020-11-17,1416.0,23163.0,32798.808,-0.01666666666666672,-0.0005177993527507585,1440.0,23175.0,33372.0,0.02127659574468077,0.0
2020-11-18,1402.0,23160.0,32470.32,-0.009887005649717562,-0.00012951690195572851,1416.0,23163.0,32798.808,-0.01666666666666672,-0.0005177993527507585
2020-11-19,1391.0,23176.0,32237.816,-0.007845934379457908,0.000690846286701241,1402.0,23160.0,32470.32,-0.009887005649717562,-0.00012951690195572851
2020-11-20,1386.0,23176.0,32121.936,-0.0035945363048166534,0.0,1391.0,23176.0,32237.816,-0.007845934379457908,0.000690846286701241
2020-11-23,1378.0,23177.0,31937.906,-0.005772005772005762,4.314808422511973e-05,1386.0,23176.0,32121.936,-0.0035945363048166534,0.0
2020-11-24,1353.0,23151.0,31323.303,-0.018142235123367212,-0.0011218017862536511,1378.0,23177.0,31937.906,-0.005772005772005762,4.314808422511973e-05
2020-11-25,1376.0,23160.0,31868.16,0.01699926090170001,0.0003887521057406307,1353.0,23151.0,31323.303,-0.018142235123367212,-0.0011218017862536511
2020-11-26,1411.0,23164.0,32684.404,0.025436046511627897,0.00017271157167519924,1376.0,23160.0,31868.16,0.01699926090170001,0.0003887521057406307
2020-11-27,1413.0,23160.0,32725.08,0.0014174344436570507,-0.00017268174753926058,1411.0,23164.0,32684.404,0.025436046511627897,0.00017271157167519924
2020-11-30,1405.0,23140.0,32511.7,-0.005661712668082131,-0.0008635578583765513,1413.0,23160.0,32725.08,0.0014174344436570507,-0.00017268174753926058
2020-12-01,1388.0,23129.0,32103.052,-0.012099644128113929,-0.00047536732929986947,1405.0,23140.0,32511.7,-0.005661712668082131,-0.0008635578583765513
2020-12-02,1364.0,23129.0,31547.956,-0.01729106628242072,0.0,1388.0,23129.0,32103.052,-0.012099644128113929,-0.00047536732929986947
2020-12-03,1371.0,23125.0,31704.375,0.00513196480938416,-0.00017294305849802072,1364.0,23129.0,31547.956,-0.01729106628242072,0.0
2020-12-04,1355.0,23130.0,31341.15,-0.011670313639679075,0.00021621621621625842,1371.0,23125.0,31704.375,0.00513196480938416,-0.00017294305849802072
2020-12-07,1350.0,23127.0,31221.45,-0.0036900369003689537,-0.00012970168612191912,1355.0,23130.0,31341.15,-0.011670313639679075,0.00021621621621625842
2020-12-08,1345.0,23128.0,31107.16,-0.0037037037037036535,4.323950361051487e-05,1350.0,23127.0,31221.45,-0.0036900369003689537,-0.00012970168612191912
2020-12-09,1334.0,23128.0,30852.752,-0.008178438661710086,0.0,1345.0,23128.0,31107.16,-0.0037037037037036535,4.323950361051487e-05
2020-12-10,1351.0,23128.0,31245.928,0.012743628185907019,0.0,1334.0,23128.0,30852.752,-0.008178438661710086,0.0
2020-12-11,1357.0,23128.0,31384.696,0.004441154700222105,0.0,1351.0,23128.0,31245.928,0.012743628185907019,0.0
2020-12-14,1376.0,23126.0,31821.376,0.014001473839351464,-8.647526807337158e-05,1357.0,23128.0,31384.696,0.004441154700222105,0.0
2020-12-15,1372.0,23126.0,31728.872,-0.0029069767441860517,0.0,1376.0,23126.0,31821.376,0.014001473839351464,-8.647526807337158e-05
2020-12-16,1378.0,23126.0,31867.628,0.004373177842565523,0.0,1372.0,23126.0,31728.872,-0.0029069767441860517,0.0
2020-12-17,1387.0,23120.0,32067.44,0.006531204644412147,-0.0002594482400760656,1378.0,23126.0,31867.628,0.004373177842565523,0.0
2020-12-18,1380.0,23124.0,31911.12,-0.005046863734679219,0.0001730103806227845,1387.0,23120.0,32067.44,0.006531204644412147,-0.0002594482400760656
2020-12-21,1383.0,23120.0,31974.96,0.0021739130434783593,-0.00017298045320879307,1380.0,23124.0,31911.12,-0.005046863734679219,0.0001730103806227845
2020-12-22,1379.0,23127.0,31892.133,-0.002892263195950817,0.0003027681660898729,1383.0,23120.0,31974.96,0.0021739130434783593,-0.00017298045320879307
2020-12-23,1378.0,23130.0,31873.14,-0.0007251631617113397,0.00012971851083154462,1379.0,23127.0,31892.133,-0.002892263195950817,0.0003027681660898729
2020-12-24,1383.0,23125.0,31981.875,0.0036284470246734646,-0.0002161694768698652,1378.0,23130.0,31873.14,-0.0007251631617113397,0.00012971851083154462
2020-12-25,1383.0,23130.0,31988.79,0.0,0.00021621621621625842,1383.0,23125.0,31981.875,0.0036284470246734646,-0.0002161694768698652
2020-12-28,1383.0,23125.0,31981.875,0.0,-0.0002161694768698652,1383.0,23130.0,31988.79,0.0,0.00021621621621625842
2020-12-29,1383.0,23120.0,31974.96,0.0,-0.00021621621621625842,1383.0,23125.0,31981.875,0.0,-0.0002161694768698652
2020-12-30,1376.0,23088.0,31769.088,-0.005061460592913902,-0.0013840830449827202,1383.0,23120.0,31974.96,0.0,-0.00021621621621625842
2020-12-31,1386.0,23070.0,31975.02,0.007267441860465018,-0.0007796257796257589,1376.0,23088.0,31769.088,-0.005061460592913902,-0.0013840830449827202
2021-01-01,1386.0,23070.0,31975.02,0.0,0.0,1386.0,23070.0,31975.02,0.007267441860465018,-0.0007796257796257589
2021-01-04,1372.0,23070.0,31652.04,-0.010101010101010055,0.0,1386.0,23070.0,31975.02,0.0,0.0
2021-01-05,1365.0,23080.0,31504.2,-0.005102040816326481,0.0004334633723450665,1372.0,23070.0,31652.04,-0.010101010101010055,0.0
2021-01-06,1356.0,23090.0,31310.04,-0.00659340659340657,0.0004332755632583396,1365.0,23080.0,31504.2,-0.005102040816326481,0.0004334633723450665
2021-01-07,1336.0,23078.0,30832.208,-0.014749262536873142,-0.0005197055002165163,1356.0,23090.0,31310.04,-0.00659340659340657,0.0004332755632583396
2021-01-08,1318.0,23066.0,30400.988,-0.013473053892215536,-0.0005199757344657163,1336.0,23078.0,30832.208,-0.014749262536873142,-0.0005197055002165163
2021-01-11,1315.0,23050.0,30310.75,-0.0022761760242792084,-0.0006936616665221829,1318.0,23066.0,30400.988,-0.013473053892215536,-0.0005199757344657163
2021-01-12,1302.0,23065.0,30030.63,-0.009885931558935357,0.0006507592190889699,1315.0,23050.0,30310.75,-0.0022761760242792084,-0.0006936616665221829
2021-01-13,1332.0,23064.0,30721.248,0.02304147465437789,-4.335573379576907e-05,1302.0,23065.0,30030.63,-0.009885931558935357,0.0006507592190889699
2021-01-14,1332.0,23064.0,30721.248,0.0,0.0,1332.0,23064.0,30721.248,0.02304147465437789,-4.335573379576907e-05
2021-01-15,1353.0,23065.0,31206.945,0.015765765765765716,4.3357613596972655e-05,1332.0,23064.0,30721.248,0.0,0.0
2021-01-18,1343.0,23069.0,30981.667,-0.007390983000739149,0.00017342293518307628,1353.0,23065.0,31206.945,0.015765765765765716,4.3357613596972655e-05
2021-01-19,1348.0,23069.0,31097.012,0.0037230081906181045,0.0,1343.0,23069.0,30981.667,-0.007390983000739149,0.00017342293518307628
2021-01-20,1340.0,23072.0,30916.48,-0.005934718100890191,0.00013004464866273047,1348.0,23069.0,31097.012,0.0037230081906181045,0.0
2021-01-21,1323.0,23060.0,30508.38,-0.012686567164179152,-0.0005201109570042162,1340.0,23072.0,30916.48,-0.005934718100890191,0.00013004464866273047
2021-01-22,1310.0,23070.0,30221.7,-0.009826152683295564,0.00043365134431927466,1323.0,23060.0,30508.38,-0.012686567164179152,-0.0005201109570042162
2021-01-25,1309.0,23060.0,30185.54,-0.0007633587786259888,-0.0004334633723450665,1310.0,23070.0,30221.7,-0.009826152683295564,0.00043365134431927466
2021-01-26,1325.0,23069.0,30566.425,0.012223071046600475,0.00039028620988723617,1309.0,23060.0,30185.54,-0.0007633587786259888,-0.0004334633723450665
2021-01-27,1326.0,23069.0,30589.494,0.0007547169811321641,0.0,1325.0,23069.0,30566.425,0.012223071046600475,0.00039028620988723617
2021-01-28,1313.0,23059.0,30276.467,-0.009803921568627416,-0.00043348216220906455,1326.0,23069.0,30589.494,0.0007547169811321641,0.0
2021-01-29,1319.0,23048.0,30400.312,0.004569687738004591,-0.000477037165531935,1313.0,23059.0,30276.467,-0.009803921568627416,-0.00043348216220906455
2021-02-01,1336.0,23045.0,30788.12,0.012888551933282866,-0.00013016313779934396,1319.0,23048.0,30400.312,0.004569687738004591,-0.000477037165531935
2021-02-02,1318.0,23027.0,30349.586,-0.013473053892215536,-0.0007810804946842831,1336.0,23045.0,30788.12,0.012888551933282866,-0.00013016313779934396
2021-02-03,1343.0,23020.0,30915.86,0.01896813353566018,-0.00030399096712552254,1318.0,23027.0,30349.586,-0.013473053892215536,-0.0007810804946842831
2021-02-04,1359.0,23015.0,31277.385,0.011913626209977712,-0.0002172024326672073,1343.0,23020.0,30915.86,0.01896813353566018,-0.00030399096712552254
2021-02-05,1359.0,23000.0,31257.0,0.0,-0.0006517488594395271,1359.0,23015.0,31277.385,0.011913626209977712,-0.0002172024326672073
2021-02-08,1356.0,22970.0,31147.32,-0.002207505518763808,-0.0013043478260869046,1359.0,23000.0,31257.0,0.0,-0.0006517488594395271
2021-02-09,1365.0,23010.0,31408.65,0.006637168141592875,0.0017414018284718225,1356.0,22970.0,31147.32,-0.002207505518763808,-0.0013043478260869046
2021-02-10,1374.0,23010.0,31615.74,0.00659340659340657,0.0,1365.0,23010.0,31408.65,0.006637168141592875,0.0017414018284718225
2021-02-11,1362.0,23010.0,31339.62,-0.008733624454148492,0.0,1374.0,23010.0,31615.74,0.00659340659340657,0.0
2021-02-12,1367.0,23010.0,31454.67,0.0036710719530101965,0.0,1362.0,23010.0,31339.62,-0.008733624454148492,0.0
2021-02-15,1356.0,23010.0,31201.56,-0.008046817849305055,0.0,1367.0,23010.0,31454.67,0.0036710719530101965,0.0
2021-02-16,1363.0,23010.0,31362.63,0.005162241887905594,0.0,1356.0,23010.0,31201.56,-0.008046817849305055,0.0
2021-02-17,1372.0,23010.0,31569.72,0.006603081438004477,0.0,1363.0,23010.0,31362.63,0.005162241887905594,0.0
2021-02-18,1380.0,23015.0,31760.7,0.005830903790087438,0.00021729682746629564,1372.0,23010.0,31569.72,0.006603081438004477,0.0
2021-02-19,1369.0,23018.0,31511.642,-0.007971014492753614,0.000130349771887861,1380.0,23015.0,31760.7,0.005830903790087438,0.00021729682746629564
2021-02-22,1416.0,23020.0,32596.32,0.034331628926223434,8.688852202620723e-05,1369.0,23018.0,31511.642,-0.007971014492753614,0.000130349771887861
2021-02-23,1460.0,23025.0,33616.5,0.031073446327683607,0.0002172024326672073,1416.0,23020.0,32596.32,0.034331628926223434,8.688852202620723e-05
2021-02-24,1463.0,23020.0,33678.26,0.00205479452054802,-0.00021715526601517876,1460.0,23025.0,33616.5,0.031073446327683607,0.0002172024326672073
2021-02-25,1476.0,23025.0,33984.9,0.008885850991114053,0.0002172024326672073,1463.0,23020.0,33678.26,0.00205479452054802,-0.00021715526601517876
2021-02-26,1473.0,23015.0,33901.095,-0.002032520325203291,-0.0004343105320303575,1476.0,23025.0,33984.9,0.008885850991114053,0.0002172024326672073
2021-03-01,1465.0,23020.0,33724.3,-0.005431093007467802,0.0002172496198131757,1473.0,23015.0,33901.095,-0.002032520325203291,-0.0004343105320303575
2021-03-02,1450.0,23022.0,33381.9,-0.010238907849829393,8.688097306697173e-05,1465.0,23020.0,33724.3,-0.005431093007467802,0.0002172496198131757
2021-03-03,1426.0,23020.0,32826.52,-0.016551724137931045,-8.687342541913168e-05,1450.0,23022.0,33381.9,-0.010238907849829393,8.688097306697173e-05
2021-03-04,1406.0,23019.0,32364.714,-0.014025245441795287,-4.344048653348587e-05,1426.0,23020.0,32826.52,-0.016551724137931045,-8.687342541913168e-05
2021-03-05,1381.0,23033.0,31808.573,-0.01778093883357046,0.0006081932316781558,1406.0,23019.0,32364.714,-0.014025245441795287,-4.344048653348587e-05
2021-03-08,1361.0,23025.0,31337.025,-0.014482259232440287,-0.0003473277471454095,1381.0,23033.0,31808.573,-0.01778093883357046,0.0006081932316781558
2021-03-09,1400.0,23060.0,32284.0,0.028655400440852352,0.0015200868621063623,1361.0,23025.0,31337.025,-0.014482259232440287,-0.0003473277471454095
2021-03-10,1410.0,23052.0,32503.32,0.0071428571428571175,-0.0003469210754553087,1400.0,23060.0,32284.0,0.028655400440852352,0.0015200868621063623
2021-03-11,1419.0,23051.0,32709.369,0.006382978723404209,-4.3380183932018035e-05,1410.0,23052.0,32503.32,0.0071428571428571175,-0.0003469210754553087
2021-03-12,1403.0,23055.0,32346.165,-0.01127554615926707,0.00017352826341587857,1419.0,23051.0,32709.369,0.006382978723404209,-4.3380183932018035e-05
2021-03-15,1388.0,23081.0,32036.428,-0.010691375623663624,0.0011277380177836527,1403.0,23055.0,32346.165,-0.01127554615926707,0.00017352826341587857
2021-03-16,1406.0,23082.0,32453.292,0.012968299711815456,4.332567913012397e-05,1388.0,23081.0,32036.428,-0.010691375623663624,0.0011277380177836527
2021-03-17,1412.0,23045.0,32539.54,0.004267425320056972,-0.0016029806775842426,1406.0,23082.0,32453.292,0.012968299711815456,4.332567913012397e-05
2021-03-18,1386.0,23065.0,31968.09,-0.018413597733711096,0.0008678672163158208,1412.0,23045.0,32539.54,0.004267425320056972,-0.0016029806775842426
2021-03-19,1380.0,23073.0,31840.74,-0.0043290043290042934,0.0003468458703663746,1386.0,23065.0,31968.09,-0.018413597733711096,0.0008678672163158208
2021-03-22,1398.0,23076.0,32260.248,0.01304347826086949,0.00013002210375767653,1380.0,23073.0,31840.74,-0.0043290043290042934,0.0003468458703663746
2021-03-23,1377.0,23070.0,31767.39,-0.015021459227467782,-0.00026001040041601087,1398.0,23076.0,32260.248,0.01304347826086949,0.00013002210375767653
2021-03-24,1366.0,23080.0,31527.28,-0.007988380537400142,0.0004334633723450665,1377.0,23070.0,31767.39,-0.015021459227467782,-0.00026001040041601087
2021-03-25,1365.0,23084.0,31509.66,-0.0007320644216690653,0.00017331022530320261,1366.0,23080.0,31527.28,-0.007988380537400142,0.0004334633723450665
2021-03-26,1416.0,23084.0,32686.944,0.03736263736263745,0.0,1365.0,23084.0,31509.66,-0.0007320644216690653,0.00017331022530320261
2021-03-29,1397.0,23070.0,32228.79,-0.013418079096045199,-0.0006064806792583921,1416.0,23084.0,32686.944,0.03736263736263745,0.0
2021-03-30,1373.0,23070.0,31675.11,-0.01717967072297777,0.0,1397.0,23070.0,32228.79,-0.013418079096045199,-0.0006064806792583921
2021-03-31,1366.0,23074.0,31519.084,-0.0050983248361252675,0.000173385348938071,1373.0,23070.0,31675.11,-0.01717967072297777,0.0
2021-04-01,1350.0,23065.0,31137.75,-0.01171303074670571,-0.00039004940625808615,1366.0,23074.0,31519.084,-0.0050983248361252675,0.000173385348938071
2021-04-02,1350.0,23073.0,31148.55,0.0,0.0003468458703663746,1350.0,23065.0,31137.75,-0.01171303074670571,-0.00039004940625808615
2021-04-05,1350.0,23079.0,31156.65,0.0,0.00026004420751535307,1350.0,23073.0,31148.55,0.0,0.0003468458703663746
2021-04-06,1357.0,23090.0,31333.13,0.005185185185185182,0.0004766237705273735,1350.0,23079.0,31156.65,0.0,0.00026004420751535307
2021-04-07,1349.0,23090.0,31148.41,-0.005895357406042745,0.0,1357.0,23090.0,31333.13,0.005185185185185182,0.0004766237705273735
2021-04-08,1369.0,23085.0,31603.365,0.014825796886582587,-0.0002165439584235207,1349.0,23090.0,31148.41,-0.005895357406042745,0.0
2021-04-09,1363.0,23065.0,31437.595,-0.0043827611395178545,-0.0008663634394628916,1369.0,23085.0,31603.365,0.014825796886582587,-0.0002165439584235207
2021-04-12,1365.0,23067.0,31486.455,0.0014673514306675628,8.671146759153814e-05,1363.0,23065.0,31437.595,-0.0043827611395178545,-0.0008663634394628916
2021-04-13,1369.0,23069.0,31581.461,0.00293040293040292,8.670394936483028e-05,1365.0,23067.0,31486.455,0.0014673514306675628,8.671146759153814e-05
2021-04-14,1391.0,23078.0,32101.498,0.016070124178232392,0.0003901339459881914,1369.0,23069.0,31581.461,0.00293040293040292,8.670394936483028e-05
2021-04-15,1389.0,23073.0,32048.397,-0.0014378145219267058,-0.00021665655602742806,1391.0,23078.0,32101.498,0.016070124178232392,0.0003901339459881914
2021-04-16,1380.0,23067.0,31832.46,-0.006479481641468721,-0.00026004420751524204,1389.0,23073.0,32048.397,-0.0014378145219267058,-0.00021665655602742806
2021-04-19,1385.0,23073.0,31956.105,0.0036231884057971175,0.0002601118480947129,1380.0,23067.0,31832.46,-0.006479481641468721,-0.00026004420751524204
2021-04-20,1398.0,23074.0,32257.452,0.009386281588447565,4.3340701252558844e-05,1385.0,23073.0,31956.105,0.0036231884057971175,0.0002601118480947129
2021-04-21,1410.0,23074.0,32534.34,0.008583690987124415,0.0,1398.0,23074.0,32257.452,0.009386281588447565,4.3340701252558844e-05
2021-04-22,1408.0,23070.0,32482.56,-0.0014184397163120588,-0.00017335529167028518,1410.0,23074.0,32534.34,0.008583690987124415,0.0
2021-04-23,1416.0,23070.0,32667.12,0.005681818181818121,0.0,1408.0,23070.0,32482.56,-0.0014184397163120588,-0.00017335529167028518
2021-04-26,1440.0,23040.0,33177.6,0.016949152542372836,-0.0013003901170350884,1416.0,23070.0,32667.12,0.005681818181818121,0.0
2021-04-27,1461.0,23042.0,33664.362,0.014583333333333393,8.680555555562464e-05,1440.0,23040.0,33177.6,0.016949152542372836,-0.0013003901170350884
2021-04-28,1468.0,23047.0,33832.996,0.004791238877481119,0.00021699505251282503,1461.0,23042.0,33664.362,0.014583333333333393,8.680555555562464e-05
2021-04-29,1452.0,23054.0,33474.408,-0.010899182561307952,0.00030372716622562024,1468.0,23047.0,33832.996,0.004791238877481119,0.00021699505251282503
2021-04-30,1456.0,23054.0,33566.624,0.0027548209366390353,0.0,1452.0,23054.0,33474.408,-0.010899182561307952,0.00030372716622562024
2021-05-03,1456.0,23054.0,33566.624,0.0,0.0,1456.0,23054.0,33566.624,0.0027548209366390353,0.0
2021-05-04,1474.0,23050.0,33975.7,0.012362637362637319,-0.00017350568231111474,1456.0,23054.0,33566.624,0.0,0.0
2021-05-05,1538.0,23060.0,35466.28,0.04341926729986434,0.0004338394793925726,1474.0,23050.0,33975.7,0.012362637362637319,-0.00017350568231111474
2021-05-06,1547.0,23067.0,35684.649,0.0058517555266579535,0.00030355594102338124,1538.0,23060.0,35466.28,0.04341926729986434,0.0004338394793925726
2021-05-07,1539.0,23060.0,35489.34,-0.005171299288946329,-0.000303463822777128,1547.0,23067.0,35684.649,0.0058517555266579535,0.00030355594102338124
2021-05-10,1518.0,23060.0,35005.08,-0.013645224171540016,0.0,1539.0,23060.0,35489.34,-0.005171299288946329,-0.000303463822777128
2021-05-11,1532.0,23055.0,35320.26,0.00922266139657446,-0.00021682567215963733,1518.0,23060.0,35005.08,-0.013645224171540016,0.0
2021-05-12,1514.0,23053.0,34902.242,-0.011749347258485643,-8.674907829109291e-05,1532.0,23055.0,35320.26,0.00922266139657446,-0.00021682567215963733
2021-05-13,1495.0,23040.0,34444.8,-0.012549537648612996,-0.0005639179282522777,1514.0,23053.0,34902.242,-0.011749347258485643,-8.674907829109291e-05
2021-05-14,1460.0,23048.0,33650.08,-0.02341137123745818,0.0003472222222222765,1495.0,23040.0,34444.8,-0.012549537648612996,-0.0005639179282522777
2021-05-17,1459.0,23046.0,33624.114,-0.00068493150684934,-8.677542519963666e-05,1460.0,23048.0,33650.08,-0.02341137123745818,0.0003472222222222765
2021-05-18,1515.0,23040.0,34905.6,0.03838245373543514,-0.00026034886748238506,1459.0,23046.0,33624.114,-0.00068493150684934,-8.677542519963666e-05
2021-05-19,1502.0,23045.0,34613.59,-0.008580858085808551,0.00021701388888883955,1515.0,23040.0,34905.6,0.03838245373543514,-0.00026034886748238506
2021-05-20,1490.0,23045.0,34337.05,-0.007989347536617841,0.0,1502.0,23045.0,34613.59,-0.008580858085808551,0.00021701388888883955
2021-05-21,1478.0,23054.0,34073.812,-0.008053691275167751,0.00039054024734208603,1490.0,23045.0,34337.05,-0.007989347536617841,0.0
2021-05-24,1478.0,23056.0,34076.768,0.0,8.675284115544635e-05,1478.0,23054.0,34073.812,-0.008053691275167751,0.00039054024734208603
2021-05-25,1512.0,23060.0,34866.72,0.023004059539918797,0.00017349063150584598,1478.0,23056.0,34076.768,0.0,8.675284115544635e-05
2021-05-26,1526.0,23055.0,35181.93,0.0092592592592593,-0.00021682567215963733,1512.0,23060.0,34866.72,0.023004059539918797,0.00017349063150584598
2021-05-27,1538.0,23045.0,35443.21,0.007863695937090354,-0.0004337453914552425,1526.0,23055.0,35181.93,0.0092592592592593,-0.00021682567215963733
2021-05-28,1605.0,23045.0,36987.225,0.043563068920676296,0.0,1538.0,23045.0,35443.21,0.007863695937090354,-0.0004337453914552425
2021-05-31,1605.0,23040.0,36979.2,0.0,-0.0002169668040790107,1605.0,23045.0,36987.225,0.043563068920676296,0.0
2021-06-01,1615.0,23044.0,37216.06,0.006230529595015577,0.00017361111111102723,1605.0,23040.0,36979.2,0.0,-0.0002169668040790107
2021-06-02,1627.0,23040.0,37486.08,0.007430340557275539,-0.00017358097552511165,1615.0,23044.0,37216.06,0.006230529595015577,0.00017361111111102723
2021-06-03,1616.0,23041.0,37234.256,-0.006760909649661917,4.340277777781232e-05,1627.0,23040.0,37486.08,0.007430340557275539,-0.00017358097552511165
2021-06-04,1638.0,23044.0,37746.072,0.013613861386138515,0.0001302026821752289,1616.0,23041.0,37234.256,-0.006760909649661917,4.340277777781232e-05
2021-06-07,1651.0,23000.0,37973.0,0.007936507936507908,-0.001909390730775895,1638.0,23044.0,37746.072,0.013613861386138515,0.0001302026821752289
2021-06-08,1621.0,22952.0,37205.192,-0.018170805572380377,-0.0020869565217391806,1651.0,23000.0,37973.0,0.007936507936507908,-0.001909390730775895
2021-06-09,1608.0,22955.0,36911.64,-0.008019740900678585,0.0001307075636109989,1621.0,22952.0,37205.192,-0.018170805572380377,-0.0020869565217391806
2021-06-10,1611.0,22947.0,36967.617,0.001865671641791078,-0.0003485079503375843,1608.0,22955.0,36911.64,-0.008019740900678585,0.0001307075636109989
2021-06-11,1619.0,22945.0,37147.955,0.004965859714463061,-8.71573626182176e-05,1611.0,22947.0,36967.617,0.001865671641791078,-0.0003485079503375843
2021-06-14,1596.0,22944.0,36618.624,-0.014206300185299559,-4.358247984315167e-05,1619.0,22945.0,37147.955,0.004965859714463061,-8.71573626182176e-05
2021-06-15,1600.0,22947.0,36715.2,0.0025062656641603454,0.00013075313807542344,1596.0,22944.0,36618.624,-0.014206300185299559,-4.358247984315167e-05
2021-06-16,1629.0,22946.0,37379.034,0.018124999999999947,-4.35786813091088e-05,1600.0,22947.0,36715.2,0.0025062656641603454,0.00013075313807542344
2021-06-17,1598.0,22960.0,36690.08,-0.019030079803560418,0.0006101281269066394,1629.0,22946.0,37379.034,0.018124999999999947,-4.35786813091088e-05
2021-06-18,1616.0,22995.0,37159.92,0.01126408010012514,0.0015243902439023849,1598.0,22960.0,36690.08,-0.019030079803560418,0.0006101281269066394
2021-06-21,1617.0,23014.0,37213.638,0.0006188118811880639,0.0008262665796912039,1616.0,22995.0,37159.92,0.01126408010012514,0.0015243902439023849
2021-06-22,1597.0,23025.0,36770.925,-0.01236858379715522,0.00047796993134618937,1617.0,23014.0,37213.638,0.0006188118811880639,0.0008262665796912039
2021-06-23,1623.0,23020.0,37361.46,0.016280525986224204,-0.00021715526601517876,1597.0,23025.0,36770.925,-0.01236858379715522,0.00047796993134618937
2021-06-24,1650.0,23003.0,37954.95,0.01663585951940849,-0.0007384882710685936,1623.0,23020.0,37361.46,0.016280525986224204,-0.00021715526601517876
2021-06-25,1679.0,23020.0,38650.58,0.017575757575757578,0.0007390340390382999,1650.0,23003.0,37954.95,0.01663585951940849,-0.0007384882710685936
2021-06-28,1711.0,23020.0,39387.22,0.019058963668850515,0.0,1679.0,23020.0,38650.58,0.017575757575757578,0.0007390340390382999
2021-06-29,1675.0,23020.0,38558.5,-0.021040327293980088,0.0,1711.0,23020.0,39387.22,0.019058963668850515,0.0
2021-06-30,1705.0,23014.0,39238.87,0.017910447761193993,-0.00026064291920069316,1675.0,23020.0,38558.5,-0.021040327293980088,0.0
2021-07-01,1701.0,23010.0,39140.01,-0.002346041055718451,-0.00017380724776228096,1705.0,23014.0,39238.87,0.017910447761193993,-0.00026064291920069316
2021-07-02,1707.0,22998.0,39257.586,0.003527336860670305,-0.0005215123859191317,1701.0,23010.0,39140.01,-0.002346041055718451,-0.00017380724776228096
2021-07-05,1687.0,22996.0,38794.252,-0.011716461628588193,-8.696408383335186e-05,1707.0,22998.0,39257.586,0.003527336860670305,-0.0005215123859191317
2021-07-06,1679.0,23007.0,38628.753,-0.004742145820983978,0.00047834405983659956,1687.0,22996.0,38794.252,-0.011716461628588193,-8.696408383335186e-05
2021-07-07,1702.0,23015.0,39171.53,0.013698630136986356,0.0003477202590516093,1679.0,23007.0,38628.753,-0.004742145820983978,0.00047834405983659956
2021-07-08,1707.0,23007.0,39272.949,0.002937720329024618,-0.0003475993917010367,1702.0,23015.0,39171.53,0.013698630136986356,0.0003477202590516093
2021-07-09,1744.0,23000.0,40112.0,0.021675454012888062,-0.00030425522667010263,1707.0,23007.0,39272.949,0.002937720329024618,-0.0003475993917010367
2021-07-12,1744.0,23020.0,40146.88,0.0,0.0008695652173913437,1744.0,23000.0,40112.0,0.021675454012888062,-0.00030425522667010263
2021-07-13,1717.0,23010.0,39508.17,-0.015481651376146766,-0.0004344048653345256,1744.0,23020.0,40146.88,0.0,0.0008695652173913437
2021-07-14,1762.0,23011.0,40545.382,0.026208503203261513,4.345936549321472e-05,1717.0,23010.0,39508.17,-0.015481651376146766,-0.0004344048653345256
2021-07-15,1756.0,23009.0,40403.804,-0.0034052213393870323,-8.691495371782043e-05,1762.0,23011.0,40545.382,0.026208503203261513,4.345936549321472e-05
2021-07-16,1767.0,23011.0,40660.437,0.006264236902050024,8.692250858355344e-05,1756.0,23009.0,40403.804,-0.0034052213393870323,-8.691495371782043e-05
2021-07-19,1732.0,23020.0,39870.64,-0.019807583474816037,0.00039111729173013643,1767.0,23011.0,40660.437,0.006264236902050024,8.692250858355344e-05
2021-07-20,1761.0,23026.0,40548.786,0.0167436489607391,0.00026064291920069316,1732.0,23020.0,39870.64,-0.019807583474816037,0.00039111729173013643
2021-07-21,1779.0,23022.0,40956.138,0.010221465076660996,-0.00017371666811427655,1761.0,23026.0,40548.786,0.0167436489607391,0.00026064291920069316
2021-07-22,1889.0,23010.0,43465.89,0.061832490163012954,-0.0005212405525150121,1779.0,23022.0,40956.138,0.010221465076660996,-0.00017371666811427655
2021-07-23,1899.0,23005.0,43686.495,0.0052938062466914015,-0.00021729682746629564,1889.0,23010.0,43465.89,0.061832490163012954,-0.0005212405525150121
2021-07-26,1964.0,23008.0,45187.712,0.03422854133754605,0.0001304064333840227,1899.0,23005.0,43686.495,0.0052938062466914015,-0.00021729682746629564
2021-07-27,1940.0,23005.0,44629.7,-0.012219959266802416,-0.0001303894297635111,1964.0,23008.0,45187.712,0.03422854133754605,0.0001304064333840227
2021-07-28,1943.0,22999.0,44687.057,0.001546391752577314,-0.0002608128667680454,1940.0,23005.0,44629.7,-0.012219959266802416,-0.0001303894297635111
2021-07-29,1900.0,22965.0,43633.5,-0.022130725681935193,-0.0014783251445714685,1943.0,22999.0,44687.057,0.001546391752577314,-0.0002608128667680454
2021-07-30,1801.0,22950.0,41332.95,-0.052105263157894766,-0.0006531678641410466,1900.0,22965.0,43633.5,-0.022130725681935193,-0.0014783251445714685
2021-08-02,1766.0,22950.0,40529.7,-0.019433647973348123,0.0,1801.0,22950.0,41332.95,-0.052105263157894766,-0.0006531678641410466
2021-08-03,1787.0,22950.0,41011.65,0.011891279728199367,0.0,1766.0,22950.0,40529.7,-0.019433647973348123,0.0
2021-08-04,1787.0,22945.0,41002.715,0.0,-0.00021786492374731292,1787.0,22950.0,41011.65,0.011891279728199367,0.0
2021-08-05,1782.0,22936.0,40871.952,-0.002797985450475604,-0.0003922423185879209,1787.0,22945.0,41002.715,0.0,-0.00021786492374731292
2021-08-06,1754.0,22927.0,40213.958,-0.015712682379349086,-0.00039239623299613946,1782.0,22936.0,40871.952,-0.002797985450475604,-0.0003922423185879209
2021-08-09,1797.0,22925.0,41196.225,0.02451539338654496,-8.72333929428093e-05,1754.0,22927.0,40213.958,-0.015712682379349086,-0.00039239623299613946
2021-08-10,1863.0,22887.0,42638.481,0.036727879799666185,-0.0016575790621592423,1797.0,22925.0,41196.225,0.02451539338654496,-8.72333929428093e-05
2021-08-11,1864.0,22809.0,42515.976,0.0005367686527106841,-0.0034080482369904797,1863.0,22887.0,42638.481,0.036727879799666185,-0.0016575790621592423
2021-08-12,1854.0,22805.0,42280.47,-0.005364806866952843,-0.00017536937173923128,1864.0,22809.0,42515.976,0.0005367686527106841,-0.0034080482369904797
2021-08-13,1836.0,22830.0,41915.88,-0.009708737864077666,0.0010962508221881162,1854.0,22805.0,42280.47,-0.005364806866952843,-0.00017536937173923128
2021-08-16,1853.0,22830.0,42303.99,0.0092592592592593,0.0,1836.0,22830.0,41915.88,-0.009708737864077666,0.0010962508221881162
2021-08-17,1845.0,22830.0,42121.35,-0.004317323259579009,0.0,1853.0,22830.0,42303.99,0.0092592592592593,0.0
2021-08-18,1877.0,22807.0,42808.739,0.017344173441734334,-0.0010074463425318037,1845.0,22830.0,42121.35,-0.004317323259579009,0.0
2021-08-19,1863.0,22812.0,42498.756,-0.0074587107085775095,0.00021923093786990755,1877.0,22807.0,42808.739,0.017344173441734334,-0.0010074463425318037
2021-08-20,1882.0,22820.0,42947.24,0.010198604401502998,0.00035069261792042283,1863.0,22812.0,42498.756,-0.0074587107085775095,0.00021923093786990755
2021-08-23,1912.0,22825.0,43641.4,0.015940488841657885,0.0002191060473268891,1882.0,22820.0,42947.24,0.010198604401502998,0.00035069261792042283
2021-08-24,1971.0,22820.0,44978.22,0.030857740585773952,-0.00021905805038335835,1912.0,22825.0,43641.4,0.015940488841657885,0.0002191060473268891
2021-08-25,1973.0,22790.0,44964.67,0.0010147133434805777,-0.0013146362839614456,1971.0,22820.0,44978.22,0.030857740585773952,-0.00021905805038335835
2021-08-26,1994.0,22785.0,45433.29,0.010643689812468216,-0.00021939447125929323,1973.0,22790.0,44964.67,0.0010147133434805777,-0.0013146362839614456
2021-08-27,2018.0,22789.0,45988.202,0.012036108324974926,0.00017555409260472388,1994.0,22785.0,45433.29,0.010643689812468216,-0.00021939447125929323
2021-08-30,2018.0,22775.0,45959.95,0.0,-0.0006143314757119933,2018.0,22789.0,45988.202,0.012036108324974926,0.00017555409260472388
2021-08-31,2026.0,22775.0,46142.15,0.003964321110009994,0.0,2018.0,22775.0,45959.95,0.0,-0.0006143314757119933
2021-09-01,2066.0,22760.0,47022.16,0.019743336623889496,-0.0006586169045005308,2026.0,22775.0,46142.15,0.003964321110009994,0.0
2021-09-02,2056.0,22760.0,46794.56,-0.004840271055179035,0.0,2066.0,22760.0,47022.16,0.019743336623889496,-0.0006586169045005308
2021-09-03,2059.0,22760.0,46862.84,0.0014591439688715901,0.0,2056.0,22760.0,46794.56,-0.004840271055179035,0.0
2021-09-06,2082.0,22760.0,47386.32,0.011170471102476931,0.0,2059.0,22760.0,46862.84,0.0014591439688715901,0.0
2021-09-07,2102.0,22758.0,47837.316,0.009606147934678289,-8.787346221439396e-05,2082.0,22760.0,47386.32,0.011170471102476931,0.0
2021-09-08,2078.0,22757.0,47289.046,-0.011417697431018059,-4.3940592319158256e-05,2102.0,22758.0,47837.316,0.009606147934678289,-8.787346221439396e-05
2021-09-09,2050.0,22765.0,46668.25,-0.013474494706448459,0.0003515401854374822,2078.0,22757.0,47289.046,-0.011417697431018059,-4.3940592319158256e-05
2021-09-10,2048.0,22757.0,46606.336,-0.0009756097560975618,-0.00035141664836368935,2050.0,22765.0,46668.25,-0.013474494706448459,0.0003515401854374822
2021-09-13,2057.0,22759.0,46815.263,0.00439453125,8.788504635925953e-05,2048.0,22757.0,46606.336,-0.0009756097560975618,-0.00035141664836368935
2021-09-14,2063.0,22759.0,46951.817,0.002916869227029606,0.0,2057.0,22759.0,46815.263,0.00439453125,8.788504635925953e-05
2021-09-15,2082.0,22758.0,47382.156,0.009209888511875874,-4.393866162832882e-05,2063.0,22759.0,46951.817,0.002916869227029606,0.0
2021-09-16,2107.0,22753.0,47940.571,0.012007684918347694,-0.0002197029615959023,2082.0,22758.0,47382.156,0.009209888511875874,-4.393866162832882e-05
2021-09-17,2151.0,22770.0,48978.27,0.020882771713336412,0.0007471542214212423,2107.0,22753.0,47940.571,0.012007684918347694,-0.0002197029615959023
2021-09-20,2152.0,22769.0,48998.888,0.00046490004649002437,-4.3917435221807466e-05,2151.0,22770.0,48978.27,0.020882771713336412,0.0007471542214212423
2021-09-21,2160.0,22755.0,49150.8,0.0037174721189590088,-0.0006148710966664694,2152.0,22769.0,48998.888,0.00046490004649002437,-4.3917435221807466e-05
2021-09-22,2142.0,22760.0,48751.92,-0.008333333333333304,0.0002197319270489384,2160.0,22755.0,49150.8,0.0037174721189590088,-0.0006148710966664694
2021-09-23,2146.0,22762.0,48847.252,0.0018674136321195078,8.787346221450498e-05,2142.0,22760.0,48751.92,-0.008333333333333304,0.0002197319270489384
2021-09-24,2148.0,22760.0,48888.48,0.0009319664492077884,-8.786574114749701e-05,2146.0,22762.0,48847.252,0.0018674136321195078,8.787346221450498e-05
2021-09-27,2115.0,22766.0,48150.09,-0.015363128491620137,0.0002636203866432929,2148.0,22760.0,48888.48,0.0009319664492077884,-8.786574114749701e-05
2021-09-28,2145.0,22761.0,48822.345,0.014184397163120588,-0.00021962575770884118,2115.0,22766.0,48150.09,-0.015363128491620137,0.0002636203866432929
2021-09-29,2110.0,22753.0,48008.83,-0.01631701631701632,-0.0003514784060454357,2145.0,22761.0,48822.345,0.014184397163120588,-0.00021962575770884118
2021-09-30,2119.0,22750.0,48207.25,0.004265402843601995,-0.00013185074495669635,2110.0,22753.0,48008.83,-0.01631701631701632,-0.0003514784060454357
2021-10-01,2161.0,22757.0,49177.877,0.019820670127418616,0.0003076923076923421,2119.0,22750.0,48207.25,0.004265402843601995,-0.00013185074495669635
2021-10-04,2140.0,22757.0,48699.98,-0.00971772327626097,0.0,2161.0,22757.0,49177.877,0.019820670127418616,0.0003076923076923421
2021-10-05,2109.0,22754.0,47988.186,-0.014485981308411167,-0.00013182756953900032,2140.0,22757.0,48699.98,-0.00971772327626097,0.0
2021-10-06,2116.0,22750.0,48139.0,0.0033191085822665833,-0.00017579326711791854,2109.0,22754.0,47988.186,-0.014485981308411167,-0.00013182756953900032
2021-10-07,2116.0,22750.0,48139.0,0.0,0.0,2116.0,22750.0,48139.0,0.0033191085822665833,-0.00017579326711791854
2021-10-08,2116.0,22757.0,48153.812,0.0,0.0003076923076923421,2116.0,22750.0,48139.0,0.0,0.0
2021-10-11,2104.0,22750.0,47866.0,-0.005671077504725952,-0.00030759766225774143,2116.0,22757.0,48153.812,0.0,0.0003076923076923421
2021-10-12,2151.0,22757.0,48950.307,0.022338403041824995,0.0003076923076923421,2104.0,22750.0,47866.0,-0.005671077504725952,-0.00030759766225774143
2021-10-13,2143.0,22757.0,48768.251,-0.003719200371920084,0.0,2151.0,22757.0,48950.307,0.022338403041824995,0.0003076923076923421
2021-10-14,2145.0,22757.0,48813.765,0.0009332711152589823,0.0,2143.0,22757.0,48768.251,-0.003719200371920084,0.0
2021-10-15,2121.0,22758.0,48269.718,-0.01118881118881121,4.394252317974079e-05,2145.0,22757.0,48813.765,0.0009332711152589823,0.0
2021-10-18,2115.0,22758.0,48133.17,-0.0028288543140028155,0.0,2121.0,22758.0,48269.718,-0.01118881118881121,4.394252317974079e-05
2021-10-19,2120.0,22755.0,48240.6,0.0023640661938533203,-0.0001318217769575858,2115.0,22758.0,48133.17,-0.0028288543140028155,0.0
2021-10-20,2131.0,22755.0,48490.905,0.005188679245283101,0.0,2120.0,22755.0,48240.6,0.0023640661938533203,-0.0001318217769575858
2021-10-21,2135.0,22750.0,48571.25,0.0018770530267480101,-0.00021973192704904942,2131.0,22755.0,48490.905,0.005188679245283101,0.0
2021-10-22,2141.0,22754.0,48716.314,0.002810304449648804,0.00017582417582406862,2135.0,22750.0,48571.25,0.0018770530267480101,-0.00021973192704904942
2021-10-25,2195.0,22745.0,49925.275,0.025221858944418418,-0.00039553485101517794,2141.0,22754.0,48716.314,0.002810304449648804,0.00017582417582406862
2021-10-26,2270.0,22757.0,51658.39,0.034168564920273425,0.0005275884809847753,2195.0,22745.0,49925.275,0.025221858944418418,-0.00039553485101517794
2021-10-27,2197.0,22755.0,49992.735,-0.032158590308370094,-8.788504635937056e-05,2270.0,22757.0,51658.39,0.034168564920273425,0.0005275884809847753
2021-10-28,2177.0,22750.0,49526.75,-0.00910332271279013,-0.00021973192704904942,2197.0,22755.0,49992.735,-0.032158590308370094,-8.788504635937056e-05
2021-10-29,2214.0,22750.0,50368.5,0.016995865870463867,0.0,2177.0,22750.0,49526.75,-0.00910332271279013,-0.00021973192704904942
2021-11-01,2269.0,22750.0,51619.75,0.024841915085817456,0.0,2214.0,22750.0,50368.5,0.016995865870463867,0.0
2021-11-02,2234.0,22748.0,50819.032,-0.01542529748788013,-8.791208791203431e-05,2269.0,22750.0,51619.75,0.024841915085817456,0.0
2021-11-03,2232.0,22747.0,50771.304,-0.0008952551477170445,-4.395990856342902e-05,2234.0,22748.0,50819.032,-0.01542529748788013,-8.791208791203431e-05
2021-11-04,2204.0,22680.0,49986.72,-0.012544802867383464,-0.002945443355167665,2232.0,22747.0,50771.304,-0.0008952551477170445,-4.395990856342902e-05
2021-11-05,2181.0,22680.0,49465.08,-0.010435571687840262,0.0,2204.0,22680.0,49986.72,-0.012544802867383464,-0.002945443355167665
2021-11-08,2166.0,22660.0,49081.56,-0.00687757909215958,-0.0008818342151675207,2181.0,22680.0,49465.08,-0.010435571687840262,0.0
2021-11-09,2226.0,22662.0,50445.612,0.027700831024930705,8.826125330974044e-05,2166.0,22660.0,49081.56,-0.00687757909215958,-0.0008818342151675207
2021-11-10,2215.0,22660.0,50191.9,-0.004941599281221953,-8.825346394847333e-05,2226.0,22662.0,50445.612,0.027700831024930705,8.826125330974044e-05
2021-11-11,2292.0,22645.0,51902.34,0.034762979683973017,-0.0006619593998234974,2215.0,22660.0,50191.9,-0.004941599281221953,-8.825346394847333e-05
2021-11-12,2277.0,22640.0,51551.28,-0.00654450261780104,-0.00022079929344220872,2292.0,22645.0,51902.34,0.034762979683973017,-0.0006619593998234974
2021-11-15,2264.0,22645.0,51268.28,-0.005709266578831751,0.00022084805653710404,2277.0,22640.0,51551.28,-0.00654450261780104,-0.00022079929344220872
2021-11-16,2237.0,22650.0,50668.05,-0.011925795053003507,0.00022079929344220872,2264.0,22645.0,51268.28,-0.005709266578831751,0.00022084805653710404
2021-11-17,2256.0,22648.0,51093.888,0.008493518104604414,-8.830022075057009e-05,2237.0,22650.0,50668.05,-0.011925795053003507,0.00022079929344220872
2021-11-18,2212.0,22650.0,50101.8,-0.019503546099290725,8.830801836801072e-05,2256.0,22648.0,51093.888,0.008493518104604414,-8.830022075057009e-05
2021-11-19,2245.0,22657.0,50864.965,0.014918625678119302,0.0003090507726268843,2212.0,22650.0,50101.8,-0.019503546099290725,8.830801836801072e-05
2021-11-22,2251.0,22670.0,51030.17,0.0026726057906458767,0.0005737741095466209,2245.0,22657.0,50864.965,0.014918625678119302,0.0003090507726268843
2021-11-23,2297.0,22675.0,52084.475,0.02043536206130603,0.0002205558006176389,2251.0,22670.0,51030.17,0.0026726057906458767,0.0005737741095466209
2021-11-24,2281.0,22680.0,51733.08,-0.006965607313887734,0.00022050716648291946,2297.0,22675.0,52084.475,0.02043536206130603,0.0002205558006176389
2021-11-25,2228.0,22670.0,50508.76,-0.023235423060061322,-0.00044091710758376035,2281.0,22680.0,51733.08,-0.006965607313887734,0.00022050716648291946
2021-11-26,2237.0,22678.0,50730.686,0.004039497307001705,0.000352889280988089,2228.0,22670.0,50508.76,-0.023235423060061322,-0.00044091710758376035
2021-11-29,2197.0,22690.0,49849.93,-0.017881090746535544,0.0005291471911104129,2237.0,22678.0,50730.686,0.004039497307001705,0.000352889280988089
2021-11-30,2200.0,22688.0,49913.6,0.001365498406918464,-8.814455707362168e-05,2197.0,22690.0,49849.93,-0.017881090746535544,0.0005291471911104129
2021-12-01,2253.0,22710.0,51165.63,0.024090909090909163,0.0009696755994357265,2200.0,22688.0,49913.6,0.001365498406918464,-8.814455707362168e-05
2021-12-02,2265.0,22730.0,51483.45,0.005326231691078487,0.0008806693086746975,2253.0,22710.0,51165.63,0.024090909090909163,0.0009696755994357265
2021-12-03,2298.0,22830.0,52463.34,0.014569536423840956,0.00439947206335245,2265.0,22730.0,51483.45,0.005326231691078487,0.0008806693086746975
2021-12-06,2315.0,23020.0,53291.3,0.007397737162750273,0.008322382829610175,2298.0,22830.0,52463.34,0.014569536423840956,0.00439947206335245
2021-12-07,2273.0,23070.0,52438.11,-0.018142548596112307,0.002172024326672517,2315.0,23020.0,53291.3,0.007397737162750273,0.008322382829610175
2021-12-08,2295.0,22920.0,52601.4,0.009678838539375345,-0.006501950585175553,2273.0,23070.0,52438.11,-0.018142548596112307,0.002172024326672517
2021-12-09,2306.0,22980.0,52991.88,0.004793028322439996,0.002617801047120505,2295.0,22920.0,52601.4,0.009678838539375345,-0.006501950585175553
2021-12-10,2291.0,23025.0,52750.275,-0.0065047701647875655,0.001958224543080922,2306.0,22980.0,52991.88,0.004793028322439996,0.002617801047120505
2021-12-13,2287.0,22975.0,52543.825,-0.0017459624618070269,-0.0021715526601520097,2291.0,23025.0,52750.275,-0.0065047701647875655,0.001958224543080922
2021-12-14,2297.0,23000.0,52831.0,0.004372540445999107,0.0010881392818280489,2287.0,22975.0,52543.825,-0.0017459624618070269,-0.0021715526601520097
2021-12-15,2303.0,23030.0,53038.09,0.0026121027427079557,0.0013043478260870156,2297.0,23000.0,52831.0,0.004372540445999107,0.0010881392818280489
2021-12-16,2299.0,22990.0,52854.01,-0.0017368649587494733,-0.0017368649587494733,2303.0,23030.0,53038.09,0.0026121027427079557,0.0013043478260870156
2021-12-17,2333.0,22980.0,53612.34,0.014789038712483604,-0.00043497172683770735,2299.0,22990.0,52854.01,-0.0017368649587494733,-0.0017368649587494733
2021-12-20,2308.0,22928.0,52917.824,-0.010715816545220691,-0.002262837249782379,2333.0,22980.0,53612.34,0.014789038712483604,-0.00043497172683770735
2021-12-21,2317.0,22933.0,53135.761,0.0038994800693241682,0.00021807397069095735,2308.0,22928.0,52917.824,-0.010715816545220691,-0.002262837249782379
2021-12-22,2339.0,22955.0,53691.745,0.009495036685368996,0.0009593162691319268,2317.0,22933.0,53135.761,0.0038994800693241682,0.00021807397069095735
2021-12-23,2353.0,22950.0,54001.35,0.005985463873450225,-0.0002178174689609902,2339.0,22955.0,53691.745,0.009495036685368996,0.0009593162691319268
2021-12-24,2353.0,22840.0,53742.52,0.0,-0.004793028322440107,2353.0,22950.0,54001.35,0.005985463873450225,-0.0002178174689609902
2021-12-27,2353.0,22810.0,53671.93,0.0,-0.0013134851138353332,2353.0,22840.0,53742.52,0.0,-0.004793028322440107
2021-12-28,2343.0,22835.0,53502.405,-0.004249893752656164,0.0010960105217010518,2353.0,22810.0,53671.93,0.0,-0.0013134851138353332
2021-12-29,2364.0,22820.0,53946.48,0.008962868117797784,-0.0006568863586599027,2343.0,22835.0,53502.405,-0.004249893752656164,0.0010960105217010518
2021-12-30,2373.0,22765.0,54021.345,0.0038071065989848663,-0.002410166520596002,2364.0,22820.0,53946.48,0.008962868117797784,-0.0006568863586599027
2021-12-31,2370.0,22825.0,54095.25,-0.0012642225031606058,0.0026356248627279477,2373.0,22765.0,54021.345,0.0038071065989848663,-0.002410166520596002
2022-01-03,2370.0,22825.0,54095.25,0.0,0.0,2370.0,22825.0,54095.25,-0.0012642225031606058,0.0026356248627279477
2022-01-04,2349.0,22752.0,53444.448,-0.008860759493670933,-0.003198247535596943,2370.0,22825.0,54095.25,0.0,0.0
2022-01-05,2321.0,22755.0,52814.355,-0.011919965942954414,0.00013185654008429637,2349.0,22752.0,53444.448,-0.008860759493670933,-0.003198247535596943
2022-01-06,2307.0,22745.0,52472.715,-0.006031882809134026,-0.00043946385409798783,2321.0,22755.0,52814.355,-0.011919965942954414,0.00013185654008429637
2022-01-07,2316.0,22685.0,52538.46,0.0039011703511053764,-0.0026379424049242095,2307.0,22745.0,52472.715,-0.006031882809134026,-0.00043946385409798783
2022-01-10,2260.0,22695.0,51290.7,-0.024179620034542326,0.0004408199250605094,2316.0,22685.0,52538.46,0.0039011703511053764,-0.0026379424049242095
2022-01-11,2268.0,22698.0,51479.064,0.003539823008849474,0.00013218770654321865,2260.0,22695.0,51290.7,-0.024179620034542326,0.0004408199250605094
2022-01-12,2282.0,22698.0,51796.836,0.006172839506172867,0.0,2268.0,22698.0,51479.064,0.003539823008849474,0.00013218770654321865
2022-01-13,2237.0,22710.0,50802.27,-0.019719544259421573,0.0005286809410520732,2282.0,22698.0,51796.836,0.006172839506172867,0.0
2022-01-14,2228.0,22710.0,50597.88,-0.0040232454179705,0.0,2237.0,22710.0,50802.27,-0.019719544259421573,0.0005286809410520732
2022-01-17,2218.0,22720.0,50392.96,-0.004488330341113067,0.00044033465433734875,2228.0,22710.0,50597.88,-0.0040232454179705,0.0
2022-01-18,2195.0,22750.0,49936.25,-0.01036970243462576,0.001320422535211252,2218.0,22720.0,50392.96,-0.004488330341113067,0.00044033465433734875
2022-01-19,2225.0,22700.0,50507.5,0.013667425968109326,-0.00219780219780219,2195.0,22750.0,49936.25,-0.01036970243462576,0.001320422535211252
2022-01-20,2227.0,22645.0,50430.415,0.0008988764044943753,-0.0024229074889867697,2225.0,22700.0,50507.5,0.013667425968109326,-0.00219780219780219
2022-01-21,2213.0,22625.0,50069.125,-0.006286484059272568,-0.0008831971737690569,2227.0,22645.0,50430.415,0.0008988764044943753,-0.0024229074889867697
2022-01-24,2197.0,22675.0,49816.975,-0.007230004518752775,0.0022099447513812542,2213.0,22625.0,50069.125,-0.006286484059272568,-0.0008831971737690569
2022-01-25,2237.0,22630.0,50623.31,0.01820664542558026,-0.001984564498346164,2197.0,22675.0,49816.975,-0.007230004518752775,0.0022099447513812542
2022-01-26,2191.0,22630.0,49582.33,-0.020563254358515914,0.0,2237.0,22630.0,50623.31,0.01820664542558026,-0.001984564498346164
2022-01-27,2174.0,22630.0,49197.62,-0.007759014148790544,0.0,2191.0,22630.0,49582.33,-0.020563254358515914,0.0
2022-01-28,2184.0,22645.0,49456.68,0.004599816007359703,0.0006628369421122215,2174.0,22630.0,49197.62,-0.007759014148790544,0.0
2022-01-31,2172.0,22645.0,49184.94,-0.005494505494505475,0.0,2184.0,22645.0,49456.68,0.004599816007359703,0.0006628369421122215
2022-02-01,2176.0,22645.0,49275.52,0.0018416206261511192,0.0,2172.0,22645.0,49184.94,-0.005494505494505475,0.0
2022-02-02,2198.0,22645.0,49773.71,0.010110294117646967,0.0,2176.0,22645.0,49275.52,0.0018416206261511192,0.0
2022-02-03,2220.0,22645.0,50271.9,0.010009099181073733,0.0,2198.0,22645.0,49773.71,0.010110294117646967,0.0
2022-02-04,2213.0,22645.0,50113.385,-0.003153153153153121,0.0,2220.0,22645.0,50271.9,0.010009099181073733,0.0
2022-02-07,2218.0,22665.0,50270.97,0.002259376412110159,0.0008831971737690569,2213.0,22645.0,50113.385,-0.003153153153153121,0.0
2022-02-08,2234.0,22715.0,50745.31,0.007213706041478751,0.0022060445621001623,2218.0,22665.0,50270.97,0.002259376412110159,0.0008831971737690569
2022-02-09,2259.0,22680.0,51234.12,0.011190689346463722,-0.0015408320493066618,2234.0,22715.0,50745.31,0.007213706041478751,0.0022060445621001623
2022-02-10,2263.0,22680.0,51324.84,0.0017706949977867037,0.0,2259.0,22680.0,51234.12,0.011190689346463722,-0.0015408320493066618
2022-02-11,2270.0,22685.0,51494.95,0.0030932390631903672,0.00022045855379193569,2263.0,22680.0,51324.84,0.0017706949977867037,0.0
2022-02-14,2243.0,22725.0,50972.175,-0.011894273127753263,0.0017632797002424816,2270.0,22685.0,51494.95,0.0030932390631903672,0.00022045855379193569
2022-02-15,2265.0,22750.0,51528.75,0.00980829246544812,0.0011001100110010764,2243.0,22725.0,50972.175,-0.011894273127753263,0.0017632797002424816
2022-02-16,2274.0,22750.0,51733.5,0.003973509933774766,0.0,2265.0,22750.0,51528.75,0.00980829246544812,0.0011001100110010764
2022-02-17,2274.0,22785.0,51813.09,0.0,0.0015384615384614886,2274.0,22750.0,51733.5,0.003973509933774766,0.0
2022-02-18,2255.0,22820.0,51459.1,-0.008355321020228623,0.001536098310291889,2274.0,22785.0,51813.09,0.0,0.0015384615384614886
2022-02-21,2234.0,22800.0,50935.2,-0.009312638580931232,-0.0008764241893076674,2255.0,22820.0,51459.1,-0.008355321020228623,0.001536098310291889
2022-02-22,2260.0,22815.0,51561.9,0.011638316920322245,0.0006578947368420796,2234.0,22800.0,50935.2,-0.009312638580931232,-0.0008764241893076674
2022-02-23,2234.0,22825.0,50991.05,-0.011504424778761013,0.00043830813061584983,2260.0,22815.0,51561.9,0.011638316920322245,0.0006578947368420796
2022-02-24,2179.0,22840.0,49768.36,-0.02461951656222028,0.000657174151150075,2234.0,22825.0,50991.05,-0.011504424778761013,0.00043830813061584983
2022-02-25,2178.0,22820.0,49701.96,-0.00045892611289577445,-0.0008756567425569628,2179.0,22840.0,49768.36,-0.02461951656222028,0.000657174151150075
2022-02-28,2090.0,22805.0,47662.45,-0.04040404040404044,-0.0006573181419806673,2178.0,22820.0,49701.96,-0.00045892611289577445,-0.0008756567425569628
2022-03-01,2084.0,22815.0,47546.46,-0.002870813397129135,0.00043850032887515766,2090.0,22805.0,47662.45,-0.04040404040404044,-0.0006573181419806673
2022-03-02,2030.0,22840.0,46365.2,-0.025911708253358978,0.0010957703265395136,2084.0,22815.0,47546.46,-0.002870813397129135,0.00043850032887515766
2022-03-03,2013.0,22835.0,45966.855,-0.008374384236453203,-0.0002189141856392407,2030.0,22840.0,46365.2,-0.025911708253358978,0.0010957703265395136
2022-03-04,2038.0,22830.0,46527.54,0.012419274714356776,-0.00021896211955330092,2013.0,22835.0,45966.855,-0.008374384236453203,-0.0002189141856392407
2022-03-07,2035.0,22845.0,46489.575,-0.0014720314033366266,0.0006570302233903647,2038.0,22830.0,46527.54,0.012419274714356776,-0.00021896211955330092
2022-03-08,2094.0,22845.0,47837.43,0.028992628992629,0.0,2035.0,22845.0,46489.575,-0.0014720314033366266,0.0006570302233903647
2022-03-09,2117.0,22835.0,48341.695,0.010983763132760282,-0.0004377325454147929,2094.0,22845.0,47837.43,0.028992628992629,0.0
2022-03-10,2093.0,22835.0,47793.655,-0.011336797354747241,0.0,2117.0,22835.0,48341.695,0.010983763132760282,-0.0004377325454147929
2022-03-11,2095.0,22873.0,47918.935,0.000955566172957445,0.0016641121086051758,2093.0,22835.0,47793.655,-0.011336797354747241,0.0
2022-03-14,2115.0,22890.0,48412.35,0.009546539379474916,0.0007432343811479836,2095.0,22873.0,47918.935,0.000955566172957445,0.0016641121086051758
2022-03-15,2081.0,22880.0,47613.28,-0.016075650118203333,-0.000436871996504995,2115.0,22890.0,48412.35,0.009546539379474916,0.0007432343811479836
2022-03-16,2148.0,22879.0,49144.092,0.03219605958673721,-4.370629370631374e-05,2081.0,22880.0,47613.28,-0.016075650118203333,-0.000436871996504995
2022-03-17,2139.0,22865.0,48908.235,-0.0041899441340782495,-0.0006119148564185384,2148.0,22879.0,49144.092,0.03219605958673721,-4.370629370631374e-05
2022-03-18,2167.0,22860.0,49537.62,0.01309022907900892,-0.0002186748305269548,2139.0,22865.0,48908.235,-0.0041899441340782495,-0.0006119148564185384
2022-03-21,2175.0,22860.0,49720.5,0.00369173973234882,0.0,2167.0,22860.0,49537.62,0.01309022907900892,-0.0002186748305269548
2022-03-22,2170.0,22870.0,49627.9,-0.0022988505747126853,0.00043744531933498365,2175.0,22860.0,49720.5,0.00369173973234882,0.0
2022-03-23,2139.0,22872.0,48923.208,-0.014285714285714235,8.745080891991996e-05,2170.0,22870.0,49627.9,-0.0022988505747126853,0.00043744531933498365
2022-03-24,2136.0,22869.0,48848.184,-0.0014025245441795509,-0.00013116474291707814,2139.0,22872.0,48923.208,-0.014285714285714235,8.745080891991996e-05
2022-03-25,2148.0,22861.0,49105.428,0.00561797752808979,-0.0003498185316367364,2136.0,22869.0,48848.184,-0.0014025245441795509,-0.00013116474291707814
2022-03-28,2124.0,22860.0,48554.64,-0.011173184357541888,-4.374261843309579e-05,2148.0,22861.0,49105.428,0.00561797752808979,-0.0003498185316367364
2022-03-29,2115.0,22865.0,48359.475,-0.004237288135593209,0.00021872265966749183,2124.0,22860.0,48554.64,-0.011173184357541888,-4.374261843309579e-05
2022-03-30,2140.0,22854.0,48907.56,0.011820330969267046,-0.000481084627159456,2115.0,22865.0,48359.475,-0.004237288135593209,0.00021872265966749183
2022-03-31,2152.0,22838.0,49147.376,0.005607476635514086,-0.000700096263236194,2140.0,22854.0,48907.56,0.011820330969267046,-0.000481084627159456
2022-04-01,2130.0,22837.0,48642.81,-0.010223048327137496,-4.378667133719816e-05,2152.0,22838.0,49147.376,0.005607476635514086,-0.000700096263236194
2022-04-04,2122.0,22846.0,48479.212,-0.003755868544600971,0.00039409729824413375,2130.0,22837.0,48642.81,-0.010223048327137496,-4.378667133719816e-05
2022-04-05,2110.0,22873.0,48262.03,-0.005655042412818112,0.001181826140243425,2122.0,22846.0,48479.212,-0.003755868544600971,0.00039409729824413375
2022-04-06,2090.0,22866.0,47789.94,-0.009478672985781977,-0.0003060376863550651,2110.0,22873.0,48262.03,-0.005655042412818112,0.001181826140243425
2022-04-07,2066.0,22859.0,47226.694,-0.011483253588516762,-0.000306131374092522,2090.0,22866.0,47789.94,-0.009478672985781977,-0.0003060376863550651
2022-04-08,2096.0,22860.0,47914.56,0.014520813165537216,4.3746445601344774e-05,2066.0,22859.0,47226.694,-0.011483253588516762,-0.000306131374092522
2022-04-11,2117.0,22860.0,48394.62,0.010019083969465603,0.0,2096.0,22860.0,47914.56,0.014520813165537216,4.3746445601344774e-05
2022-04-12,2111.0,22888.0,48316.568,-0.0028341993386867825,0.001224846894138265,2117.0,22860.0,48394.62,0.010019083969465603,0.0
2022-04-13,2105.0,22887.0,48177.135,-0.0028422548555187,-4.369101712686785e-05,2111.0,22888.0,48316.568,-0.0028341993386867825,0.001224846894138265
2022-04-14,2099.0,22900.0,48067.1,-0.002850356294536782,0.0005680080394983023,2105.0,22887.0,48177.135,-0.0028422548555187,-4.369101712686785e-05
2022-04-15,2099.0,22899.0,48065.001,0.0,-4.366812227074579e-05,2099.0,22900.0,48067.1,-0.002850356294536782,0.0005680080394983023
2022-04-18,2099.0,22890.0,48046.11,0.0,-0.0003930302633302629,2099.0,22899.0,48065.001,0.0,-4.366812227074579e-05
2022-04-19,2088.0,22955.0,47930.04,-0.005240590757503605,0.002839667977282634,2099.0,22890.0,48046.11,0.0,-0.0003930302633302629
2022-04-20,2092.0,22962.0,48036.504,0.0019157088122605526,0.0003049444565454973,2088.0,22955.0,47930.04,-0.005240590757503605,0.002839667977282634
2022-04-21,2114.0,22962.0,48541.668,0.010516252390057268,0.0,2092.0,22962.0,48036.504,0.0019157088122605526,0.0003049444565454973
2022-04-22,2116.0,22965.0,48593.94,0.0009460737937558861,0.00013065064018813466,2114.0,22962.0,48541.668,0.010516252390057268,0.0
2022-04-25,2066.0,22983.0,47482.878,-0.023629489603024578,0.0007838014369692115,2116.0,22965.0,48593.94,0.0009460737937558861,0.00013065064018813466
2022-04-26,2054.0,22970.0,47180.38,-0.0058083252662148865,-0.0005656354696950139,2066.0,22983.0,47482.878,-0.023629489603024578,0.0007838014369692115
2022-04-27,2032.0,22965.0,46664.88,-0.01071080817916259,-0.0002176752285589778,2054.0,22970.0,47180.38,-0.0058083252662148865,-0.0005656354696950139
2022-04-28,2089.0,22956.0,47955.084,0.028051181102362266,-0.0003919007184846057,2032.0,22965.0,46664.88,-0.01071080817916259,-0.0002176752285589778
2022-04-29,2107.0,22962.0,48380.934,0.008616562948779327,0.000261369576581183,2089.0,22956.0,47955.084,0.028051181102362266,-0.0003919007184846057
2022-05-02,2107.0,22962.0,48380.934,0.0,0.0,2107.0,22962.0,48380.934,0.008616562948779327,0.000261369576581183
2022-05-03,2115.0,22962.0,48564.63,0.0037968675842430244,0.0,2107.0,22962.0,48380.934,0.0,0.0
2022-05-04,2137.0,22966.0,49078.342,0.010401891252955098,0.00017420085358410553,2115.0,22962.0,48564.63,0.0037968675842430244,0.0
2022-05-05,2136.0,22955.0,49031.88,-0.00046794571829666953,-0.0004789689105634265,2137.0,22966.0,49078.342,0.010401891252955098,0.00017420085358410553
2022-05-06,2083.0,22955.0,47815.265,-0.024812734082397037,0.0,2136.0,22955.0,49031.88,-0.00046794571829666953,-0.0004789689105634265
2022-05-09,2020.0,22950.0,46359.0,-0.0302448391742679,-0.0002178174689609902,2083.0,22955.0,47815.265,-0.024812734082397037,0.0
2022-05-10,2009.0,22941.0,46088.469,-0.00544554455445545,-0.00039215686274507444,2020.0,22950.0,46359.0,-0.0302448391742679,-0.0002178174689609902
2022-05-11,2078.0,23050.0,47897.9,0.03434544549527119,0.004751318599886645,2009.0,22941.0,46088.469,-0.00544554455445545,-0.00039215686274507444
2022-05-12,2058.0,23096.0,47531.568,-0.009624639076034613,0.001995661605206145,2078.0,23050.0,47897.9,0.03434544549527119,0.004751318599886645
2022-05-13,2040.0,23086.0,47095.44,-0.008746355685131157,-0.00043297540699682724,2058.0,23096.0,47531.568,-0.009624639076034613,0.001995661605206145
2022-05-16,2087.0,23095.0,48199.265,0.023039215686274428,0.0003898466603136086,2040.0,23086.0,47095.44,-0.008746355685131157,-0.00043297540699682724
2022-05-17,2104.0,23120.0,48644.48,0.008145663632007638,0.001082485386447285,2087.0,23095.0,48199.265,0.023039215686274428,0.0003898466603136086
2022-05-18,2063.0,23139.0,47735.757,-0.01948669201520914,0.0008217993079584485,2104.0,23120.0,48644.48,0.008145663632007638,0.001082485386447285
2022-05-19,2080.0,23140.0,48131.2,0.008240426563257408,4.321707938981234e-05,2063.0,23139.0,47735.757,-0.01948669201520914,0.0008217993079584485
2022-05-20,2056.0,23160.0,47616.96,-0.011538461538461497,0.0008643042350906516,2080.0,23140.0,48131.2,0.008240426563257408,4.321707938981234e-05
2022-05-23,2041.0,23170.0,47289.97,-0.007295719844357951,0.00043177892918833116,2056.0,23160.0,47616.96,-0.011538461538461497,0.0008643042350906516
2022-05-24,2043.0,23210.0,47418.03,0.000979911807937217,0.0017263703064307467,2041.0,23170.0,47289.97,-0.007295719844357951,0.00043177892918833116
2022-05-25,2088.0,23190.0,48420.72,0.022026431718061623,-0.0008616975441619878,2043.0,23210.0,47418.03,0.000979911807937217,0.0017263703064307467
2022-05-26,2109.0,23205.0,48939.345,0.010057471264367734,0.0006468305304010435,2088.0,23190.0,48420.72,0.022026431718061623,-0.0008616975441619878
2022-05-27,2096.0,23195.0,48616.72,-0.00616405879563775,-0.0004309416074121941,2109.0,23205.0,48939.345,0.010057471264367734,0.0006468305304010435
2022-05-30,2106.0,23176.0,48808.656,0.004770992366412319,-0.0008191420564777063,2096.0,23195.0,48616.72,-0.00616405879563775,-0.0004309416074121941
2022-05-31,2110.0,23185.0,48920.35,0.0018993352326686086,0.0003883327580256335,2106.0,23176.0,48808.656,0.004770992366412319,-0.0008191420564777063
2022-06-01,2139.0,23196.0,49616.244,0.013744075829383862,0.00047444468406299123,2110.0,23185.0,48920.35,0.0018993352326686086,0.0003883327580256335
2022-06-02,2139.0,23193.0,49609.827,0.0,-0.00012933264355918794,2139.0,23196.0,49616.244,0.013744075829383862,0.00047444468406299123
2022-06-03,2139.0,23187.0,49596.993,0.0,-0.00025869874531103676,2139.0,23193.0,49609.827,0.0,-0.00012933264355918794
2022-06-06,2140.0,23180.0,49605.2,0.0004675081813931836,-0.00030189330228147515,2139.0,23187.0,49596.993,0.0,-0.00025869874531103676
2022-06-07,2121.0,23185.0,49175.385,-0.008878504672897192,0.00021570319240726832,2140.0,23180.0,49605.2,0.0004675081813931836,-0.00030189330228147515
2022-06-08,2117.0,23187.0,49086.879,-0.001885902876001877,8.626266982969533e-05,2121.0,23185.0,49175.385,-0.008878504672897192,0.00021570319240726832
2022-06-09,2108.0,23155.0,48810.74,-0.004251299008030229,-0.0013800836675723627,2117.0,23187.0,49086.879,-0.001885902876001877,8.626266982969533e-05
2022-06-10,2095.0,23177.0,48555.815,-0.006166982922201192,0.00095011876484552,2108.0,23155.0,48810.74,-0.004251299008030229,-0.0013800836675723627
2022-06-13,2055.0,23195.0,47665.725,-0.019093078758949833,0.0007766320058679721,2095.0,23177.0,48555.815,-0.006166982922201192,0.00095011876484552
2022-06-14,2053.0,23210.0,47650.13,-0.0009732360097323145,0.0006466910972191542,2055.0,23195.0,47665.725,-0.019093078758949833,0.0007766320058679721
2022-06-15,2055.0,23230.0,47737.65,0.00097418412079886,0.0008616975441619878,2053.0,23210.0,47650.13,-0.0009732360097323145,0.0006466910972191542
2022-06-16,2104.0,23232.0,48880.128,0.023844282238442815,8.609556607841462e-05,2055.0,23230.0,47737.65,0.00097418412079886,0.0008616975441619878
2022-06-17,2079.0,23220.0,48274.38,-0.011882129277566489,-0.0005165289256198191,2104.0,23232.0,48880.128,0.023844282238442815,8.609556607841462e-05
2022-06-20,2077.0,23230.0,48248.71,-0.0009620009620009418,0.00043066322136087187,2079.0,23220.0,48274.38,-0.011882129277566489,-0.0005165289256198191
2022-06-21,2101.0,23226.0,48797.826,0.011555127587867142,-0.00017219113215671822,2077.0,23230.0,48248.71,-0.0009620009620009418,0.00043066322136087187
2022-06-22,2113.0,23235.0,49095.555,0.0057115659209900915,0.00038749677086014067,2101.0,23226.0,48797.826,0.011555127587867142,-0.00017219113215671822
2022-06-23,2086.0,23244.0,48486.984,-0.012778040700425985,0.0003873466752744026,2113.0,23235.0,49095.555,0.0057115659209900915,0.00038749677086014067
2022-06-24,2044.0,23247.0,47516.868,-0.020134228187919434,0.00012906556530722924,2086.0,23244.0,48486.984,-0.012778040700425985,0.0003873466752744026
2022-06-27,2040.0,23245.0,47419.8,-0.00195694716242667,-8.603260635775545e-05,2044.0,23247.0,47516.868,-0.020134228187919434,0.00012906556530722924
2022-06-28,2017.0,23255.0,46905.335,-0.011274509803921529,0.0004302000430200792,2040.0,23245.0,47419.8,-0.00195694716242667,-8.603260635775545e-05
2022-06-29,2049.0,23265.0,47669.985,0.01586514625681712,0.00043001505052675526,2017.0,23255.0,46905.335,-0.011274509803921529,0.0004302000430200792
2022-06-30,2033.0,23255.0,47277.415,-0.007808687164470474,-0.00042983021706421987,2049.0,23265.0,47669.985,0.01586514625681712,0.00043001505052675526
2022-07-01,2006.0,23300.0,46739.8,-0.013280865715691093,0.0019350677273703987,2033.0,23255.0,47277.415,-0.007808687164470474,-0.00042983021706421987
2022-07-04,1999.0,23335.0,46646.665,-0.0034895314057826754,0.0015021459227468892,2006.0,23300.0,46739.8,-0.013280865715691093,0.0019350677273703987
2022-07-05,1961.0,23360.0,45808.96,-0.019009504752376172,0.0010713520462823922,1999.0,23335.0,46646.665,-0.0034895314057826754,0.0015021459227468892
2022-07-06,1955.0,23373.0,45694.215,-0.003059663437021909,0.0005565068493149639,1961.0,23360.0,45808.96,-0.019009504752376172,0.0010713520462823922
2022-07-07,1944.0,23350.0,45392.4,-0.005626598465473198,-0.0009840414153082788,1955.0,23373.0,45694.215,-0.003059663437021909,0.0005565068493149639
2022-07-08,1981.0,23355.0,46266.255,0.019032921810699488,0.00021413276231263545,1944.0,23350.0,45392.4,-0.005626598465473198,-0.0009840414153082788
2022-07-11,1966.0,23347.0,45900.202,-0.007571933366986361,-0.0003425390708627907,1981.0,23355.0,46266.255,0.019032921810699488,0.00021413276231263545
2022-07-12,1954.0,23389.0,45702.106,-0.006103763987792443,0.0017989463314345144,1966.0,23347.0,45900.202,-0.007571933366986361,-0.0003425390708627907
2022-07-13,1981.0,23388.0,46331.628,0.013817809621289756,-4.27551413056948e-05,1954.0,23389.0,45702.106,-0.006103763987792443,0.0017989463314345144
2022-07-14,1930.0,23415.0,45190.95,-0.025744573447753605,0.001154438173422312,1981.0,23388.0,46331.628,0.013817809621289756,-4.27551413056948e-05
2022-07-15,1923.0,23450.0,45094.35,-0.0036269430051812934,0.001494768310911887,1930.0,23415.0,45190.95,-0.025744573447753605,0.001154438173422312
2022-07-18,1992.0,23440.0,46692.48,0.03588143525741039,-0.0004264392324093702,1923.0,23450.0,45094.35,-0.0036269430051812934,0.001494768310911887
2022-07-19,1998.0,23412.0,46777.176,0.003012048192771122,-0.0011945392491468088,1992.0,23440.0,46692.48,0.03588143525741039,-0.0004264392324093702
2022-07-20,1998.0,23410.0,46773.18,0.0,-8.542627712282425e-05,1998.0,23412.0,46777.176,0.003012048192771122,-0.0011945392491468088
2022-07-21,1987.0,23410.0,46515.67,-0.005505505505505548,0.0,1998.0,23410.0,46773.18,0.0,-8.542627712282425e-05
2022-07-22,1962.0,23400.0,45910.8,-0.01258178158027179,-0.0004271678769756093,1987.0,23410.0,46515.67,-0.005505505505505548,0.0
2022-07-25,1973.0,23385.0,46138.605,0.005606523955147713,-0.0006410256410256387,1962.0,23400.0,45910.8,-0.01258178158027179,-0.0004271678769756093
2022-07-26,1974.0,23370.0,46132.38,0.0005068423720222537,-0.0006414368184733954,1973.0,23385.0,46138.605,0.005606523955147713,-0.0006410256410256387
2022-07-27,2007.0,23375.0,46913.625,0.016717325227963542,0.00021394950791608913,1974.0,23370.0,46132.38,0.0005068423720222537,-0.0006414368184733954
2022-07-28,2014.0,23358.0,47043.012,0.0034877927254608476,-0.0007272727272726875,2007.0,23375.0,46913.625,0.016717325227963542,0.00021394950791608913
2022-07-29,2028.0,23335.0,47323.38,0.006951340615690249,-0.000984673345320708,2014.0,23358.0,47043.012,0.0034877927254608476,-0.0007272727272726875
2022-08-01,2028.0,23355.0,47363.94,0.0,0.0008570816370259138,2028.0,23335.0,47323.38,0.006951340615690249,-0.000984673345320708
2022-08-02,2020.0,23353.0,47173.06,-0.0039447731755424265,-8.563476771572542e-05,2028.0,23355.0,47363.94,0.0,0.0008570816370259138
2022-08-03,2023.0,23394.0,47326.062,0.0014851485148514865,0.0017556630839721254,2020.0,23353.0,47173.06,-0.0039447731755424265,-8.563476771572542e-05
2022-08-04,2041.0,23393.0,47745.113,0.008897676717745995,-4.2746003248717024e-05,2023.0,23394.0,47326.062,0.0014851485148514865,0.0017556630839721254
2022-08-05,2042.0,23385.0,47752.17,0.0004899559039686086,-0.0003419826443807894,2041.0,23393.0,47745.113,0.008897676717745995,-4.2746003248717024e-05
2022-08-08,2074.0,23388.0,48506.712,0.015670910871694366,0.0001282873636947457,2042.0,23385.0,47752.17,0.0004899559039686086,-0.0003419826443807894
2022-08-09,2100.0,23385.0,49108.5,0.012536162005786,-0.00012827090815803466,2074.0,23388.0,48506.712,0.015670910871694366,0.0001282873636947457
2022-08-10,2149.0,23385.0,50254.365,0.023333333333333428,0.0,2100.0,23385.0,49108.5,0.012536162005786,-0.00012827090815803466
2022-08-11,2223.0,23390.0,51995.97,0.034434620753839074,0.0002138122728243541,2149.0,23385.0,50254.365,0.023333333333333428,0.0
2022-08-12,2261.0,23392.0,52889.312,0.017094017094017033,8.550662676354293e-05,2223.0,23390.0,51995.97,0.034434620753839074,0.0002138122728243541
2022-08-15,2265.0,23400.0,53001.0,0.0017691287041132764,0.00034199726402195374,2261.0,23392.0,52889.312,0.017094017094017033,8.550662676354293e-05
2022-08-16,2228.0,23403.0,52141.884,-0.016335540838852136,0.00012820512820521657,2265.0,23400.0,53001.0,0.0017691287041132764,0.00034199726402195374
2022-08-17,2224.0,23401.0,52043.824,-0.0017953321364452268,-8.545912917146126e-05,2228.0,23403.0,52141.884,-0.016335540838852136,0.00012820512820521657
2022-08-18,2218.0,23401.0,51903.418,-0.0026978417266186883,0.0,2224.0,23401.0,52043.824,-0.0017953321364452268,-8.545912917146126e-05
2022-08-19,2226.0,23400.0,52088.4,0.0036068530207393756,-4.273321652925599e-05,2218.0,23401.0,51903.418,-0.0026978417266186883,0.0
2022-08-22,2243.0,23410.0,52508.63,0.007637017070979413,0.00042735042735042583,2226.0,23400.0,52088.4,0.0036068530207393756,-4.273321652925599e-05
2022-08-23,2258.0,23430.0,52904.94,0.006687472135532779,0.0008543357539512186,2243.0,23410.0,52508.63,0.007637017070979413,0.00042735042735042583
2022-08-24,2348.0,23425.0,55001.9,0.039858281665190454,-0.00021340162185234934,2258.0,23430.0,52904.94,0.006687472135532779,0.0008543357539512186
2022-08-25,2312.0,23423.0,54153.976,-0.015332197614991494,-8.537886872994616e-05,2348.0,23425.0,55001.9,0.039858281665190454,-0.00021340162185234934
2022-08-26,2279.0,23412.0,53355.948,-0.014273356401384052,-0.00046962387396998206,2312.0,23423.0,54153.976,-0.015332197614991494,-8.537886872994616e-05
2022-08-29,2279.0,23430.0,53396.97,0.0,0.0007688364941056403,2279.0,23412.0,53355.948,-0.014273356401384052,-0.00046962387396998206
2022-08-30,2261.0,23415.0,52941.315,-0.007898200965335667,-0.000640204865556937,2279.0,23430.0,53396.97,0.0,0.0007688364941056403
2022-08-31,2250.0,23450.0,52762.5,-0.0048651039363113435,0.001494768310911887,2261.0,23415.0,52941.315,-0.007898200965335667,-0.000640204865556937
2022-09-01,2228.0,23450.0,52246.6,-0.009777777777777774,0.0,2250.0,23450.0,52762.5,-0.0048651039363113435,0.001494768310911887
2022-09-02,2223.0,23450.0,52129.35,-0.002244165170556589,0.0,2228.0,23450.0,52246.6,-0.009777777777777774,0.0
2022-09-05,2217.0,23505.0,52110.585,-0.0026990553306343035,0.002345415778251647,2223.0,23450.0,52129.35,-0.002244165170556589,0.0
2022-09-06,2262.0,23520.0,53202.24,0.020297699594046037,0.0006381620931716903,2217.0,23505.0,52110.585,-0.0026990553306343035,0.002345415778251647
2022-09-07,2238.0,23580.0,52772.04,-0.010610079575596787,0.0025510204081633514,2262.0,23520.0,53202.24,0.020297699594046037,0.0006381620931716903
2022-09-08,2276.0,23542.0,53581.592,0.016979445933869464,-0.0016115351993214455,2238.0,23580.0,52772.04,-0.010610079575596787,0.0025510204081633514
2022-09-09,2264.0,23515.0,53237.96,-0.005272407732864637,-0.0011468864157675451,2276.0,23542.0,53581.592,0.016979445933869464,-0.0016115351993214455
2022-09-12,2263.0,23520.0,53225.76,-0.0004416961130742081,0.00021263023601947317,2264.0,23515.0,53237.96,-0.005272407732864637,-0.0011468864157675451
2022-09-13,2239.0,23553.0,52735.167,-0.010605391073795878,0.0014030612244897434,2263.0,23520.0,53225.76,-0.0004416961130742081,0.00021263023601947317
2022-09-14,2230.0,23590.0,52605.7,-0.004019651630192023,0.001570925147539537,2239.0,23553.0,52735.167,-0.010605391073795878,0.0014030612244897434
2022-09-15,2226.0,23620.0,52578.12,-0.0017937219730941312,0.0012717253073335488,2230.0,23590.0,52605.7,-0.004019651630192023,0.001570925147539537
2022-09-16,2202.0,23650.0,52077.3,-0.010781671159029615,0.0012701100762066986,2226.0,23620.0,52578.12,-0.0017937219730941312,0.0012717253073335488
2022-09-19,2202.0,23670.0,52121.34,0.0,0.0008456659619451301,2202.0,23650.0,52077.3,-0.010781671159029615,0.0012701100762066986
2022-09-20,2236.0,23670.0,52926.12,0.015440508628519423,0.0,2202.0,23670.0,52121.34,0.0,0.0008456659619451301
2022-09-21,2226.0,23690.0,52733.94,-0.004472271914132353,0.0008449514152937265,2236.0,23670.0,52926.12,0.015440508628519423,0.0
2022-09-22,2238.0,23700.0,53040.6,0.005390835579514919,0.00042211903756861346,2226.0,23690.0,52733.94,-0.004472271914132353,0.0008449514152937265
2022-09-23,2232.0,23700.0,52898.4,-0.002680965147453085,0.0,2238.0,23700.0,53040.6,0.005390835579514919,0.00042211903756861346
2022-09-26,2204.0,23715.0,52267.86,-0.012544802867383464,0.0006329113924050667,2232.0,23700.0,52898.4,-0.002680965147453085,0.0
2022-09-27,2178.0,23730.0,51683.94,-0.011796733212341204,0.0006325110689437974,2204.0,23715.0,52267.86,-0.012544802867383464,0.0006329113924050667
2022-09-28,2198.0,23730.0,52158.54,0.009182736455463747,0.0,2178.0,23730.0,51683.94,-0.011796733212341204,0.0006325110689437974
2022-09-29,2175.0,23820.0,51808.5,-0.010464058234758822,0.0037926675094817064,2198.0,23730.0,52158.54,0.009182736455463747,0.0
2022-09-30,2146.0,23855.0,51192.83,-0.013333333333333308,0.001469353484466751,2175.0,23820.0,51808.5,-0.010464058234758822,0.0037926675094817064
2022-10-03,2163.0,23880.0,51652.44,0.007921714818266645,0.0010479983232027923,2146.0,23855.0,51192.83,-0.013333333333333308,0.001469353484466751
2022-10-04,2163.0,23875.0,51641.625,0.0,-0.00020938023450589593,2163.0,23880.0,51652.44,0.007921714818266645,0.0010479983232027923
2022-10-05,2167.0,23865.0,51715.455,0.0018492834026815341,-0.00041884816753923193,2163.0,23875.0,51641.625,0.0,-0.00020938023450589593
2022-10-06,2139.0,23870.0,51057.93,-0.012921089063221092,0.00020951183741879653,2167.0,23865.0,51715.455,0.0018492834026815341,-0.00041884816753923193
2022-10-07,2154.0,23875.0,51426.75,0.007012622720897532,0.00020946795140353025,2139.0,23870.0,51057.93,-0.012921089063221092,0.00020951183741879653
2022-10-10,2154.0,23870.0,51415.98,0.0,-0.00020942408376967148,2154.0,23875.0,51426.75,0.007012622720897532,0.00020946795140353025
2022-10-11,2160.0,23925.0,51678.0,0.0027855153203342198,0.0023041474654377225,2154.0,23870.0,51415.98,0.0,-0.00020942408376967148
2022-10-12,2141.0,23945.0,51266.245,-0.008796296296296302,0.0008359456635318452,2160.0,23925.0,51678.0,0.0027855153203342198,0.0023041474654377225
2022-10-13,2097.0,24120.0,50579.64,-0.02055114432508176,0.00730841511797875,2141.0,23945.0,51266.245,-0.008796296296296302,0.0008359456635318452
2022-10-14,2051.0,24110.0,49449.61,-0.021936099189318048,-0.0004145936981757581,2097.0,24120.0,50579.64,-0.02055114432508176,0.00730841511797875
2022-10-17,2045.0,24310.0,49713.95,-0.0029254022428083504,0.008295313148071415,2051.0,24110.0,49449.61,-0.021936099189318048,-0.0004145936981757581
2022-10-18,2034.0,24430.0,49690.62,-0.005378973105134466,0.00493624023035788,2045.0,24310.0,49713.95,-0.0029254022428083504,0.008295313148071415
2022-10-19,2000.0,24450.0,48900.0,-0.01671583087512296,0.0008186655751125649,2034.0,24430.0,49690.62,-0.005378973105134466,0.00493624023035788
2022-10-20,2041.0,24530.0,50065.73,0.020499999999999963,0.0032719836400818547,2000.0,24450.0,48900.0,-0.01671583087512296,0.0008186655751125649
2022-10-21,1996.0,24820.0,49540.72,-0.02204801567858894,0.011822258459029733,2041.0,24530.0,50065.73,0.020499999999999963,0.0032719836400818547
2022-10-24,1953.0,24830.0,48492.99,-0.021543086172344683,0.00040290088638195165,1996.0,24820.0,49540.72,-0.02204801567858894,0.011822258459029733
2022-10-25,1948.0,24840.0,48388.32,-0.0025601638504864077,0.000402738622633958,1953.0,24830.0,48492.99,-0.021543086172344683,0.00040290088638195165
2022-10-26,1875.0,24830.0,46556.25,-0.03747433264887068,-0.00040257648953301306,1948.0,24840.0,48388.32,-0.0025601638504864077,0.000402738622633958
2022-10-27,1878.0,24830.0,46630.74,0.0016000000000000458,0.0,1875.0,24830.0,46556.25,-0.03747433264887068,-0.00040257648953301306
2022-10-28,1849.0,24820.0,45892.18,-0.01544195953141636,-0.000402738622633958,1878.0,24830.0,46630.74,0.0016000000000000458,0.0
2022-10-31,1853.0,24840.0,46028.52,0.0021633315305571443,0.0008058017727639033,1849.0,24820.0,45892.18,-0.01544195953141636,-0.000402738622633958
2022-11-01,1839.0,24850.0,45699.15,-0.007555315704263377,0.00040257648953301306,1853.0,24840.0,46028.52,0.0021633315305571443,0.0008058017727639033
2022-11-02,1882.0,24835.0,46739.47,0.02338227297444262,-0.0006036217303823088,1839.0,24850.0,45699.15,-0.007555315704263377,0.00040257648953301306
2022-11-03,1842.0,24860.0,45792.12,-0.02125398512221044,0.0010066438494060748,1882.0,24835.0,46739.47,0.02338227297444262,-0.0006036217303823088
2022-11-04,1869.0,24870.0,46482.03,0.014657980456026065,0.0004022526146418848,1842.0,24860.0,45792.12,-0.02125398512221044,0.0010066438494060748
2022-11-07,1851.0,24870.0,46034.37,-0.009630818619582704,0.0,1869.0,24870.0,46482.03,0.014657980456026065,0.0004022526146418848
2022-11-08,1831.0,24871.0,45538.801,-0.010804970286331761,4.0209087253773035e-05,1851.0,24870.0,46034.37,-0.009630818619582704,0.0
2022-11-09,1819.0,24862.0,45223.978,-0.006553795740032786,-0.00036186723493225603,1831.0,24871.0,45538.801,-0.010804970286331761,4.0209087253773035e-05
2022-11-10,1827.0,24865.0,45428.355,0.0043980208905991525,0.00012066607674365848,1819.0,24862.0,45223.978,-0.006553795740032786,-0.00036186723493225603
2022-11-11,1836.0,24805.0,45541.98,0.0049261083743843415,-0.0024130303639654516,1827.0,24865.0,45428.355,0.0043980208905991525,0.00012066607674365848
2022-11-14,1824.0,24735.0,45116.64,-0.006535947712418277,-0.0028220116911913395,1836.0,24805.0,45541.98,0.0049261083743843415,-0.0024130303639654516
2022-11-15,1802.0,24765.0,44626.53,-0.01206140350877194,0.0012128562765312267,1824.0,24735.0,45116.64,-0.006535947712418277,-0.0028220116911913395
2022-11-16,1792.0,24775.0,44396.8,-0.005549389567147567,0.00040379567938630956,1802.0,24765.0,44626.53,-0.01206140350877194,0.0012128562765312267
2022-11-17,1818.0,24805.0,45095.49,0.014508928571428603,0.0012108980827447713,1792.0,24775.0,44396.8,-0.005549389567147567,0.00040379567938630956
2022-11-18,1811.0,24800.0,44912.8,-0.0038503850385038785,-0.00020157226365646874,1818.0,24805.0,45095.49,0.014508928571428603,0.0012108980827447713
2022-11-21,1812.0,24835.0,45001.02,0.000552181115405892,0.0014112903225806939,1811.0,24800.0,44912.8,-0.0038503850385038785,-0.00020157226365646874
2022-11-22,1834.0,24850.0,45574.9,0.012141280353200834,0.0006039863096436449,1812.0,24835.0,45001.02,0.000552181115405892,0.0014112903225806939
2022-11-23,1814.0,24844.0,45067.016,-0.010905125408942173,-0.00024144869215292353,1834.0,24850.0,45574.9,0.012141280353200834,0.0006039863096436449
2022-11-24,1842.0,24833.0,45742.386,0.015435501653803696,-0.000442762840122346,1814.0,24844.0,45067.016,-0.010905125408942173,-0.00024144869215292353
2022-11-25,1821.0,24760.0,45087.96,-0.01140065146579805,-0.0029396367736479467,1842.0,24833.0,45742.386,0.015435501653803696,-0.000442762840122346
2022-11-28,1826.0,24770.0,45230.02,0.0027457440966502933,0.0004038772213246222,1821.0,24760.0,45087.96,-0.01140065146579805,-0.0029396367736479467
2022-11-29,1833.0,24750.0,45366.75,0.00383351588170866,-0.0008074283407347727,1826.0,24770.0,45230.02,0.0027457440966502933,0.0004038772213246222
2022-11-30,1849.0,24630.0,45540.87,0.008728859792689558,-0.00484848484848488,1833.0,24750.0,45366.75,0.00383351588170866,-0.0008074283407347727
2022-12-01,1855.0,24500.0,45447.5,0.0032449972958354945,-0.005278116118554554,1849.0,24630.0,45540.87,0.008728859792689558,-0.00484848484848488
2022-12-02,1846.0,24350.0,44950.1,-0.004851752021563294,-0.006122448979591799,1855.0,24500.0,45447.5,0.0032449972958354945,-0.005278116118554554
2022-12-05,1856.0,23980.0,44506.88,0.005417118093174356,-0.015195071868583154,1846.0,24350.0,44950.1,-0.004851752021563294,-0.006122448979591799
2022-12-06,1877.0,23980.0,45010.46,0.011314655172413701,0.0,1856.0,23980.0,44506.88,0.005417118093174356,-0.015195071868583154
2022-12-07,1868.0,23900.0,44645.2,-0.004794885455514097,-0.0033361134278565574,1877.0,23980.0,45010.46,0.011314655172413701,0.0
2022-12-08,1876.0,23780.0,44611.28,0.004282655246252709,-0.005020920502092019,1868.0,23900.0,44645.2,-0.004794885455514097,-0.0033361134278565574
2022-12-09,1864.0,23550.0,43897.2,-0.006396588486140775,-0.009671993271656909,1876.0,23780.0,44611.28,0.004282655246252709,-0.005020920502092019
2022-12-12,1884.0,23680.0,44613.12,0.010729613733905685,0.005520169851380041,1864.0,23550.0,43897.2,-0.006396588486140775,-0.009671993271656909
2022-12-13,1872.0,23600.0,44179.2,-0.006369426751592355,-0.0033783783783783994,1884.0,23680.0,44613.12,0.010729613733905685,0.005520169851380041
2022-12-14,1877.0,23520.0,44147.04,0.0026709401709401615,-0.003389830508474523,1872.0,23600.0,44179.2,-0.006369426751592355,-0.0033783783783783994
2022-12-15,1878.0,23500.0,44133.0,0.0005327650506126158,-0.0008503401360544505,1877.0,23520.0,44147.04,0.0026709401709401615,-0.003389830508474523
2022-12-16,1866.0,23580.0,44000.28,-0.006389776357827448,0.0034042553191488967,1878.0,23500.0,44133.0,0.0005327650506126158,-0.0008503401360544505
2022-12-19,1858.0,23700.0,44034.6,-0.004287245444801746,0.0050890585241729624,1866.0,23580.0,44000.28,-0.006389776357827448,0.0034042553191488967
2022-12-20,1868.0,23730.0,44327.64,0.005382131324004336,0.0012658227848101333,1858.0,23700.0,44034.6,-0.004287245444801746,0.0050890585241729624
2022-12-21,1879.0,23700.0,44532.3,0.005888650963597364,-0.0012642225031606058,1868.0,23730.0,44327.64,0.005382131324004336,0.0012658227848101333
2022-12-22,1878.0,23630.0,44377.14,-0.000532197977647697,-0.002953586497890348,1879.0,23700.0,44532.3,0.005888650963597364,-0.0012642225031606058
2022-12-23,1875.0,23560.0,44175.0,-0.0015974440894568342,-0.0029623360135421217,1878.0,23630.0,44377.14,-0.000532197977647697,-0.002953586497890348
2022-12-26,1875.0,23590.0,44231.25,0.0,0.0012733446519523905,1875.0,23560.0,44175.0,-0.0015974440894568342,-0.0029623360135421217
2022-12-27,1875.0,23580.0,44212.5,0.0,-0.0004239084357778866,1875.0,23590.0,44231.25,0.0,0.0012733446519523905
2022-12-28,1869.0,23620.0,44145.78,-0.0031999999999999806,0.0016963528413909135,1875.0,23580.0,44212.5,0.0,-0.0004239084357778866
2022-12-29,1824.0,23600.0,43046.4,-0.024077046548956704,-0.0008467400508044287,1869.0,23620.0,44145.78,-0.0031999999999999806,0.0016963528413909135
2022-12-30,1799.0,23610.0,42474.39,-0.013706140350877138,0.0004237288135593431,1824.0,23600.0,43046.4,-0.024077046548956704,-0.0008467400508044287
2023-01-02,1799.0,23610.0,42474.39,0.0,0.0,1799.0,23610.0,42474.39,-0.013706140350877138,0.0004237288135593431
2023-01-03,1852.0,23515.0,43549.78,0.029460811561978772,-0.004023718763235928,1799.0,23610.0,42474.39,0.0,0.0
2023-01-04,1873.0,23510.0,44034.23,0.011339092872570289,-0.0002126302360195842,1852.0,23515.0,43549.78,0.029460811561978772,-0.004023718763235928
2023-01-05,1832.0,23475.0,43006.2,-0.021890016017084846,-0.001488728200765621,1873.0,23510.0,44034.23,0.011339092872570289,-0.0002126302360195842
2023-01-06,1825.0,23460.0,42814.5,-0.003820960698689979,-0.0006389776357828003,1832.0,23475.0,43006.2,-0.021890016017084846,-0.001488728200765621
2023-01-09,1860.0,23447.0,43611.42,0.019178082191780854,-0.0005541346973572114,1825.0,23460.0,42814.5,-0.003820960698689979,-0.0006389776357828003
2023-01-10,1840.0,23445.0,43138.8,-0.010752688172043001,-8.529875890306293e-05,1860.0,23447.0,43611.42,0.019178082191780854,-0.0005541346973572114
2023-01-11,1811.0,23440.0,42449.84,-0.015760869565217384,-0.00021326508850505466,1840.0,23445.0,43138.8,-0.010752688172043001,-8.529875890306293e-05
2023-01-12,1881.0,23438.0,44086.878,0.038652678078409775,-8.532423208196249e-05,1811.0,23440.0,42449.84,-0.015760869565217384,-0.00021326508850505466
2023-01-13,1916.0,23435.0,44901.46,0.01860712387028185,-0.00012799726939161093,1881.0,23438.0,44086.878,0.038652678078409775,-8.532423208196249e-05
2023-01-16,1907.0,23445.0,44709.615,-0.0046972860125260585,0.00042671218263290456,1916.0,23435.0,44901.46,0.01860712387028185,-0.00012799726939161093
2023-01-17,1895.0,23427.0,44394.165,-0.0062926061877294215,-0.0007677543186180857,1907.0,23445.0,44709.615,-0.0046972860125260585,0.00042671218263290456
2023-01-18,1902.0,23437.0,44577.174,0.003693931398416783,0.00042685789900542837,1895.0,23427.0,44394.165,-0.0062926061877294215,-0.0007677543186180857
2023-01-19,1918.0,23440.0,44957.92,0.008412197686645584,0.00012800273072488544,1902.0,23437.0,44577.174,0.003693931398416783,0.00042685789900542837
2023-01-20,1944.0,23440.0,45567.36,0.01355578727841511,0.0,1918.0,23440.0,44957.92,0.008412197686645584,0.00012800273072488544
2023-01-23,1941.0,23440.0,45497.04,-0.0015432098765432167,0.0,1944.0,23440.0,45567.36,0.01355578727841511,0.0
2023-01-24,1943.0,23440.0,45543.92,0.0010303967027305294,0.0,1941.0,23440.0,45497.04,-0.0015432098765432167,0.0
2023-01-25,1970.0,23440.0,46176.8,0.013896037056098764,0.0,1943.0,23440.0,45543.92,0.0010303967027305294,0.0
2023-01-26,1962.0,23440.0,45989.28,-0.004060913705583702,0.0,1970.0,23440.0,46176.8,0.013896037056098764,0.0
2023-01-27,2016.0,23460.0,47295.36,0.02752293577981657,0.0008532423208191808,1962.0,23440.0,45989.28,-0.004060913705583702,0.0
2023-01-30,2010.0,23470.0,47174.7,-0.0029761904761904656,0.0004262574595055302,2016.0,23460.0,47295.36,0.02752293577981657,0.0008532423208191808
2023-01-31,2078.0,23445.0,48718.71,0.03383084577114426,-0.0010651896037494613,2010.0,23470.0,47174.7,-0.0029761904761904656,0.0004262574595055302
2023-02-01,2042.0,23440.0,47864.48,-0.017324350336862415,-0.00021326508850505466,2078.0,23445.0,48718.71,0.03383084577114426,-0.0010651896037494613
2023-02-02,2044.0,23449.0,47929.756,0.0009794319294809117,0.00038395904436860917,2042.0,23440.0,47864.48,-0.017324350336862415,-0.00021326508850505466
2023-02-03,2030.0,23440.0,47583.2,-0.006849315068493178,-0.00038381167640411107,2044.0,23449.0,47929.756,0.0009794319294809117,0.00038395904436860917
2023-02-06,2040.0,23480.0,47899.2,0.0049261083743843415,0.0017064846416381396,2030.0,23440.0,47583.2,-0.006849315068493178,-0.00038381167640411107
2023-02-07,2075.0,23600.0,48970.0,0.017156862745097978,0.005110732538330387,2040.0,23480.0,47899.2,0.0049261083743843415,0.0017064846416381396
2023-02-08,2057.0,23590.0,48524.63,-0.00867469879518068,-0.0004237288135593431,2075.0,23600.0,48970.0,0.017156862745097978,0.005110732538330387
2023-02-09,2032.0,23560.0,47873.92,-0.012153621779290247,-0.0012717253073336598,2057.0,23590.0,48524.63,-0.00867469879518068,-0.0004237288135593431
2023-02-10,2039.0,23565.0,48049.035,0.0034448818897638844,0.00021222410865884278,2032.0,23560.0,47873.92,-0.012153621779290247,-0.0012717253073336598
2023-02-13,2044.0,23595.0,48228.18,0.0024521824423737737,0.0012730744748568057,2039.0,23565.0,48049.035,0.0034448818897638844,0.00021222410865884278
2023-02-14,2070.0,23600.0,48852.0,0.012720156555773077,0.0002119093028183361,2044.0,23595.0,48228.18,0.0024521824423737737,0.0012730744748568057
2023-02-15,2049.0,23615.0,48387.135,-0.010144927536231862,0.0006355932203390147,2070.0,23600.0,48852.0,0.012720156555773077,0.0002119093028183361
2023-02-16,2072.0,23680.0,49064.96,0.011224987798926334,0.002752487825534722,2049.0,23615.0,48387.135,-0.010144927536231862,0.0006355932203390147
2023-02-17,2098.0,23810.0,49953.38,0.012548262548262468,0.005489864864864913,2072.0,23680.0,49064.96,0.011224987798926334,0.002752487825534722
2023-02-20,2117.0,23725.0,50225.825,0.009056244041944606,-0.0035699286014280185,2098.0,23810.0,49953.38,0.012548262548262468,0.005489864864864913
2023-02-21,2133.0,23705.0,50562.765,0.0075578649031649014,-0.0008429926238144869,2117.0,23725.0,50225.825,0.009056244041944606,-0.0035699286014280185
2023-02-22,2205.0,23780.0,52434.9,0.03375527426160341,0.0031638894747942903,2133.0,23705.0,50562.765,0.0075578649031649014,-0.0008429926238144869
2023-02-23,2161.0,23815.0,51464.215,-0.01995464852607709,0.0014718250630783025,2205.0,23780.0,52434.9,0.03375527426160341,0.0031638894747942903
2023-02-24,2151.0,23780.0,51150.78,-0.00462748727440998,-0.001469661977745118,2161.0,23815.0,51464.215,-0.01995464852607709,0.0014718250630783025
2023-02-27,2133.0,23805.0,50776.065,-0.008368200836820106,0.0010513036164845335,2151.0,23780.0,51150.78,-0.00462748727440998,-0.001469661977745118
2023-02-28,2140.0,23740.0,50803.6,0.003281762775433572,-0.0027305187985717794,2133.0,23805.0,50776.065,-0.008368200836820106,0.0010513036164845335
2023-03-01,2177.0,23710.0,51616.67,0.01728971962616832,-0.0012636899747261454,2140.0,23740.0,50803.6,0.003281762775433572,-0.0027305187985717794
2023-03-02,2180.0,23700.0,51666.0,0.0013780431786862835,-0.000421762969211259,2177.0,23710.0,51616.67,0.01728971962616832,-0.0012636899747261454
2023-03-03,2162.0,23710.0,51261.02,-0.008256880733944927,0.00042194092826997043,2180.0,23700.0,51666.0,0.0013780431786862835,-0.000421762969211259
2023-03-06,2153.0,23650.0,50918.45,-0.004162812210915856,-0.002530577815267776,2162.0,23710.0,51261.02,-0.008256880733944927,0.00042194092826997043
2023-03-07,2152.0,23640.0,50873.28,-0.0004644681839294229,-0.00042283298097256505,2153.0,23650.0,50918.45,-0.004162812210915856,-0.002530577815267776
2023-03-08,2159.0,23710.0,51189.89,0.0032527881040891327,0.0029610829103214886,2152.0,23640.0,50873.28,-0.0004644681839294229,-0.00042283298097256505
2023-03-09,2168.0,23680.0,51338.24,0.00416859657248736,-0.001265288907633888,2159.0,23710.0,51189.89,0.0032527881040891327,0.0029610829103214886
2023-03-10,2140.0,23660.0,50632.4,-0.01291512915129156,-0.0008445945945946276,2168.0,23680.0,51338.24,0.00416859657248736,-0.001265288907633888
2023-03-13,2113.0,23570.0,49803.41,-0.012616822429906582,-0.0038038884192730382,2140.0,23660.0,50632.4,-0.01291512915129156,-0.0008445945945946276
2023-03-14,2080.0,23570.0,49025.6,-0.015617605300520587,0.0,2113.0,23570.0,49803.41,-0.012616822429906582,-0.0038038884192730382
2023-03-15,2069.0,23565.0,48755.985,-0.00528846153846152,-0.00021213406873143992,2080.0,23570.0,49025.6,-0.015617605300520587,0.0
2023-03-16,2104.0,23560.0,49570.24,0.01691638472692114,-0.00021217907914283796,2069.0,23565.0,48755.985,-0.00528846153846152,-0.00021213406873143992
2023-03-17,2064.0,23570.0,48648.48,-0.019011406844106515,0.0004244482173174635,2104.0,23560.0,49570.24,0.01691638472692114,-0.00021217907914283796
2023-03-20,2087.0,23570.0,49190.59,0.011143410852713087,0.0,2064.0,23570.0,48648.48,-0.019011406844106515,0.0004244482173174635
2023-03-21,2130.0,23570.0,50204.1,0.02060373742213706,0.0,2087.0,23570.0,49190.59,0.011143410852713087,0.0
2023-03-22,2112.0,23510.0,49653.12,-0.008450704225352101,-0.002545608824777279,2130.0,23570.0,50204.1,0.02060373742213706,0.0
2023-03-23,2124.0,23490.0,49892.76,0.005681818181818121,-0.0008507018290089263,2112.0,23510.0,49653.12,-0.008450704225352101,-0.002545608824777279
2023-03-24,2189.0,23510.0,51463.39,0.030602636534839966,0.0008514261387824185,2124.0,23490.0,49892.76,0.005681818181818121,-0.0008507018290089263
2023-03-27,2214.0,23500.0,52029.0,0.011420740063956103,-0.00042535091450446316,2189.0,23510.0,51463.39,0.030602636534839966,0.0008514261387824185
2023-03-28,2142.0,23480.0,50294.16,-0.03252032520325199,-0.0008510638297872797,2214.0,23500.0,52029.0,0.011420740063956103,-0.00042535091450446316
2023-03-29,2133.0,23480.0,50082.84,-0.004201680672268893,0.0,2142.0,23480.0,50294.16,-0.03252032520325199,-0.0008510638297872797
2023-03-30,2171.0,23470.0,50953.37,0.017815283638068502,-0.0004258943781941804,2133.0,23480.0,50082.84,-0.004201680672268893,0.0
2023-03-31,2173.0,23450.0,50956.85,0.0009212344541686956,-0.000852151682999569,2171.0,23470.0,50953.37,0.017815283638068502,-0.0004258943781941804
2023-04-03,2195.0,23470.0,51516.65,0.01012425218591817,0.0008528784648187404,2173.0,23450.0,50956.85,0.0009212344541686956,-0.000852151682999569
2023-04-04,2219.0,23460.0,52057.74,0.010933940774487505,-0.0004260758414997845,2195.0,23470.0,51516.65,0.01012425218591817,0.0008528784648187404
2023-04-05,2274.0,23465.0,53359.41,0.024785939612438135,0.0002131287297528761,2219.0,23460.0,52057.74,0.010933940774487505,-0.0004260758414997845
2023-04-06,2256.0,23451.0,52905.456,-0.0079155672823219,-0.0005966332836139232,2274.0,23465.0,53359.41,0.024785939612438135,0.0002131287297528761
2023-04-07,2256.0,23442.0,52885.152,0.0,-0.0003837789433286387,2256.0,23451.0,52905.456,-0.0079155672823219,-0.0005966332836139232
2023-04-10,2256.0,23440.0,52880.64,0.0,-8.531695247848692e-05,2256.0,23442.0,52885.152,0.0,-0.0003837789433286387
2023-04-11,2323.0,23445.0,54462.735,0.02969858156028371,0.00021331058020468419,2256.0,23440.0,52880.64,0.0,-8.531695247848692e-05
2023-04-12,2332.0,23442.0,54666.744,0.0038743004735255493,-0.0001279590531030328,2323.0,23445.0,54462.735,0.02969858156028371,0.00021331058020468419
2023-04-13,2382.0,23440.0,55834.08,0.021440823327615766,-8.531695247848692e-05,2332.0,23442.0,54666.744,0.0038743004735255493,-0.0001279590531030328
2023-04-14,2344.0,23440.0,54943.36,-0.015952980688497043,0.0,2382.0,23440.0,55834.08,0.021440823327615766,-8.531695247848692e-05
2023-04-17,2370.0,23485.0,55659.45,0.011092150170648463,0.0019197952218430459,2344.0,23440.0,54943.36,-0.015952980688497043,0.0
2023-04-18,2379.0,23505.0,55918.395,0.0037974683544304,0.0008516074089843784,2370.0,23485.0,55659.45,0.011092150170648463,0.0019197952218430459
2023-04-19,2386.0,23511.0,56097.246,0.002942412778478287,0.0002552648372686761,2379.0,23505.0,55918.395,0.0037974683544304,0.0008516074089843784
2023-04-20,2374.0,23488.0,55760.512,-0.005029337803855838,-0.0009782654927480428,2386.0,23511.0,56097.246,0.002942412778478287,0.0002552648372686761
2023-04-21,2382.0,23485.0,55941.27,0.0033698399326032025,-0.00012772479564027162,2374.0,23488.0,55760.512,-0.005029337803855838,-0.0009782654927480428
2023-04-24,2444.0,23494.0,57419.336,0.02602854743912686,0.0003832233340430591,2382.0,23485.0,55941.27,0.0033698399326032025,-0.00012772479564027162
2023-04-25,2419.0,23473.0,56781.187,-0.010229132569558153,-0.0008938452370818029,2444.0,23494.0,57419.336,0.02602854743912686,0.0003832233340430591
2023-04-26,2413.0,23465.0,56621.045,-0.0024803637866886996,-0.0003408171090188983,2419.0,23473.0,56781.187,-0.010229132569558153,-0.0008938452370818029
2023-04-27,2405.0,23445.0,56385.225,-0.0033153750518026825,-0.0008523332623056046,2413.0,23465.0,56621.045,-0.0024803637866886996,-0.0003408171090188983
2023-04-28,2409.0,23450.0,56491.05,0.0016632016632016633,0.00021326508850494363,2405.0,23445.0,56385.225,-0.0033153750518026825,-0.0008523332623056046
2023-05-01,2409.0,23450.0,56491.05,0.0,0.0,2409.0,23450.0,56491.05,0.0016632016632016633,0.00021326508850494363
2023-05-02,2424.0,23450.0,56842.8,0.0062266500622665255,0.0,2409.0,23450.0,56491.05,0.0,0.0
2023-05-03,2424.0,23450.0,56842.8,0.0,0.0,2424.0,23450.0,56842.8,0.0062266500622665255,0.0
2023-05-04,2412.0,23445.0,56549.34,-0.004950495049504955,-0.0002132196162046851,2424.0,23450.0,56842.8,0.0,0.0
2023-05-05,2471.0,23440.0,57920.24,0.024461028192371392,-0.00021326508850505466,2412.0,23445.0,56549.34,-0.004950495049504955,-0.0002132196162046851
2023-05-08,2471.0,23443.0,57927.653,0.0,0.00012798634812294374,2471.0,23440.0,57920.24,0.024461028192371392,-0.00021326508850505466
2023-05-09,2465.0,23460.0,57828.9,-0.002428166734115722,0.0007251631617113397,2471.0,23443.0,57927.653,0.0,0.00012798634812294374
2023-05-10,2481.0,23465.0,58216.665,0.006490872210953347,0.0002131287297528761,2465.0,23460.0,57828.9,-0.002428166734115722,0.0007251631617113397
2023-05-11,2393.0,23465.0,56151.745,-0.035469568722289346,0.0,2481.0,23465.0,58216.665,0.006490872210953347,0.0002131287297528761
2023-05-12,2432.0,23450.0,57030.4,0.0162975344755536,-0.0006392499467291479,2393.0,23465.0,56151.745,-0.035469568722289346,0.0
2023-05-15,2488.0,23458.0,58363.504,0.023026315789473673,0.00034115138592749616,2432.0,23450.0,57030.4,0.0162975344755536,-0.0006392499467291479
2023-05-16,2511.0,23450.0,58882.95,0.009244372990353744,-0.00034103504135052365,2488.0,23458.0,58363.504,0.023026315789473673,0.00034115138592749616
2023-05-17,2582.0,23450.0,60547.9,0.028275587415372394,0.0,2511.0,23450.0,58882.95,0.009244372990353744,-0.00034103504135052365
2023-05-18,2540.0,23450.0,59563.0,-0.016266460108443015,0.0,2582.0,23450.0,60547.9,0.028275587415372394,0.0
2023-05-19,2588.0,23460.0,60714.48,0.018897637795275646,0.0004264392324093702,2540.0,23450.0,59563.0,-0.016266460108443015,0.0
2023-05-22,2629.0,23438.0,61618.502,0.01584234930448214,-0.0009377664109121442,2588.0,23460.0,60714.48,0.018897637795275646,0.0004264392324093702
2023-05-23,2557.0,23470.0,60012.79,-0.027386839102320315,0.001365304206843554,2629.0,23438.0,61618.502,0.01584234930448214,-0.0009377664109121442
2023-05-24,2573.0,23470.0,60388.31,0.006257332811888894,0.0,2557.0,23470.0,60012.79,-0.027386839102320315,0.001365304206843554
2023-05-25,2508.0,23470.0,58862.76,-0.025262339681305868,0.0,2573.0,23470.0,60388.31,0.006257332811888894,0.0
2023-05-26,2528.0,23475.0,59344.8,0.00797448165869219,0.00021303792074989225,2508.0,23470.0,58862.76,-0.025262339681305868,0.0
2023-05-29,2528.0,23465.0,59319.52,0.0,-0.00042598509052182987,2528.0,23475.0,59344.8,0.00797448165869219,0.00021303792074989225
2023-05-30,2520.0,23480.0,59169.6,-0.0031645569620253333,0.0006392499467291479,2528.0,23465.0,59319.52,0.0,-0.00042598509052182987
2023-05-31,2520.0,23485.0,59182.2,0.0,0.0002129471890970347,2520.0,23480.0,59169.6,-0.0031645569620253333,0.0006392499467291479
2023-06-01,2567.0,23485.0,60285.995,0.018650793650793585,0.0,2520.0,23485.0,59182.2,0.0,0.0002129471890970347
2023-06-02,2542.0,23475.0,59673.45,-0.009738994935722611,-0.0004258037044921892,2567.0,23485.0,60285.995,0.018650793650793585,0.0
2023-06-05,2574.0,23495.0,60476.13,0.01258851298190411,0.0008519701810436597,2542.0,23475.0,59673.45,-0.009738994935722611,-0.0004258037044921892
2023-06-06,2583.0,23485.0,60661.755,0.0034965034965035446,-0.0004256224728665936,2574.0,23495.0,60476.13,0.01258851298190411,0.0008519701810436597
2023-06-07,2636.0,23485.0,61906.46,0.020518776616337497,0.0,2583.0,23485.0,60661.755,0.0034965034965035446,-0.0004256224728665936
2023-06-08,2726.0,23490.0,64033.74,0.03414264036418824,0.0002129018522460946,2636.0,23485.0,61906.46,0.020518776616337497,0.0
2023-06-09,2702.0,23470.0,63415.94,-0.00880410858400582,-0.0008514261387824185,2726.0,23490.0,64033.74,0.03414264036418824,0.0002129018522460946
2023-06-12,2681.0,23480.0,62949.88,-0.007772020725388629,0.0004260758414997845,2702.0,23470.0,63415.94,-0.00880410858400582,-0.0008514261387824185
2023-06-13,2689.0,23495.0,63178.055,0.0029839612085043044,0.0006388415672913261,2681.0,23480.0,62949.88,-0.007772020725388629,0.0004260758414997845
2023-06-14,2694.0,23500.0,63309.0,0.0018594272963927683,0.0002128112364332413,2689.0,23495.0,63178.055,0.0029839612085043044,0.0006388415672913261
2023-06-15,2757.0,23525.0,64858.425,0.023385300668151476,0.0010638297872340718,2694.0,23500.0,63309.0,0.0018594272963927683,0.0002128112364332413
2023-06-16,2747.0,23520.0,64609.44,-0.0036271309394269036,-0.00021253985122204888,2757.0,23525.0,64858.425,0.023385300668151476,0.0010638297872340718
2023-06-19,2783.0,23520.0,65456.16,0.013105205678922482,0.0,2747.0,23520.0,64609.44,-0.0036271309394269036,-0.00021253985122204888
2023-06-20,2770.0,23520.0,65150.4,-0.004671218109953301,0.0,2783.0,23520.0,65456.16,0.013105205678922482,0.0
2023-06-21,2726.0,23505.0,64074.63,-0.015884476534296033,-0.0006377551020407823,2770.0,23520.0,65150.4,-0.004671218109953301,0.0
2023-06-22,2749.0,23515.0,64642.735,0.00843727072633893,0.0004254413954478675,2726.0,23505.0,64074.63,-0.015884476534296033,-0.0006377551020407823
2023-06-23,2676.0,23515.0,62926.14,-0.02655511094943619,0.0,2749.0,23515.0,64642.735,0.00843727072633893,0.0004254413954478675
2023-06-26,2710.0,23530.0,63766.3,0.012705530642750373,0.0006378907080586416,2676.0,23515.0,62926.14,-0.02655511094943619,0.0
2023-06-27,2715.0,23520.0,63856.8,0.0018450184501845879,-0.0004249893752655831,2710.0,23530.0,63766.3,0.012705530642750373,0.0006378907080586416
2023-06-28,2616.0,23555.0,61619.88,-0.03646408839779003,0.0014880952380953438,2715.0,23520.0,63856.8,0.0018450184501845879,-0.0004249893752655831
2023-06-29,2570.0,23569.0,60572.33,-0.01758409785932724,0.0005943536404160454,2616.0,23555.0,61619.88,-0.03646408839779003,0.0014880952380953438
2023-06-30,2491.0,23575.0,58725.325,-0.030739299610894943,0.00025457168314302336,2570.0,23569.0,60572.33,-0.01758409785932724,0.0005943536404160454
2023-07-03,2538.0,23695.0,60137.91,0.018867924528301883,0.005090137857900245,2491.0,23575.0,58725.325,-0.030739299610894943,0.00025457168314302336
2023-07-04,2527.0,23700.0,59889.9,-0.004334121355397902,0.000211014982063773,2538.0,23695.0,60137.91,0.018867924528301883,0.005090137857900245
2023-07-05,2512.0,23745.0,59647.44,-0.005935892362485151,0.0018987341772152,2527.0,23700.0,59889.9,-0.004334121355397902,0.000211014982063773
2023-07-06,2510.0,23710.0,59512.1,-0.0007961783439490722,-0.0014739945251631692,2512.0,23745.0,59647.44,-0.005935892362485151,0.0018987341772152
2023-07-07,2621.0,23635.0,61947.335,0.04422310756972103,-0.00316322226908472,2510.0,23710.0,59512.1,-0.0007961783439490722,-0.0014739945251631692
2023-07-10,2576.0,23640.0,60896.64,-0.017169019458222023,0.00021155066638467446,2621.0,23635.0,61947.335,0.04422310756972103,-0.00316322226908472
2023-07-11,2570.0,23690.0,60883.3,-0.0023291925465838137,0.002115059221658111,2576.0,23640.0,60896.64,-0.017169019458222023,0.00021155066638467446
2023-07-12,2534.0,23660.0,59954.44,-0.014007782101167265,-0.0012663571127057294,2570.0,23690.0,60883.3,-0.0023291925465838137,0.002115059221658111
2023-07-13,2525.0,23665.0,59754.125,-0.003551696921862635,0.00021132713440397133,2534.0,23660.0,59954.44,-0.014007782101167265,-0.0012663571127057294
2023-07-14,2540.0,23630.0,60020.2,0.005940594059405946,-0.001478977392774139,2525.0,23665.0,59754.125,-0.003551696921862635,0.00021132713440397133
2023-07-17,2552.0,23630.0,60303.76,0.0047244094488188,0.0,2540.0,23630.0,60020.2,0.005940594059405946,-0.001478977392774139
2023-07-18,2532.0,23635.0,59843.82,-0.00783699059561127,0.00021159542953874677,2552.0,23630.0,60303.76,0.0047244094488188,0.0
2023-07-19,2604.0,23630.0,61532.52,0.028436018957346043,-0.00021155066638456343,2532.0,23635.0,59843.82,-0.00783699059561127,0.00021159542953874677
2023-07-20,2536.0,23647.0,59968.792,-0.02611367127496156,0.0007194244604316058,2604.0,23630.0,61532.52,0.028436018957346043,-0.00021155066638456343
2023-07-21,2602.0,23656.0,61552.912,0.026025236593059997,0.0003805979616864352,2536.0,23647.0,59968.792,-0.02611367127496156,0.0007194244604316058
2023-07-24,2649.0,23665.0,62688.585,0.0180630284396619,0.0003804531619884255,2602.0,23656.0,61552.912,0.026025236593059997,0.0003805979616864352
2023-07-25,2628.0,23655.0,62165.34,-0.007927519818799578,-0.0004225649693639921,2649.0,23665.0,62688.585,0.0180630284396619,0.0003804531619884255
2023-07-26,2480.0,23665.0,58689.2,-0.05631659056316596,0.0004227436060029177,2628.0,23655.0,62165.34,-0.007927519818799578,-0.0004225649693639921
2023-07-27,2499.0,23661.0,59128.839,0.007661290322580561,-0.00016902598774559685,2480.0,23665.0,58689.2,-0.05631659056316596,0.0004227436060029177
2023-07-28,2437.0,23685.0,57720.345,-0.02480992396958781,0.0010143273741600733,2499.0,23661.0,59128.839,0.007661290322580561,-0.00016902598774559685
2023-07-31,2476.0,23680.0,58631.68,0.01600328272466145,-0.00021110407430868783,2437.0,23685.0,57720.345,-0.02480992396958781,0.0010143273741600733
2023-08-01,2494.0,23680.0,59057.92,0.007269789983844976,0.0,2476.0,23680.0,58631.68,0.01600328272466145,-0.00021110407430868783
2023-08-02,2532.0,23735.0,60097.02,0.015236567762630271,0.002322635135135087,2494.0,23680.0,59057.92,0.007269789983844976,0.0
2023-08-03,2516.0,23750.0,59755.0,-0.006319115323854652,0.0006319780914261219,2532.0,23735.0,60097.02,0.015236567762630271,0.002322635135135087
2023-08-04,2488.0,23725.0,59027.8,-0.011128775834658211,-0.001052631578947416,2516.0,23750.0,59755.0,-0.006319115323854652,0.0006319780914261219
2023-08-07,2554.0,23720.0,60580.88,0.026527331189710512,-0.00021074815595367724,2488.0,23725.0,59027.8,-0.011128775834658211,-0.001052631578947416
2023-08-08,2559.0,23730.0,60725.07,0.0019577133907595634,0.00042158516020229797,2554.0,23720.0,60580.88,0.026527331189710512,-0.00021074815595367724
2023-08-09,2543.0,23735.0,60358.105,-0.006252442360296984,0.00021070375052678614,2559.0,23730.0,60725.07,0.0019577133907595634,0.00042158516020229797
2023-08-10,2534.0,23740.0,60157.16,-0.0035391270153362075,0.0002106593638087073,2543.0,23735.0,60358.105,-0.006252442360296984,0.00021070375052678614
2023-08-11,2517.0,23750.0,59778.75,-0.006708760852407236,0.0004212299915753448,2534.0,23740.0,60157.16,-0.0035391270153362075,0.0002106593638087073
2023-08-14,2435.0,23815.0,57989.525,-0.032578466428287656,0.0027368421052631486,2517.0,23750.0,59778.75,-0.006708760852407236,0.0004212299915753448
2023-08-15,2433.0,23965.0,58306.845,-0.000821355236139576,0.006298551333193458,2435.0,23815.0,57989.525,-0.032578466428287656,0.0027368421052631486
2023-08-16,2378.0,23935.0,56917.43,-0.022605836415947378,-0.0012518255789693011,2433.0,23965.0,58306.845,-0.000821355236139576,0.006298551333193458
2023-08-17,2391.0,23850.0,57025.35,0.005466778805718997,-0.0035512847294756344,2378.0,23935.0,56917.43,-0.022605836415947378,-0.0012518255789693011
2023-08-18,2363.0,23805.0,56251.215,-0.011710581346716875,-0.0018867924528301883,2391.0,23850.0,57025.35,0.005466778805718997,-0.0035512847294756344
2023-08-21,2366.0,23805.0,56322.63,0.0012695725772322586,0.0,2363.0,23805.0,56251.215,-0.011710581346716875,-0.0018867924528301883
2023-08-22,2374.0,23920.0,56786.08,0.0033812341504648735,0.004830917874396157,2366.0,23805.0,56322.63,0.0012695725772322586,0.0
2023-08-23,2402.0,23985.0,57611.97,0.011794439764111209,0.0027173913043478937,2374.0,23920.0,56786.08,0.0033812341504648735,0.004830917874396157
2023-08-24,2406.0,23995.0,57731.97,0.0016652789342215257,0.0004169272461955753,2402.0,23985.0,57611.97,0.011794439764111209,0.0027173913043478937
2023-08-25,2437.0,24024.0,58546.488,0.012884455527847116,0.001208585121900363,2406.0,23995.0,57731.97,0.0016652789342215257,0.0004169272461955753
2023-08-28,2437.0,24080.0,58682.96,0.0,0.002331002331002363,2437.0,24024.0,58546.488,0.012884455527847116,0.001208585121900363
2023-08-29,2449.0,24180.0,59216.82,0.004924086992203591,0.004152823920265725,2437.0,24080.0,58682.96,0.0,0.002331002331002363
2023-08-30,2496.0,24110.0,60178.56,0.019191506737443964,-0.0028949545078577055,2449.0,24180.0,59216.82,0.004924086992203591,0.004152823920265725
2023-08-31,2489.0,24060.0,59885.34,-0.002804487179487225,-0.0020738282870178537,2496.0,24110.0,60178.56,0.019191506737443964,-0.0028949545078577055
2023-09-01,2482.0,24060.0,59716.92,-0.0028123744475693213,0.0,2489.0,24060.0,59885.34,-0.002804487179487225,-0.0020738282870178537
2023-09-04,2483.0,24060.0,59740.98,0.00040290088638195165,0.0,2482.0,24060.0,59716.92,-0.0028123744475693213,0.0
2023-09-05,2453.0,24050.0,58994.65,-0.012082158679017296,-0.00041562759767244106,2483.0,24060.0,59740.98,0.00040290088638195165,0.0
2023-09-06,2456.0,24055.0,59079.08,0.0012229922543824934,0.00020790020790029118,2453.0,24050.0,58994.65,-0.012082158679017296,-0.00041562759767244106
2023-09-07,2407.0,24060.0,57912.42,-0.019951140065146533,0.00020785699438796712,2456.0,24055.0,59079.08,0.0012229922543824934,0.00020790020790029118
2023-09-08,2407.0,24055.0,57900.385,0.0,-0.00020781379883627604,2407.0,24060.0,57912.42,-0.019951140065146533,0.00020785699438796712
2023-09-11,2439.0,24075.0,58718.925,0.01329455754050679,0.0008314279775514244,2407.0,24055.0,57900.385,0.0,-0.00020781379883627604
2023-09-12,2430.0,24100.0,58563.0,-0.0036900369003689537,0.0010384215991692258,2439.0,24075.0,58718.925,0.01329455754050679,0.0008314279775514244
2023-09-13,2479.0,24155.0,59880.245,0.02016460905349793,0.0022821576763485396,2430.0,24100.0,58563.0,-0.0036900369003689537,0.0010384215991692258
2023-09-14,2495.0,24220.0,60428.9,0.006454215409439357,0.002690954253777633,2479.0,24155.0,59880.245,0.02016460905349793,0.0022821576763485396
2023-09-15,2556.0,24250.0,61983.0,0.02444889779559123,0.0012386457473163581,2495.0,24220.0,60428.9,0.006454215409439357,0.002690954253777633
2023-09-18,2566.0,24370.0,62533.42,0.00391236306729259,0.004948453608247361,2556.0,24250.0,61983.0,0.02444889779559123,0.0012386457473163581
2023-09-19,2540.0,24370.0,61899.8,-0.010132501948558081,0.0,2566.0,24370.0,62533.42,0.00391236306729259,0.004948453608247361
2023-09-20,2508.0,24270.0,60869.16,-0.012598425196850394,-0.004103405826836326,2540.0,24370.0,61899.8,-0.010132501948558081,0.0
2023-09-21,2464.0,24310.0,59899.84,-0.01754385964912286,0.0016481252575195615,2508.0,24270.0,60869.16,-0.012598425196850394,-0.004103405826836326
2023-09-22,2461.0,24360.0,59949.96,-0.0012175324675324228,0.002056766762649209,2464.0,24310.0,59899.84,-0.01754385964912286,0.0016481252575195615
2023-09-25,2443.0,24380.0,59560.34,-0.00731409995936616,0.0008210180623973162,2461.0,24360.0,59949.96,-0.0012175324675324228,0.002056766762649209
2023-09-26,2352.0,24380.0,57341.76,-0.03724928366762181,0.0,2443.0,24380.0,59560.34,-0.00731409995936616,0.0008210180623973162
2023-09-27,2346.0,24385.0,57207.21,-0.0025510204081632404,0.0002050861361770906,2352.0,24380.0,57341.76,-0.03724928366762181,0.0
2023-09-28,2372.0,24385.0,57841.22,0.011082693947144007,0.0,2346.0,24385.0,57207.21,-0.0025510204081632404,0.0002050861361770906
2023-09-29,2369.0,24280.0,57519.32,-0.001264755480607116,-0.00430592577404143,2372.0,24385.0,57841.22,0.011082693947144007,0.0
2023-10-02,2374.0,24340.0,57783.16,0.0021105951878430673,0.0024711696869852418,2369.0,24280.0,57519.32,-0.001264755480607116,-0.00430592577404143
2023-10-03,2332.0,24385.0,56865.82,-0.017691659646166813,0.001848808545603875,2374.0,24340.0,57783.16,0.0021105951878430673,0.0024711696869852418
2023-10-04,2315.0,24420.0,56532.3,-0.007289879931389409,0.0014353085913472174,2332.0,24385.0,56865.82,-0.017691659646166813,0.001848808545603875
2023-10-05,2302.0,24380.0,56122.76,-0.005615550755939558,-0.0016380016380016515,2315.0,24420.0,56532.3,-0.007289879931389409,0.0014353085913472174
2023-10-06,2280.0,24360.0,55540.8,-0.009556907037358786,-0.0008203445447088065,2302.0,24380.0,56122.76,-0.005615550755939558,-0.0016380016380016515
2023-10-09,2243.0,24370.0,54661.91,-0.01622807017543859,0.00041050903119876914,2280.0,24360.0,55540.8,-0.009556907037358786,-0.0008203445447088065
2023-10-10,2245.0,24390.0,54755.55,0.000891662951404415,0.0008206811653672652,2243.0,24370.0,54661.91,-0.01622807017543859,0.00041050903119876914
2023-10-11,2235.0,24440.0,54623.4,-0.0044543429844098315,0.0020500205002049743,2245.0,24390.0,54755.55,0.000891662951404415,0.0008206811653672652
2023-10-12,2255.0,24435.0,55100.925,0.008948545861297452,-0.00020458265139111642,2235.0,24440.0,54623.4,-0.0044543429844098315,0.0020500205002049743
2023-10-13,2284.0,24440.0,55820.96,0.012860310421286103,0.0002046245140168157,2255.0,24435.0,55100.925,0.008948545861297452,-0.00020458265139111642
2023-10-16,2296.0,24460.0,56160.16,0.005253940455341555,0.0008183306055646877,2284.0,24440.0,55820.96,0.012860310421286103,0.0002046245140168157
2023-10-17,2320.0,24490.0,56816.8,0.010452961672473782,0.0012264922322158256,2296.0,24460.0,56160.16,0.005253940455341555,0.0008183306055646877
2023-10-18,2335.0,24555.0,57335.925,0.006465517241379226,0.002654144548795534,2320.0,24490.0,56816.8,0.010452961672473782,0.0012264922322158256
2023-10-19,2402.0,24550.0,58969.1,0.028693790149892928,-0.00020362451639177603,2335.0,24555.0,57335.925,0.006465517241379226,0.002654144548795534
2023-10-20,2479.0,24520.0,60785.08,0.03205661948376348,-0.0012219959266802638,2402.0,24550.0,58969.1,0.028693790149892928,-0.00020362451639177603
2023-10-23,2526.0,24590.0,62114.34,0.018959257765228,0.0028548123980423057,2479.0,24520.0,60785.08,0.03205661948376348,-0.0012219959266802638
2023-10-24,2493.0,24550.0,61203.15,-0.013064133016627122,-0.0016266775111833942,2526.0,24590.0,62114.34,0.018959257765228,0.0028548123980423057
2023-10-25,2467.0,24560.0,60589.52,-0.010429201764941887,0.0004073319755599769,2493.0,24550.0,61203.15,-0.013064133016627122,-0.0016266775111833942
2023-10-26,2420.0,24590.0,59507.8,-0.019051479529793247,0.00122149837133545,2467.0,24560.0,60589.52,-0.010429201764941887,0.0004073319755599769
2023-10-27,2383.0,24570.0,58550.31,-0.01528925619834709,-0.0008133387555917526,2420.0,24590.0,59507.8,-0.019051479529793247,0.00122149837133545
2023-10-30,2314.0,24558.0,56827.212,-0.028955098615190966,-0.0004884004884004867,2383.0,24570.0,58550.31,-0.01528925619834709,-0.0008133387555917526
2023-10-31,2366.0,24560.0,58108.96,0.022471910112359605,8.143985666575482e-05,2314.0,24558.0,56827.212,-0.028955098615190966,-0.0004884004884004867
2023-11-01,2312.0,24585.0,56840.52,-0.02282333051563823,0.0010179153094462823,2366.0,24560.0,58108.96,0.022471910112359605,8.143985666575482e-05
2023-11-02,2328.0,24570.0,57198.96,0.006920415224913601,-0.0006101281269066394,2312.0,24585.0,56840.52,-0.02282333051563823,0.0010179153094462823
2023-11-03,2372.0,24520.0,58161.44,0.018900343642611617,-0.0020350020350020648,2328.0,24570.0,57198.96,0.006920415224913601,-0.0006101281269066394
2023-11-06,2422.0,24335.0,58939.37,0.021079258010118007,-0.007544861337683506,2372.0,24520.0,58161.44,0.018900343642611617,-0.0020350020350020648
2023-11-07,2358.0,24310.0,57322.98,-0.02642444260941368,-0.001027326895418068,2422.0,24335.0,58939.37,0.021079258010118007,-0.007544861337683506
2023-11-08,2406.0,24370.0,58634.22,0.020356234096692072,0.002468120115178829,2358.0,24310.0,57322.98,-0.02642444260941368,-0.001027326895418068
2023-11-09,2430.0,24340.0,59146.2,0.009975062344139696,-0.0012310217480508978,2406.0,24370.0,58634.22,0.020356234096692072,0.002468120115178829
2023-11-10,2421.0,24315.0,58866.615,-0.0037037037037036535,-0.0010271158586688811,2430.0,24340.0,59146.2,0.009975062344139696,-0.0012310217480508978
2023-11-13,2503.0,24383.0,61030.649,0.03387030152829418,0.0027966275961339715,2421.0,24315.0,58866.615,-0.0037037037037036535,-0.0010271158586688811
2023-11-14,2474.0,24355.0,60254.27,-0.011586096683979252,-0.001148341057294,2503.0,24383.0,61030.649,0.03387030152829418,0.0027966275961339715
2023-11-15,2549.0,24290.0,61915.21,0.030315278900565845,-0.0026688564976390383,2474.0,24355.0,60254.27,-0.011586096683979252,-0.001148341057294
2023-11-16,2566.0,24288.0,62323.008,0.006669282071400495,-8.233841086868754e-05,2549.0,24290.0,61915.21,0.030315278900565845,-0.0026688564976390383
2023-11-17,2521.0,24250.0,61134.25,-0.01753702260327361,-0.0015645586297760028,2566.0,24288.0,62323.008,0.006669282071400495,-8.233841086868754e-05
2023-11-20,2505.0,24170.0,60545.85,-0.006346687822292751,-0.003298969072164981,2521.0,24250.0,61134.25,-0.01753702260327361,-0.0015645586297760028
2023-11-21,2482.0,24130.0,59890.66,-0.009181636726546927,-0.001654944145635051,2505.0,24170.0,60545.85,-0.006346687822292751,-0.003298969072164981
2023-11-22,2515.0,24205.0,60875.575,0.013295729250604404,0.0031081641110650704,2482.0,24130.0,59890.66,-0.009181636726546927,-0.001654944145635051
2023-11-23,2491.0,24240.0,60381.84,-0.009542743538767384,0.001445982235075416,2515.0,24205.0,60875.575,0.013295729250604404,0.0031081641110650704
2023-11-24,2545.0,24260.0,61741.7,0.02167804094741066,0.0008250825082507518,2491.0,24240.0,60381.84,-0.009542743538767384,0.001445982235075416
2023-11-27,2478.0,24230.0,60041.94,-0.026326129666011777,-0.0012366034624896605,2545.0,24260.0,61741.7,0.02167804094741066,0.0008250825082507518
2023-11-28,2481.0,24230.0,60114.63,0.001210653753026536,0.0,2478.0,24230.0,60041.94,-0.026326129666011777,-0.0012366034624896605
2023-11-29,2468.0,24260.0,59873.68,-0.0052398226521563895,0.0012381345439538283,2481.0,24230.0,60114.63,0.001210653753026536,0.0
2023-11-30,2546.0,24250.0,61740.5,0.031604538087520284,-0.00041220115416318315,2468.0,24260.0,59873.68,-0.0052398226521563895,0.0012381345439538283
2023-12-01,2528.0,24290.0,61405.12,-0.0070699135899450205,0.0016494845360823795,2546.0,24250.0,61740.5,0.031604538087520284,-0.00041220115416318315
2023-12-04,2513.0,24250.0,60940.25,-0.0059335443037974445,-0.0016467682173734177,2528.0,24290.0,61405.12,-0.0070699135899450205,0.0016494845360823795
2023-12-05,2553.0,24266.0,61951.098,0.015917230401910176,0.0006597938144330406,2513.0,24250.0,60940.25,-0.0059335443037974445,-0.0016467682173734177
2023-12-06,2512.0,24274.0,60976.288,-0.0160595377986682,0.00032967938679639985,2553.0,24266.0,61951.098,0.015917230401910176,0.0006597938144330406
2023-12-07,2541.0,24275.0,61682.775,0.011544585987261158,4.1196341764804245e-05,2512.0,24274.0,60976.288,-0.0160595377986682,0.00032967938679639985
2023-12-08,2526.0,24220.0,61179.72,-0.005903187721369552,-0.0022657054582904124,2541.0,24275.0,61682.775,0.011544585987261158,4.1196341764804245e-05
2023-12-11,2622.0,24250.0,63583.5,0.03800475059382413,0.0012386457473163581,2526.0,24220.0,61179.72,-0.005903187721369552,-0.0022657054582904124
2023-12-12,2724.0,24260.0,66084.24,0.0389016018306636,0.0004123711340207059,2622.0,24250.0,63583.5,0.03800475059382413,0.0012386457473163581
2023-12-13,2769.0,24279.0,67228.551,0.016519823788546217,0.0007831821929100702,2724.0,24260.0,66084.24,0.0389016018306636,0.0004123711340207059
2023-12-14,2797.0,24245.0,67813.265,0.010111953773925597,-0.001400387165863548,2769.0,24279.0,67228.551,0.016519823788546217,0.0007831821929100702
2023-12-15,2825.0,24260.0,68534.5,0.010010725777618967,0.0006186842647968316,2797.0,24245.0,67813.265,0.010111953773925597,-0.001400387165863548
2023-12-18,2796.0,24350.0,68082.6,-0.010265486725663742,0.0037098103874690924,2825.0,24260.0,68534.5,0.010010725777618967,0.0006186842647968316
2023-12-19,2932.0,24350.0,71394.2,0.048640915593705314,0.0,2796.0,24350.0,68082.6,-0.010265486725663742,0.0037098103874690924
2023-12-20,2870.0,24335.0,69841.45,-0.02114597544338337,-0.0006160164271047375,2932.0,24350.0,71394.2,0.048640915593705314,0.0
2023-12-21,2964.0,24320.0,72084.48,0.032752613240418116,-0.0006163961372508409,2870.0,24335.0,69841.45,-0.02114597544338337,-0.0006160164271047375
2023-12-22,2837.0,24235.0,68754.695,-0.04284750337381915,-0.0034950657894736725,2964.0,24320.0,72084.48,0.032752613240418116,-0.0006163961372508409
2023-12-25,2837.0,24230.0,68740.51,0.0,-0.0002063131834124654,2837.0,24235.0,68754.695,-0.04284750337381915,-0.0034950657894736725
2023-12-26,2837.0,24325.0,69010.025,0.0,0.003920759389187012,2837.0,24230.0,68740.51,0.0,-0.0002063131834124654
2023-12-27,2869.0,24345.0,69845.805,0.01127952062037374,0.0008221993833503749,2837.0,24325.0,69010.025,0.0,0.003920759389187012
2023-12-28,2936.0,24235.0,71153.96,0.02335308469850128,-0.004518381597863996,2869.0,24345.0,69845.805,0.01127952062037374,0.0008221993833503749
2023-12-29,2841.0,24260.0,68922.66,-0.0323569482288828,0.001031565917062105,2936.0,24235.0,71153.96,0.02335308469850128,-0.004518381597863996
2024-01-01,2841.0,24260.0,68922.66,0.0,0.0,2841.0,24260.0,68922.66,-0.0323569482288828,0.001031565917062105
2024-01-02,2804.0,24325.0,68207.3,-0.013023583245336146,0.0026793075020610235,2841.0,24260.0,68922.66,0.0,0.0
2024-01-03,2755.0,24370.0,67139.35,-0.01747503566333808,0.00184994861253851,2804.0,24325.0,68207.3,-0.013023583245336146,0.0026793075020610235
2024-01-04,2786.0,24360.0,67866.96,0.011252268602540916,-0.0004103405826836326,2755.0,24370.0,67139.35,-0.01747503566333808,0.00184994861253851
2024-01-05,2795.0,24370.0,68114.15,0.003230437903804839,0.00041050903119876914,2786.0,24360.0,67866.96,0.011252268602540916,-0.0004103405826836326
2024-01-08,2885.0,24330.0,70192.05,0.03220035778175312,-0.0016413623307345304,2795.0,24370.0,68114.15,0.003230437903804839,0.00041050903119876914
2024-01-09,2932.0,24360.0,71423.52,0.016291161178509483,0.0012330456226881115,2885.0,24330.0,70192.05,0.03220035778175312,-0.0016413623307345304
2024-01-10,2950.0,24405.0,71994.75,0.006139154160982319,0.001847290640394128,2932.0,24360.0,71423.52,0.016291161178509483,0.0012330456226881115
2024-01-11,2938.0,24475.0,71907.55,-0.004067796610169538,0.002868264699856571,2950.0,24405.0,71994.75,0.006139154160982319,0.001847290640394128
2024-01-12,2939.0,24490.0,71976.11,0.00034036759700484254,0.0006128702757917104,2938.0,24475.0,71907.55,-0.004067796610169538,0.002868264699856571
2024-01-15,2987.0,24470.0,73091.89,0.01633208574345013,-0.0008166598611678566,2939.0,24490.0,71976.11,0.00034036759700484254,0.0006128702757917104
2024-01-16,3170.0,24500.0,77665.0,0.06126548376297292,0.001225991009399241,2987.0,24470.0,73091.89,0.01633208574345013,-0.0008166598611678566
2024-01-17,3156.0,24530.0,77416.68,-0.004416403785488909,0.001224489795918382,3170.0,24500.0,77665.0,0.06126548376297292,0.001225991009399241
2024-01-18,3063.0,24545.0,75181.335,-0.02946768060836502,0.0006114961271912467,3156.0,24530.0,77416.68,-0.004416403785488909,0.001224489795918382
2024-01-19,3128.0,24540.0,76761.12,0.02122102513875279,-0.00020370747606435202,3063.0,24545.0,75181.335,-0.02946768060836502,0.0006114961271912467
2024-01-22,3220.0,24550.0,79051.0,0.02941176470588225,0.00040749796251016157,3128.0,24540.0,76761.12,0.02122102513875279,-0.00020370747606435202
2024-01-23,3182.0,24565.0,78165.83,-0.011801242236024856,0.0006109979633401874,3220.0,24550.0,79051.0,0.02941176470588225,0.00040749796251016157
2024-01-24,3207.0,24600.0,78892.2,0.007856693903205425,0.0014247913698350878,3182.0,24565.0,78165.83,-0.011801242236024856,0.0006109979633401874
2024-01-25,3251.0,24605.0,79990.855,0.013719987527283983,0.0002032520325203624,3207.0,24600.0,78892.2,0.007856693903205425,0.0014247913698350878
2024-01-26,3112.0,24595.0,76539.64,-0.04275607505382961,-0.00040642145905300797,3251.0,24605.0,79990.855,0.013719987527283983,0.0002032520325203624
2024-01-29,3122.0,24530.0,76582.66,0.0032133676092545027,-0.0026428135799959618,3112.0,24595.0,76539.64,-0.04275607505382961,-0.00040642145905300797
2024-01-30,3181.0,24395.0,77600.495,0.01889814221652797,-0.005503465144720776,3122.0,24530.0,76582.66,0.0032133676092545027,-0.0026428135799959618
2024-01-31,3168.0,24415.0,77346.72,-0.004086765168186068,0.0008198401311745318,3181.0,24395.0,77600.495,0.01889814221652797,-0.005503465144720776
2024-02-01,3151.0,24400.0,76884.4,-0.005366161616161658,-0.0006143764079459269,3168.0,24415.0,77346.72,-0.004086765168186068,0.0008198401311745318
2024-02-02,3116.0,24335.0,75827.86,-0.011107584893684574,-0.002663934426229475,3151.0,24400.0,76884.4,-0.005366161616161658,-0.0006143764079459269
2024-02-05,3068.0,24370.0,74767.16,-0.015404364569961526,0.0014382576535854064,3116.0,24335.0,75827.86,-0.011107584893684574,-0.002663934426229475
2024-02-06,3096.0,24355.0,75403.08,0.009126466753585305,-0.0006155108740254489,3068.0,24370.0,74767.16,-0.015404364569961526,0.0014382576535854064
2024-02-07,3115.0,24400.0,76006.0,0.006136950904392702,0.0018476698829810179,3096.0,24355.0,75403.08,0.009126466753585305,-0.0006155108740254489
2024-02-08,3109.0,24400.0,75859.6,-0.0019261637239165186,0.0,3115.0,24400.0,76006.0,0.006136950904392702,0.0018476698829810179
2024-02-09,3217.0,24400.0,78494.8,0.03473785783210026,0.0,3109.0,24400.0,75859.6,-0.0019261637239165186,0.0
2024-02-12,3192.0,24400.0,77884.8,-0.007771215418091337,0.0,3217.0,24400.0,78494.8,0.03473785783210026,0.0
2024-02-13,3163.0,24400.0,77177.2,-0.009085213032581474,0.0,3192.0,24400.0,77884.8,-0.007771215418091337,0.0
2024-02-14,3090.0,24400.0,75396.0,-0.023079355042680993,0.0,3163.0,24400.0,77177.2,-0.009085213032581474,0.0
2024-02-15,3108.0,24450.0,75990.6,0.005825242718446644,0.002049180327868827,3090.0,24400.0,75396.0,-0.023079355042680993,0.0
2024-02-16,3141.0,24510.0,76985.91,0.010617760617760652,0.0024539877300613355,3108.0,24450.0,75990.6,0.005825242718446644,0.002049180327868827
2024-02-19,3172.0,24530.0,77809.16,0.009869468322190489,0.00081599347205219,3141.0,24510.0,76985.91,0.010617760617760652,0.0024539877300613355
2024-02-20,3146.0,24525.0,77155.65,-0.008196721311475419,-0.00020383204239704522,3172.0,24530.0,77809.16,0.009869468322190489,0.00081599347205219
2024-02-21,3177.0,24525.0,77915.925,0.009853782581055404,0.0,3146.0,24525.0,77155.65,-0.008196721311475419,-0.00020383204239704522
2024-02-22,3113.0,24590.0,76548.67,-0.02014479068303432,0.0026503567787972138,3177.0,24525.0,77915.925,0.009853782581055404,0.0
2024-02-23,3030.0,24630.0,74628.9,-0.026662383552842894,0.0016266775111835052,3113.0,24590.0,76548.67,-0.02014479068303432,0.0026503567787972138
2024-02-26,3020.0,24660.0,74473.2,-0.0033003300330033403,0.0012180267965895553,3030.0,24630.0,74628.9,-0.026662383552842894,0.0016266775111835052
2024-02-27,3077.0,24625.0,75771.125,0.018874172185430416,-0.0014193025141929771,3020.0,24660.0,74473.2,-0.0033003300330033403,0.0012180267965895553
2024-02-28,3044.0,24620.0,74943.28,-0.010724731881702976,-0.00020304568527917954,3077.0,24625.0,75771.125,0.018874172185430416,-0.0014193025141929771
2024-02-29,3095.0,24640.0,76260.8,0.016754270696452078,0.0008123476848092004,3044.0,24620.0,74943.28,-0.010724731881702976,-0.00020304568527917954
2024-03-01,3143.0,24640.0,77443.52,0.01550888529886918,0.0,3095.0,24640.0,76260.8,0.016754270696452078,0.0008123476848092004
2024-03-04,3189.0,24676.0,78691.764,0.014635698377346573,0.0014610389610389962,3143.0,24640.0,77443.52,0.01550888529886918,0.0
2024-03-05,3180.0,24690.0,78514.2,-0.002822201317027262,0.0005673528934997396,3189.0,24676.0,78691.764,0.014635698377346573,0.0014610389610389962
2024-03-06,3309.0,24665.0,81616.485,0.04056603773584899,-0.0010125556905630217,3180.0,24690.0,78514.2,-0.002822201317027262,0.0005673528934997396
2024-03-07,3381.0,24680.0,83443.08,0.021758839528558394,0.0006081491992702137,3309.0,24665.0,81616.485,0.04056603773584899,-0.0010125556905630217
2024-03-08,3297.0,24640.0,81238.08,-0.024844720496894457,-0.0016207455429497752,3381.0,24680.0,83443.08,0.021758839528558394,0.0006081491992702137
2024-03-11,3279.0,24635.0,80778.165,-0.005459508644222066,-0.00020292207792205197,3297.0,24640.0,81238.08,-0.024844720496894457,-0.0016207455429497752
2024-03-12,3307.0,24645.0,81501.015,0.008539188777066276,0.0004059265272986501,3279.0,24635.0,80778.165,-0.005459508644222066,-0.00020292207792205197
2024-03-13,3260.0,24675.0,80440.5,-0.014212276988206818,0.00121728545343891,3307.0,24645.0,81501.015,0.008539188777066276,0.0004059265272986501
2024-03-14,3277.0,24690.0,80909.13,0.005214723926380449,0.0006079027355623268,3260.0,24675.0,80440.5,-0.014212276988206818,0.00121728545343891
2024-03-15,3308.0,24710.0,81740.68,0.009459871833994438,0.000810044552450373,3277.0,24690.0,80909.13,0.005214723926380449,0.0006079027355623268
2024-03-18,3343.0,24715.0,82622.245,0.010580411124546663,0.00020234722784295833,3308.0,24710.0,81740.68,0.009459871833994438,0.000810044552450373
2024-03-19,3354.0,24740.0,82977.96,0.0032904576727490475,0.001011531458628312,3343.0,24715.0,82622.245,0.010580411124546663,0.00020234722784295833
2024-03-20,3315.0,24775.0,82129.125,-0.011627906976744207,0.0014147130153596699,3354.0,24740.0,82977.96,0.0032904576727490475,0.001011531458628312
2024-03-21,3385.0,24785.0,83897.225,0.02111613876319751,0.0004036326942482571,3315.0,24775.0,82129.125,-0.011627906976744207,0.0014147130153596699
2024-03-22,3358.0,24768.0,83170.944,-0.007976366322008821,-0.0006858987290699892,3385.0,24785.0,83897.225,0.02111613876319751,0.0004036326942482571
2024-03-25,3326.0,24740.0,82285.24,-0.009529481834425257,-0.0011304909560723164,3358.0,24768.0,83170.944,-0.007976366322008821,-0.0006858987290699892
2024-03-26,3375.0,24770.0,83598.75,0.014732411304870796,0.0012126111560226693,3326.0,24740.0,82285.24,-0.009529481834425257,-0.0011304909560723164
2024-03-27,3467.0,24785.0,85929.595,0.027259259259259316,0.0006055712555510517,3375.0,24770.0,83598.75,0.014732411304870796,0.0012126111560226693
2024-03-28,3396.0,24790.0,84186.84,-0.020478800115373508,0.0002017349203147223,3467.0,24785.0,85929.595,0.027259259259259316,0.0006055712555510517
2024-03-29,3396.0,24810.0,84254.76,0.0,0.0008067769261799196,3396.0,24790.0,84186.84,-0.020478800115373508,0.0002017349203147223
2024-04-01,3396.0,24795.0,84203.82,0.0,-0.0006045949214026347,3396.0,24810.0,84254.76,0.0,0.0008067769261799196
2024-04-02,3580.0,24900.0,89142.0,0.05418138987043575,0.004234724742891771,3396.0,24795.0,84203.82,0.0,-0.0006045949214026347
2024-04-03,3727.0,25000.0,93175.0,0.041061452513966534,0.004016064257028162,3580.0,24900.0,89142.0,0.05418138987043575,0.004234724742891771
2024-04-04,3698.0,24935.0,92209.63,-0.007781057150523241,-0.0026000000000000467,3727.0,25000.0,93175.0,0.041061452513966534,0.004016064257028162
2024-04-05,3679.0,24950.0,91791.05,-0.005137912385072996,0.0006015640665730793,3698.0,24935.0,92209.63,-0.007781057150523241,-0.0026000000000000467
2024-04-08,3683.0,24960.0,91927.68,0.0010872519706441874,0.00040080160320643543,3679.0,24950.0,91791.05,-0.005137912385072996,0.0006015640665730793
2024-04-09,3673.0,24945.0,91622.985,-0.002715177844148764,-0.0006009615384615641,3683.0,24960.0,91927.68,0.0010872519706441874,0.00040080160320643543
2024-04-10,3715.0,24935.0,92633.525,0.011434794445956964,-0.0004008819402685493,3673.0,24945.0,91622.985,-0.002715177844148764,-0.0006009615384615641
2024-04-11,3790.0,24980.0,94674.2,0.020188425302826385,0.0018046921997192378,3715.0,24935.0,92633.525,0.011434794445956964,-0.0004008819402685493
2024-04-12,3852.0,25015.0,96357.78,0.016358839050131913,0.0014011208967172895,3790.0,24980.0,94674.2,0.020188425302826385,0.0018046921997192378
2024-04-15,3949.0,25180.0,99435.82,0.025181723779854615,0.006596042374575228,3852.0,25015.0,96357.78,0.016358839050131913,0.0014011208967172895
2024-04-16,3977.0,25280.0,100538.56,0.0070904026335780745,0.003971405877680745,3949.0,25180.0,99435.82,0.025181723779854615,0.006596042374575228
2024-04-17,4195.0,25400.0,106553.0,0.054815187327130976,0.004746835443038,3977.0,25280.0,100538.56,0.0070904026335780745,0.003971405877680745
2024-04-18,4062.0,25400.0,103174.8,-0.031704410011918926,0.0,4195.0,25400.0,106553.0,0.054815187327130976,0.004746835443038
2024-04-19,4080.0,25440.0,103795.2,0.004431314623338345,0.0015748031496063408,4062.0,25400.0,103174.8,-0.031704410011918926,0.0
2024-04-22,4133.0,25455.0,105205.515,0.012990196078431326,0.000589622641509413,4080.0,25440.0,103795.2,0.004431314623338345,0.0015748031496063408
2024-04-23,4117.0,25440.0,104736.48,-0.0038712799419308164,-0.0005892751915144157,4133.0,25455.0,105205.515,0.012990196078431326,0.000589622641509413
2024-04-24,4266.0,25405.0,108377.73,0.036191401505951015,-0.0013757861635219637,4117.0,25440.0,104736.48,-0.0038712799419308164,-0.0005892751915144157
2024-04-25,4304.0,25350.0,109106.4,0.00890764181903414,-0.0021649281637472484,4266.0,25405.0,108377.73,0.036191401505951015,-0.0013757861635219637
2024-04-26,4151.0,25330.0,105144.83,-0.03554832713754652,-0.0007889546351085297,4304.0,25350.0,109106.4,0.00890764181903414,-0.0021649281637472484
2024-04-29,4164.0,25330.0,105474.12,0.0031317754757889116,0.0,4151.0,25330.0,105144.83,-0.03554832713754652,-0.0007889546351085297
2024-04-30,4021.0,25330.0,101851.93,-0.0343419788664745,0.0,4164.0,25330.0,105474.12,0.0031317754757889116,0.0
2024-05-01,3978.0,25330.0,100762.74,-0.010693857249440386,0.0,4021.0,25330.0,101851.93,-0.0343419788664745,0.0
2024-05-02,3680.0,25390.0,93435.2,-0.07491201608848663,0.0023687327279904302,3978.0,25330.0,100762.74,-0.010693857249440386,0.0
2024-05-03,3541.0,25400.0,89941.4,-0.037771739130434745,0.0003938558487592836,3680.0,25390.0,93435.2,-0.07491201608848663,0.0023687327279904302
2024-05-06,3541.0,25370.0,89835.17,0.0,-0.0011811023622047,3541.0,25400.0,89941.4,-0.037771739130434745,0.0003938558487592836
2024-05-07,3378.0,25400.0,85801.2,-0.04603219429539673,0.0011824990145841152,3541.0,25370.0,89835.17,0.0,-0.0011811023622047
2024-05-08,3414.0,25425.0,86800.95,0.010657193605683846,0.0009842519685039353,3378.0,25400.0,85801.2,-0.04603219429539673,0.0011824990145841152
2024-05-09,3439.0,25440.0,87488.16,0.007322788517867496,0.0005899705014749124,3414.0,25425.0,86800.95,0.010657193605683846,0.0009842519685039353
2024-05-10,3440.0,25450.0,87548.0,0.00029078220412914746,0.00039308176100627534,3439.0,25440.0,87488.16,0.007322788517867496,0.0005899705014749124
2024-05-13,3399.0,25453.0,86514.747,-0.01191860465116279,0.00011787819253439302,3440.0,25450.0,87548.0,0.00029078220412914746,0.00039308176100627534
2024-05-14,3433.0,25450.0,87369.85,0.010002942041777096,-0.00011786429890381367,3399.0,25453.0,86514.747,-0.01191860465116279,0.00011787819253439302
2024-05-15,3402.0,25445.0,86563.89,-0.009030002912904123,-0.00019646365422398837,3433.0,25450.0,87369.85,0.010002942041777096,-0.00011786429890381367
2024-05-16,3420.0,25431.0,86974.02,0.005291005291005346,-0.0005502063273727931,3402.0,25445.0,86563.89,-0.009030002912904123,-0.00019646365422398837
2024-05-17,3518.0,25448.0,89526.064,0.028654970760233933,0.0006684754826786765,3420.0,25431.0,86974.02,0.005291005291005346,-0.0005502063273727931
2024-05-20,3499.0,25452.0,89056.548,-0.005400795906765232,0.00015718327569946844,3518.0,25448.0,89526.064,0.028654970760233933,0.0006684754826786765
2024-05-21,3734.0,25461.0,95071.374,0.06716204629894262,0.0003536067892504491,3499.0,25452.0,89056.548,-0.005400795906765232,0.00015718327569946844
2024-05-22,3917.0,25464.0,99742.488,0.04900910551687199,0.00011782726522913123,3734.0,25461.0,95071.374,0.06716204629894262,0.0003536067892504491
2024-05-23,3819.0,25469.0,97266.111,-0.025019147306612255,0.00019635563933406708,3917.0,25464.0,99742.488,0.04900910551687199,0.00011782726522913123
2024-05-24,3892.0,25465.0,99109.78,0.019114951557999582,-0.0001570536730928218,3819.0,25469.0,97266.111,-0.025019147306612255,0.00019635563933406708
2024-05-27,3892.0,25445.0,99031.94,0.0,-0.0007853917141174005,3892.0,25465.0,99109.78,0.019114951557999582,-0.0001570536730928218
2024-05-28,4025.0,25448.0,102428.2,0.03417266187050361,0.0001179013558656461,3892.0,25445.0,99031.94,0.0,-0.0007853917141174005
2024-05-29,4042.0,25450.0,102868.9,0.0042236024844719555,7.85916378496232e-05,4025.0,25448.0,102428.2,0.03417266187050361,0.0001179013558656461
2024-05-30,4131.0,25450.0,105133.95,0.02201880257298372,0.0,4042.0,25450.0,102868.9,0.0042236024844719555,7.85916378496232e-05
2024-05-31,3987.0,25440.0,101429.28,-0.034858387799564294,-0.00039292730844797674,4131.0,25450.0,105133.95,0.02201880257298372,0.0
2024-06-03,4110.0,25432.0,104525.52,0.030850263355906682,-0.0003144654088050869,3987.0,25440.0,101429.28,-0.034858387799564294,-0.00039292730844797674
2024-06-04,4189.0,25410.0,106442.49,0.01922141119221421,-0.0008650519031141446,4110.0,25432.0,104525.52,0.030850263355906682,-0.0003144654088050869
2024-06-05,4322.0,25415.0,109843.63,0.03174982095965628,0.00019677292404574054,4189.0,25410.0,106442.49,0.01922141119221421,-0.0008650519031141446
2024-06-06,4294.0,25420.0,109153.48,-0.006478482184174017,0.0001967342120794413,4322.0,25415.0,109843.63,0.03174982095965628,0.00019677292404574054
2024-06-07,4128.0,25400.0,104851.2,-0.03865859338612021,-0.0007867820613689513,4294.0,25420.0,109153.48,-0.006478482184174017,0.0001967342120794413
2024-06-10,4082.0,25415.0,103744.03,-0.011143410852713198,0.0005905511811024056,4128.0,25400.0,104851.2,-0.03865859338612021,-0.0007867820613689513
2024-06-11,4053.0,25435.0,103088.055,-0.007104360607545268,0.0007869368483179873,4082.0,25415.0,103744.03,-0.011143410852713198,0.0005905511811024056
2024-06-12,4086.0,25435.0,103927.41,0.008142116950407008,0.0,4053.0,25435.0,103088.055,-0.007104360607545268,0.0007869368483179873
2024-06-13,4093.0,25435.0,104105.455,0.0017131669114047732,0.0,4086.0,25435.0,103927.41,0.008142116950407008,0.0
2024-06-14,4009.0,25450.0,102029.05,-0.02052284387979475,0.0005897385492432683,4093.0,25435.0,104105.455,0.0017131669114047732,0.0
2024-06-17,4057.0,25450.0,103250.65,0.011973060613619246,0.0,4009.0,25450.0,102029.05,-0.02052284387979475,0.0005897385492432683
2024-06-18,3994.0,25445.0,101627.33,-0.015528715799852155,-0.00019646365422398837,4057.0,25450.0,103250.65,0.011973060613619246,0.0
2024-06-19,4060.0,25450.0,103327.0,0.016524787180771217,0.00019650225977607683,3994.0,25445.0,101627.33,-0.015528715799852155,-0.00019646365422398837
2024-06-20,4176.0,25450.0,106279.2,0.02857142857142847,0.0,4060.0,25450.0,103327.0,0.016524787180771217,0.00019650225977607683
2024-06-21,4104.0,25450.0,104446.8,-0.017241379310344862,0.0,4176.0,25450.0,106279.2,0.02857142857142847,0.0
2024-06-24,4252.0,25455.0,108234.66,0.03606237816764124,0.00019646365422398837,4104.0,25450.0,104446.8,-0.017241379310344862,0.0
2024-06-25,4117.0,25455.0,104798.235,-0.03174976481655689,0.0,4252.0,25455.0,108234.66,0.03606237816764124,0.00019646365422398837
2024-06-26,4059.0,25465.0,103362.435,-0.014087928102987646,0.0003928501276762031,4117.0,25455.0,104798.235,-0.03174976481655689,0.0
2024-06-27,4047.0,25455.0,103016.385,-0.002956393200295615,-0.00039269585705870025,4059.0,25465.0,103362.435,-0.014087928102987646,0.0003928501276762031
2024-06-28,4011.0,25445.0,102059.895,-0.008895478131949575,-0.0003928501276763141,4047.0,25455.0,103016.385,-0.002956393200295615,-0.00039269585705870025
2024-07-01,4067.0,25450.0,103505.15,0.013961605584642323,0.00019650225977607683,4011.0,25445.0,102059.895,-0.008895478131949575,-0.0003928501276763141
2024-07-02,4092.0,25450.0,104141.4,0.006147037128104271,0.0,4067.0,25450.0,103505.15,0.013961605584642323,0.00019650225977607683
2024-07-03,4058.0,25450.0,103276.1,-0.008308895405669592,0.0,4092.0,25450.0,104141.4,0.006147037128104271,0.0
2024-07-04,4153.0,25450.0,105693.85,0.023410547067520993,0.0,4058.0,25450.0,103276.1,-0.008308895405669592,0.0
2024-07-05,4185.0,25412.0,106349.22,0.007705273296412241,-0.0014931237721022006,4153.0,25450.0,105693.85,0.023410547067520993,0.0
2024-07-08,4348.0,25415.0,110504.42,0.03894862604540017,0.00011805446245860551,4185.0,25412.0,106349.22,0.007705273296412241,-0.0014931237721022006
2024-07-09,4634.0,25413.0,117763.842,0.06577736890524388,-7.869368483182093e-05,4348.0,25415.0,110504.42,0.03894862604540017,0.00011805446245860551
2024-07-10,4477.0,25415.0,113782.955,-0.033880017263703044,7.869987801512046e-05,4634.0,25413.0,117763.842,0.06577736890524388,-7.869368483182093e-05
2024-07-11,4576.0,25423.0,116335.648,0.02211302211302213,0.0003147747393270617,4477.0,25415.0,113782.955,-0.033880017263703044,7.869987801512046e-05
2024-07-12,4617.0,25410.0,117317.97,0.008959790209790208,-0.0005113479919757191,4576.0,25423.0,116335.648,0.02211302211302213,0.0003147747393270617
2024-07-15,4583.0,25360.0,116224.88,-0.007364089235434301,-0.001967729240456517,4617.0,25410.0,117317.97,0.008959790209790208,-0.0005113479919757191
2024-07-16,4572.0,25375.0,116014.5,-0.0024001745581496703,0.0005914826498423231,4583.0,25360.0,116224.88,-0.007364089235434301,-0.001967729240456517
2024-07-17,4570.0,25315.0,115689.55,-0.0004374453193350947,-0.002364532019704435,4572.0,25375.0,116014.5,-0.0024001745581496703,0.0005914826498423231
2024-07-18,4479.0,25310.0,113363.49,-0.01991247264770246,-0.00019751135690304622,4570.0,25315.0,115689.55,-0.0004374453193350947,-0.002364532019704435
2024-07-19,4530.0,25315.0,114676.95,0.011386470194239884,0.00019755037534574527,4479.0,25310.0,113363.49,-0.01991247264770246,-0.00019751135690304622
2024-07-22,4581.0,25325.0,116013.825,0.011258278145695355,0.00039502271380609244,4530.0,25315.0,114676.95,0.011386470194239884,0.00019755037534574527
2024-07-23,4481.0,25355.0,113615.755,-0.021829294913774278,0.001184600197433383,4581.0,25325.0,116013.825,0.011258278145695355,0.00039502271380609244
2024-07-24,4327.0,25350.0,109689.45,-0.034367328721267576,-0.00019719976336030065,4481.0,25355.0,113615.755,-0.021829294913774278,0.001184600197433383
2024-07-25,4395.0,25285.0,111127.575,0.015715276172868053,-0.002564102564102555,4327.0,25350.0,109689.45,-0.034367328721267576,-0.00019719976336030065
2024-07-26,4150.0,25300.0,104995.0,-0.055745164960182,0.0005932370970931355,4395.0,25285.0,111127.575,0.015715276172868053,-0.002564102564102555
2024-07-29,4122.0,25275.0,104183.55,-0.006746987951807282,-0.0009881422924901129,4150.0,25300.0,104995.0,-0.055745164960182,0.0005932370970931355
2024-07-30,4118.0,25275.0,104082.45,-0.0009704027171275609,0.0,4122.0,25275.0,104183.55,-0.006746987951807282,-0.0009881422924901129
2024-07-31,4116.0,25235.0,103867.26,-0.00048567265662946557,-0.001582591493570762,4118.0,25275.0,104082.45,-0.0009704027171275609,0.0
2024-08-01,4083.0,25215.0,102952.845,-0.008017492711370311,-0.0007925500297206733,4116.0,25235.0,103867.26,-0.00048567265662946557,-0.001582591493570762
2024-08-02,4088.0,25205.0,103038.04,0.001224589762429673,-0.0003965893317470215,4083.0,25215.0,102952.845,-0.008017492711370311,-0.0007925500297206733
2024-08-05,4029.0,25080.0,101047.32,-0.014432485322896316,-0.004959333465582194,4088.0,25205.0,103038.04,0.001224589762429673,-0.0003965893317470215
2024-08-06,4190.0,25130.0,105294.7,0.03996028791263351,0.001993620414673103,4029.0,25080.0,101047.32,-0.014432485322896316,-0.004959333465582194
2024-08-07,4286.0,25155.0,107814.33,0.022911694510739933,0.0009948269001194276,4190.0,25130.0,105294.7,0.03996028791263351,0.001993620414673103
2024-08-08,4253.0,25135.0,106899.155,-0.007699486700886604,-0.0007950705625123788,4286.0,25155.0,107814.33,0.022911694510739933,0.0009948269001194276
2024-08-09,4162.0,25090.0,104424.58,-0.021396661180343335,-0.001790332206087153,4253.0,25135.0,106899.155,-0.007699486700886604,-0.0007950705625123788
2024-08-12,4359.0,25120.0,109498.08,0.04733301297453152,0.0011956954962135669,4162.0,25090.0,104424.58,-0.021396661180343335,-0.001790332206087153
2024-08-13,4187.0,25115.0,105156.505,-0.03945859142005048,-0.0001990445859872958,4359.0,25120.0,109498.08,0.04733301297453152,0.0011956954962135669
2024-08-14,4292.0,25020.0,107385.84,0.025077621208502432,-0.003782600039816897,4187.0,25115.0,105156.505,-0.03945859142005048,-0.0001990445859872958
2024-08-15,4378.0,25035.0,109603.23,0.020037278657968338,0.0005995203836930418,4292.0,25020.0,107385.84,0.025077621208502432,-0.003782600039816897
2024-08-16,4452.0,25050.0,111522.6,0.016902695294655157,0.0005991611743558778,4378.0,25035.0,109603.23,0.020037278657968338,0.0005995203836930418
2024-08-19,4476.0,24960.0,111720.96,0.005390835579514919,-0.003592814371257469,4452.0,25050.0,111522.6,0.016902695294655157,0.0005991611743558778
2024-08-20,4619.0,24915.0,115082.385,0.03194816800714917,-0.0018028846153845812,4476.0,24960.0,111720.96,0.005390835579514919,-0.003592814371257469
2024-08-21,4632.0,24930.0,115475.76,0.0028144620047629854,0.0006020469596628164,4619.0,24915.0,115082.385,0.03194816800714917,-0.0018028846153845812
2024-08-22,4574.0,24960.0,114167.04,-0.012521588946459383,0.001203369434416457,4632.0,24930.0,115475.76,0.0028144620047629854,0.0006020469596628164
2024-08-23,4715.0,24965.0,117709.975,0.03082641014429388,0.00020032051282048435,4574.0,24960.0,114167.04,-0.012521588946459383,0.001203369434416457
2024-08-26,4715.0,24860.0,117214.9,0.0,-0.004205888243540956,4715.0,24965.0,117709.975,0.03082641014429388,0.00020032051282048435
2024-08-27,4846.0,24820.0,120277.72,0.027783669141039136,-0.0016090104585679832,4715.0,24860.0,117214.9,0.0,-0.004205888243540956
2024-08-28,4926.0,24855.0,122435.73,0.016508460586050377,0.0014101531023367198,4846.0,24820.0,120277.72,0.027783669141039136,-0.0016090104585679832
2024-08-29,4901.0,24870.0,121887.87,-0.005075111652456332,0.0006035003017501595,4926.0,24855.0,122435.73,0.016508460586050377,0.0014101531023367198
2024-08-30,4948.0,24860.0,123007.28,0.009589879616404895,-0.00040209087253717524,4901.0,24870.0,121887.87,-0.005075111652456332,0.0006035003017501595
2024-09-02,4700.0,24860.0,116842.0,-0.05012126111560222,0.0,4948.0,24860.0,123007.28,0.009589879616404895,-0.00040209087253717524
2024-09-03,4710.0,24860.0,117090.6,0.0021276595744681437,0.0,4700.0,24860.0,116842.0,-0.05012126111560222,0.0
2024-09-04,4912.0,24852.0,122073.024,0.04288747346072186,-0.00032180209171361884,4710.0,24860.0,117090.6,0.0021276595744681437,0.0
2024-09-05,4911.0,24730.0,121449.03,-0.00020358306188927866,-0.004909061644937984,4912.0,24852.0,122073.024,0.04288747346072186,-0.00032180209171361884
2024-09-06,4770.0,24600.0,117342.0,-0.028711056811240088,-0.005256773150020266,4911.0,24730.0,121449.03,-0.00020358306188927866,-0.004909061644937984
2024-09-09,4891.0,24680.0,120709.88,0.025366876310272568,0.003252032520325132,4770.0,24600.0,117342.0,-0.028711056811240088,-0.005256773150020266
2024-09-10,4897.0,24660.0,120760.02,0.0012267429973420452,-0.0008103727714748876,4891.0,24680.0,120709.88,0.025366876310272568,0.003252032520325132
2024-09-11,5008.0,24550.0,122946.4,0.022666938942209613,-0.0044606650446066265,4897.0,24660.0,120760.02,0.0012267429973420452,-0.0008103727714748876
2024-09-12,5077.0,24575.0,124767.275,0.013777955271565556,0.0010183299389001643,5008.0,24550.0,122946.4,0.022666938942209613,-0.0044606650446066265
2024-09-13,5267.0,24530.0,129199.51,0.03742367539885749,-0.0018311291963377663,5077.0,24575.0,124767.275,0.013777955271565556,0.0010183299389001643
2024-09-16,5246.0,24530.0,128684.38,-0.003987089424719925,0.0,5267.0,24530.0,129199.51,0.03742367539885749,-0.0018311291963377663
2024-09-17,5303.0,24620.0,130559.86,0.010865421273351217,0.003668976763147258,5246.0,24530.0,128684.38,-0.003987089424719925,0.0
2024-09-18,5334.0,24600.0,131216.4,0.005845747689986691,-0.0008123476848090894,5303.0,24620.0,130559.86,0.010865421273351217,0.003668976763147258
2024-09-19,5248.0,24565.0,128917.12,-0.016122984626921633,-0.0014227642276423147,5334.0,24600.0,131216.4,0.005845747689986691,-0.0008123476848090894
2024-09-20,5059.0,24590.0,124400.81,-0.03601371951219512,0.0010177081213107453,5248.0,24565.0,128917.12,-0.016122984626921633,-0.0014227642276423147
2024-09-23,5276.0,24615.0,129868.74,0.042893852540027755,0.0010166734444896353,5059.0,24590.0,124400.81,-0.03601371951219512,0.0010177081213107453
2024-09-24,5312.0,24590.0,130622.08,0.006823351023502733,-0.0010156408693885455,5276.0,24615.0,129868.74,0.042893852540027755,0.0010166734444896353
2024-09-25,5152.0,24580.0,126636.16,-0.030120481927710885,-0.0004066693777958763,5312.0,24590.0,130622.08,0.006823351023502733,-0.0010156408693885455
2024-09-26,5242.0,24615.0,129031.83,0.017468944099378936,0.001423921887713675,5152.0,24580.0,126636.16,-0.030120481927710885,-0.0004066693777958763
2024-09-27,5203.0,24590.0,127941.77,-0.007439908431896236,-0.0010156408693885455,5242.0,24615.0,129031.83,0.017468944099378936,0.001423921887713675
2024-09-30,5225.0,24555.0,128299.875,0.0042283298097252064,-0.0014233428222855116,5203.0,24590.0,127941.77,-0.007439908431896236,-0.0010156408693885455
2024-10-01,5179.0,24595.0,127377.505,-0.008803827751196147,0.0016289961311342083,5225.0,24555.0,128299.875,0.0042283298097252064,-0.0014233428222855116
2024-10-02,4862.0,24652.0,119858.024,-0.061208727553581754,0.002317544216304146,5179.0,24595.0,127377.505,-0.008803827751196147,0.0016289961311342083
2024-10-03,4720.0,24745.0,116796.4,-0.02920608802961744,0.0037725133863377724,4862.0,24652.0,119858.024,-0.061208727553581754,0.002317544216304146
2024-10-04,4859.0,24755.0,120284.545,0.029449152542372792,0.0004041220448576244,4720.0,24745.0,116796.4,-0.02920608802961744,0.0037725133863377724
2024-10-07,4660.0,24840.0,115754.4,-0.04095492899773612,0.0034336497677236455,4859.0,24755.0,120284.545,0.029449152542372792,0.0004041220448576244
2024-10-08,4684.0,24835.0,116327.14,0.0051502145922746045,-0.00020128824476650653,4660.0,24840.0,115754.4,-0.04095492899773612,0.0034336497677236455
2024-10-09,4701.0,24830.0,116725.83,0.0036293766011956663,-0.00020132876988121495,4684.0,24835.0,116327.14,0.0051502145922746045,-0.00020128824476650653
2024-10-10,4742.0,24830.0,117743.86,0.008721548606679397,0.0,4701.0,24830.0,116725.83,0.0036293766011956663,-0.00020132876988121495
2024-10-11,4678.0,24805.0,116037.79,-0.013496415014761731,-0.001006846556584784,4742.0,24830.0,117743.86,0.008721548606679397,0.0
2024-10-14,4843.0,24840.0,120300.12,0.035271483539974335,0.0014110058455956143,4678.0,24805.0,116037.79,-0.013496415014761731,-0.001006846556584784
2024-10-15,4778.0,24925.0,119091.65,-0.013421432996076788,0.0034219001610305,4843.0,24840.0,120300.12,0.035271483539974335,0.0014110058455956143
2024-10-16,4752.0,24970.0,118657.44,-0.005441607367099199,0.0018054162487461944,4778.0,24925.0,119091.65,-0.013421432996076788,0.0034219001610305
2024-10-17,4598.0,25180.0,115777.64,-0.03240740740740744,0.008410092110532563,4752.0,24970.0,118657.44,-0.005441607367099199,0.0018054162487461944
2024-10-18,4615.0,25150.0,116067.25,0.0036972596781208455,-0.0011914217633042234,4598.0,25180.0,115777.64,-0.03240740740740744,0.008410092110532563
2024-10-21,4503.0,25285.0,113858.355,-0.02426868905742141,0.005367793240556695,4615.0,25150.0,116067.25,0.0036972596781208455,-0.0011914217633042234
2024-10-22,4425.0,25390.0,112350.75,-0.017321785476349105,0.004152659679651949,4503.0,25285.0,113858.355,-0.02426868905742141,0.005367793240556695
2024-10-23,4443.0,25400.0,112852.2,0.004067796610169427,0.0003938558487592836,4425.0,25390.0,112350.75,-0.017321785476349105,0.004152659679651949
2024-10-24,4337.0,25385.0,110094.745,-0.023857753769975232,-0.0005905511811024056,4443.0,25400.0,112852.2,0.004067796610169427,0.0003938558487592836
2024-10-25,4411.0,25355.0,111840.905,0.017062485589116827,-0.0011818002757534307,4337.0,25385.0,110094.745,-0.023857753769975232,-0.0005905511811024056
2024-10-28,4502.0,25345.0,114103.19,0.02063024257537971,-0.0003943995267206013,4411.0,25355.0,111840.905,0.017062485589116827,-0.0011818002757534307
2024-10-29,4398.0,25295.0,111247.41,-0.023100844069302573,-0.0019727756954034392,4502.0,25345.0,114103.19,0.02063024257537971,-0.0003943995267206013
2024-10-30,4453.0,25280.0,112571.84,0.012505684402000838,-0.0005930025696777586,4398.0,25295.0,111247.41,-0.023100844069302573,-0.0019727756954034392
2024-10-31,4369.0,25270.0,110404.63,-0.018863687401751594,-0.00039556962025311115,4453.0,25280.0,112571.84,0.012505684402000838,-0.0005930025696777586
2024-11-01,4279.0,25280.0,108173.12,-0.020599679560540207,0.00039572615749894346,4369.0,25270.0,110404.63,-0.018863687401751594,-0.00039556962025311115
2024-11-04,4318.0,25310.0,109288.58,0.009114279037158113,0.0011867088607595555,4279.0,25280.0,108173.12,-0.020599679560540207,0.00039572615749894346
2024-11-05,4372.0,25330.0,110742.76,0.012505789717461857,0.000790201501382759,4318.0,25310.0,109288.58,0.009114279037158113,0.0011867088607595555
2024-11-06,4307.0,25370.0,109268.59,-0.014867337602927688,0.0015791551519936942,4372.0,25330.0,110742.76,0.012505789717461857,0.000790201501382759
2024-11-07,4486.0,25350.0,113720.1,0.04156025075458558,-0.0007883326763894472,4307.0,25370.0,109268.59,-0.014867337602927688,0.0015791551519936942
2024-11-08,4376.0,25260.0,110537.76,-0.02452073116362019,-0.0035502958579881616,4486.0,25350.0,113720.1,0.04156025075458558,-0.0007883326763894472
2024-11-11,4476.0,25310.0,113287.56,0.022851919561243106,0.001979414093428389,4376.0,25260.0,110537.76,-0.02452073116362019,-0.0035502958579881616
2024-11-12,4537.0,25340.0,114967.58,0.013628239499553274,0.0011853022520742496,4476.0,25310.0,113287.56,0.022851919561243106,0.001979414093428389
2024-11-13,4632.0,25330.0,117328.56,0.02093894644037908,-0.00039463299131803353,4537.0,25340.0,114967.58,0.013628239499553274,0.0011853022520742496
2024-11-14,4777.0,25390.0,121288.03,0.03130397236614857,0.0023687327279904302,4632.0,25330.0,117328.56,0.02093894644037908,-0.00039463299131803353
2024-11-15,4773.0,25380.0,121138.74,-0.0008373456144022962,-0.0003938558487593946,4777.0,25390.0,121288.03,0.03130397236614857,0.0023687327279904302
2024-11-18,4735.0,25405.0,120292.675,-0.007961449821914934,0.0009850275807723463,4773.0,25380.0,121138.74,-0.0008373456144022962,-0.0003938558487593946
2024-11-19,4656.0,25395.0,118239.12,-0.016684266103484724,-0.0003936233024994795,4735.0,25405.0,120292.675,-0.007961449821914934,0.0009850275807723463
2024-11-20,4798.0,25415.0,121941.17,0.030498281786941472,0.0007875566056310124,4656.0,25395.0,118239.12,-0.016684266103484724,-0.0003936233024994795
2024-11-21,4787.0,25415.0,121661.605,-0.002292621925802374,0.0,4798.0,25415.0,121941.17,0.030498281786941472,0.0007875566056310124
2024-11-22,4985.0,25417.0,126703.745,0.041362022143304866,7.869368483182093e-05,4787.0,25415.0,121661.605,-0.002292621925802374,0.0
2024-11-25,5110.0,25410.0,129845.1,0.02507522567703102,-0.0002754062241806521,4985.0,25417.0,126703.745,0.041362022143304866,7.869368483182093e-05
2024-11-26,5114.0,25405.0,129921.17,0.0007827788649705791,-0.00019677292404562952,5110.0,25410.0,129845.1,0.02507522567703102,-0.0002754062241806521
2024-11-27,5496.0,25375.0,139461.0,0.07469691044192417,-0.0011808699074985496,5114.0,25405.0,129921.17,0.0007827788649705791,-0.00019677292404562952
2024-11-28,5528.0,25358.0,140179.024,0.005822416302765587,-0.0006699507389162918,5496.0,25375.0,139461.0,0.07469691044192417,-0.0011808699074985496
2024-11-29,5377.0,25344.0,136274.688,-0.027315484804630974,-0.0005520940137234698,5528.0,25358.0,140179.024,0.005822416302765587,-0.0006699507389162918
2024-12-02,4806.0,25374.0,121947.444,-0.10619304444857725,0.0011837121212121549,5377.0,25344.0,136274.688,-0.027315484804630974,-0.0005520940137234698
2024-12-03,4604.0,25395.0,116918.58,-0.04203079483978356,0.0008276188224165537,4806.0,25374.0,121947.444,-0.10619304444857725,0.0011837121212121549
2024-12-04,4751.0,25400.0,120675.4,0.031928757602085245,0.00019688915140769758,4604.0,25395.0,116918.58,-0.04203079483978356,0.0008276188224165537
2024-12-05,4873.0,25380.0,123676.74,0.025678804462218485,-0.0007874015748031704,4751.0,25400.0,120675.4,0.031928757602085245,0.00019688915140769758
2024-12-06,5116.0,25375.0,129818.5,0.04986661194336128,-0.00019700551615442485,4873.0,25380.0,123676.74,0.025678804462218485,-0.0007874015748031704
2024-12-09,5200.0,25370.0,131924.0,0.016419077404222104,-0.00019704433497536034,5116.0,25375.0,129818.5,0.04986661194336128,-0.00019700551615442485
2024-12-10,5232.0,25360.0,132683.52,0.006153846153846176,-0.00039416633819466806,5200.0,25370.0,131924.0,0.016419077404222104,-0.00019704433497536034
2024-12-11,5101.0,25380.0,129463.38,-0.02503822629969421,0.0007886435331230235,5232.0,25360.0,132683.52,0.006153846153846176,-0.00039416633819466806
2024-12-12,5152.0,25394.0,130829.888,0.009998039600078501,0.0005516154452325228,5101.0,25380.0,129463.38,-0.02503822629969421,0.0007886435331230235
2024-12-13,5184.0,25400.0,131673.6,0.006211180124223503,0.00023627628573685833,5152.0,25394.0,130829.888,0.009998039600078501,0.0005516154452325228
2024-12-16,5203.0,25385.0,132078.155,0.0036651234567901536,-0.0005905511811024056,5184.0,25400.0,131673.6,0.006211180124223503,0.00023627628573685833
2024-12-17,5168.0,25430.0,131422.24,-0.006726888333653647,0.0017727004136300906,5203.0,25385.0,132078.155,0.0036651234567901536,-0.0005905511811024056
2024-12-18,5139.0,25445.0,130761.855,-0.005611455108359142,0.0005898545025559976,5168.0,25430.0,131422.24,-0.006726888333653647,0.0017727004136300906
2024-12-19,5046.0,25450.0,128420.7,-0.018096906012842973,0.00019650225977607683,5139.0,25445.0,130761.855,-0.005611455108359142,0.0005898545025559976
2024-12-20,5002.0,25445.0,127275.89,-0.008719778042013515,-0.00019646365422398837,5046.0,25450.0,128420.7,-0.018096906012842973,0.00019650225977607683
2024-12-23,5008.0,25440.0,127403.52,0.0011995201919232645,-0.0001965022597759658,5002.0,25445.0,127275.89,-0.008719778042013515,-0.00019646365422398837
2024-12-24,5041.0,25425.0,128167.425,0.006589456869009691,-0.000589622641509413,5008.0,25440.0,127403.52,0.0011995201919232645,-0.0001965022597759658
2024-12-25,5041.0,25420.0,128142.22,0.0,-0.0001966568338249708,5041.0,25425.0,128167.425,0.006589456869009691,-0.000589622641509413
2024-12-26,5041.0,25425.0,128167.425,0.0,0.00019669551534229335,5041.0,25420.0,128142.22,0.0,-0.0001966568338249708
2024-12-27,4953.0,25445.0,126029.085,-0.017456853798849425,0.0007866273352998832,5041.0,25425.0,128167.425,0.0,0.00019669551534229335
2024-12-30,4921.0,25476.0,125367.396,-0.006460730870179732,0.0012183140106112322,4953.0,25445.0,126029.085,-0.017456853798849425,0.0007866273352998832
2024-12-31,4875.0,25480.0,124215.0,-0.00934769355821985,0.0001570105197048477,4921.0,25476.0,125367.396,-0.006460730870179732,0.0012183140106112322
2025-01-01,4875.0,25480.0,124215.0,0.0,0.0,4875.0,25480.0,124215.0,-0.00934769355821985,0.0001570105197048477
2025-01-02,5056.0,25450.0,128675.2,0.03712820512820514,-0.0011773940345368716,4875.0,25480.0,124215.0,0.0,0.0
2025-01-03,4968.0,25400.0,126187.2,-0.017405063291139222,-0.0019646365422396617,5056.0,25450.0,128675.2,0.03712820512820514,-0.0011773940345368716
2025-01-06,4984.0,25370.0,126444.08,0.0032206119162641045,-0.0011811023622047,4968.0,25400.0,126187.2,-0.017405063291139222,-0.0019646365422396617
2025-01-07,5019.0,25360.0,127281.84,0.0070224719101124045,-0.00039416633819466806,4984.0,25370.0,126444.08,0.0032206119162641045,-0.0011811023622047
2025-01-08,4956.0,25370.0,125733.72,-0.012552301255230103,0.00039432176656162277,5019.0,25360.0,127281.84,0.0070224719101124045,-0.00039416633819466806
2025-01-09,4979.0,25375.0,126342.125,0.004640839386602202,0.00019708316909738954,4956.0,25370.0,125733.72,-0.012552301255230103,0.00039432176656162277
2025-01-10,4966.0,25360.0,125937.76,-0.0026109660574412663,-0.000591133004926081,4979.0,25375.0,126342.125,0.004640839386602202,0.00019708316909738954
2025-01-13,4902.0,25390.0,124461.78,-0.012887635924285101,0.0011829652996846463,4966.0,25360.0,125937.76,-0.0026109660574412663,-0.000591133004926081
2025-01-14,4863.0,25380.0,123422.94,-0.00795593635250913,-0.0003938558487593946,4902.0,25390.0,124461.78,-0.012887635924285101,0.0011829652996846463
2025-01-15,4912.0,25375.0,124642.0,0.010076084721365453,-0.00019700551615442485,4863.0,25380.0,123422.94,-0.00795593635250913,-0.0003938558487593946
2025-01-16,4889.0,25370.0,124033.93,-0.004682410423452743,-0.00019704433497536034,4912.0,25375.0,124642.0,0.010076084721365453,-0.00019700551615442485
2025-01-17,5006.0,25315.0,126726.89,0.023931274289220594,-0.002167914860070952,4889.0,25370.0,124033.93,-0.004682410423452743,-0.00019704433497536034
2025-01-20,5143.0,25315.0,130195.045,0.027367159408709485,0.0,5006.0,25315.0,126726.89,0.023931274289220594,-0.002167914860070952
2025-01-21,5263.0,25260.0,132943.38,0.023332685203188763,-0.0021726249259332864,5143.0,25315.0,130195.045,0.027367159408709485,0.0
2025-01-22,5452.0,25050.0,136572.6,0.03591107733231991,-0.008313539192399078,5263.0,25260.0,132943.38,0.023332685203188763,-0.0021726249259332864
2025-01-23,5482.0,25080.0,137488.56,0.0055025678650035825,0.0011976047904191933,5452.0,25050.0,136572.6,0.03591107733231991,-0.008313539192399078
2025-01-24,5544.0,25060.0,138932.64,0.01130974097044879,-0.0007974481658692412,5482.0,25080.0,137488.56,0.0055025678650035825,0.0011976047904191933
2025-01-27,5420.0,25060.0,135825.2,-0.022366522366522368,0.0,5544.0,25060.0,138932.64,0.01130974097044879,-0.0007974481658692412
2025-01-28,5443.0,25060.0,136401.58,0.004243542435424352,0.0,5420.0,25060.0,135825.2,-0.022366522366522368,0.0
2025-01-29,5511.0,25060.0,138105.66,0.012493110417049369,0.0,5443.0,25060.0,136401.58,0.004243542435424352,0.0
2025-01-30,5625.0,25060.0,140962.5,0.020685900925421885,0.0,5511.0,25060.0,138105.66,0.012493110417049369,0.0
2025-01-31,5618.0,25060.0,140787.08,-0.0012444444444444924,0.0,5625.0,25060.0,140962.5,0.020685900925421885,0.0
2025-02-03,5453.0,25280.0,137851.84,-0.029369882520469903,0.008778930566640142,5618.0,25060.0,140787.08,-0.0012444444444444924,0.0
2025-02-04,5481.0,25160.0,137901.96,0.005134788189987249,-0.004746835443038,5453.0,25280.0,137851.84,-0.029369882520469903,0.008778930566640142
2025-02-05,5580.0,25145.0,140309.1,0.01806239737274229,-0.0005961844197138744,5481.0,25160.0,137901.96,0.005134788189987249,-0.004746835443038
2025-02-06,5601.0,25260.0,141481.26,0.0037634408602149616,0.004573473851660292,5580.0,25145.0,140309.1,0.01806239737274229,-0.0005961844197138744
2025-02-07,5517.0,25290.0,139524.93,-0.014997321906802363,0.0011876484560569,5601.0,25260.0,141481.26,0.0037634408602149616,0.004573473851660292
2025-02-10,5646.0,25380.0,143295.48,0.02338227297444262,0.003558718861210064,5517.0,25290.0,139524.93,-0.014997321906802363,0.0011876484560569
2025-02-11,5611.0,25530.0,143248.83,-0.006199078993978091,0.005910165484633634,5646.0,25380.0,143295.48,0.02338227297444262,0.003558718861210064
2025-02-12,5765.0,25550.0,147295.75,0.027446088041347405,0.0007833920877398093,5611.0,25530.0,143248.83,-0.006199078993978091,0.005910165484633634
2025-02-13,5740.0,25440.0,146025.6,-0.004336513443191636,-0.004305283757338518,5765.0,25550.0,147295.75,0.027446088041347405,0.0007833920877398093
2025-02-14,5674.0,25370.0,143949.38,-0.011498257839721249,-0.0027515723270440384,5740.0,25440.0,146025.6,-0.004336513443191636,-0.004305283757338518
2025-02-17,5634.0,25470.0,143497.98,-0.0070497003877335596,0.003941663381947125,5674.0,25370.0,143949.38,-0.011498257839721249,-0.0027515723270440384
2025-02-18,5678.0,25500.0,144789.0,0.007809726659566918,0.0011778563015312216,5634.0,25470.0,143497.98,-0.0070497003877335596,0.003941663381947125
2025-02-19,5701.0,25515.0,145461.015,0.004050722085241265,0.0005882352941175562,5678.0,25500.0,144789.0,0.007809726659566918,0.0011778563015312216
2025-02-20,5610.0,25500.0,143055.0,-0.015962111910191146,-0.0005878894767783471,5701.0,25515.0,145461.015,0.004050722085241265,0.0005882352941175562
2025-02-21,5670.0,25510.0,144641.7,0.010695187165775444,0.00039215686274518546,5610.0,25500.0,143055.0,-0.015962111910191146,-0.0005878894767783471
2025-02-24,5506.0,25468.0,140226.808,-0.02892416225749561,-0.0016464131713053165,5670.0,25510.0,144641.7,0.010695187165775444,0.00039215686274518546
2025-02-25,5369.0,25520.0,137016.88,-0.024881946966945123,0.002041777917386467,5506.0,25468.0,140226.808,-0.02892416225749561,-0.0016464131713053165
2025-02-26,5373.0,25535.0,137199.555,0.0007450176941703468,0.0005877742946709397,5369.0,25520.0,137016.88,-0.024881946966945123,0.002041777917386467
2025-02-27,5337.0,25520.0,136200.24,-0.00670016750418756,-0.0005874290189935572,5373.0,25535.0,137199.555,0.0007450176941703468,0.0005877742946709397
2025-02-28,5290.0,25530.0,135053.7,-0.008806445568671495,0.00039184952978055243,5337.0,25520.0,136200.24,-0.00670016750418756,-0.0005874290189935572
2025-03-03,5444.0,25575.0,139230.3,0.029111531190926243,0.001762632197414904,5290.0,25530.0,135053.7,-0.008806445568671495,0.00039184952978055243
2025-03-04,5599.0,25540.0,142998.46,0.0284717119764879,-0.001368523949169087,5444.0,25575.0,139230.3,0.029111531190926243,0.001762632197414904
2025-03-05,5603.0,25490.0,142820.47,0.0007144132880871901,-0.0019577133907595634,5599.0,25540.0,142998.46,0.0284717119764879,-0.001368523949169087
2025-03-06,5386.0,25485.0,137262.21,-0.03872925218632872,-0.0001961553550411388,5603.0,25490.0,142820.47,0.0007144132880871901,-0.0019577133907595634
2025-03-07,5318.0,25480.0,135502.64,-0.012625324916450076,-0.0001961938395134144,5386.0,25485.0,137262.21,-0.03872925218632872,-0.0001961553550411388
2025-03-10,5342.0,25525.0,136354.55,0.004512974802557412,0.001766091051805363,5318.0,25480.0,135502.64,-0.012625324916450076,-0.0001961938395134144
2025-03-11,5513.0,25450.0,140305.85,0.0320104829651815,-0.002938295788442735,5342.0,25525.0,136354.55,0.004512974802557412,0.001766091051805363
2025-03-12,5484.0,25445.0,139540.38,-0.005260293850897879,-0.00019646365422398837,5513.0,25450.0,140305.85,0.0320104829651815,-0.002938295788442735
2025-03-13,5506.0,25490.0,140347.94,0.0040116703136396925,0.0017685203379838033,5484.0,25445.0,139540.38,-0.005260293850897879,-0.00019646365422398837
2025-03-14,5377.0,25500.0,137113.5,-0.02342898656011627,0.0003923107100822776,5506.0,25490.0,140347.94,0.0040116703136396925,0.0017685203379838033
2025-03-17,5451.0,25510.0,139055.01,0.013762320996838495,0.00039215686274518546,5377.0,25500.0,137113.5,-0.02342898656011627,0.0003923107100822776
2025-03-18,5452.0,25510.0,139080.52,0.00018345257750862487,0.0,5451.0,25510.0,139055.01,0.013762320996838495,0.00039215686274518546
2025-03-19,5509.0,25535.0,140672.315,0.010454878943507051,0.000980007840062802,5452.0,25510.0,139080.52,0.00018345257750862487,0.0
2025-03-20,5482.0,25545.0,140037.69,-0.004901070974768551,0.00039161934599563075,5509.0,25535.0,140672.315,0.010454878943507051,0.000980007840062802
2025-03-21,5504.0,25585.0,140819.84,0.004013133892739829,0.001565864161283903,5482.0,25545.0,140037.69,-0.004901070974768551,0.00039161934599563075
2025-03-24,5492.0,25620.0,140705.04,-0.0021802325581394832,0.001367989056087593,5504.0,25585.0,140819.84,0.004013133892739829,0.001565864161283903
2025-03-25,5579.0,25600.0,142822.4,0.015841223597960585,-0.0007806401249024209,5492.0,25620.0,140705.04,-0.0021802325581394832,0.001367989056087593
2025-03-26,5407.0,25555.0,138175.885,-0.03082989783115253,-0.0017578124999999556,5579.0,25600.0,142822.4,0.015841223597960585,-0.0007806401249024209
2025-03-27,5327.0,25560.0,136158.12,-0.014795635287590203,0.00019565642731356192,5407.0,25555.0,138175.885,-0.03082989783115253,-0.0017578124999999556
2025-03-28,5314.0,25550.0,135772.7,-0.002440397972592434,-0.0003912363067292146,5327.0,25560.0,136158.12,-0.014795635287590203,0.00019565642731356192
2025-03-31,5263.0,25565.0,134548.595,-0.00959729017689126,0.0005870841487278788,5314.0,25550.0,135772.7,-0.002440397972592434,-0.0003912363067292146
2025-04-01,5374.0,25620.0,137681.88,0.021090632718981484,0.0021513788382554466,5263.0,25565.0,134548.595,-0.00959729017689126,0.0005870841487278788
2025-04-02,5370.0,25600.0,137472.0,-0.0007443245254931119,-0.0007806401249024209,5374.0,25620.0,137681.88,0.021090632718981484,0.0021513788382554466
2025-04-03,5327.0,25790.0,137383.33,-0.008007448789571714,0.007421874999999911,5370.0,25600.0,137472.0,-0.0007443245254931119,-0.0007806401249024209
2025-04-04,5082.0,25780.0,131013.96,-0.04599211563731931,-0.0003877471888328321,5327.0,25790.0,137383.33,-0.008007448789571714,0.007421874999999911
2025-04-07,4766.0,25780.0,122867.48,-0.06218024399842581,0.0,5082.0,25780.0,131013.96,-0.04599211563731931,-0.0003877471888328321
2025-04-08,4803.0,25995.0,124853.985,0.007763323541754019,0.008339798293250489,4766.0,25780.0,122867.48,-0.06218024399842581,0.0
2025-04-09,4785.0,25960.0,124218.6,-0.0037476577139288203,-0.0013464127716869,4803.0,25995.0,124853.985,0.007763323541754019,0.008339798293250489
2025-04-10,4896.0,25740.0,126023.04,0.02319749216300937,-0.008474576271186418,4785.0,25960.0,124218.6,-0.0037476577139288203,-0.0013464127716869
2025-04-11,5049.0,25715.0,129835.035,0.03125,-0.0009712509712509476,4896.0,25740.0,126023.04,0.02319749216300937,-0.008474576271186418
2025-04-14,5239.0,25824.0,135291.936,0.03763121410180226,0.0042387711452460675,5049.0,25715.0,129835.035,0.03125,-0.0009712509712509476
2025-04-15,5340.0,25790.0,137718.6,0.019278488261118554,-0.0013166047087980193,5239.0,25824.0,135291.936,0.03763121410180226,0.0042387711452460675
2025-04-16,5379.0,25830.0,138939.57,0.007303370786516883,0.0015509887553315505,5340.0,25790.0,137718.6,0.019278488261118554,-0.0013166047087980193
2025-04-17,5277.0,25837.0,136341.849,-0.018962632459564976,0.0002710027100270018,5379.0,25830.0,138939.57,0.007303370786516883,0.0015509887553315505
2025-04-18,5277.0,25925.0,136806.225,0.0,0.0034059681851608126,5277.0,25837.0,136341.849,-0.018962632459564976,0.0002710027100270018
2025-04-21,5277.0,25871.0,136521.267,0.0,-0.0020829315332689946,5277.0,25925.0,136806.225,0.0,0.0034059681851608126
2025-04-22,5257.0,25965.0,136498.005,-0.003790032215273853,0.003633411928414043,5277.0,25871.0,136521.267,0.0,-0.0020829315332689946
2025-04-23,5362.0,25995.0,139385.19,0.01997336884154466,0.0011554015020218689,5257.0,25965.0,136498.005,-0.003790032215273853,0.003633411928414043
2025-04-24,5427.0,26029.0,141259.383,0.012122342409548681,0.0013079438353529316,5362.0,25995.0,139385.19,0.01997336884154466,0.0011554015020218689
2025-04-25,5415.0,26021.5,140906.4225,-0.002211166390270858,-0.0002881401513695758,5427.0,26029.0,141259.383,0.012122342409548681,0.0013079438353529316
2025-04-28,5413.0,26000.0,140738.0,-0.000369344413665762,-0.0008262398401321924,5415.0,26021.5,140906.4225,-0.002211166390270858,-0.0002881401513695758
2025-04-29,5298.0,26005.0,137774.49,-0.021245150563458326,0.0001923076923076028,5413.0,26000.0,140738.0,-0.000369344413665762,-0.0008262398401321924
2025-04-30,5369.0,26005.0,139620.845,0.013401283503208683,0.0,5298.0,26005.0,137774.49,-0.021245150563458326,0.0001923076923076028
2025-05-01,5126.0,26005.0,133301.63,-0.04525982492084191,0.0,5369.0,26005.0,139620.845,0.013401283503208683,0.0
2025-05-02,5291.0,26005.0,137592.455,0.032188841201716833,0.0,5126.0,26005.0,133301.63,-0.04525982492084191,0.0
2025-05-05,5291.0,25957.5,137341.1325,0.0,-0.0018265718131128539,5291.0,26005.0,137592.455,0.032188841201716833,0.0
2025-05-06,5256.0,25963.5,136464.156,-0.00661500661500658,0.00023114706732152435,5291.0,25957.5,137341.1325,0.0,-0.0018265718131128539
2025-05-07,5239.0,25962.5,136017.5375,-0.0032343987823439946,-3.851560845036239e-05,5256.0,25963.5,136464.156,-0.00661500661500658,0.00023114706732152435
2025-05-08,5265.0,25963.5,136697.8275,0.00496277915632759,3.851709195945574e-05,5239.0,25962.5,136017.5375,-0.0032343987823439946,-3.851560845036239e-05
2025-05-09,5226.0,25978.5,135763.641,-0.007407407407407418,0.0005777341267547698,5265.0,25963.5,136697.8275,0.00496277915632759,3.851709195945574e-05
2025-05-12,5052.0,25971.0,131205.492,-0.033295063145809434,-0.0002887002713782838,5226.0,25978.5,135763.641,-0.007407407407407418,0.0005777341267547698
2025-05-13,5129.0,25961.5,133156.5335,0.015241488519398327,-0.00036579261483959957,5052.0,25971.0,131205.492,-0.033295063145809434,-0.0002887002713782838
2025-05-14,5010.0,25930.0,129909.3,-0.023201403782413754,-0.001213335130866855,5129.0,25961.5,133156.5335,0.015241488519398327,-0.00036579261483959957
2025-05-15,4971.0,25947.5,128985.0225,-0.0077844311377245345,0.0006748939452372316,5010.0,25930.0,129909.3,-0.023201403782413754,-0.001213335130866855
2025-05-16,4865.0,25921.5,126108.0975,-0.021323677328505375,-0.0010020233163118286,4971.0,25947.5,128985.0225,-0.0077844311377245345,0.0006748939452372316
2025-05-19,4973.0,25947.5,129036.9175,0.022199383350462565,0.0010030283741295776,4865.0,25921.5,126108.0975,-0.021323677328505375,-0.0010020233163118286
2025-05-20,4903.0,25970.0,127330.91,-0.014076010456464894,0.0008671355621929777,4973.0,25947.5,129036.9175,0.022199383350462565,0.0010030283741295776
2025-05-21,4903.0,25973.0,127345.619,0.0,0.00011551790527541961,4903.0,25970.0,127330.91,-0.014076010456464894,0.0008671355621929777
2025-05-22,4787.0,25976.5,124349.5055,-0.02365898429532942,0.00013475532283524494,4903.0,25973.0,127345.619,0.0,0.00011551790527541961
2025-05-23,4790.0,25954.0,124319.66,0.0006266973052015956,-0.0008661674975458666,4787.0,25976.5,124349.5055,-0.02365898429532942,0.00013475532283524494
2025-05-26,4790.0,25912.5,124120.875,0.0,-0.0015989828157509933,4790.0,25954.0,124319.66,0.0006266973052015956,-0.0008661674975458666
2025-05-27,4692.0,25917.5,121604.91,-0.020459290187891388,0.00019295706705269033,4790.0,25912.5,124120.875,0.0,-0.0015989828157509933
2025-05-28,4566.0,25970.0,118579.02,-0.026854219948849067,0.002025658338960179,4692.0,25917.5,121604.91,-0.020459290187891388,0.00019295706705269033
2025-05-29,4530.0,26025.0,117893.25,-0.007884362680683266,0.0021178282633809165,4566.0,25970.0,118579.02,-0.026854219948849067,0.002025658338960179
2025-05-30,4463.0,26021.5,116133.9545,-0.014790286975717493,-0.00013448607108546007,4530.0,26025.0,117893.25,-0.007884362680683266,0.0021178282633809165
2025-06-02,4405.0,26029.0,114657.745,-0.012995742773918906,0.00028822320004606716,4463.0,26021.5,116133.9545,-0.014790286975717493,-0.00013448607108546007
2025-06-03,4337.0,26055.0,113000.535,-0.015437003405221361,0.0009988858580813886,4405.0,26029.0,114657.745,-0.012995742773918906,0.00028822320004606716
2025-06-04,4345.0,26084.0,113334.98,0.0018445930366612906,0.0011130301285742217,4337.0,26055.0,113000.535,-0.015437003405221361,0.0009988858580813886
2025-06-05,4445.0,26082.5,115936.7125,0.023014959723820505,-5.750651740532575e-05,4345.0,26084.0,113334.98,0.0018445930366612906,0.0011130301285742217
2025-06-06,4339.0,26054.0,113048.306,-0.02384701912260967,-0.0010926866673056645,4445.0,26082.5,115936.7125,0.023014959723820505,-5.750651740532575e-05
2025-06-09,4384.0,26042.5,114170.32,0.010371053238073191,-0.00044139095724260446,4339.0,26054.0,113048.306,-0.02384701912260967,-0.0010926866673056645
2025-06-10,4253.0,26012.5,110631.1625,-0.02988138686131392,-0.001151963137179579,4384.0,26042.5,114170.32,0.010371053238073191,-0.00044139095724260446
2025-06-11,4227.0,26030.0,110028.81,-0.006113331765812413,0.0006727534839019444,4253.0,26012.5,110631.1625,-0.02988138686131392,-0.001151963137179579
2025-06-12,4246.0,26037.5,110555.225,0.0044949136503429354,0.0002881290818286253,4227.0,26030.0,110028.81,-0.006113331765812413,0.0006727534839019444
2025-06-13,4212.0,26075.0,109827.9,-0.00800753650494579,0.001440230436869916,4246.0,26037.5,110555.225,0.0044949136503429354,0.0002881290818286253
2025-06-16,4121.0,26061.5,107399.4415,-0.021604938271604923,-0.0005177372962608118,4212.0,26075.0,109827.9,-0.00800753650494579,0.001440230436869916
2025-06-17,4082.0,26081.5,106464.683,-0.009463722397476393,0.0007674155363275315,4121.0,26061.5,107399.4415,-0.021604938271604923,-0.0005177372962608118
2025-06-18,3826.0,26101.5,99864.339,-0.06271435570798634,0.0007668270613270245,4082.0,26081.5,106464.683,-0.009463722397476393,0.0007674155363275315
2025-06-19,3824.0,26128.0,99913.472,-0.000522739153162588,0.0010152673218013497,3826.0,26101.5,99864.339,-0.06271435570798634,0.0007668270613270245
2025-06-20,3678.0,26128.5,96100.623,-0.03817991631799167,1.9136558481402943e-05,3824.0,26128.0,99913.472,-0.000522739153162588,0.0010152673218013497
2025-06-23,3851.0,26215.0,100953.965,0.04703643284393699,0.0033105612645196736,3678.0,26128.5,96100.623,-0.03817991631799167,1.9136558481402943e-05
2025-06-24,3634.0,26170.0,95101.78,-0.05634900025967282,-0.001716574480259414,3851.0,26215.0,100953.965,0.04703643284393699,0.0033105612645196736
2025-06-25,3474.0,26155.0,90862.47,-0.044028618602091396,-0.0005731753916699001,3634.0,26170.0,95101.78,-0.05634900025967282,-0.001716574480259414
2025-06-26,3595.0,26120.0,93901.4,0.03483016695451924,-0.0013381762569298905,3474.0,26155.0,90862.47,-0.044028618602091396,-0.0005731753916699001
2025-06-27,3593.0,26095.0,93759.335,-0.0005563282336578101,-0.00095712098009193,3595.0,26120.0,93901.4,0.03483016695451924,-0.0013381762569298905
2025-06-30,3566.0,26120.5,93145.703,-0.0075146117450598515,0.00097719869706836,3593.0,26095.0,93759.335,-0.0005563282336578101,-0.00095712098009193
2025-07-01,3602.0,26130.0,94120.26,0.010095344924284877,0.00036369901035593344,3566.0,26120.5,93145.703,-0.0075146117450598515,0.00097719869706836
2025-07-02,3551.0,26170.0,92929.67,-0.01415880066629649,0.001530807500956799,3602.0,26130.0,94120.26,0.010095344924284877,0.00036369901035593344
2025-07-03,3569.0,26200.0,93507.8,0.005068994649394476,0.0011463507833398001,3551.0,26170.0,92929.67,-0.01415880066629649,0.001530807500956799
2025-07-04,3615.0,26180.0,94640.7,0.012888764359764604,-0.0007633587786259888,3569.0,26200.0,93507.8,0.005068994649394476,0.0011463507833398001
2025-07-07,3463.0,26145.0,90540.135,-0.042047026279391386,-0.0013368983957219305,3615.0,26180.0,94640.7,0.012888764359764604,-0.0007633587786259888
2025-07-08,3508.0,26135.0,91681.58,0.01299451342766389,-0.00038248231019311074,3463.0,26145.0,90540.135,-0.042047026279391386,-0.0013368983957219305
2025-07-09,3410.0,26139.0,89133.99,-0.02793614595210947,0.00015305146355459875,3508.0,26135.0,91681.58,0.01299451342766389,-0.00038248231019311074
2025-07-10,3274.0,26114.5,85498.873,-0.03988269794721411,-0.0009372967596311677,3410.0,26139.0,89133.99,-0.02793614595210947,0.00015305146355459875
2025-07-11,3170.0,26114.5,82782.965,-0.03176542455711673,0.0,3274.0,26114.5,85498.873,-0.03988269794721411,-0.0009372967596311677
2025-07-14,3465.0,26125.0,90523.125,0.09305993690851744,0.00040207547531068144,3170.0,26114.5,82782.965,-0.03176542455711673,0.0
2025-07-15,3359.0,26137.5,87795.8625,-0.030591630591630614,0.0004784688995216335,3465.0,26125.0,90523.125,0.09305993690851744,0.00040207547531068144
2025-07-16,3396.0,26160.0,88839.36,0.011015183090205438,0.0008608321377332473,3359.0,26137.5,87795.8625,-0.030591630591630614,0.0004784688995216335
2025-07-17,3288.0,26160.0,86014.08,-0.03180212014134276,0.0,3396.0,26160.0,88839.36,0.011015183090205438,0.0008608321377332473
2025-07-18,3322.0,26160.0,86903.52,0.010340632603406341,0.0,3288.0,26160.0,86014.08,-0.03180212014134276,0.0
2025-07-21,3164.0,26155.0,82754.42,-0.047561709813365494,-0.00019113149847094224,3322.0,26160.0,86903.52,0.010340632603406341,0.0
2025-07-22,3262.0,26145.0,85284.99,0.030973451327433565,-0.00038233607340854014,3164.0,26155.0,82754.42,-0.047561709813365494,-0.00019113149847094224
2025-07-23,3259.0,26150.0,85222.85,-0.0009196811771918778,0.00019124115509661088,3262.0,26145.0,85284.99,0.030973451327433565,-0.00038233607340854014
2025-07-24,3304.0,26135.0,86350.04,0.013807916538815634,-0.0005736137667303742,3259.0,26150.0,85222.85,-0.0009196811771918778,0.00019124115509661088
2025-07-25,3196.0,26145.0,83559.42,-0.032687651331719136,0.0003826286588866079,3304.0,26135.0,86350.04,0.013807916538815634,-0.0005736137667303742
2025-07-28,3277.0,26200.0,85857.4,0.02534418022528162,0.0021036527060622756,3196.0,26145.0,83559.42,-0.032687651331719136,0.0003826286588866079
2025-07-29,3251.0,26225.0,85257.475,-0.007934086054318001,0.000954198473282375,3277.0,26200.0,85857.4,0.02534418022528162,0.0021036527060622756
2025-07-30,3294.0,26202.5,86311.035,0.013226699477083992,-0.0008579599618684375,3251.0,26225.0,85257.475,-0.007934086054318001,0.000954198473282375
2025-07-31,3293.0,26199.0,86273.307,-0.00030358227079541056,-0.0001335750405495606,3294.0,26202.5,86311.035,0.013226699477083992,-0.0008579599618684375
2025-08-01,3216.0,26220.0,84323.52,-0.02338293349529308,0.0008015573113477892,3293.0,26199.0,86273.307,-0.00030358227079541056,-0.0001335750405495606
2025-08-04,3287.0,26176.5,86042.1555,0.022077114427860645,-0.0016590389016017948,3216.0,26220.0,84323.52,-0.02338293349529308,0.0008015573113477892
2025-08-05,3311.0,26250.0,86913.75,0.0073014907210222635,0.0028078620136382515,3287.0,26176.5,86042.1555,0.022077114427860645,-0.0016590389016017948
2025-08-06,3277.0,26225.0,85939.325,-0.010268800966475422,-0.0009523809523809268,3311.0,26250.0,86913.75,0.0073014907210222635,0.0028078620136382515
2025-08-07,3320.0,26215.0,87033.8,0.013121757705218284,-0.00038131553860820677,3277.0,26225.0,85939.325,-0.010268800966475422,-0.0009523809523809268
2025-08-08,3444.0,26225.0,90318.9,0.03734939759036138,0.0003814609956132031,3320.0,26215.0,87033.8,0.013121757705218284,-0.00038131553860820677
2025-08-11,3605.0,26233.0,94569.965,0.04674796747967469,0.000305052430886521,3444.0,26225.0,90318.9,0.03734939759036138,0.0003814609956132031
2025-08-12,3556.0,26270.0,93416.12,-0.013592233009708687,0.0014104372355430161,3605.0,26233.0,94569.965,0.04674796747967469,0.000305052430886521
2025-08-13,3694.0,26290.0,97115.26,0.038807649043869574,0.0007613247049866878,3556.0,26270.0,93416.12,-0.013592233009708687,0.0014104372355430161
2025-08-14,3814.0,26265.0,100174.71,0.032485110990795985,-0.0009509319132749994,3694.0,26290.0,97115.26,0.038807649043869574,0.0007613247049866878
2025-08-15,3943.0,26270.0,103582.61,0.03382275825904557,0.00019036740909950112,3814.0,26265.0,100174.71,0.032485110990795985,-0.0009509319132749994
2025-08-18,3895.0,26300.0,102438.5,-0.012173471975653105,0.0011419870574800317,3943.0,26270.0,103582.61,0.03382275825904557,0.00019036740909950112
2025-08-19,4134.0,26320.0,108806.88,0.061360718870346664,0.0007604562737641984,3895.0,26300.0,102438.5,-0.012173471975653105,0.0011419870574800317
2025-08-20,4401.0,26390.0,116142.39,0.06458635703918714,0.0026595744680850686,4134.0,26320.0,108806.88,0.061360718870346664,0.0007604562737641984
2025-08-21,4520.0,26432.5,119474.9,0.027039309247898213,0.0016104585070102484,4401.0,26390.0,116142.39,0.06458635703918714,0.0026595744680850686
2025-08-22,4650.0,26350.0,122527.5,0.028761061946902755,-0.003121157665752383,4520.0,26432.5,119474.9,0.027039309247898213,0.0016104585070102484
2025-08-25,4650.0,26305.0,122318.25,0.0,-0.0017077798861480087,4650.0,26350.0,122527.5,0.028761061946902755,-0.003121157665752383
2025-08-26,4690.0,26365.0,123651.85,0.008602150537634357,0.0022809351834252034,4650.0,26305.0,122318.25,0.0,-0.0017077798861480087
2025-08-27,4878.0,26380.0,128681.64,0.04008528784648191,0.0005689360895126949,4690.0,26365.0,123651.85,0.008602150537634357,0.0022809351834252034
2025-08-28,4808.0,26375.0,126811.0,-0.014350143501435042,-0.00018953752843064997,4878.0,26380.0,128681.64,0.04008528784648191,0.0005689360895126949
2025-08-29,4815.0,26345.0,126851.175,0.001455906821963504,-0.0011374407582938062,4808.0,26375.0,126811.0,-0.014350143501435042,-0.00018953752843064997
2025-09-01,4628.0,26345.0,121924.66,-0.03883696780893042,0.0,4815.0,26345.0,126851.175,0.001455906821963504,-0.0011374407582938062
2025-09-02,4399.0,26345.0,115891.655,-0.04948141745894552,0.0,4628.0,26345.0,121924.66,-0.03883696780893042,0.0
2025-09-03,4454.0,26387.5,117529.925,0.012502841554898891,0.001613209337635313,4399.0,26345.0,115891.655,-0.04948141745894552,0.0
2025-09-04,4414.0,26390.0,116485.46,-0.008980691513246541,9.47418285173196e-05,4454.0,26387.5,117529.925,0.012502841554898891,0.001613209337635313
2025-09-05,4309.0,26400.0,113757.6,-0.023787947439963708,0.00037893141341416303,4414.0,26390.0,116485.46,-0.008980691513246541,9.47418285173196e-05
2025-09-08,4430.0,26415.0,117018.45,0.028080761197493587,0.0005681818181817455,4309.0,26400.0,113757.6,-0.023787947439963708,0.00037893141341416303
2025-09-09,4371.0,26387.5,115339.7625,-0.013318284424379212,-0.0010410751466969348,4430.0,26415.0,117018.45,0.028080761197493587,0.0005681818181817455
2025-09-10,4477.0,26395.0,118170.415,0.024250743536948116,0.0002842254855519588,4371.0,26387.5,115339.7625,-0.013318284424379212,-0.0010410751466969348
2025-09-11,4521.0,26402.5,119365.7025,0.00982800982800991,0.0002841447243795425,4477.0,26395.0,118170.415,0.024250743536948116,0.0002842254855519588
2025-09-12,4601.0,26385.0,121397.385,0.01769520017695192,-0.0006628160212100997,4521.0,26402.5,119365.7025,0.00982800982800991,0.0002841447243795425
2025-09-15,4842.0,26385.0,127756.17,0.05237991740925896,0.0,4601.0,26385.0,121397.385,0.01769520017695192,-0.0006628160212100997
2025-09-16,4781.0,26382.5,126134.7325,-0.012598099958694764,-9.475080538179359e-05,4842.0,26385.0,127756.17,0.05237991740925896,0.0
2025-09-17,4450.0,26375.0,117368.75,-0.06923237816356409,-0.0002842793518430531,4781.0,26382.5,126134.7325,-0.012598099958694764,-9.475080538179359e-05
2025-09-18,4447.0,26385.0,117334.095,-0.000674157303370837,0.0003791469194311947,4450.0,26375.0,117368.75,-0.06923237816356409,-0.0002842793518430531
2025-09-19,4135.0,26382.5,109091.6375,-0.07015965819653702,-9.475080538179359e-05,4447.0,26385.0,117334.095,-0.000674157303370837,0.0003791469194311947
2025-09-22,4280.0,26417.5,113066.9,0.03506650544135437,0.0013266369752678031,4135.0,26382.5,109091.6375,-0.07015965819653702,-9.475080538179359e-05
2025-09-23,4118.0,26420.0,108797.56,-0.037850467289719636,9.463423866762355e-05,4280.0,26417.5,113066.9,0.03506650544135437,0.0013266369752678031
2025-09-24,4219.0,26419.0,111461.761,0.0245264691597864,-3.7850113550286224e-05,4118.0,26420.0,108797.56,-0.037850467289719636,9.463423866762355e-05
2025-09-25,4082.0,26405.0,107785.21,-0.032472149798530414,-0.0005299216472992585,4219.0,26419.0,111461.761,0.0245264691597864,-3.7850113550286224e-05
2025-09-26,4182.0,26410.0,110446.62,0.024497795198432204,0.0001893580761218594,4082.0,26405.0,107785.21,-0.032472149798530414,-0.0005299216472992585
2025-09-29,4174.0,26421.0,110281.254,-0.0019129603060736855,0.0004165088981447074,4182.0,26410.0,110446.62,0.024497795198432204,0.0001893580761218594
2025-09-30,4186.0,26427.0,110623.422,0.0028749401054144474,0.00022709208584070772,4174.0,26421.0,110281.254,-0.0019129603060736855,0.0004165088981447074
2025-10-01,4388.0,26410.0,115887.08,0.048256091734352635,-0.0006432814924131058,4186.0,26427.0,110623.422,0.0028749401054144474,0.00022709208584070772
2025-10-02,4325.0,26395.5,114160.5375,-0.014357338195077451,-0.0005490344566452254,4388.0,26410.0,115887.08,0.048256091734352635,-0.0006432814924131058
2025-10-03,4522.0,26381.0,119294.882,0.04554913294797691,-0.000549336061070993,4325.0,26395.5,114160.5375,-0.014357338195077451,-0.0005490344566452254
2025-10-06,4464.0,26365.0,117693.36,-0.012826183104820865,-0.0006064971001857877,4522.0,26381.0,119294.882,0.04554913294797691,-0.000549336061070993
2025-10-07,4388.0,26365.0,115689.62,-0.01702508960573479,0.0,4464.0,26365.0,117693.36,-0.012826183104820865,-0.0006064971001857877
2025-10-08,4484.0,26360.0,118198.24,0.021877848678213407,-0.0001896453631708983,4388.0,26365.0,115689.62,-0.01702508960573479,0.0
2025-10-09,4472.0,26347.5,117826.02,-0.00267618198037467,-0.0004742033383915434,4484.0,26360.0,118198.24,0.021877848678213407,-0.0001896453631708983
2025-10-10,4391.0,26340.0,115658.94,-0.018112701252236185,-0.000284656988329024,4472.0,26347.5,117826.02,-0.00267618198037467,-0.0004742033383915434
2025-10-13,4467.0,26345.0,117683.115,0.01730813026645417,0.00018982536066824984,4391.0,26340.0,115658.94,-0.018112701252236185,-0.000284656988329024
2025-10-14,4420.0,26355.5,116491.31,-0.01052160286545778,0.0003985576010627767,4467.0,26345.0,117683.115,0.01730813026645417,0.00018982536066824984
2025-10-15,4453.0,26340.0,117292.02,0.007466063348416263,-0.000588112538179919,4420.0,26355.5,116491.31,-0.01052160286545778,0.0003985576010627767
2025-10-16,4524.0,26335.0,119139.54,0.015944307208623387,-0.00018982536066813882,4453.0,26340.0,117292.02,0.007466063348416263,-0.000588112538179919
2025-10-17,4478.0,26342.0,117959.476,-0.010167992926613634,0.0002658059616480468,4524.0,26335.0,119139.54,0.015944307208623387,-0.00018982536066813882
2025-10-20,4464.0,26342.5,117592.92,-0.00312639571237161,1.8981094829451095e-05,4478.0,26342.0,117959.476,-0.010167992926613634,0.0002658059616480468
2025-10-21,4574.0,26343.0,120492.882,0.02464157706093184,1.8980734554530088e-05,4464.0,26342.5,117592.92,-0.00312639571237161,1.8981094829451095e-05
2025-10-22,4694.0,26347.5,123675.165,0.026235242675994863,0.0001708233686368299,4574.0,26343.0,120492.882,0.02464157706093184,1.8980734554530088e-05
2025-10-23,4521.0,26332.0,119046.972,-0.03685556028973158,-0.0005882911092134346,4694.0,26347.5,123675.165,0.026235242675994863,0.0001708233686368299
2025-10-24,4557.0,26305.0,119871.885,0.00796284007962833,-0.0010253683730822027,4521.0,26332.0,119046.972,-0.03685556028973158,-0.0005882911092134346
2025-10-27,4450.0,26305.0,117057.25,-0.023480359885889812,0.0,4557.0,26305.0,119871.885,0.00796284007962833,-0.0010253683730822027
2025-10-28,4465.0,26328.0,117554.52,0.003370786516853963,0.0008743584869796983,4450.0,26305.0,117057.25,-0.023480359885889812,0.0
2025-10-29,4610.0,26336.0,121408.96,0.03247480403135494,0.00030385900941953814,4465.0,26328.0,117554.52,0.003370786516853963,0.0008743584869796983
2025-10-30,4641.0,26330.0,122197.53,0.006724511930585653,-0.00022782503037666046,4610.0,26336.0,121408.96,0.03247480403135494,0.00030385900941953814
2025-10-31,4540.0,26315.0,119470.1,-0.021762551174315914,-0.0005696923661222542,4641.0,26330.0,122197.53,0.006724511930585653,-0.00022782503037666046
2025-11-03,4693.0,26312.0,123482.216,0.0337004405286343,-0.00011400342010259301,4540.0,26315.0,119470.1,-0.021762551174315914,-0.0005696923661222542
2025-11-04,4681.0,26320.0,123203.92,-0.0025569997869167027,0.0003040437823047526,4693.0,26312.0,123482.216,0.0337004405286343,-0.00011400342010259301
2025-11-05,4686.0,26322.5,123347.235,0.0010681478316598714,9.498480243164131e-05,4681.0,26320.0,123203.92,-0.0025569997869167027,0.0003040437823047526
2025-11-06,4530.0,26315.0,119206.95,-0.033290653008962834,-0.0002849273435273636,4686.0,26322.5,123347.235,0.0010681478316598714,9.498480243164131e-05
2025-11-07,4648.0,26310.0,122288.88,0.026048565121412848,-0.00019000570017102536,4530.0,26315.0,119206.95,-0.033290653008962834,-0.0002849273435273636
2025-11-10,4623.0,26300.0,121584.9,-0.00537865748709121,-0.0003800836183960321,4648.0,26310.0,122288.88,0.026048565121412848,-0.00019000570017102536
2025-11-11,4618.0,26315.0,121522.67,-0.0010815487778498278,0.0005703422053231488,4623.0,26300.0,121584.9,-0.00537865748709121,-0.0003800836183960321
2025-11-12,4366.0,26355.0,115065.93,-0.0545690775227371,0.0015200456013679808,4618.0,26315.0,121522.67,-0.0010815487778498278,0.0005703422053231488
2025-11-13,4343.0,26355.0,114459.765,-0.005267979844250981,0.0,4366.0,26355.0,115065.93,-0.0545690775227371,0.0015200456013679808
2025-11-14,4223.0,26350.0,111276.05,-0.02763067004374853,-0.00018971732119144047,4343.0,26355.0,114459.765,-0.005267979844250981,0.0
2025-11-17,4483.0,26355.0,118149.465,0.0615676059673218,0.00018975332068316142,4223.0,26350.0,111276.05,-0.02763067004374853,-0.00018971732119144047
2025-11-18,4573.0,26383.0,120649.459,0.020075842070042427,0.0010624169986719334,4483.0,26355.0,118149.465,0.0615676059673218,0.00018975332068316142
2025-11-19,4516.0,26377.0,119118.532,-0.01246446534003931,-0.00022741917143620505,4573.0,26383.0,120649.459,0.020075842070042427,0.0010624169986719334
2025-11-20,4631.0,26376.0,122147.256,0.02546501328609385,-3.7911817113434054e-05,4516.0,26377.0,119118.532,-0.01246446534003931,-0.00022741917143620505
2025-11-21,4506.0,26353.0,118746.618,-0.02699201036493193,-0.000872004852896624,4631.0,26376.0,122147.256,0.02546501328609385,-3.7911817113434054e-05
2025-11-24,4453.0,26375.5,117450.1015,-0.011762094984465121,0.0008537927370697584,4506.0,26353.0,118746.618,-0.02699201036493193,-0.000872004852896624
2025-11-25,4414.0,26373.0,116410.422,-0.008758140579384732,-9.47849329870909e-05,4453.0,26375.5,117450.1015,-0.011762094984465121,0.0008537927370697584
2025-11-26,4377.0,26376.5,115449.9405,-0.008382419574082478,0.00013271148523119614,4414.0,26373.0,116410.422,-0.008758140579384732,-9.47849329870909e-05
2025-11-27,4389.0,26375.5,115762.0695,0.002741603838245288,-3.791253578000475e-05,4377.0,26376.5,115449.9405,-0.008382419574082478,0.00013271148523119614
2025-11-28,4413.0,26365.0,116348.745,0.005468215994531844,-0.00039809671854562634,4389.0,26375.5,115762.0695,0.002741603838245288,-3.791253578000475e-05
2025-12-01,4263.0,26370.0,112415.31,-0.03399048266485383,0.0001896453631708983,4413.0,26365.0,116348.745,0.005468215994531844,-0.00039809671854562634
2025-12-02,4143.0,26375.0,109271.625,-0.028149190710767047,0.00018960940462653397,4263.0,26370.0,112415.31,-0.03399048266485383,0.0001896453631708983
2025-12-03,4135.0,26372.5,109050.2875,-0.0019309678976586753,-9.478672985785419e-05,4143.0,26375.0,109271.625,-0.028149190710767047,0.00018960940462653397
2025-12-04,4154.0,26374.5,109559.673,0.004594921402660157,7.583657218690476e-05,4135.0,26372.5,109050.2875,-0.0019309678976586753,-9.478672985785419e-05
2025-12-05,4098.0,26360.0,108023.28,-0.013480982185844925,-0.0005497734554209543,4154.0,26374.5,109559.673,0.004594921402660157,7.583657218690476e-05
2025-12-08,4018.0,26360.0,105914.48,-0.019521717911176184,0.0,4098.0,26360.0,108023.28,-0.013480982185844925,-0.0005497734554209543
2025-12-09,4034.0,26372.5,106386.665,0.003982080637132901,0.0004742033383915434,4018.0,26360.0,105914.48,-0.019521717911176184,0.0
2025-12-10,4065.0,26357.0,107141.205,0.007684680218145834,-0.0005877334344487339,4034.0,26372.5,106386.665,0.003982080637132901,0.0004742033383915434
2025-12-11,4038.0,26327.5,106310.445,-0.006642066420664228,-0.0011192472587927549,4065.0,26357.0,107141.205,0.007684680218145834,-0.0005877334344487339
2025-12-12,3936.0,26306.0,103540.416,-0.025260029717682042,-0.0008166365967144928,4038.0,26327.5,106310.445,-0.006642066420664228,-0.0011192472587927549
2025-12-15,3854.0,26320.0,101437.28,-0.02083333333333337,0.000532197977647586,3936.0,26306.0,103540.416,-0.025260029717682042,-0.0008166365967144928
2025-12-16,3763.0,26345.0,99136.235,-0.023611831862999533,0.0009498480243161911,3854.0,26320.0,101437.28,-0.02083333333333337,0.000532197977647586
2025-12-17,3656.0,26335.0,96280.76,-0.028434759500398643,-0.0003795786676789037,3763.0,26345.0,99136.235,-0.023611831862999533,0.0009498480243161911
2025-12-18,3618.0,26325.0,95243.85,-0.010393873085339123,-0.0003797228023543209,3656.0,26335.0,96280.76,-0.028434759500398643,-0.0003795786676789037
2025-12-19,3613.0,26312.5,95067.0625,-0.0013819789939193416,-0.00047483380816715215,3618.0,26325.0,95243.85,-0.010393873085339123,-0.0003797228023543209
2025-12-22,3708.0,26340.0,97668.72,0.026293938555217222,0.0010451306413301609,3613.0,26312.5,95067.0625,-0.0013819789939193416,-0.00047483380816715215
2025-12-23,3762.0,26331.0,99057.222,0.014563106796116498,-0.0003416856492027831,3708.0,26340.0,97668.72,0.026293938555217222,0.0010451306413301609
2025-12-24,3793.0,26320.0,99831.76,0.008240297713981937,-0.00041775853556647036,3762.0,26331.0,99057.222,0.014563106796116498,-0.0003416856492027831
2025-12-25,3793.0,26280.0,99680.04,0.0,-0.001519756838905817,3793.0,26320.0,99831.76,0.008240297713981937,-0.00041775853556647036
2025-12-26,3793.0,26291.0,99721.763,0.0,0.00041856925418559676,3793.0,26280.0,99680.04,0.0,-0.001519756838905817
2025-12-29,3812.0,26285.0,100198.42,0.005009227524386928,-0.00022821497850977757,3793.0,26291.0,99721.763,0.0,0.00041856925418559676
2025-12-30,3863.0,26265.0,101461.695,0.013378803777544634,-0.0007608902415826568,3812.0,26285.0,100198.42,0.005009227524386928,-0.00022821497850977757
2025-12-31,3872.0,26300.0,101833.6,0.002329795495728648,0.001332571863696952,3863.0,26265.0,101461.695,0.013378803777544634,-0.0007608902415826568
2026-01-01,3872.0,26300.0,101833.6,0.0,0.0,3872.0,26300.0,101833.6,0.002329795495728648,0.001332571863696952
2026-01-02,3878.0,26300.0,101991.4,0.0015495867768595684,0.0,3872.0,26300.0,101833.6,0.0,0.0
2026-01-05,3844.0,26274.5,100999.178,-0.008767405879319234,-0.0009695817490493752,3878.0,26300.0,101991.4,0.0015495867768595684,0.0
2026-01-06,3930.0,26275.5,103262.715,0.02237252861602501,3.805971569392774e-05,3844.0,26274.5,100999.178,-0.008767405879319234,-0.0009695817490493752
2026-01-07,3876.0,26274.0,101838.024,-0.013740458015267132,-5.708740081067365e-05,3930.0,26275.5,103262.715,0.02237252861602501,3.805971569392774e-05
2026-01-08,3866.0,26270.0,101559.82,-0.0025799793601650745,-0.00015224175991479516,3876.0,26274.0,101838.024,-0.013740458015267132,-5.708740081067365e-05
2026-01-09,3837.0,26270.0,100797.99,-0.007501293326435565,0.0,3866.0,26270.0,101559.82,-0.0025799793601650745,-0.00015224175991479516
2026-01-12,3845.0,26275.0,101027.375,0.0020849622100600484,0.00019033117624656093,3837.0,26270.0,100797.99,-0.007501293326435565,0.0
2026-01-13,3882.0,26287.5,102048.075,0.009622886866059721,0.0004757373929591413,3845.0,26275.0,101027.375,0.0020849622100600484,0.00019033117624656093
2026-01-14,3879.0,26277.5,101930.4225,-0.0007727975270479526,-0.0003804089396101107,3882.0,26287.5,102048.075,0.009622886866059721,0.0004757373929591413
2026-01-15,3923.0,26270.0,103057.21,0.011343129672596097,-0.0002854152792313158,3879.0,26277.5,101930.4225,-0.0007727975270479526,-0.0003804089396101107
2026-01-16,3925.0,26275.0,103129.375,0.0005098139179200434,0.00019033117624656093,3923.0,26270.0,103057.21,0.011343129672596097,-0.0002854152792313158
2026-01-19,3935.0,26265.0,103352.775,0.002547770700636942,-0.00038058991436729084,3925.0,26275.0,103129.375,0.0005098139179200434,0.00019033117624656093
2026-01-20,3864.0,26265.0,101487.96,-0.018043202033036887,0.0,3935.0,26265.0,103352.775,0.002547770700636942,-0.00038058991436729084
2026-01-21,3984.0,26265.0,104639.76,0.03105590062111796,0.0,3864.0,26265.0,101487.96,-0.018043202033036887,0.0
2026-01-22,3943.0,26269.5,103580.6385,-0.010291164658634555,0.00017133066818963982,3984.0,26265.0,104639.76,0.03105590062111796,0.0
2026-01-23,4051.0,26245.0,106318.495,0.02739031194521946,-0.0009326405146653505,3943.0,26269.5,103580.6385,-0.010291164658634555,0.00017133066818963982
2026-01-26,4113.0,26187.5,107709.1875,0.015304862996790902,-0.002190893503524527,4051.0,26245.0,106318.495,0.02739031194521946,-0.0009326405146653505
2026-01-27,4100.0,26134.0,107149.4,-0.003160709944079798,-0.002042959427207669,4113.0,26187.5,107709.1875,0.015304862996790902,-0.002190893503524527
2026-01-28,3984.0,26065.0,103842.96,-0.028292682926829293,-0.002640238769419101,4100.0,26134.0,107149.4,-0.003160709944079798,-0.002042959427207669
2026-01-29,3996.0,26000.0,103896.0,0.003012048192771122,-0.0024937655860348684,3984.0,26065.0,103842.96,-0.028292682926829293,-0.002640238769419101
2026-01-30,3937.0,25940.0,102125.78,-0.014764764764764737,-0.002307692307692344,3996.0,26000.0,103896.0,0.003012048192771122,-0.0024937655860348684
2026-02-02,3952.0,26020.0,102831.04,0.0038100076200151545,0.0030840400925211675,3937.0,25940.0,102125.78,-0.014764764764764737,-0.002307692307692344
2026-02-03,3719.0,26002.0,96701.438,-0.058957489878542546,-0.0006917755572636297,3952.0,26020.0,102831.04,0.0038100076200151545,0.0030840400925211675
2026-02-04,3689.0,25982.0,95847.598,-0.008066684592632378,-0.0007691716021844819,3719.0,26002.0,96701.438,-0.058957489878542546,-0.0006917755572636297
2026-02-05,3749.0,25955.0,97305.295,0.01626457034426676,-0.0010391809714417333,3689.0,25982.0,95847.598,-0.008066684592632378,-0.0007691716021844819
2026-02-06,3668.0,25950.0,95184.6,-0.021605761536409696,-0.00019264110961281222,3749.0,25955.0,97305.295,0.01626457034426676,-0.0010391809714417333
2026-02-09,3770.0,25910.0,97680.7,0.027808069792802703,-0.0015414258188825025,3668.0,25950.0,95184.6,-0.021605761536409696,-0.00019264110961281222
2026-02-10,3683.0,25885.0,95334.455,-0.023076923076923106,-0.0009648784253184495,3770.0,25910.0,97680.7,0.027808069792802703,-0.0015414258188825025
2026-02-11,3692.0,26000.0,95992.0,0.002443660059733954,0.004442727448329187,3683.0,25885.0,95334.455,-0.023076923076923106,-0.0009648784253184495
2026-02-12,3765.0,25960.0,97739.4,0.019772481040086776,-0.0015384615384614886,3692.0,26000.0,95992.0,0.002443660059733954,0.004442727448329187
2026-02-13,3800.0,25970.0,98686.0,0.009296148738379806,0.00038520801232655444,3765.0,25960.0,97739.4,0.019772481040086776,-0.0015384615384614886
2026-02-16,3795.0,25970.0,98556.15,-0.001315789473684159,0.0,3800.0,25970.0,98686.0,0.009296148738379806,0.00038520801232655444
2026-02-17,3619.0,25970.0,93985.43,-0.04637681159420293,0.0,3795.0,25970.0,98556.15,-0.001315789473684159,0.0
2026-02-18,3683.0,25970.0,95647.51,0.017684443216358092,0.0,3619.0,25970.0,93985.43,-0.04637681159420293,0.0
2026-02-19,3620.0,25970.0,94011.4,-0.017105620418137346,0.0,3683.0,25970.0,95647.51,0.017684443216358092,0.0
2026-02-20,3591.0,25970.0,93258.27,-0.00801104972375688,0.0,3620.0,25970.0,94011.4,-0.017105620418137346,0.0
2026-02-23,3560.0,26120.0,92987.2,-0.008632692843219214,0.005775895263765873,3591.0,25970.0,93258.27,-0.00801104972375688,0.0
2026-02-24,3640.0,26195.0,95349.8,0.022471910112359605,0.002871362940275679,3560.0,26120.0,92987.2,-0.008632692843219214,0.005775895263765873
2026-02-25,3703.0,26102.0,96655.706,0.017307692307692246,-0.0035502958579881616,3640.0,26195.0,95349.8,0.022471910112359605,0.002871362940275679
2026-02-26,3639.0,26075.0,94886.925,-0.01728328382392652,-0.0010344034939850921,3703.0,26102.0,96655.706,0.017307692307692246,-0.0035502958579881616
2026-02-27,3624.0,26045.0,94387.08,-0.004122011541632276,-0.0011505273250239645,3639.0,26075.0,94886.925,-0.01728328382392652,-0.0010344034939850921
2026-03-02,3772.0,26165.0,98694.38,0.04083885209713034,0.00460741025148792,3624.0,26045.0,94387.08,-0.004122011541632276,-0.0011505273250239645
2026-03-03,3705.0,26200.0,97071.0,-0.017762460233297972,0.0013376648194152185,3772.0,26165.0,98694.38,0.04083885209713034,0.00460741025148792
2026-03-04,3734.0,26220.0,97905.48,0.007827260458839413,0.0007633587786259888,3705.0,26200.0,97071.0,-0.017762460233297972,0.0013376648194152185
2026-03-05,3751.0,26215.0,98332.465,0.004552758435993676,-0.0001906941266208717,3734.0,26220.0,97905.48,0.007827260458839413,0.0007633587786259888
2026-03-06,3772.0,26240.0,98977.28,0.0055985070647828206,0.0009536524890330078,3751.0,26215.0,98332.465,0.004552758435993676,-0.0001906941266208717
2026-03-09,3771.0,26277.5,99092.4525,-0.0002651113467656563,0.001429115853658569,3772.0,26240.0,98977.28,0.0055985070647828206,0.0009536524890330078
2026-03-10,3692.0,26235.0,96859.62,-0.020949350304958925,-0.0016173532489772713,3771.0,26277.5,99092.4525,-0.0002651113467656563,0.001429115853658569
2026-03-11,3553.0,26250.0,93266.25,-0.03764897074756235,0.0005717552887363198,3692.0,26235.0,96859.62,-0.020949350304958925,-0.0016173532489772713
2026-03-12,3625.0,26275.0,95246.875,0.020264565156206116,0.0009523809523810378,3553.0,26250.0,93266.25,-0.03764897074756235,0.0005717552887363198
2026-03-13,3455.0,26294.0,90845.77,-0.04689655172413798,0.0007231208372977527,3625.0,26275.0,95246.875,0.020264565156206116,0.0009523809523810378
2026-03-16,3475.0,26290.0,91357.75,0.005788712011577379,-0.00015212596029512415,3455.0,26294.0,90845.77,-0.04689655172413798,0.0007231208372977527
2026-03-17,3527.0,26300.0,92760.1,0.014964028776978333,0.00038037276530999975,3475.0,26290.0,91357.75,0.005788712011577379,-0.00015212596029512415
2026-03-18,3579.0,26310.0,94163.49,0.014743407995463587,0.0003802281368820992,3527.0,26300.0,92760.1,0.014964028776978333,0.00038037276530999975
2026-03-19,3669.0,26290.0,96458.01,0.025146689019279078,-0.0007601672367920642,3579.0,26310.0,94163.49,0.014743407995463587,0.0003802281368820992
2026-03-20,3664.0,26312.0,96407.168,-0.0013627691469064729,0.0008368200836819106,3669.0,26290.0,96458.01,0.025146689019279078,-0.0007601672367920642
2026-03-23,3637.0,26341.0,95802.217,-0.007368995633187825,0.001102158710854395,3664.0,26312.0,96407.168,-0.0013627691469064729,0.0008368200836819106
2026-03-24,3662.0,26357.0,96519.334,0.006873797085509947,0.0006074180934665385,3637.0,26341.0,95802.217,-0.007368995633187825,0.001102158710854395
2026-03-25,3629.0,26350.0,95624.15,-0.009011469142545026,-0.00026558409530674787,3662.0,26357.0,96519.334,0.006873797085509947,0.0006074180934665385
2026-03-26,3522.0,26351.0,92808.222,-0.02948470653072477,3.7950664136587875e-05,3629.0,26350.0,95624.15,-0.009011469142545026,-0.00026558409530674787
2026-03-27,3516.0,26337.5,92602.65,-0.0017035775127768327,-0.0005123145231680226,3522.0,26351.0,92808.222,-0.02948470653072477,3.7950664136587875e-05
2026-03-30,3348.0,26345.0,88203.06,-0.04778156996587035,0.00028476506881824903,3516.0,26337.5,92602.65,-0.0017035775127768327,-0.0005123145231680226
2026-03-31,3405.0,26340.0,89687.7,0.017025089605734678,-0.00018978933383939633,3348.0,26345.0,88203.06,-0.04778156996587035,0.00028476506881824903
2026-04-01,3428.0,26335.0,90276.38,0.006754772393538833,-0.00018982536066813882,3405.0,26340.0,89687.7,0.017025089605734678,-0.00018978933383939633
2026-04-02,3346.0,26336.0,88120.256,-0.02392065344224037,3.79722802354987e-05,3428.0,26335.0,90276.38,0.006754772393538833,-0.00018982536066813882
2026-04-03,3346.0,26340.0,88133.64,0.0,0.00015188335358451432,3346.0,26336.0,88120.256,-0.02392065344224037,3.79722802354987e-05
2026-04-06,3346.0,26336.5,88121.929,0.0,-0.00013287775246773048,3346.0,26340.0,88133.64,0.0,0.00015188335358451432
2026-04-07,3231.0,26334.0,85085.154,-0.03436939629408253,-9.492529379373504e-05,3346.0,26336.5,88121.929,0.0,-0.00013287775246773048
2026-04-08,3256.0,26332.5,85738.62,0.007737542556484067,-5.696058327642195e-05,3231.0,26334.0,85085.154,-0.03436939629408253,-9.492529379373504e-05
2026-04-09,3239.0,26325.0,85266.675,-0.0052211302211302435,-0.0002848191398462374,3256.0,26332.5,85738.62,0.007737542556484067,-5.696058327642195e-05
2026-04-10,3239.0,26336.0,85302.304,0.0,0.0004178537511871916,3239.0,26325.0,85266.675,-0.0052211302211302435,-0.0002848191398462374
2026-04-13,3254.0,26343.0,85720.122,0.004631058968817436,0.00026579586877284456,3239.0,26336.0,85302.304,0.0,0.0004178537511871916
2026-04-14,3351.0,26342.5,88273.7175,0.029809465273509472,-1.8980374292931756e-05,3254.0,26343.0,85720.122,0.004631058968817436,0.00026579586877284456
2026-04-15,3394.0,26330.0,89364.02,0.012831990450611785,-0.0004745183638606987,3351.0,26342.5,88273.7175,0.029809465273509472,-1.8980374292931756e-05
2026-04-16,3347.0,26333.5,88138.2245,-0.013847967000589323,0.0001329282187618741,3394.0,26330.0,89364.02,0.012831990450611785,-0.0004745183638606987
2026-04-17,3263.0,26335.0,85931.105,-0.025097101882282646,5.696166479962628e-05,3347.0,26333.5,88138.2245,-0.013847967000589323,0.0001329282187618741
2026-04-20,3376.0,26333.0,88900.208,0.0346307079374808,-7.594456047088638e-05,3263.0,26335.0,85931.105,-0.025097101882282646,5.696166479962628e-05
2026-04-21,3339.0,26330.0,87915.87,-0.010959715639810463,-0.00011392549272770669,3376.0,26333.0,88900.208,0.0346307079374808,-7.594456047088638e-05
2026-04-22,3404.0,26322.5,89601.79,0.019466906259359096,-0.0002848461830611271,3339.0,26330.0,87915.87,-0.010959715639810463,-0.00011392549272770669
2026-04-23,3507.0,26327.0,92328.789,0.030258519388954186,0.00017095640611652918,3404.0,26322.5,89601.79,0.019466906259359096,-0.0002848461830611271
2026-04-24,3483.0,26359.0,91808.397,-0.006843455945252375,0.0012154822045808977,3507.0,26327.0,92328.789,0.030258519388954186,0.00017095640611652918
2026-04-27,3428.0,26359.0,90358.652,-0.01579098478323282,0.0,3483.0,26359.0,91808.397,-0.006843455945252375,0.0012154822045808977
2026-04-28,3481.0,26348.0,91717.388,0.015460910151692042,-0.0004173147691490797,3428.0,26359.0,90358.652,-0.01579098478323282,0.0
2026-04-29,3442.0,26356.0,90717.352,-0.011203677104280385,0.00030362835888864126,3481.0,26348.0,91717.388,0.015460910151692042,-0.0004173147691490797
2026-04-30,3361.0,26356.0,88582.516,-0.023532829750145257,0.0,3442.0,26356.0,90717.352,-0.011203677104280385,0.00030362835888864126
2026-05-01,3364.0,26356.0,88661.584,0.0008925914906277033,0.0,3361.0,26356.0,88582.516,-0.023532829750145257,0.0
2026-05-04,3364.0,26339.5,88606.078,0.0,-0.0006260434056761799,3364.0,26356.0,88661.584,0.0008925914906277033,0.0
2026-05-05,3378.0,26323.0,88919.094,0.004161712247324534,-0.0006264355815410738,3364.0,26339.5,88606.078,0.0,-0.0006260434056761799
2026-05-06,3413.0,26325.0,89847.225,0.010361160449970486,7.597918170421103e-05,3378.0,26323.0,88919.094,0.004161712247324534,-0.0006264355815410738
2026-05-07,3432.0,26310.0,90295.92,0.005566949897450879,-0.0005698005698006048,3413.0,26325.0,89847.225,0.010361160449970486,7.597918170421103e-05
2026-05-08,3414.0,26308.0,89815.512,-0.005244755244755206,-7.601672367918422e-05,3432.0,26310.0,90295.92,0.005566949897450879,-0.0005698005698006048
2026-05-11,3504.0,26325.0,92242.8,0.026362038664323295,0.0006461912726167807,3414.0,26308.0,89815.512,-0.005244755244755206,-7.601672367918422e-05
2026-05-12,3482.0,26339.0,91712.398,-0.006278538812785395,0.0005318138651471127,3504.0,26325.0,92242.8,0.026362038664323295,0.0006461912726167807
2026-05-13,3560.0,26348.0,93798.88,0.02240091901206198,0.0003416986218156559,3482.0,26339.0,91712.398,-0.006278538812785395,0.0005318138651471127
2026-05-14,3487.0,26345.0,91865.015,-0.020505617977528035,-0.00011386063458329598,3560.0,26348.0,93798.88,0.02240091901206198,0.0003416986218156559
2026-05-15,3365.0,26355.0,88684.575,-0.034987094924003426,0.00037957866767879267,3487.0,26345.0,91865.015,-0.020505617977528035,-0.00011386063458329598
2026-05-18,3306.0,26357.0,87136.242,-0.01753343239227345,7.588692847648737e-05,3365.0,26355.0,88684.575,-0.034987094924003426,0.00037957866767879267
2026-05-19,3345.0,26359.0,88170.855,0.011796733212341204,7.588117008761053e-05,3306.0,26357.0,87136.242,-0.01753343239227345,7.588692847648737e-05
2026-05-20,3328.0,26373.0,87769.344,-0.005082212257100149,0.0005311278880077985,3345.0,26359.0,88170.855,0.011796733212341204,7.588117008761053e-05
2026-05-21,3399.0,26355.0,89580.645,0.02133413461538458,-0.000682516209760009,3328.0,26373.0,87769.344,-0.005082212257100149,0.0005311278880077985
2026-05-22,3456.0,26365.0,91117.44,0.01676963812886134,0.00037943464238288094,3399.0,26355.0,89580.645,0.02133413461538458,-0.000682516209760009
2026-05-25,3456.0,26356.0,91086.336,0.0,-0.00034136165370757254,3456.0,26365.0,91117.44,0.01676963812886134,0.00037943464238288094
2026-05-26,3377.0,26344.0,88963.688,-0.02285879629629628,-0.0004553042950371511,3456.0,26356.0,91086.336,0.0,-0.00034136165370757254
2026-05-27,3339.0,26333.0,87925.887,-0.011252591057151373,-0.00041755238384455495,3377.0,26344.0,88963.688,-0.02285879629629628,-0.0004553042950371511
2026-05-28,3415.0,26327.5,89908.4125,0.022761305780173657,-0.00020886340333425846,3339.0,26333.0,87925.887,-0.011252591057151373,-0.00041755238384455495
2026-05-29,3347.0,26312.5,88067.9375,-0.019912152269399686,-0.000569746462824039,3415.0,26327.5,89908.4125,0.022761305780173657,-0.00020886340333425846
2026-06-01,3315.0,26322.5,87259.0875,-0.009560800717060003,0.00038004750593834125,3347.0,26312.5,88067.9375,-0.019912152269399686,-0.000569746462824039
