date,Brent,DO_0001S,DO_005S,E5_RON92,FO_30S,FO_35S,FO_380,FO_other,RON92,RON95,RON95_IV,WTI,dau_hoa
2017-01-04,205.0,,14020.0,17660.0,11750.0,11120.0,11240.0,,17940.0,18650.0,18800.0,229.0,12490.0
2017-01-05,205.0,,14020.0,17660.0,11750.0,11120.0,11240.0,,17940.0,18650.0,18800.0,229.0,12490.0
2017-01-06,205.0,,14020.0,17660.0,11750.0,11120.0,11240.0,,17940.0,18650.0,18800.0,229.0,12490.0
2017-01-07,205.0,,14020.0,17660.0,11750.0,11120.0,11240.0,,17940.0,18650.0,18800.0,229.0,12490.0
2017-01-08,205.0,,14020.0,17660.0,11750.0,11120.0,11240.0,,17940.0,18650.0,18800.0,229.0,12490.0
2017-01-09,205.0,,14020.0,17660.0,11750.0,11120.0,11240.0,,17940.0,18650.0,18800.0,229.0,12490.0
2017-01-10,205.0,,14020.0,17660.0,11750.0,11120.0,11240.0,,17940.0,18650.0,18800.0,229.0,12490.0
2017-01-11,205.0,,14020.0,17660.0,11750.0,11120.0,11240.0,,17940.0,18650.0,18800.0,229.0,12490.0
2017-01-12,205.0,,14020.0,17660.0,11750.0,11120.0,11240.0,,17940.0,18650.0,18800.0,229.0,12490.0
2017-01-13,205.0,,14020.0,17660.0,11750.0,11120.0,11240.0,,17940.0,18650.0,18800.0,229.0,12490.0
2017-01-14,205.0,,14020.0,17660.0,11750.0,11120.0,11240.0,,17940.0,18650.0,18800.0,229.0,12490.0
2017-01-15,205.0,,14020.0,17660.0,11750.0,11120.0,11240.0,,17940.0,18650.0,18800.0,229.0,12490.0
2017-01-16,205.0,,14020.0,17660.0,11750.0,11120.0,11240.0,,17940.0,18650.0,18800.0,229.0,12490.0
2017-01-17,205.0,,14020.0,17660.0,11750.0,11120.0,11240.0,,17940.0,18650.0,18800.0,229.0,12490.0
2017-01-18,205.0,,14020.0,17660.0,11750.0,11120.0,11240.0,,17940.0,18650.0,18800.0,229.0,12490.0
2017-01-19,205.0,,14320.0,17660.0,12260.0,11620.0,11750.0,,17940.0,18650.0,18800.0,229.0,12850.0
2017-01-20,205.0,,14320.0,17660.0,12260.0,11620.0,11750.0,,17940.0,18650.0,18800.0,229.0,12850.0
2017-01-21,205.0,,14320.0,17660.0,12260.0,11620.0,11750.0,,17940.0,18650.0,18800.0,229.0,12850.0
2017-01-22,205.0,,14320.0,17660.0,12260.0,11620.0,11750.0,,17940.0,18650.0,18800.0,229.0,12850.0
2017-01-23,205.0,,14320.0,17660.0,12260.0,11620.0,11750.0,,17940.0,18650.0,18800.0,229.0,12850.0
2017-01-24,205.0,,14320.0,17660.0,12260.0,11620.0,11750.0,,17940.0,18650.0,18800.0,229.0,12850.0
2017-01-25,205.0,,14320.0,17660.0,12260.0,11620.0,11750.0,,17940.0,18650.0,18800.0,229.0,12850.0
2017-01-26,205.0,,14320.0,17660.0,12260.0,11620.0,11750.0,,17940.0,18650.0,18800.0,229.0,12850.0
2017-01-27,205.0,,14320.0,17660.0,12260.0,11620.0,11750.0,,17940.0,18650.0,18800.0,229.0,12850.0
2017-01-28,205.0,,14320.0,17660.0,12260.0,11620.0,11750.0,,17940.0,18650.0,18800.0,229.0,12850.0
2017-01-29,205.0,,14320.0,17660.0,12260.0,11620.0,11750.0,,17940.0,18650.0,18800.0,229.0,12850.0
2017-01-30,205.0,,14320.0,17660.0,12260.0,11620.0,11750.0,,17940.0,18650.0,18800.0,229.0,12850.0
2017-01-31,205.0,,14320.0,17660.0,12260.0,11620.0,11750.0,,17940.0,18650.0,18800.0,229.0,12850.0
2017-02-01,205.0,,14320.0,17660.0,12260.0,11620.0,11750.0,,17940.0,18650.0,18800.0,229.0,12850.0
2017-02-02,205.0,,14320.0,17660.0,12260.0,11620.0,11750.0,,17940.0,18650.0,18800.0,229.0,12850.0
2017-02-03,205.0,,14300.0,17660.0,11830.0,11200.0,11320.0,,17940.0,18650.0,18800.0,229.0,12770.0
2017-02-04,205.0,,14300.0,17660.0,11830.0,11200.0,11320.0,,17940.0,18650.0,18800.0,229.0,12770.0
2017-02-05,205.0,,14300.0,17660.0,11830.0,11200.0,11320.0,,17940.0,18650.0,18800.0,229.0,12770.0
2017-02-06,205.0,,14300.0,17660.0,11830.0,11200.0,11320.0,,17940.0,18650.0,18800.0,229.0,12770.0
2017-02-07,205.0,,14300.0,17660.0,11830.0,11200.0,11320.0,,17940.0,18650.0,18800.0,229.0,12770.0
2017-02-08,205.0,,14300.0,17660.0,11830.0,11200.0,11320.0,,17940.0,18650.0,18800.0,229.0,12770.0
2017-02-09,205.0,,14300.0,17660.0,11830.0,11200.0,11320.0,,17940.0,18650.0,18800.0,229.0,12770.0
2017-02-10,205.0,,14300.0,17660.0,11830.0,11200.0,11320.0,,17940.0,18650.0,18800.0,229.0,12770.0
2017-02-11,205.0,,14300.0,17660.0,11830.0,11200.0,11320.0,,17940.0,18650.0,18800.0,229.0,12770.0
2017-02-12,205.0,,14300.0,17660.0,11830.0,11200.0,11320.0,,17940.0,18650.0,18800.0,229.0,12770.0
2017-02-13,205.0,,14300.0,17660.0,11830.0,11200.0,11320.0,,17940.0,18650.0,18800.0,229.0,12770.0
2017-02-14,205.0,,14300.0,17660.0,11830.0,11200.0,11320.0,,17940.0,18650.0,18800.0,229.0,12770.0
2017-02-15,205.0,,14300.0,17660.0,11830.0,11200.0,11320.0,,17940.0,18650.0,18800.0,229.0,12770.0
2017-02-16,205.0,,14300.0,17660.0,11830.0,11200.0,11320.0,,17940.0,18650.0,18800.0,229.0,12770.0
2017-02-17,205.0,,14300.0,17660.0,11830.0,11200.0,11320.0,,17940.0,18650.0,18800.0,229.0,12770.0
2017-02-18,205.0,,14580.0,18160.0,11950.0,11320.0,11440.0,,18450.0,19160.0,19310.0,229.0,13000.0
2017-02-19,205.0,,14580.0,18160.0,11950.0,11320.0,11440.0,,18450.0,19160.0,19310.0,229.0,13000.0
2017-02-20,205.0,,14580.0,18160.0,11950.0,11320.0,11440.0,,18450.0,19160.0,19310.0,229.0,13000.0
2017-02-21,205.0,,14580.0,18160.0,11950.0,11320.0,11440.0,,18450.0,19160.0,19310.0,229.0,13000.0
2017-02-22,205.0,,14580.0,18160.0,11950.0,11320.0,11440.0,,18450.0,19160.0,19310.0,229.0,13000.0
2017-02-23,205.0,,14580.0,18160.0,11950.0,11320.0,11440.0,,18450.0,19160.0,19310.0,229.0,13000.0
2017-02-24,205.0,,14580.0,18160.0,11950.0,11320.0,11440.0,,18450.0,19160.0,19310.0,229.0,13000.0
2017-02-25,205.0,,14580.0,18160.0,11950.0,11320.0,11440.0,,18450.0,19160.0,19310.0,229.0,13000.0
2017-02-26,205.0,,14580.0,18160.0,11950.0,11320.0,11440.0,,18450.0,19160.0,19310.0,229.0,13000.0
2017-02-27,205.0,,14580.0,18160.0,11950.0,11320.0,11440.0,,18450.0,19160.0,19310.0,229.0,13000.0
2017-02-28,205.0,,14580.0,18160.0,11950.0,11320.0,11440.0,,18450.0,19160.0,19310.0,229.0,13000.0
2017-03-01,205.0,,14580.0,18160.0,11950.0,11320.0,11440.0,,18450.0,19160.0,19310.0,229.0,13000.0
2017-03-02,205.0,,14580.0,18160.0,11950.0,11320.0,11440.0,,18450.0,19160.0,19310.0,229.0,13000.0
2017-03-03,205.0,,14580.0,18160.0,11950.0,11320.0,11440.0,,18450.0,19160.0,19310.0,229.0,13000.0
2017-03-04,205.0,,14580.0,18160.0,11950.0,11320.0,11440.0,,18450.0,19160.0,19310.0,229.0,13000.0
2017-03-05,205.0,,14580.0,18160.0,11950.0,11320.0,11440.0,,18450.0,19160.0,19310.0,229.0,13000.0
2017-03-06,205.0,,14720.0,18110.0,12000.0,11370.0,11490.0,,18380.0,19090.0,19240.0,229.0,13080.0
2017-03-07,205.0,,14720.0,18110.0,12000.0,11370.0,11490.0,,18380.0,19090.0,19240.0,229.0,13080.0
2017-03-08,205.0,,14720.0,18110.0,12000.0,11370.0,11490.0,,18380.0,19090.0,19240.0,229.0,13080.0
2017-03-09,205.0,,14720.0,18110.0,12000.0,11370.0,11490.0,,18380.0,19090.0,19240.0,229.0,13080.0
2017-03-10,205.0,,14720.0,18110.0,12000.0,11370.0,11490.0,,18380.0,19090.0,19240.0,229.0,13080.0
2017-03-11,205.0,,14720.0,18110.0,12000.0,11370.0,11490.0,,18380.0,19090.0,19240.0,229.0,13080.0
2017-03-12,205.0,,14720.0,18110.0,12000.0,11370.0,11490.0,,18380.0,19090.0,19240.0,229.0,13080.0
2017-03-13,205.0,,14720.0,18110.0,12000.0,11370.0,11490.0,,18380.0,19090.0,19240.0,229.0,13080.0
2017-03-14,205.0,,14720.0,18110.0,12000.0,11370.0,11490.0,,18380.0,19090.0,19240.0,229.0,13080.0
2017-03-15,205.0,,14720.0,18110.0,12000.0,11370.0,11490.0,,18380.0,19090.0,19240.0,229.0,13080.0
2017-03-16,205.0,,14720.0,18110.0,12000.0,11370.0,11490.0,,18380.0,19090.0,19240.0,229.0,13080.0
2017-03-17,205.0,,14720.0,18110.0,12000.0,11370.0,11490.0,,18380.0,19090.0,19240.0,229.0,13080.0
2017-03-18,205.0,,14720.0,18110.0,12000.0,11370.0,11490.0,,18380.0,19090.0,19240.0,229.0,13080.0
2017-03-19,205.0,,14720.0,18110.0,12000.0,11370.0,11490.0,,18380.0,19090.0,19240.0,229.0,13080.0
2017-03-20,205.0,,14720.0,18110.0,12000.0,11370.0,11490.0,,18380.0,19090.0,19240.0,229.0,13080.0
2017-03-21,205.0,,14100.0,17430.0,11470.0,10850.0,10960.0,,17650.0,18370.0,18520.0,229.0,12410.0
2017-03-22,205.0,,14100.0,17430.0,11470.0,10850.0,10960.0,,17650.0,18370.0,18520.0,229.0,12410.0
2017-03-23,205.0,,14100.0,17430.0,11470.0,10850.0,10960.0,,17650.0,18370.0,18520.0,229.0,12410.0
2017-03-24,205.0,,14100.0,17430.0,11470.0,10850.0,10960.0,,17650.0,18370.0,18520.0,229.0,12410.0
2017-03-25,205.0,,14100.0,17430.0,11470.0,10850.0,10960.0,,17650.0,18370.0,18520.0,229.0,12410.0
2017-03-26,205.0,,14100.0,17430.0,11470.0,10850.0,10960.0,,17650.0,18370.0,18520.0,229.0,12410.0
2017-03-27,205.0,,14100.0,17430.0,11470.0,10850.0,10960.0,,17650.0,18370.0,18520.0,229.0,12410.0
2017-03-28,205.0,,14100.0,17430.0,11470.0,10850.0,10960.0,,17650.0,18370.0,18520.0,229.0,12410.0
2017-03-29,205.0,,14100.0,17430.0,11470.0,10850.0,10960.0,,17650.0,18370.0,18520.0,229.0,12410.0
2017-03-30,205.0,,14100.0,17430.0,11470.0,10850.0,10960.0,,17650.0,18370.0,18520.0,229.0,12410.0
2017-03-31,205.0,,14100.0,17430.0,11470.0,10850.0,10960.0,,17650.0,18370.0,18520.0,229.0,12410.0
2017-04-01,205.0,,14100.0,17430.0,11470.0,10850.0,10960.0,,17650.0,18370.0,18520.0,229.0,12410.0
2017-04-02,205.0,,14100.0,17430.0,11470.0,10850.0,10960.0,,17650.0,18370.0,18520.0,229.0,12410.0
2017-04-03,205.0,,14100.0,17430.0,11470.0,10850.0,10960.0,,17650.0,18370.0,18520.0,229.0,12410.0
2017-04-04,205.0,,14100.0,17430.0,11470.0,10850.0,10960.0,,17650.0,18370.0,18520.0,229.0,12410.0
2017-04-05,205.0,,13720.0,17370.0,11230.0,10610.0,10720.0,,17570.0,18280.0,18440.0,229.0,12210.0
2017-04-06,205.0,,13720.0,17370.0,11230.0,10610.0,10720.0,,17570.0,18280.0,18440.0,229.0,12210.0
2017-04-07,205.0,,13720.0,17370.0,11230.0,10610.0,10720.0,,17570.0,18280.0,18440.0,229.0,12210.0
2017-04-08,205.0,,13720.0,17370.0,11230.0,10610.0,10720.0,,17570.0,18280.0,18440.0,229.0,12210.0
2017-04-09,205.0,,13720.0,17370.0,11230.0,10610.0,10720.0,,17570.0,18280.0,18440.0,229.0,12210.0
2017-04-10,205.0,,13720.0,17370.0,11230.0,10610.0,10720.0,,17570.0,18280.0,18440.0,229.0,12210.0
2017-04-11,205.0,,13720.0,17370.0,11230.0,10610.0,10720.0,,17570.0,18280.0,18440.0,229.0,12210.0
2017-04-12,205.0,,13720.0,17370.0,11230.0,10610.0,10720.0,,17570.0,18280.0,18440.0,229.0,12210.0
2017-04-13,205.0,,13720.0,17370.0,11230.0,10610.0,10720.0,,17570.0,18280.0,18440.0,229.0,12210.0
2017-04-14,205.0,,13720.0,17370.0,11230.0,10610.0,10720.0,,17570.0,18280.0,18440.0,229.0,12210.0
2017-04-15,205.0,,13720.0,17370.0,11230.0,10610.0,10720.0,,17570.0,18280.0,18440.0,229.0,12210.0
2017-04-16,205.0,,13720.0,17370.0,11230.0,10610.0,10720.0,,17570.0,18280.0,18440.0,229.0,12210.0
2017-04-17,205.0,,13720.0,17370.0,11230.0,10610.0,10720.0,,17570.0,18280.0,18440.0,229.0,12210.0
2017-04-18,205.0,,13720.0,17370.0,11230.0,10610.0,10720.0,,17570.0,18280.0,18440.0,229.0,12210.0
2017-04-19,205.0,,13720.0,17370.0,11230.0,10610.0,10720.0,,17570.0,18280.0,18440.0,229.0,12210.0
2017-04-20,205.0,,14080.0,17720.0,11580.0,10960.0,11070.0,,17930.0,18640.0,18790.0,229.0,12570.0
2017-04-21,205.0,,14080.0,17720.0,11580.0,10960.0,11070.0,,17930.0,18640.0,18790.0,229.0,12570.0
2017-04-22,205.0,,14080.0,17720.0,11580.0,10960.0,11070.0,,17930.0,18640.0,18790.0,229.0,12570.0
2017-04-23,205.0,,14080.0,17720.0,11580.0,10960.0,11070.0,,17930.0,18640.0,18790.0,229.0,12570.0
2017-04-24,205.0,,14080.0,17720.0,11580.0,10960.0,11070.0,,17930.0,18640.0,18790.0,229.0,12570.0
2017-04-25,205.0,,14080.0,17720.0,11580.0,10960.0,11070.0,,17930.0,18640.0,18790.0,229.0,12570.0
2017-04-26,205.0,,14080.0,17720.0,11580.0,10960.0,11070.0,,17930.0,18640.0,18790.0,229.0,12570.0
2017-04-27,205.0,,14080.0,17720.0,11580.0,10960.0,11070.0,,17930.0,18640.0,18790.0,229.0,12570.0
2017-04-28,205.0,,14080.0,17720.0,11580.0,10960.0,11070.0,,17930.0,18640.0,18790.0,229.0,12570.0
2017-04-29,205.0,,14080.0,17720.0,11580.0,10960.0,11070.0,,17930.0,18640.0,18790.0,229.0,12570.0
2017-04-30,205.0,,14080.0,17720.0,11580.0,10960.0,11070.0,,17930.0,18640.0,18790.0,229.0,12570.0
2017-05-01,205.0,,14080.0,17720.0,11580.0,10960.0,11070.0,,17930.0,18640.0,18790.0,229.0,12570.0
2017-05-02,205.0,,14080.0,17720.0,11580.0,10960.0,11070.0,,17930.0,18640.0,18790.0,229.0,12570.0
2017-05-03,205.0,,14080.0,17720.0,11580.0,10960.0,11070.0,,17930.0,18640.0,18790.0,229.0,12570.0
2017-05-04,205.0,,14080.0,17720.0,11580.0,10960.0,11070.0,,17930.0,18640.0,18790.0,229.0,12570.0
2017-05-05,205.0,,13870.0,17400.0,11270.0,10900.0,11010.0,,17610.0,18320.0,18480.0,229.0,12290.0
2017-05-06,205.0,,13870.0,17400.0,11270.0,10900.0,11010.0,,17610.0,18320.0,18480.0,229.0,12290.0
2017-05-07,205.0,,13870.0,17400.0,11270.0,10900.0,11010.0,,17610.0,18320.0,18480.0,229.0,12290.0
2017-05-08,205.0,,13870.0,17400.0,11270.0,10900.0,11010.0,,17610.0,18320.0,18480.0,229.0,12290.0
2017-05-09,205.0,,13870.0,17400.0,11270.0,10900.0,11010.0,,17610.0,18320.0,18480.0,229.0,12290.0
2017-05-10,205.0,,13870.0,17400.0,11270.0,10900.0,11010.0,,17610.0,18320.0,18480.0,229.0,12290.0
2017-05-11,205.0,,13870.0,17400.0,11270.0,10900.0,11010.0,,17610.0,18320.0,18480.0,229.0,12290.0
2017-05-12,205.0,,13870.0,17400.0,11270.0,10900.0,11010.0,,17610.0,18320.0,18480.0,229.0,12290.0
2017-05-13,205.0,,13870.0,17400.0,11270.0,10900.0,11010.0,,17610.0,18320.0,18480.0,229.0,12290.0
2017-05-14,205.0,,13870.0,17400.0,11270.0,10900.0,11010.0,,17610.0,18320.0,18480.0,229.0,12290.0
2017-05-15,205.0,,13870.0,17400.0,11270.0,10900.0,11010.0,,17610.0,18320.0,18480.0,229.0,12290.0
2017-05-16,205.0,,13870.0,17400.0,11270.0,10900.0,11010.0,,17610.0,18320.0,18480.0,229.0,12290.0
2017-05-17,205.0,,13870.0,17400.0,11270.0,10900.0,11010.0,,17610.0,18320.0,18480.0,229.0,12290.0
2017-05-18,205.0,,13870.0,17400.0,11270.0,10900.0,11010.0,,17610.0,18320.0,18480.0,229.0,12290.0
2017-05-19,205.0,,13870.0,17400.0,11270.0,10900.0,11010.0,,17610.0,18320.0,18480.0,229.0,12290.0
2017-05-20,205.0,,13520.0,17200.0,11260.0,10890.0,11000.0,,17400.0,18110.0,18260.0,229.0,12020.0
2017-05-21,205.0,,13520.0,17200.0,11260.0,10890.0,11000.0,,17400.0,18110.0,18260.0,229.0,12020.0
2017-05-22,205.0,,13520.0,17200.0,11260.0,10890.0,11000.0,,17400.0,18110.0,18260.0,229.0,12020.0
2017-05-23,205.0,,13520.0,17200.0,11260.0,10890.0,11000.0,,17400.0,18110.0,18260.0,229.0,12020.0
2017-05-24,205.0,,13520.0,17200.0,11260.0,10890.0,11000.0,,17400.0,18110.0,18260.0,229.0,12020.0
2017-05-25,205.0,,13520.0,17200.0,11260.0,10890.0,11000.0,,17400.0,18110.0,18260.0,229.0,12020.0
2017-05-26,205.0,,13520.0,17200.0,11260.0,10890.0,11000.0,,17400.0,18110.0,18260.0,229.0,12020.0
2017-05-27,205.0,,13520.0,17200.0,11260.0,10890.0,11000.0,,17400.0,18110.0,18260.0,229.0,12020.0
2017-05-28,205.0,,13520.0,17200.0,11260.0,10890.0,11000.0,,17400.0,18110.0,18260.0,229.0,12020.0
2017-05-29,205.0,,13520.0,17200.0,11260.0,10890.0,11000.0,,17400.0,18110.0,18260.0,229.0,12020.0
2017-05-30,205.0,,13520.0,17200.0,11260.0,10890.0,11000.0,,17400.0,18110.0,18260.0,229.0,12020.0
2017-05-31,205.0,,13520.0,17200.0,11260.0,10890.0,11000.0,,17400.0,18110.0,18260.0,229.0,12020.0
2017-06-01,205.0,,13520.0,17200.0,11260.0,10890.0,11000.0,,17400.0,18110.0,18260.0,229.0,12020.0
2017-06-02,205.0,,13520.0,17200.0,11260.0,10890.0,11000.0,,17400.0,18110.0,18260.0,229.0,12020.0
2017-06-03,205.0,,13520.0,17200.0,11260.0,10890.0,11000.0,,17400.0,18110.0,18260.0,229.0,12020.0
2017-06-04,205.0,,13520.0,17200.0,11260.0,10890.0,11000.0,,17400.0,18110.0,18260.0,229.0,12020.0
2017-06-05,205.0,,13740.0,17490.0,11400.0,11030.0,11140.0,,17700.0,18420.0,18570.0,229.0,12350.0
2017-06-06,205.0,,13740.0,17490.0,11400.0,11030.0,11140.0,,17700.0,18420.0,18570.0,229.0,12350.0
2017-06-07,205.0,,13740.0,17490.0,11400.0,11030.0,11140.0,,17700.0,18420.0,18570.0,229.0,12350.0
2017-06-08,205.0,,13740.0,17490.0,11400.0,11030.0,11140.0,,17700.0,18420.0,18570.0,229.0,12350.0
2017-06-09,205.0,,13740.0,17490.0,11400.0,11030.0,11140.0,,17700.0,18420.0,18570.0,229.0,12350.0
2017-06-10,205.0,,13740.0,17490.0,11400.0,11030.0,11140.0,,17700.0,18420.0,18570.0,229.0,12350.0
2017-06-11,205.0,,13740.0,17490.0,11400.0,11030.0,11140.0,,17700.0,18420.0,18570.0,229.0,12350.0
2017-06-12,205.0,,13740.0,17490.0,11400.0,11030.0,11140.0,,17700.0,18420.0,18570.0,229.0,12350.0
2017-06-13,205.0,,13740.0,17490.0,11400.0,11030.0,11140.0,,17700.0,18420.0,18570.0,229.0,12350.0
2017-06-14,205.0,,13740.0,17490.0,11400.0,11030.0,11140.0,,17700.0,18420.0,18570.0,229.0,12350.0
2017-06-15,205.0,,13740.0,17490.0,11400.0,11030.0,11140.0,,17700.0,18420.0,18570.0,229.0,12350.0
2017-06-16,205.0,,13740.0,17490.0,11400.0,11030.0,11140.0,,17700.0,18420.0,18570.0,229.0,12350.0
2017-06-17,205.0,,13740.0,17490.0,11400.0,11030.0,11140.0,,17700.0,18420.0,18570.0,229.0,12350.0
2017-06-18,205.0,,13740.0,17490.0,11400.0,11030.0,11140.0,,17700.0,18420.0,18570.0,229.0,12350.0
2017-06-19,205.0,,13740.0,17490.0,11400.0,11030.0,11140.0,,17700.0,18420.0,18570.0,229.0,12350.0
2017-06-20,205.0,,13080.0,16660.0,11020.0,10660.0,10770.0,,16830.0,17540.0,17690.0,229.0,11600.0
2017-06-21,205.0,,13080.0,16660.0,11020.0,10660.0,10770.0,,16830.0,17540.0,17690.0,229.0,11600.0
2017-06-22,205.0,,13080.0,16660.0,11020.0,10660.0,10770.0,,16830.0,17540.0,17690.0,229.0,11600.0
2017-06-23,205.0,,13080.0,16660.0,11020.0,10660.0,10770.0,,16830.0,17540.0,17690.0,229.0,11600.0
2017-06-24,205.0,,13080.0,16660.0,11020.0,10660.0,10770.0,,16830.0,17540.0,17690.0,229.0,11600.0
2017-06-25,205.0,,13080.0,16660.0,11020.0,10660.0,10770.0,,16830.0,17540.0,17690.0,229.0,11600.0
2017-06-26,205.0,,13080.0,16660.0,11020.0,10660.0,10770.0,,16830.0,17540.0,17690.0,229.0,11600.0
2017-06-27,205.0,,13080.0,16660.0,11020.0,10660.0,10770.0,,16830.0,17540.0,17690.0,229.0,11600.0
2017-06-28,205.0,,13080.0,16660.0,11020.0,10660.0,10770.0,,16830.0,17540.0,17690.0,229.0,11600.0
2017-06-29,205.0,,13080.0,16660.0,11020.0,10660.0,10770.0,,16830.0,17540.0,17690.0,229.0,11600.0
2017-06-30,205.0,,13080.0,16660.0,11020.0,10660.0,10770.0,,16830.0,17540.0,17690.0,229.0,11600.0
2017-07-01,205.0,,13080.0,16660.0,11020.0,10660.0,10770.0,,16830.0,17540.0,17690.0,229.0,11600.0
2017-07-02,205.0,,13080.0,16660.0,11020.0,10660.0,10770.0,,16830.0,17540.0,17690.0,229.0,11600.0
2017-07-03,205.0,,13080.0,16660.0,11020.0,10660.0,10770.0,,16830.0,17540.0,17690.0,229.0,11600.0
2017-07-04,205.0,,13080.0,16660.0,11020.0,10660.0,10770.0,,16830.0,17540.0,17690.0,229.0,11600.0
2017-07-05,205.0,,13200.0,16220.0,11130.0,10770.0,10880.0,,16380.0,17090.0,17240.0,229.0,11890.0
2017-07-06,205.0,,13200.0,16220.0,11130.0,10770.0,10880.0,,16380.0,17090.0,17240.0,229.0,11890.0
2017-07-07,205.0,,13200.0,16220.0,11130.0,10770.0,10880.0,,16380.0,17090.0,17240.0,229.0,11890.0
2017-07-08,205.0,,13200.0,16220.0,11130.0,10770.0,10880.0,,16380.0,17090.0,17240.0,229.0,11890.0
2017-07-09,205.0,,13200.0,16220.0,11130.0,10770.0,10880.0,,16380.0,17090.0,17240.0,229.0,11890.0
2017-07-10,205.0,,13200.0,16220.0,11130.0,10770.0,10880.0,,16380.0,17090.0,17240.0,229.0,11890.0
2017-07-11,205.0,,13200.0,16220.0,11130.0,10770.0,10880.0,,16380.0,17090.0,17240.0,229.0,11890.0
2017-07-12,205.0,,13200.0,16220.0,11130.0,10770.0,10880.0,,16380.0,17090.0,17240.0,229.0,11890.0
2017-07-13,205.0,,13200.0,16220.0,11130.0,10770.0,10880.0,,16380.0,17090.0,17240.0,229.0,11890.0
2017-07-14,205.0,,13200.0,16220.0,11130.0,10770.0,10880.0,,16380.0,17090.0,17240.0,229.0,11890.0
2017-07-15,205.0,,13200.0,16220.0,11130.0,10770.0,10880.0,,16380.0,17090.0,17240.0,229.0,11890.0
2017-07-16,205.0,,13200.0,16220.0,11130.0,10770.0,10880.0,,16380.0,17090.0,17240.0,229.0,11890.0
2017-07-17,205.0,,13200.0,16220.0,11130.0,10770.0,10880.0,,16380.0,17090.0,17240.0,229.0,11890.0
2017-07-18,205.0,,13200.0,16220.0,11130.0,10770.0,10880.0,,16380.0,17090.0,17240.0,229.0,11890.0
2017-07-19,205.0,,13200.0,16220.0,11130.0,10770.0,10880.0,,16380.0,17090.0,17240.0,229.0,11890.0
2017-07-20,205.0,,13580.0,16570.0,11190.0,10830.0,10940.0,,16740.0,17460.0,17610.0,229.0,12160.0
2017-07-21,205.0,,13580.0,16570.0,11190.0,10830.0,10940.0,,16740.0,17460.0,17610.0,229.0,12160.0
2017-07-22,205.0,,13580.0,16570.0,11190.0,10830.0,10940.0,,16740.0,17460.0,17610.0,229.0,12160.0
2017-07-23,205.0,,13580.0,16570.0,11190.0,10830.0,10940.0,,16740.0,17460.0,17610.0,229.0,12160.0
2017-07-24,205.0,,13580.0,16570.0,11190.0,10830.0,10940.0,,16740.0,17460.0,17610.0,229.0,12160.0
2017-07-25,205.0,,13580.0,16570.0,11190.0,10830.0,10940.0,,16740.0,17460.0,17610.0,229.0,12160.0
2017-07-26,205.0,,13580.0,16570.0,11190.0,10830.0,10940.0,,16740.0,17460.0,17610.0,229.0,12160.0
2017-07-27,205.0,,13580.0,16570.0,11190.0,10830.0,10940.0,,16740.0,17460.0,17610.0,229.0,12160.0
2017-07-28,205.0,,13580.0,16570.0,11190.0,10830.0,10940.0,,16740.0,17460.0,17610.0,229.0,12160.0
2017-07-29,205.0,,13580.0,16570.0,11190.0,10830.0,10940.0,,16740.0,17460.0,17610.0,229.0,12160.0
2017-07-30,205.0,,13580.0,16570.0,11190.0,10830.0,10940.0,,16740.0,17460.0,17610.0,229.0,12160.0
2017-07-31,205.0,,13580.0,16570.0,11190.0,10830.0,10940.0,,16740.0,17460.0,17610.0,229.0,12160.0
2017-08-01,205.0,,13580.0,16570.0,11190.0,10830.0,10940.0,,16740.0,17460.0,17610.0,229.0,12160.0
2017-08-02,205.0,,13580.0,16570.0,11190.0,10830.0,10940.0,,16740.0,17460.0,17610.0,229.0,12160.0
2017-08-03,205.0,,13580.0,16570.0,11190.0,10830.0,10940.0,,16740.0,17460.0,17610.0,229.0,12160.0
2017-08-04,205.0,,14060.0,17150.0,11460.0,11090.0,11200.0,,17360.0,18070.0,18270.0,229.0,12630.0
2017-08-05,205.0,,14060.0,17150.0,11460.0,11090.0,11200.0,,17360.0,18070.0,18270.0,229.0,12630.0
2017-08-06,205.0,,14060.0,17150.0,11460.0,11090.0,11200.0,,17360.0,18070.0,18270.0,229.0,12630.0
2017-08-07,205.0,,14060.0,17150.0,11460.0,11090.0,11200.0,,17360.0,18070.0,18270.0,229.0,12630.0
2017-08-08,205.0,,14060.0,17150.0,11460.0,11090.0,11200.0,,17360.0,18070.0,18270.0,229.0,12630.0
2017-08-09,205.0,,14060.0,17150.0,11460.0,11090.0,11200.0,,17360.0,18070.0,18270.0,229.0,12630.0
2017-08-10,205.0,,14060.0,17150.0,11460.0,11090.0,11200.0,,17360.0,18070.0,18270.0,229.0,12630.0
2017-08-11,205.0,,14060.0,17150.0,11460.0,11090.0,11200.0,,17360.0,18070.0,18270.0,229.0,12630.0
2017-08-12,205.0,,14060.0,17150.0,11460.0,11090.0,11200.0,,17360.0,18070.0,18270.0,229.0,12630.0
2017-08-13,205.0,,14060.0,17150.0,11460.0,11090.0,11200.0,,17360.0,18070.0,18270.0,229.0,12630.0
2017-08-14,205.0,,14060.0,17150.0,11460.0,11090.0,11200.0,,17360.0,18070.0,18270.0,229.0,12630.0
2017-08-15,205.0,,14060.0,17150.0,11460.0,11090.0,11200.0,,17360.0,18070.0,18270.0,229.0,12630.0
2017-08-16,205.0,,14060.0,17150.0,11460.0,11090.0,11200.0,,17360.0,18070.0,18270.0,229.0,12630.0
2017-08-17,205.0,,14060.0,17150.0,11460.0,11090.0,11200.0,,17360.0,18070.0,18270.0,229.0,12630.0
2017-08-18,205.0,,14060.0,17150.0,11460.0,11090.0,11200.0,,17360.0,18070.0,18270.0,229.0,12630.0
2017-08-19,205.0,,14060.0,17590.0,11470.0,11100.0,11220.0,,17820.0,18540.0,18740.0,229.0,12630.0
2017-08-20,205.0,,14060.0,17590.0,11470.0,11100.0,11220.0,,17820.0,18540.0,18740.0,229.0,12630.0
2017-08-21,205.0,,14060.0,17590.0,11470.0,11100.0,11220.0,,17820.0,18540.0,18740.0,229.0,12630.0
2017-08-22,205.0,,14060.0,17590.0,11470.0,11100.0,11220.0,,17820.0,18540.0,18740.0,229.0,12630.0
2017-08-23,205.0,,14060.0,17590.0,11470.0,11100.0,11220.0,,17820.0,18540.0,18740.0,229.0,12630.0
2017-08-24,205.0,,14060.0,17590.0,11470.0,11100.0,11220.0,,17820.0,18540.0,18740.0,229.0,12630.0
2017-08-25,205.0,,14060.0,17590.0,11470.0,11100.0,11220.0,,17820.0,18540.0,18740.0,229.0,12630.0
2017-08-26,205.0,,14060.0,17590.0,11470.0,11100.0,11220.0,,17820.0,18540.0,18740.0,229.0,12630.0
2017-08-27,205.0,,14060.0,17590.0,11470.0,11100.0,11220.0,,17820.0,18540.0,18740.0,229.0,12630.0
2017-08-28,205.0,,14060.0,17590.0,11470.0,11100.0,11220.0,,17820.0,18540.0,18740.0,229.0,12630.0
2017-08-29,205.0,,14060.0,17590.0,11470.0,11100.0,11220.0,,17820.0,18540.0,18740.0,229.0,12630.0
2017-08-30,205.0,,14060.0,17590.0,11470.0,11100.0,11220.0,,17820.0,18540.0,18740.0,229.0,12630.0
2017-08-31,205.0,,14060.0,17590.0,11470.0,11100.0,11220.0,,17820.0,18540.0,18740.0,229.0,12630.0
2017-09-01,205.0,,14060.0,17590.0,11470.0,11100.0,11220.0,,17820.0,18540.0,18740.0,229.0,12630.0
2017-09-02,205.0,,14060.0,17590.0,11470.0,11100.0,11220.0,,17820.0,18540.0,18740.0,229.0,12630.0
2017-09-03,205.0,,14060.0,17590.0,11470.0,11100.0,11220.0,,17820.0,18540.0,18740.0,229.0,12630.0
2017-09-04,205.0,,14060.0,17590.0,11470.0,11100.0,11220.0,,17820.0,18540.0,18740.0,229.0,12630.0
2017-09-05,205.0,,14220.0,17880.0,11510.0,11140.0,11260.0,,18140.0,18850.0,19060.0,229.0,12790.0
2017-09-06,205.0,,14220.0,17880.0,11510.0,11140.0,11260.0,,18140.0,18850.0,19060.0,229.0,12790.0
2017-09-07,205.0,,14220.0,17880.0,11510.0,11140.0,11260.0,,18140.0,18850.0,19060.0,229.0,12790.0
2017-09-08,205.0,,14220.0,17880.0,11510.0,11140.0,11260.0,,18140.0,18850.0,19060.0,229.0,12790.0
2017-09-09,205.0,,14220.0,17880.0,11510.0,11140.0,11260.0,,18140.0,18850.0,19060.0,229.0,12790.0
2017-09-10,205.0,,14220.0,17880.0,11510.0,11140.0,11260.0,,18140.0,18850.0,19060.0,229.0,12790.0
2017-09-11,205.0,,14220.0,17880.0,11510.0,11140.0,11260.0,,18140.0,18850.0,19060.0,229.0,12790.0
2017-09-12,205.0,,14220.0,17880.0,11510.0,11140.0,11260.0,,18140.0,18850.0,19060.0,229.0,12790.0
2017-09-13,205.0,,14220.0,17880.0,11510.0,11140.0,11260.0,,18140.0,18850.0,19060.0,229.0,12790.0
2017-09-14,205.0,,14220.0,17880.0,11510.0,11140.0,11260.0,,18140.0,18850.0,19060.0,229.0,12790.0
2017-09-15,205.0,,14220.0,17880.0,11510.0,11140.0,11260.0,,18140.0,18850.0,19060.0,229.0,12790.0
2017-09-16,205.0,,14220.0,17880.0,11510.0,11140.0,11260.0,,18140.0,18850.0,19060.0,229.0,12790.0
2017-09-17,205.0,,14220.0,17880.0,11510.0,11140.0,11260.0,,18140.0,18850.0,19060.0,229.0,12790.0
2017-09-18,205.0,,14220.0,17880.0,11510.0,11140.0,11260.0,,18140.0,18850.0,19060.0,229.0,12790.0
2017-09-19,205.0,,14220.0,17880.0,11510.0,11140.0,11260.0,,18140.0,18850.0,19060.0,229.0,12790.0
2017-09-20,205.0,,14720.0,18180.0,11910.0,11530.0,11650.0,,18470.0,19180.0,19390.0,229.0,13370.0
2017-09-21,205.0,,14720.0,18180.0,11910.0,11530.0,11650.0,,18470.0,19180.0,19390.0,229.0,13370.0
2017-09-22,205.0,,14720.0,18180.0,11910.0,11530.0,11650.0,,18470.0,19180.0,19390.0,229.0,13370.0
2017-09-23,205.0,,14720.0,18180.0,11910.0,11530.0,11650.0,,18470.0,19180.0,19390.0,229.0,13370.0
2017-09-24,205.0,,14720.0,18180.0,11910.0,11530.0,11650.0,,18470.0,19180.0,19390.0,229.0,13370.0
2017-09-25,205.0,,14720.0,18180.0,11910.0,11530.0,11650.0,,18470.0,19180.0,19390.0,229.0,13370.0
2017-09-26,205.0,,14720.0,18180.0,11910.0,11530.0,11650.0,,18470.0,19180.0,19390.0,229.0,13370.0
2017-09-27,205.0,,14720.0,18180.0,11910.0,11530.0,11650.0,,18470.0,19180.0,19390.0,229.0,13370.0
2017-09-28,205.0,,14720.0,18180.0,11910.0,11530.0,11650.0,,18470.0,19180.0,19390.0,229.0,13370.0
2017-09-29,205.0,,14720.0,18180.0,11910.0,11530.0,11650.0,,18470.0,19180.0,19390.0,229.0,13370.0
2017-09-30,205.0,,14720.0,18180.0,11910.0,11530.0,11650.0,,18470.0,19180.0,19390.0,229.0,13370.0
2017-10-01,205.0,,14720.0,18180.0,11910.0,11530.0,11650.0,,18470.0,19180.0,19390.0,229.0,13370.0
2017-10-02,205.0,,14720.0,18180.0,11910.0,11530.0,11650.0,,18470.0,19180.0,19390.0,229.0,13370.0
2017-10-03,205.0,,14720.0,18180.0,11910.0,11530.0,11650.0,,18470.0,19180.0,19390.0,229.0,13370.0
2017-10-04,205.0,,14720.0,18180.0,11910.0,11530.0,11650.0,,18470.0,19180.0,19390.0,229.0,13370.0
2017-10-05,205.0,,14870.0,18080.0,12120.0,11740.0,11870.0,,18340.0,19060.0,19260.0,229.0,13690.0
2017-10-06,205.0,,14870.0,18080.0,12120.0,11740.0,11870.0,,18340.0,19060.0,19260.0,229.0,13690.0
2017-10-07,205.0,,14870.0,18080.0,12120.0,11740.0,11870.0,,18340.0,19060.0,19260.0,229.0,13690.0
2017-10-08,205.0,,14870.0,18080.0,12120.0,11740.0,11870.0,,18340.0,19060.0,19260.0,229.0,13690.0
2017-10-09,205.0,,14870.0,18080.0,12120.0,11740.0,11870.0,,18340.0,19060.0,19260.0,229.0,13690.0
2017-10-10,205.0,,14870.0,18080.0,12120.0,11740.0,11870.0,,18340.0,19060.0,19260.0,229.0,13690.0
2017-10-11,205.0,,14870.0,18080.0,12120.0,11740.0,11870.0,,18340.0,19060.0,19260.0,229.0,13690.0
2017-10-12,205.0,,14870.0,18080.0,12120.0,11740.0,11870.0,,18340.0,19060.0,19260.0,229.0,13690.0
2017-10-13,205.0,,14870.0,18080.0,12120.0,11740.0,11870.0,,18340.0,19060.0,19260.0,229.0,13690.0
2017-10-14,205.0,,14870.0,18080.0,12120.0,11740.0,11870.0,,18340.0,19060.0,19260.0,229.0,13690.0
2017-10-15,205.0,,14870.0,18080.0,12120.0,11740.0,11870.0,,18340.0,19060.0,19260.0,229.0,13690.0
2017-10-16,205.0,,14870.0,18080.0,12120.0,11740.0,11870.0,,18340.0,19060.0,19260.0,229.0,13690.0
2017-10-17,205.0,,14870.0,18080.0,12120.0,11740.0,11870.0,,18340.0,19060.0,19260.0,229.0,13690.0
2017-10-18,205.0,,14870.0,18080.0,12120.0,11740.0,11870.0,,18340.0,19060.0,19260.0,229.0,13690.0
2017-10-19,205.0,,14870.0,18080.0,12120.0,11740.0,11870.0,,18340.0,19060.0,19260.0,229.0,13690.0
2017-10-20,205.0,,14690.0,17980.0,12020.0,11640.0,11770.0,,18220.0,18940.0,19140.0,229.0,13240.0
2017-10-21,205.0,,14690.0,17980.0,12020.0,11640.0,11770.0,,18220.0,18940.0,19140.0,229.0,13240.0
2017-10-22,205.0,,14690.0,17980.0,12020.0,11640.0,11770.0,,18220.0,18940.0,19140.0,229.0,13240.0
2017-10-23,205.0,,14690.0,17980.0,12020.0,11640.0,11770.0,,18220.0,18940.0,19140.0,229.0,13240.0
2017-10-24,205.0,,14690.0,17980.0,12020.0,11640.0,11770.0,,18220.0,18940.0,19140.0,229.0,13240.0
2017-10-25,205.0,,14690.0,17980.0,12020.0,11640.0,11770.0,,18220.0,18940.0,19140.0,229.0,13240.0
2017-10-26,205.0,,14690.0,17980.0,12020.0,11640.0,11770.0,,18220.0,18940.0,19140.0,229.0,13240.0
2017-10-27,205.0,,14690.0,17980.0,12020.0,11640.0,11770.0,,18220.0,18940.0,19140.0,229.0,13240.0
2017-10-28,205.0,,14690.0,17980.0,12020.0,11640.0,11770.0,,18220.0,18940.0,19140.0,229.0,13240.0
2017-10-29,205.0,,14690.0,17980.0,12020.0,11640.0,11770.0,,18220.0,18940.0,19140.0,229.0,13240.0
2017-10-30,205.0,,14690.0,17980.0,12020.0,11640.0,11770.0,,18220.0,18940.0,19140.0,229.0,13240.0
2017-10-31,205.0,,14690.0,17980.0,12020.0,11640.0,11770.0,,18220.0,18940.0,19140.0,229.0,13240.0
2017-11-01,205.0,,14690.0,17980.0,12020.0,11640.0,11770.0,,18220.0,18940.0,19140.0,229.0,13240.0
2017-11-02,205.0,,14690.0,17980.0,12020.0,11640.0,11770.0,,18220.0,18940.0,19140.0,229.0,13240.0
2017-11-03,205.0,,14690.0,17980.0,12020.0,11640.0,11770.0,,18220.0,18940.0,19140.0,229.0,13240.0
2017-11-04,205.0,,14900.0,18200.0,12290.0,11900.0,12030.0,,18500.0,19210.0,19420.0,229.0,13450.0
2017-11-05,205.0,,14900.0,18200.0,12290.0,11900.0,12030.0,,18500.0,19210.0,19420.0,229.0,13450.0
2017-11-06,205.0,,14900.0,18200.0,12290.0,11900.0,12030.0,,18500.0,19210.0,19420.0,229.0,13450.0
2017-11-07,205.0,,14900.0,18200.0,12290.0,11900.0,12030.0,,18500.0,19210.0,19420.0,229.0,13450.0
2017-11-08,205.0,,14900.0,18200.0,12290.0,11900.0,12030.0,,18500.0,19210.0,19420.0,229.0,13450.0
2017-11-09,205.0,,14900.0,18200.0,12290.0,11900.0,12030.0,,18500.0,19210.0,19420.0,229.0,13450.0
2017-11-10,205.0,,14900.0,18200.0,12290.0,11900.0,12030.0,,18500.0,19210.0,19420.0,229.0,13450.0
2017-11-11,205.0,,14900.0,18200.0,12290.0,11900.0,12030.0,,18500.0,19210.0,19420.0,229.0,13450.0
2017-11-12,205.0,,14900.0,18200.0,12290.0,11900.0,12030.0,,18500.0,19210.0,19420.0,229.0,13450.0
2017-11-13,205.0,,14900.0,18200.0,12290.0,11900.0,12030.0,,18500.0,19210.0,19420.0,229.0,13450.0
2017-11-14,205.0,,14900.0,18200.0,12290.0,11900.0,12030.0,,18500.0,19210.0,19420.0,229.0,13450.0
2017-11-15,205.0,,14900.0,18200.0,12290.0,11900.0,12030.0,,18500.0,19210.0,19420.0,229.0,13450.0
2017-11-16,205.0,,14900.0,18200.0,12290.0,11900.0,12030.0,,18500.0,19210.0,19420.0,229.0,13450.0
2017-11-17,205.0,,14900.0,18200.0,12290.0,11900.0,12030.0,,18500.0,19210.0,19420.0,229.0,13450.0
2017-11-18,205.0,,14900.0,18200.0,12290.0,11900.0,12030.0,,18500.0,19210.0,19420.0,229.0,13450.0
2017-11-19,205.0,,14900.0,18200.0,12290.0,11900.0,12030.0,,18500.0,19210.0,19420.0,229.0,13450.0
2017-11-20,205.0,,15310.0,18600.0,12780.0,12380.0,12520.0,,18950.0,19660.0,19860.0,229.0,13880.0
2017-11-21,205.0,,15310.0,18600.0,12780.0,12380.0,12520.0,,18950.0,19660.0,19860.0,229.0,13880.0
2017-11-22,205.0,,15310.0,18600.0,12780.0,12380.0,12520.0,,18950.0,19660.0,19860.0,229.0,13880.0
2017-11-23,205.0,,15310.0,18600.0,12780.0,12380.0,12520.0,,18950.0,19660.0,19860.0,229.0,13880.0
2017-11-24,205.0,,15310.0,18600.0,12780.0,12380.0,12520.0,,18950.0,19660.0,19860.0,229.0,13880.0
2017-11-25,205.0,,15310.0,18600.0,12780.0,12380.0,12520.0,,18950.0,19660.0,19860.0,229.0,13880.0
2017-11-26,205.0,,15310.0,18600.0,12780.0,12380.0,12520.0,,18950.0,19660.0,19860.0,229.0,13880.0
2017-11-27,205.0,,15310.0,18600.0,12780.0,12380.0,12520.0,,18950.0,19660.0,19860.0,229.0,13880.0
2017-11-28,205.0,,15310.0,18600.0,12780.0,12380.0,12520.0,,18950.0,19660.0,19860.0,229.0,13880.0
2017-11-29,205.0,,15310.0,18600.0,12780.0,12380.0,12520.0,,18950.0,19660.0,19860.0,229.0,13880.0
2017-11-30,205.0,,15310.0,18600.0,12780.0,12380.0,12520.0,,18950.0,19660.0,19860.0,229.0,13880.0
2017-12-01,205.0,,15310.0,18600.0,12780.0,12380.0,12520.0,,18950.0,19660.0,19860.0,229.0,13880.0
2017-12-02,205.0,,15310.0,18600.0,12780.0,12380.0,12520.0,,18950.0,19660.0,19860.0,229.0,13880.0
2017-12-03,205.0,,15310.0,18600.0,12780.0,12380.0,12520.0,,18950.0,19660.0,19860.0,229.0,13880.0
2017-12-04,205.0,,15310.0,18600.0,12780.0,12380.0,12520.0,,18950.0,19660.0,19860.0,229.0,13880.0
2017-12-05,205.0,,15460.0,18600.0,12780.0,12380.0,12520.0,,18950.0,19660.0,19860.0,229.0,13880.0
2017-12-06,205.0,,15460.0,18600.0,12780.0,12380.0,12520.0,,18950.0,19660.0,19860.0,229.0,13880.0
2017-12-07,205.0,,15460.0,18600.0,12780.0,12380.0,12520.0,,18950.0,19660.0,19860.0,229.0,13880.0
2017-12-08,205.0,,15460.0,18600.0,12780.0,12380.0,12520.0,,18950.0,19660.0,19860.0,229.0,13880.0
2017-12-09,205.0,,15460.0,18600.0,12780.0,12380.0,12520.0,,18950.0,19660.0,19860.0,229.0,13880.0
2017-12-10,205.0,,15460.0,18600.0,12780.0,12380.0,12520.0,,18950.0,19660.0,19860.0,229.0,13880.0
2017-12-11,205.0,,15460.0,18600.0,12780.0,12380.0,12520.0,,18950.0,19660.0,19860.0,229.0,13880.0
2017-12-12,205.0,,15460.0,18600.0,12780.0,12380.0,12520.0,,18950.0,19660.0,19860.0,229.0,13880.0
2017-12-13,205.0,,15460.0,18600.0,12780.0,12380.0,12520.0,,18950.0,19660.0,19860.0,229.0,13880.0
2017-12-14,205.0,,15460.0,18600.0,12780.0,12380.0,12520.0,,18950.0,19660.0,19860.0,229.0,13880.0
2017-12-15,205.0,15510.0,15460.0,18600.0,12780.0,12380.0,12520.0,,18950.0,19660.0,19860.0,229.0,13880.0
2017-12-16,205.0,15510.0,15460.0,18600.0,12780.0,12380.0,12520.0,,18950.0,19660.0,19860.0,229.0,13880.0
2017-12-17,205.0,15510.0,15460.0,18600.0,12780.0,12380.0,12520.0,,18950.0,19660.0,19860.0,229.0,13880.0
2017-12-18,205.0,15510.0,15460.0,18600.0,12780.0,12380.0,12520.0,,18950.0,19660.0,19860.0,229.0,13880.0
2017-12-19,205.0,15510.0,15460.0,18600.0,12780.0,12380.0,12520.0,,18950.0,19660.0,19860.0,229.0,13880.0
2017-12-20,205.0,15510.0,15460.0,18600.0,12780.0,12380.0,12520.0,,18950.0,19660.0,19860.0,229.0,13880.0
2017-12-21,205.0,15510.0,15460.0,18600.0,12780.0,12380.0,12520.0,,18950.0,19660.0,19860.0,229.0,13880.0
2017-12-22,205.0,15510.0,15460.0,18600.0,12780.0,12380.0,12520.0,,18950.0,19660.0,19860.0,229.0,13880.0
2017-12-23,205.0,15510.0,15460.0,18600.0,12780.0,12380.0,12520.0,,18950.0,19660.0,19860.0,229.0,13880.0
2017-12-24,205.0,15510.0,15460.0,18600.0,12780.0,12380.0,12520.0,,18950.0,19660.0,19860.0,229.0,13880.0
2017-12-25,205.0,15510.0,15460.0,18600.0,12780.0,12380.0,12520.0,,18950.0,19660.0,19860.0,229.0,13880.0
2017-12-26,205.0,15510.0,15460.0,18600.0,12780.0,12380.0,12520.0,,18950.0,19660.0,19860.0,229.0,13880.0
2017-12-27,205.0,15510.0,15460.0,18600.0,12780.0,12380.0,12520.0,,18950.0,19660.0,19860.0,229.0,13880.0
2017-12-28,205.0,15510.0,15460.0,18600.0,12780.0,12380.0,12520.0,,18950.0,19660.0,19860.0,229.0,13880.0
2017-12-29,205.0,15510.0,15460.0,18600.0,12780.0,12380.0,12520.0,,18950.0,19660.0,19860.0,229.0,13880.0
2017-12-30,205.0,15510.0,15460.0,18600.0,12780.0,12380.0,12520.0,,18950.0,19660.0,19860.0,229.0,13880.0
2017-12-31,205.0,15510.0,15460.0,18600.0,12780.0,12380.0,12520.0,,18950.0,19660.0,19860.0,229.0,13880.0
2018-01-01,205.0,15510.0,15460.0,18600.0,12780.0,12380.0,12520.0,,18950.0,19660.0,19860.0,229.0,13880.0
2018-01-02,205.0,15510.0,15460.0,18600.0,12780.0,12380.0,12520.0,,18950.0,19660.0,19860.0,229.0,13880.0
2018-01-03,205.0,15510.0,15460.0,18600.0,12780.0,12380.0,12520.0,,18950.0,19660.0,19860.0,229.0,13880.0
2018-01-04,205.0,15880.0,15830.0,18600.0,13010.0,12610.0,12760.0,,18950.0,20490.0,20690.0,229.0,14390.0
2018-01-05,205.0,15880.0,15830.0,18600.0,13010.0,12610.0,12760.0,,18950.0,20490.0,20690.0,229.0,14390.0
2018-01-06,205.0,15880.0,15830.0,18600.0,13010.0,12610.0,12760.0,,18950.0,20490.0,20690.0,229.0,14390.0
2018-01-07,205.0,15880.0,15830.0,18600.0,13010.0,12610.0,12760.0,,18950.0,20490.0,20690.0,229.0,14390.0
2018-01-08,205.0,15880.0,15830.0,18600.0,13010.0,12610.0,12760.0,,18950.0,20490.0,20690.0,229.0,14390.0
2018-01-09,205.0,15880.0,15830.0,18600.0,13010.0,12610.0,12760.0,,18950.0,20490.0,20690.0,229.0,14390.0
2018-01-10,205.0,15880.0,15830.0,18600.0,13010.0,12610.0,12760.0,,18950.0,20490.0,20690.0,229.0,14390.0
2018-01-11,205.0,15880.0,15830.0,18600.0,13010.0,12610.0,12760.0,,18950.0,20490.0,20690.0,229.0,14390.0
2018-01-12,205.0,15880.0,15830.0,18600.0,13010.0,12610.0,12760.0,,18950.0,20490.0,20690.0,229.0,14390.0
2018-01-13,205.0,15880.0,15830.0,18600.0,13010.0,12610.0,12760.0,,18950.0,20490.0,20690.0,229.0,14390.0
2018-01-14,205.0,15880.0,15830.0,18600.0,13010.0,12610.0,12760.0,,18950.0,20490.0,20690.0,229.0,14390.0
2018-01-15,205.0,15880.0,15830.0,18600.0,13010.0,12610.0,12760.0,,18950.0,20490.0,20690.0,229.0,14390.0
2018-01-16,205.0,15880.0,15830.0,18600.0,13010.0,12610.0,12760.0,,18950.0,20490.0,20690.0,229.0,14390.0
2018-01-17,205.0,15880.0,15830.0,18600.0,13010.0,12610.0,12760.0,,18950.0,20490.0,20690.0,229.0,14390.0
2018-01-18,205.0,15880.0,15830.0,18600.0,13010.0,12610.0,12760.0,,18950.0,20490.0,20690.0,229.0,14390.0
2018-01-19,205.0,16320.0,16260.0,19040.0,13160.0,12760.0,12910.0,,18950.0,20780.0,20990.0,229.0,14850.0
2018-01-20,205.0,16320.0,16260.0,19040.0,13160.0,12760.0,12910.0,,18950.0,20780.0,20990.0,229.0,14850.0
2018-01-21,205.0,16320.0,16260.0,19040.0,13160.0,12760.0,12910.0,,18950.0,20780.0,20990.0,229.0,14850.0
2018-01-22,205.0,16320.0,16260.0,19040.0,13160.0,12760.0,12910.0,,18950.0,20780.0,20990.0,229.0,14850.0
2018-01-23,205.0,16320.0,16260.0,19040.0,13160.0,12760.0,12910.0,,18950.0,20780.0,20990.0,229.0,14850.0
2018-01-24,205.0,16320.0,16260.0,19040.0,13160.0,12760.0,12910.0,,18950.0,20780.0,20990.0,229.0,14850.0
2018-01-25,205.0,16320.0,16260.0,19040.0,13160.0,12760.0,12910.0,,18950.0,20780.0,20990.0,229.0,14850.0
2018-01-26,205.0,16320.0,16260.0,19040.0,13160.0,12760.0,12910.0,,18950.0,20780.0,20990.0,229.0,14850.0
2018-01-27,205.0,16320.0,16260.0,19040.0,13160.0,12760.0,12910.0,,18950.0,20780.0,20990.0,229.0,14850.0
2018-01-28,205.0,16320.0,16260.0,19040.0,13160.0,12760.0,12910.0,,18950.0,20780.0,20990.0,229.0,14850.0
2018-01-29,205.0,16320.0,16260.0,19040.0,13160.0,12760.0,12910.0,,18950.0,20780.0,20990.0,229.0,14850.0
2018-01-30,205.0,16320.0,16260.0,19040.0,13160.0,12760.0,12910.0,,18950.0,20780.0,20990.0,229.0,14850.0
2018-01-31,205.0,16320.0,16260.0,19040.0,13160.0,12760.0,12910.0,,18950.0,20780.0,20990.0,229.0,14850.0
2018-02-01,205.0,16320.0,16260.0,19040.0,13160.0,12760.0,12910.0,,18950.0,20780.0,20990.0,229.0,14850.0
2018-02-02,205.0,16320.0,16260.0,19040.0,13160.0,12760.0,12910.0,,18950.0,20780.0,20990.0,229.0,14850.0
2018-02-03,205.0,16320.0,16260.0,19040.0,13160.0,12760.0,12910.0,,18950.0,20780.0,20990.0,229.0,14850.0
2018-02-04,205.0,16320.0,16260.0,19040.0,13160.0,12760.0,12910.0,,18950.0,20780.0,20990.0,229.0,14850.0
2018-02-05,205.0,16320.0,16260.0,19040.0,13160.0,12760.0,12910.0,,18950.0,20780.0,20990.0,229.0,14850.0
2018-02-06,205.0,16320.0,16260.0,19040.0,13160.0,12760.0,12910.0,,18950.0,20780.0,20990.0,229.0,14850.0
2018-02-07,205.0,16320.0,16260.0,19040.0,13160.0,12760.0,12910.0,,18950.0,20780.0,20990.0,229.0,14850.0
2018-02-08,205.0,16320.0,16260.0,19040.0,13160.0,12760.0,12910.0,,18950.0,20780.0,20990.0,229.0,14850.0
2018-02-09,205.0,16320.0,16260.0,19040.0,13160.0,12760.0,12910.0,,18950.0,20780.0,20990.0,229.0,14850.0
2018-02-10,205.0,16320.0,16260.0,19040.0,13160.0,12760.0,12910.0,,18950.0,20780.0,20990.0,229.0,14850.0
2018-02-11,205.0,16320.0,16260.0,19040.0,13160.0,12760.0,12910.0,,18950.0,20780.0,20990.0,229.0,14850.0
2018-02-12,205.0,16320.0,16260.0,19040.0,13160.0,12760.0,12910.0,,18950.0,20780.0,20990.0,229.0,14850.0
2018-02-13,205.0,16320.0,16260.0,19040.0,13160.0,12760.0,12910.0,,18950.0,20780.0,20990.0,229.0,14850.0
2018-02-14,205.0,16320.0,16260.0,19040.0,13160.0,12760.0,12910.0,,18950.0,20780.0,20990.0,229.0,14850.0
2018-02-15,205.0,16320.0,16260.0,19040.0,13160.0,12760.0,12910.0,,18950.0,20780.0,20990.0,229.0,14850.0
2018-02-16,205.0,16320.0,16260.0,19040.0,13160.0,12760.0,12910.0,,18950.0,20780.0,20990.0,229.0,14850.0
2018-02-17,205.0,16320.0,16260.0,19040.0,13160.0,12760.0,12910.0,,18950.0,20780.0,20990.0,229.0,14850.0
2018-02-18,205.0,16320.0,16260.0,19040.0,13160.0,12760.0,12910.0,,18950.0,20780.0,20990.0,229.0,14850.0
2018-02-19,205.0,16320.0,16260.0,19040.0,13160.0,12760.0,12910.0,,18950.0,20780.0,20990.0,229.0,14850.0
2018-02-20,205.0,16320.0,16260.0,19040.0,13160.0,12760.0,12910.0,,18950.0,20780.0,20990.0,229.0,14850.0
2018-02-21,205.0,16070.0,16020.0,18700.0,12920.0,12520.0,12660.0,,18950.0,20370.0,20580.0,229.0,14850.0
2018-02-22,205.0,16070.0,16020.0,18700.0,12920.0,12520.0,12660.0,,18950.0,20370.0,20580.0,229.0,14850.0
2018-02-23,205.0,16070.0,16020.0,18700.0,12920.0,12520.0,12660.0,,18950.0,20370.0,20580.0,229.0,14850.0
2018-02-24,205.0,16070.0,16020.0,18700.0,12920.0,12520.0,12660.0,,18950.0,20370.0,20580.0,229.0,14850.0
2018-02-25,205.0,16070.0,16020.0,18700.0,12920.0,12520.0,12660.0,,18950.0,20370.0,20580.0,229.0,14850.0
2018-02-26,205.0,16070.0,16020.0,18700.0,12920.0,12520.0,12660.0,,18950.0,20370.0,20580.0,229.0,14850.0
2018-02-27,205.0,16070.0,16020.0,18700.0,12920.0,12520.0,12660.0,,18950.0,20370.0,20580.0,229.0,14850.0
2018-02-28,205.0,16070.0,16020.0,18700.0,12920.0,12520.0,12660.0,,18950.0,20370.0,20580.0,229.0,14850.0
2018-03-01,205.0,16070.0,16020.0,18700.0,12920.0,12520.0,12660.0,,18950.0,20370.0,20580.0,229.0,14850.0
2018-03-02,205.0,16070.0,16020.0,18700.0,12920.0,12520.0,12660.0,,18950.0,20370.0,20580.0,229.0,14850.0
2018-03-03,205.0,16070.0,16020.0,18700.0,12920.0,12520.0,12660.0,,18950.0,20370.0,20580.0,229.0,14850.0
2018-03-04,205.0,16070.0,16020.0,18700.0,12920.0,12520.0,12660.0,,18950.0,20370.0,20580.0,229.0,14850.0
2018-03-05,205.0,16070.0,16020.0,18700.0,12920.0,12520.0,12660.0,,18950.0,20370.0,20580.0,229.0,14850.0
2018-03-06,205.0,16070.0,16020.0,18700.0,12920.0,12520.0,12660.0,,18950.0,20370.0,20580.0,229.0,14850.0
2018-03-07,205.0,16070.0,16020.0,18700.0,12920.0,12520.0,12660.0,,18950.0,20370.0,20580.0,229.0,14850.0
2018-03-08,205.0,16070.0,16020.0,18700.0,12920.0,12520.0,12660.0,,18950.0,20370.0,20580.0,229.0,14850.0
2018-03-09,205.0,16070.0,16020.0,18700.0,12920.0,12520.0,12660.0,,18950.0,20370.0,20580.0,229.0,14850.0
2018-03-10,205.0,16070.0,16020.0,18700.0,12920.0,12520.0,12660.0,,18950.0,20370.0,20580.0,229.0,14850.0
2018-03-11,205.0,16070.0,16020.0,18700.0,12920.0,12520.0,12660.0,,18950.0,20370.0,20580.0,229.0,14850.0
2018-03-12,205.0,16070.0,16020.0,18700.0,12920.0,12520.0,12660.0,,18950.0,20370.0,20580.0,229.0,14850.0
2018-03-13,205.0,16070.0,16020.0,18700.0,12920.0,12520.0,12660.0,,18950.0,20370.0,20580.0,229.0,14850.0
2018-03-14,205.0,16070.0,16020.0,18700.0,12920.0,12520.0,12660.0,,18950.0,20370.0,20580.0,229.0,14850.0
2018-03-15,205.0,16070.0,16020.0,18700.0,12920.0,12520.0,12660.0,,18950.0,20370.0,20580.0,229.0,14850.0
2018-03-16,205.0,16070.0,16020.0,18700.0,12920.0,12520.0,12660.0,,18950.0,20370.0,20580.0,229.0,14850.0
2018-03-17,205.0,16070.0,16020.0,18700.0,12920.0,12520.0,12660.0,,18950.0,20370.0,20580.0,229.0,14850.0
2018-03-18,205.0,16070.0,16020.0,18700.0,12920.0,12520.0,12660.0,,18950.0,20370.0,20580.0,229.0,14850.0
2018-03-19,205.0,16070.0,16020.0,18700.0,12920.0,12520.0,12660.0,,18950.0,20370.0,20580.0,229.0,14850.0
2018-03-20,205.0,16070.0,16020.0,18700.0,12920.0,12520.0,12660.0,,18950.0,20370.0,20580.0,229.0,14850.0
2018-03-21,205.0,16070.0,16020.0,18700.0,12920.0,12520.0,12660.0,,18950.0,20370.0,20580.0,229.0,14850.0
2018-03-22,205.0,16070.0,16020.0,18700.0,12920.0,12520.0,12660.0,,18950.0,20370.0,20580.0,229.0,14850.0
2018-03-23,205.0,16070.0,16020.0,18700.0,12920.0,12520.0,12660.0,,18950.0,20370.0,20580.0,229.0,14850.0
2018-03-24,205.0,16070.0,16020.0,18700.0,12920.0,12520.0,12660.0,,18950.0,20370.0,20580.0,229.0,14850.0
2018-03-25,205.0,16070.0,16020.0,18700.0,12920.0,12520.0,12660.0,,18950.0,20370.0,20580.0,229.0,14850.0
2018-03-26,205.0,16070.0,16020.0,18700.0,12920.0,12520.0,12660.0,,18950.0,20370.0,20580.0,229.0,14850.0
2018-03-27,205.0,16070.0,16020.0,18700.0,12920.0,12520.0,12660.0,,18950.0,20370.0,20580.0,229.0,14850.0
2018-03-28,205.0,16070.0,16020.0,18700.0,12920.0,12520.0,12660.0,,18950.0,20370.0,20580.0,229.0,14850.0
2018-03-29,205.0,16070.0,16020.0,18700.0,12920.0,12520.0,12660.0,,18950.0,20370.0,20580.0,229.0,14850.0
2018-03-30,205.0,16070.0,16020.0,18700.0,12920.0,12520.0,12660.0,,18950.0,20370.0,20580.0,229.0,14850.0
2018-03-31,205.0,16070.0,16020.0,18700.0,12920.0,12520.0,12660.0,,18950.0,20370.0,20580.0,229.0,14850.0
2018-04-01,205.0,16070.0,16020.0,18700.0,12920.0,12520.0,12660.0,,18950.0,20370.0,20580.0,229.0,14850.0
2018-04-02,205.0,16070.0,16020.0,18700.0,12920.0,12520.0,12660.0,,18950.0,20370.0,20580.0,229.0,14850.0
2018-04-03,205.0,16070.0,16020.0,18700.0,12920.0,12520.0,12660.0,,18950.0,20370.0,20580.0,229.0,14850.0
2018-04-04,205.0,16070.0,16020.0,18700.0,12920.0,12520.0,12660.0,,18950.0,20370.0,20580.0,229.0,14850.0
2018-04-05,205.0,16070.0,16020.0,18700.0,12920.0,12520.0,12660.0,,18950.0,20370.0,20580.0,229.0,14850.0
2018-04-06,205.0,16070.0,16020.0,18700.0,12920.0,12520.0,12660.0,,18950.0,20370.0,20580.0,229.0,14850.0
2018-04-07,205.0,16720.0,16670.0,19300.0,13360.0,12950.0,13100.0,,18950.0,20910.0,21110.0,229.0,15380.0
2018-04-08,205.0,16720.0,16670.0,19300.0,13360.0,12950.0,13100.0,,18950.0,20910.0,21110.0,229.0,15380.0
2018-04-09,205.0,16720.0,16670.0,19300.0,13360.0,12950.0,13100.0,,18950.0,20910.0,21110.0,229.0,15380.0
2018-04-10,205.0,16720.0,16670.0,19300.0,13360.0,12950.0,13100.0,,18950.0,20910.0,21110.0,229.0,15380.0
2018-04-11,205.0,16720.0,16670.0,19300.0,13360.0,12950.0,13100.0,,18950.0,20910.0,21110.0,229.0,15380.0
2018-04-12,205.0,16720.0,16670.0,19300.0,13360.0,12950.0,13100.0,,18950.0,20910.0,21110.0,229.0,15380.0
2018-04-13,205.0,16720.0,16670.0,19300.0,13360.0,12950.0,13100.0,,18950.0,20910.0,21110.0,229.0,15380.0
2018-04-14,205.0,16720.0,16670.0,19300.0,13360.0,12950.0,13100.0,,18950.0,20910.0,21110.0,229.0,15380.0
2018-04-15,205.0,16720.0,16670.0,19300.0,13360.0,12950.0,13100.0,,18950.0,20910.0,21110.0,229.0,15380.0
2018-04-16,205.0,16720.0,16670.0,19300.0,13360.0,12950.0,13100.0,,18950.0,20910.0,21110.0,229.0,15380.0
2018-04-17,205.0,16720.0,16670.0,19300.0,13360.0,12950.0,13100.0,,18950.0,20910.0,21110.0,229.0,15380.0
2018-04-18,205.0,16720.0,16670.0,19300.0,13360.0,12950.0,13100.0,,18950.0,20910.0,21110.0,229.0,15380.0
2018-04-19,205.0,16720.0,16670.0,19300.0,13360.0,12950.0,13100.0,,18950.0,20910.0,21110.0,229.0,15380.0
2018-04-20,205.0,16720.0,16670.0,19300.0,13360.0,12950.0,13100.0,,18950.0,20910.0,21110.0,229.0,15380.0
2018-04-21,205.0,16720.0,16670.0,19300.0,13360.0,12950.0,13100.0,,18950.0,20910.0,21110.0,229.0,15380.0
2018-04-22,205.0,16720.0,16670.0,19300.0,13360.0,12950.0,13100.0,,18950.0,20910.0,21110.0,229.0,15380.0
2018-04-23,205.0,17110.0,17060.0,19300.0,13780.0,13360.0,13520.0,,18950.0,20910.0,21110.0,229.0,15890.0
2018-04-24,205.0,17110.0,17060.0,19300.0,13780.0,13360.0,13520.0,,18950.0,20910.0,21110.0,229.0,15890.0
2018-04-25,205.0,17110.0,17060.0,19300.0,13780.0,13360.0,13520.0,,18950.0,20910.0,21110.0,229.0,15890.0
2018-04-26,205.0,17110.0,17060.0,19300.0,13780.0,13360.0,13520.0,,18950.0,20910.0,21110.0,229.0,15890.0
2018-04-27,205.0,17110.0,17060.0,19300.0,13780.0,13360.0,13520.0,,18950.0,20910.0,21110.0,229.0,15890.0
2018-04-28,205.0,17110.0,17060.0,19300.0,13780.0,13360.0,13520.0,,18950.0,20910.0,21110.0,229.0,15890.0
2018-04-29,205.0,17110.0,17060.0,19300.0,13780.0,13360.0,13520.0,,18950.0,20910.0,21110.0,229.0,15890.0
2018-04-30,205.0,17110.0,17060.0,19300.0,13780.0,13360.0,13520.0,,18950.0,20910.0,21110.0,229.0,15890.0
2018-05-01,205.0,17110.0,17060.0,19300.0,13780.0,13360.0,13520.0,,18950.0,20910.0,21110.0,229.0,15890.0
2018-05-02,205.0,17110.0,17060.0,19300.0,13780.0,13360.0,13520.0,,18950.0,20910.0,21110.0,229.0,15890.0
2018-05-03,205.0,17110.0,17060.0,19300.0,13780.0,13360.0,13520.0,,18950.0,20910.0,21110.0,229.0,15890.0
2018-05-04,205.0,17110.0,17060.0,19300.0,13780.0,13360.0,13520.0,,18950.0,20910.0,21110.0,229.0,15890.0
2018-05-05,205.0,17110.0,17060.0,19300.0,13780.0,13360.0,13520.0,,18950.0,20910.0,21110.0,229.0,15890.0
2018-05-06,205.0,17110.0,17060.0,19300.0,13780.0,13360.0,13520.0,,18950.0,20910.0,21110.0,229.0,15890.0
2018-05-07,205.0,17110.0,17060.0,19300.0,13780.0,13360.0,13520.0,,18950.0,20910.0,21110.0,229.0,15890.0
2018-05-08,205.0,17490.0,17440.0,19820.0,14170.0,13750.0,13920.0,,18950.0,21320.0,21530.0,229.0,16220.0
2018-05-09,205.0,17490.0,17440.0,19820.0,14170.0,13750.0,13920.0,,18950.0,21320.0,21530.0,229.0,16220.0
2018-05-10,205.0,17490.0,17440.0,19820.0,14170.0,13750.0,13920.0,,18950.0,21320.0,21530.0,229.0,16220.0
2018-05-11,205.0,17490.0,17440.0,19820.0,14170.0,13750.0,13920.0,,18950.0,21320.0,21530.0,229.0,16220.0
2018-05-12,205.0,17490.0,17440.0,19820.0,14170.0,13750.0,13920.0,,18950.0,21320.0,21530.0,229.0,16220.0
2018-05-13,205.0,17490.0,17440.0,19820.0,14170.0,13750.0,13920.0,,18950.0,21320.0,21530.0,229.0,16220.0
2018-05-14,205.0,17490.0,17440.0,19820.0,14170.0,13750.0,13920.0,,18950.0,21320.0,21530.0,229.0,16220.0
2018-05-15,205.0,17490.0,17440.0,19820.0,14170.0,13750.0,13920.0,,18950.0,21320.0,21530.0,229.0,16220.0
2018-05-16,205.0,17490.0,17440.0,19820.0,14170.0,13750.0,13920.0,,18950.0,21320.0,21530.0,229.0,16220.0
2018-05-17,205.0,17490.0,17440.0,19820.0,14170.0,13750.0,13920.0,,18950.0,21320.0,21530.0,229.0,16220.0
2018-05-18,205.0,17490.0,17440.0,19820.0,14170.0,13750.0,13920.0,,18950.0,21320.0,21530.0,229.0,16220.0
2018-05-19,205.0,17490.0,17440.0,19820.0,14170.0,13750.0,13920.0,,18950.0,21320.0,21530.0,229.0,16220.0
2018-05-20,205.0,17490.0,17440.0,19820.0,14170.0,13750.0,13920.0,,18950.0,21320.0,21530.0,229.0,16220.0
2018-05-21,205.0,17490.0,17440.0,19820.0,14170.0,13750.0,13920.0,,18950.0,21320.0,21530.0,229.0,16220.0
2018-05-22,205.0,17490.0,17440.0,19820.0,14170.0,13750.0,13920.0,,18950.0,21320.0,21530.0,229.0,16220.0
2018-05-23,205.0,18090.0,18040.0,20330.0,14870.0,14430.0,14610.0,,18950.0,21940.0,22140.0,229.0,16760.0
2018-05-24,205.0,18090.0,18040.0,20330.0,14870.0,14430.0,14610.0,,18950.0,21940.0,22140.0,229.0,16760.0
2018-05-25,205.0,18090.0,18040.0,20330.0,14870.0,14430.0,14610.0,,18950.0,21940.0,22140.0,229.0,16760.0
2018-05-26,205.0,18090.0,18040.0,20330.0,14870.0,14430.0,14610.0,,18950.0,21940.0,22140.0,229.0,16760.0
2018-05-27,205.0,18090.0,18040.0,20330.0,14870.0,14430.0,14610.0,,18950.0,21940.0,22140.0,229.0,16760.0
2018-05-28,205.0,18090.0,18040.0,20330.0,14870.0,14430.0,14610.0,,18950.0,21940.0,22140.0,229.0,16760.0
2018-05-29,205.0,18090.0,18040.0,20330.0,14870.0,14430.0,14610.0,,18950.0,21940.0,22140.0,229.0,16760.0
2018-05-30,205.0,18090.0,18040.0,20330.0,14870.0,14430.0,14610.0,,18950.0,21940.0,22140.0,229.0,16760.0
2018-05-31,205.0,18090.0,18040.0,20330.0,14870.0,14430.0,14610.0,,18950.0,21940.0,22140.0,229.0,16760.0
2018-06-01,205.0,18090.0,18040.0,20330.0,14870.0,14430.0,14610.0,,18950.0,21940.0,22140.0,229.0,16760.0
2018-06-02,205.0,18090.0,18040.0,20330.0,14870.0,14430.0,14610.0,,18950.0,21940.0,22140.0,229.0,16760.0
2018-06-03,205.0,18090.0,18040.0,20330.0,14870.0,14430.0,14610.0,,18950.0,21940.0,22140.0,229.0,16760.0
2018-06-04,205.0,18090.0,18040.0,20330.0,14870.0,14430.0,14610.0,,18950.0,21940.0,22140.0,229.0,16760.0
2018-06-05,205.0,18090.0,18040.0,20330.0,14870.0,14430.0,14610.0,,18950.0,21940.0,22140.0,229.0,16760.0
2018-06-06,205.0,18090.0,18040.0,20330.0,14870.0,14430.0,14610.0,,18950.0,21940.0,22140.0,229.0,16760.0
2018-06-07,205.0,18090.0,18040.0,20330.0,14870.0,14430.0,14610.0,,18950.0,21940.0,22140.0,229.0,16760.0
2018-06-08,205.0,18090.0,18040.0,20330.0,14870.0,14430.0,14610.0,,18950.0,21940.0,22140.0,229.0,16760.0
2018-06-09,205.0,18090.0,18040.0,20330.0,14870.0,14430.0,14610.0,,18950.0,21940.0,22140.0,229.0,16760.0
2018-06-10,205.0,18090.0,18040.0,20330.0,14870.0,14430.0,14610.0,,18950.0,21940.0,22140.0,229.0,16760.0
2018-06-11,205.0,18090.0,18040.0,20330.0,14870.0,14430.0,14610.0,,18950.0,21940.0,22140.0,229.0,16760.0
2018-06-12,205.0,18090.0,18040.0,20330.0,14870.0,14430.0,14610.0,,18950.0,21940.0,22140.0,229.0,16760.0
2018-06-13,205.0,18090.0,18040.0,20330.0,14870.0,14430.0,14610.0,,18950.0,21940.0,22140.0,229.0,16760.0
2018-06-14,205.0,18090.0,18040.0,20330.0,14870.0,14430.0,14610.0,,18950.0,21940.0,22140.0,229.0,16760.0
2018-06-15,205.0,18090.0,18040.0,20330.0,14870.0,14430.0,14610.0,,18950.0,21940.0,22140.0,229.0,16760.0
2018-06-16,205.0,18090.0,18040.0,20330.0,14870.0,14430.0,14610.0,,18950.0,21940.0,22140.0,229.0,16760.0
2018-06-17,205.0,18090.0,18040.0,20330.0,14870.0,14430.0,14610.0,,18950.0,21940.0,22140.0,229.0,16760.0
2018-06-18,205.0,18090.0,18040.0,20330.0,14870.0,14430.0,14610.0,,18950.0,21940.0,22140.0,229.0,16760.0
2018-06-19,205.0,18090.0,18040.0,20330.0,14870.0,14430.0,14610.0,,18950.0,21940.0,22140.0,229.0,16760.0
2018-06-20,205.0,18090.0,18040.0,20330.0,14870.0,14430.0,14610.0,,18950.0,21940.0,22140.0,229.0,16760.0
2018-06-21,205.0,18090.0,18040.0,20330.0,14870.0,14430.0,14610.0,,18950.0,21940.0,22140.0,229.0,16760.0
2018-06-22,205.0,17860.0,17800.0,20000.0,14870.0,14430.0,14610.0,,18950.0,21590.0,21790.0,229.0,16370.0
2018-06-23,205.0,17860.0,17800.0,20000.0,14870.0,14430.0,14610.0,,18950.0,21590.0,21790.0,229.0,16370.0
2018-06-24,205.0,17860.0,17800.0,20000.0,14870.0,14430.0,14610.0,,18950.0,21590.0,21790.0,229.0,16370.0
2018-06-25,205.0,17860.0,17800.0,20000.0,14870.0,14430.0,14610.0,,18950.0,21590.0,21790.0,229.0,16370.0
2018-06-26,205.0,17860.0,17800.0,20000.0,14870.0,14430.0,14610.0,,18950.0,21590.0,21790.0,229.0,16370.0
2018-06-27,205.0,17860.0,17800.0,20000.0,14870.0,14430.0,14610.0,,18950.0,21590.0,21790.0,229.0,16370.0
2018-06-28,205.0,17860.0,17800.0,20000.0,14870.0,14430.0,14610.0,,18950.0,21590.0,21790.0,229.0,16370.0
2018-06-29,205.0,17860.0,17800.0,20000.0,14870.0,14430.0,14610.0,,18950.0,21590.0,21790.0,229.0,16370.0
2018-06-30,205.0,17860.0,17800.0,20000.0,14870.0,14430.0,14610.0,,18950.0,21590.0,21790.0,229.0,16370.0
2018-07-01,205.0,17860.0,17800.0,20000.0,14870.0,14430.0,14610.0,,18950.0,21590.0,21790.0,229.0,16370.0
2018-07-02,205.0,17860.0,17800.0,20000.0,14870.0,14430.0,14610.0,,18950.0,21590.0,21790.0,229.0,16370.0
2018-07-03,205.0,17860.0,17800.0,20000.0,14870.0,14430.0,14610.0,,18950.0,21590.0,21790.0,229.0,16370.0
2018-07-04,205.0,17860.0,17800.0,20000.0,14870.0,14430.0,14610.0,,18950.0,21590.0,21790.0,229.0,16370.0
2018-07-05,205.0,17860.0,17800.0,20000.0,14870.0,14430.0,14610.0,,18950.0,21590.0,21790.0,229.0,16370.0
2018-07-06,205.0,17860.0,17800.0,20000.0,14870.0,14430.0,14610.0,,18950.0,21590.0,21790.0,229.0,16370.0
2018-07-07,205.0,17850.0,17790.0,20000.0,15190.0,14750.0,14940.0,,18950.0,21590.0,21790.0,229.0,16560.0
2018-07-08,205.0,17850.0,17790.0,20000.0,15190.0,14750.0,14940.0,,18950.0,21590.0,21790.0,229.0,16560.0
2018-07-09,205.0,17850.0,17790.0,20000.0,15190.0,14750.0,14940.0,,18950.0,21590.0,21790.0,229.0,16560.0
2018-07-10,205.0,17850.0,17790.0,20000.0,15190.0,14750.0,14940.0,,18950.0,21590.0,21790.0,229.0,16560.0
2018-07-11,205.0,17850.0,17790.0,20000.0,15190.0,14750.0,14940.0,,18950.0,21590.0,21790.0,229.0,16560.0
2018-07-12,205.0,17850.0,17790.0,20000.0,15190.0,14750.0,14940.0,,18950.0,21590.0,21790.0,229.0,16560.0
2018-07-13,205.0,17850.0,17790.0,20000.0,15190.0,14750.0,14940.0,,18950.0,21590.0,21790.0,229.0,16560.0
2018-07-14,205.0,17850.0,17790.0,20000.0,15190.0,14750.0,14940.0,,18950.0,21590.0,21790.0,229.0,16560.0
2018-07-15,205.0,17850.0,17790.0,20000.0,15190.0,14750.0,14940.0,,18950.0,21590.0,21790.0,229.0,16560.0
2018-07-16,205.0,17850.0,17790.0,20000.0,15190.0,14750.0,14940.0,,18950.0,21590.0,21790.0,229.0,16560.0
2018-07-17,205.0,17850.0,17790.0,20000.0,15190.0,14750.0,14940.0,,18950.0,21590.0,21790.0,229.0,16560.0
2018-07-18,205.0,17850.0,17790.0,20000.0,15190.0,14750.0,14940.0,,18950.0,21590.0,21790.0,229.0,16560.0
2018-07-19,205.0,17850.0,17790.0,20000.0,15190.0,14750.0,14940.0,,18950.0,21590.0,21790.0,229.0,16560.0
2018-07-20,205.0,17850.0,17790.0,20000.0,15190.0,14750.0,14940.0,,18950.0,21590.0,21790.0,229.0,16560.0
2018-07-21,205.0,17850.0,17790.0,20000.0,15190.0,14750.0,14940.0,,18950.0,21590.0,21790.0,229.0,16560.0
2018-07-22,205.0,17850.0,17790.0,20000.0,15190.0,14750.0,14940.0,,18950.0,21590.0,21790.0,229.0,16560.0
2018-07-23,205.0,17630.0,17580.0,20000.0,15190.0,14750.0,14940.0,,18950.0,21590.0,21790.0,229.0,16490.0
2018-07-24,205.0,17630.0,17580.0,20000.0,15190.0,14750.0,14940.0,,18950.0,21590.0,21790.0,229.0,16490.0
2018-07-25,205.0,17630.0,17580.0,20000.0,15190.0,14750.0,14940.0,,18950.0,21590.0,21790.0,229.0,16490.0
2018-07-26,205.0,17630.0,17580.0,20000.0,15190.0,14750.0,14940.0,,18950.0,21590.0,21790.0,229.0,16490.0
2018-07-27,205.0,17630.0,17580.0,20000.0,15190.0,14750.0,14940.0,,18950.0,21590.0,21790.0,229.0,16490.0
2018-07-28,205.0,17630.0,17580.0,20000.0,15190.0,14750.0,14940.0,,18950.0,21590.0,21790.0,229.0,16490.0
2018-07-29,205.0,17630.0,17580.0,20000.0,15190.0,14750.0,14940.0,,18950.0,21590.0,21790.0,229.0,16490.0
2018-07-30,205.0,17630.0,17580.0,20000.0,15190.0,14750.0,14940.0,,18950.0,21590.0,21790.0,229.0,16490.0
2018-07-31,205.0,17630.0,17580.0,20000.0,15190.0,14750.0,14940.0,,18950.0,21590.0,21790.0,229.0,16490.0
2018-08-01,205.0,17630.0,17580.0,20000.0,15190.0,14750.0,14940.0,,18950.0,21590.0,21790.0,229.0,16490.0
2018-08-02,205.0,17630.0,17580.0,20000.0,15190.0,14750.0,14940.0,,18950.0,21590.0,21790.0,229.0,16490.0
2018-08-03,205.0,17630.0,17580.0,20000.0,15190.0,14750.0,14940.0,,18950.0,21590.0,21790.0,229.0,16490.0
2018-08-04,205.0,17630.0,17580.0,20000.0,15190.0,14750.0,14940.0,,18950.0,21590.0,21790.0,229.0,16490.0
2018-08-05,205.0,17630.0,17580.0,20000.0,15190.0,14750.0,14940.0,,18950.0,21590.0,21790.0,229.0,16490.0
2018-08-06,205.0,17630.0,17580.0,20000.0,15190.0,14750.0,14940.0,,18950.0,21590.0,21790.0,229.0,16490.0
2018-08-07,205.0,17980.0,17880.0,20000.0,15460.0,15010.0,15200.0,,18950.0,21590.0,21740.0,229.0,16690.0
2018-08-08,205.0,17980.0,17880.0,20000.0,15460.0,15010.0,15200.0,,18950.0,21590.0,21740.0,229.0,16690.0
2018-08-09,205.0,17980.0,17880.0,20000.0,15460.0,15010.0,15200.0,,18950.0,21590.0,21740.0,229.0,16690.0
2018-08-10,205.0,17980.0,17880.0,20000.0,15460.0,15010.0,15200.0,,18950.0,21590.0,21740.0,229.0,16690.0
2018-08-11,205.0,17980.0,17880.0,20000.0,15460.0,15010.0,15200.0,,18950.0,21590.0,21740.0,229.0,16690.0
2018-08-12,205.0,17980.0,17880.0,20000.0,15460.0,15010.0,15200.0,,18950.0,21590.0,21740.0,229.0,16690.0
2018-08-13,205.0,17980.0,17880.0,20000.0,15460.0,15010.0,15200.0,,18950.0,21590.0,21740.0,229.0,16690.0
2018-08-14,205.0,17980.0,17880.0,20000.0,15460.0,15010.0,15200.0,,18950.0,21590.0,21740.0,229.0,16690.0
2018-08-15,205.0,17980.0,17880.0,20000.0,15460.0,15010.0,15200.0,,18950.0,21590.0,21740.0,229.0,16690.0
2018-08-16,205.0,17980.0,17880.0,20000.0,15460.0,15010.0,15200.0,,18950.0,21590.0,21740.0,229.0,16690.0
2018-08-17,205.0,17980.0,17880.0,20000.0,15460.0,15010.0,15200.0,,18950.0,21590.0,21740.0,229.0,16690.0
2018-08-18,205.0,17980.0,17880.0,20000.0,15460.0,15010.0,15200.0,,18950.0,21590.0,21740.0,229.0,16690.0
2018-08-19,205.0,17980.0,17880.0,20000.0,15460.0,15010.0,15200.0,,18950.0,21590.0,21740.0,229.0,16690.0
2018-08-20,205.0,17980.0,17880.0,20000.0,15460.0,15010.0,15200.0,,18950.0,21590.0,21740.0,229.0,16690.0
2018-08-21,205.0,17980.0,17880.0,20000.0,15460.0,15010.0,15200.0,,18950.0,21590.0,21740.0,229.0,16690.0
2018-08-22,205.0,18130.0,18030.0,20000.0,15180.0,14740.0,14930.0,,18950.0,21590.0,21740.0,229.0,16580.0
2018-08-23,205.0,18130.0,18030.0,20000.0,15180.0,14740.0,14930.0,,18950.0,21590.0,21740.0,229.0,16580.0
2018-08-24,205.0,18130.0,18030.0,20000.0,15180.0,14740.0,14930.0,,18950.0,21590.0,21740.0,229.0,16580.0
2018-08-25,205.0,18130.0,18030.0,20000.0,15180.0,14740.0,14930.0,,18950.0,21590.0,21740.0,229.0,16580.0
2018-08-26,205.0,18130.0,18030.0,20000.0,15180.0,14740.0,14930.0,,18950.0,21590.0,21740.0,229.0,16580.0
2018-08-27,205.0,18130.0,18030.0,20000.0,15180.0,14740.0,14930.0,,18950.0,21590.0,21740.0,229.0,16580.0
2018-08-28,205.0,18130.0,18030.0,20000.0,15180.0,14740.0,14930.0,,18950.0,21590.0,21740.0,229.0,16580.0
2018-08-29,205.0,18130.0,18030.0,20000.0,15180.0,14740.0,14930.0,,18950.0,21590.0,21740.0,229.0,16580.0
2018-08-30,205.0,18130.0,18030.0,20000.0,15180.0,14740.0,14930.0,,18950.0,21590.0,21740.0,229.0,16580.0
2018-08-31,205.0,18130.0,18030.0,20000.0,15180.0,14740.0,14930.0,,18950.0,21590.0,21740.0,229.0,16580.0
2018-09-01,205.0,18130.0,18030.0,20000.0,15180.0,14740.0,14930.0,,18950.0,21590.0,21740.0,229.0,16580.0
2018-09-02,205.0,18130.0,18030.0,20000.0,15180.0,14740.0,14930.0,,18950.0,21590.0,21740.0,229.0,16580.0
2018-09-03,205.0,18130.0,18030.0,20000.0,15180.0,14740.0,14930.0,,18950.0,21590.0,21740.0,229.0,16580.0
2018-09-04,205.0,18130.0,18030.0,20000.0,15180.0,14740.0,14930.0,,18950.0,21590.0,21740.0,229.0,16580.0
2018-09-05,205.0,18130.0,18030.0,20000.0,15180.0,14740.0,14930.0,,18950.0,21590.0,21740.0,229.0,16580.0
2018-09-06,205.0,18520.0,18420.0,20300.0,15360.0,14910.0,15100.0,,18950.0,21890.0,22050.0,229.0,16880.0
2018-09-07,205.0,18520.0,18420.0,20300.0,15360.0,14910.0,15100.0,,18950.0,21890.0,22050.0,229.0,16880.0
2018-09-08,205.0,18520.0,18420.0,20300.0,15360.0,14910.0,15100.0,,18950.0,21890.0,22050.0,229.0,16880.0
2018-09-09,205.0,18520.0,18420.0,20300.0,15360.0,14910.0,15100.0,,18950.0,21890.0,22050.0,229.0,16880.0
2018-09-10,205.0,18520.0,18420.0,20300.0,15360.0,14910.0,15100.0,,18950.0,21890.0,22050.0,229.0,16880.0
2018-09-11,205.0,18520.0,18420.0,20300.0,15360.0,14910.0,15100.0,,18950.0,21890.0,22050.0,229.0,16880.0
2018-09-12,205.0,18520.0,18420.0,20300.0,15360.0,14910.0,15100.0,,18950.0,21890.0,22050.0,229.0,16880.0
2018-09-13,205.0,18520.0,18420.0,20300.0,15360.0,14910.0,15100.0,,18950.0,21890.0,22050.0,229.0,16880.0
2018-09-14,205.0,18520.0,18420.0,20300.0,15360.0,14910.0,15100.0,,18950.0,21890.0,22050.0,229.0,16880.0
2018-09-15,205.0,18520.0,18420.0,20300.0,15360.0,14910.0,15100.0,,18950.0,21890.0,22050.0,229.0,16880.0
2018-09-16,205.0,18520.0,18420.0,20300.0,15360.0,14910.0,15100.0,,18950.0,21890.0,22050.0,229.0,16880.0
2018-09-17,205.0,18520.0,18420.0,20300.0,15360.0,14910.0,15100.0,,18950.0,21890.0,22050.0,229.0,16880.0
2018-09-18,205.0,18520.0,18420.0,20300.0,15360.0,14910.0,15100.0,,18950.0,21890.0,22050.0,229.0,16880.0
2018-09-19,205.0,18520.0,18420.0,20300.0,15360.0,14910.0,15100.0,,18950.0,21890.0,22050.0,229.0,16880.0
2018-09-20,205.0,18520.0,18420.0,20300.0,15360.0,14910.0,15100.0,,18950.0,21890.0,22050.0,229.0,16880.0
2018-09-21,205.0,18580.0,18480.0,20630.0,15390.0,14940.0,15130.0,,18950.0,22200.0,22350.0,229.0,17010.0
2018-09-22,205.0,18580.0,18480.0,20630.0,15390.0,14940.0,15130.0,,18950.0,22200.0,22350.0,229.0,17010.0
2018-09-23,205.0,18580.0,18480.0,20630.0,15390.0,14940.0,15130.0,,18950.0,22200.0,22350.0,229.0,17010.0
2018-09-24,205.0,18580.0,18480.0,20630.0,15390.0,14940.0,15130.0,,18950.0,22200.0,22350.0,229.0,17010.0
2018-09-25,205.0,18580.0,18480.0,20630.0,15390.0,14940.0,15130.0,,18950.0,22200.0,22350.0,229.0,17010.0
2018-09-26,205.0,18580.0,18480.0,20630.0,15390.0,14940.0,15130.0,,18950.0,22200.0,22350.0,229.0,17010.0
2018-09-27,205.0,18580.0,18480.0,20630.0,15390.0,14940.0,15130.0,,18950.0,22200.0,22350.0,229.0,17010.0
2018-09-28,205.0,18580.0,18480.0,20630.0,15390.0,14940.0,15130.0,,18950.0,22200.0,22350.0,229.0,17010.0
2018-09-29,205.0,18580.0,18480.0,20630.0,15390.0,14940.0,15130.0,,18950.0,22200.0,22350.0,229.0,17010.0
2018-09-30,205.0,18580.0,18480.0,20630.0,15390.0,14940.0,15130.0,,18950.0,22200.0,22350.0,229.0,17010.0
2018-10-01,205.0,18580.0,18480.0,20630.0,15390.0,14940.0,15130.0,,18950.0,22200.0,22350.0,229.0,17010.0
2018-10-02,205.0,18580.0,18480.0,20630.0,15390.0,14940.0,15130.0,,18950.0,22200.0,22350.0,229.0,17010.0
2018-10-03,205.0,18580.0,18480.0,20630.0,15390.0,14940.0,15130.0,,18950.0,22200.0,22350.0,229.0,17010.0
2018-10-04,205.0,18580.0,18480.0,20630.0,15390.0,14940.0,15130.0,,18950.0,22200.0,22350.0,229.0,17010.0
2018-10-05,205.0,18580.0,18480.0,20630.0,15390.0,14940.0,15130.0,,18950.0,22200.0,22350.0,229.0,17010.0
2018-10-06,205.0,19080.0,18980.0,21310.0,16150.0,15690.0,15900.0,,18950.0,22780.0,22930.0,229.0,17420.0
2018-10-07,205.0,19080.0,18980.0,21310.0,16150.0,15690.0,15900.0,,18950.0,22780.0,22930.0,229.0,17420.0
2018-10-08,205.0,19080.0,18980.0,21310.0,16150.0,15690.0,15900.0,,18950.0,22780.0,22930.0,229.0,17420.0
2018-10-09,205.0,19080.0,18980.0,21310.0,16150.0,15690.0,15900.0,,18950.0,22780.0,22930.0,229.0,17420.0
2018-10-10,205.0,19080.0,18980.0,21310.0,16150.0,15690.0,15900.0,,18950.0,22780.0,22930.0,229.0,17420.0
2018-10-11,205.0,19080.0,18980.0,21310.0,16150.0,15690.0,15900.0,,18950.0,22780.0,22930.0,229.0,17420.0
2018-10-12,205.0,19080.0,18980.0,21310.0,16150.0,15690.0,15900.0,,18950.0,22780.0,22930.0,229.0,17420.0
2018-10-13,205.0,19080.0,18980.0,21310.0,16150.0,15690.0,15900.0,,18950.0,22780.0,22930.0,229.0,17420.0
2018-10-14,205.0,19080.0,18980.0,21310.0,16150.0,15690.0,15900.0,,18950.0,22780.0,22930.0,229.0,17420.0
2018-10-15,205.0,19080.0,18980.0,21310.0,16150.0,15690.0,15900.0,,18950.0,22780.0,22930.0,229.0,17420.0
2018-10-16,205.0,19080.0,18980.0,21310.0,16150.0,15690.0,15900.0,,18950.0,22780.0,22930.0,229.0,17420.0
2018-10-17,205.0,19080.0,18980.0,21310.0,16150.0,15690.0,15900.0,,18950.0,22780.0,22930.0,229.0,17420.0
2018-10-18,205.0,19080.0,18980.0,21310.0,16150.0,15690.0,15900.0,,18950.0,22780.0,22930.0,229.0,17420.0
2018-10-19,205.0,19080.0,18980.0,21310.0,16150.0,15690.0,15900.0,,18950.0,22780.0,22930.0,229.0,17420.0
2018-10-20,205.0,19080.0,18980.0,21310.0,16150.0,15690.0,15900.0,,18950.0,22780.0,22930.0,229.0,17420.0
2018-10-21,205.0,19080.0,18980.0,21310.0,16150.0,15690.0,15900.0,,18950.0,22780.0,22930.0,229.0,17420.0
2018-10-22,205.0,19080.0,18980.0,21090.0,16150.0,15690.0,15900.0,,18950.0,22640.0,22790.0,229.0,17420.0
2018-10-23,205.0,19080.0,18980.0,21090.0,16150.0,15690.0,15900.0,,18950.0,22640.0,22790.0,229.0,17420.0
2018-10-24,205.0,19080.0,18980.0,21090.0,16150.0,15690.0,15900.0,,18950.0,22640.0,22790.0,229.0,17420.0
2018-10-25,205.0,19080.0,18980.0,21090.0,16150.0,15690.0,15900.0,,18950.0,22640.0,22790.0,229.0,17420.0
2018-10-26,205.0,19080.0,18980.0,21090.0,16150.0,15690.0,15900.0,,18950.0,22640.0,22790.0,229.0,17420.0
2018-10-27,205.0,19080.0,18980.0,21090.0,16150.0,15690.0,15900.0,,18950.0,22640.0,22790.0,229.0,17420.0
2018-10-28,205.0,19080.0,18980.0,21090.0,16150.0,15690.0,15900.0,,18950.0,22640.0,22790.0,229.0,17420.0
2018-10-29,205.0,19080.0,18980.0,21090.0,16150.0,15690.0,15900.0,,18950.0,22640.0,22790.0,229.0,17420.0
2018-10-30,205.0,19080.0,18980.0,21090.0,16150.0,15690.0,15900.0,,18950.0,22640.0,22790.0,229.0,17420.0
2018-10-31,205.0,19080.0,18980.0,21090.0,16150.0,15690.0,15900.0,,18950.0,22640.0,22790.0,229.0,17420.0
2018-11-01,205.0,19080.0,18980.0,21090.0,16150.0,15690.0,15900.0,,18950.0,22640.0,22790.0,229.0,17420.0
2018-11-02,205.0,19080.0,18980.0,21090.0,16150.0,15690.0,15900.0,,18950.0,22640.0,22790.0,229.0,17420.0
2018-11-03,205.0,19080.0,18980.0,21090.0,16150.0,15690.0,15900.0,,18950.0,22640.0,22790.0,229.0,17420.0
2018-11-04,205.0,19080.0,18980.0,21090.0,16150.0,15690.0,15900.0,,18950.0,22640.0,22790.0,229.0,17420.0
2018-11-05,205.0,19080.0,18980.0,21090.0,16150.0,15690.0,15900.0,,18950.0,22640.0,22790.0,229.0,17420.0
2018-11-06,205.0,19010.0,18910.0,19990.0,16150.0,15690.0,15900.0,,18950.0,21480.0,21630.0,229.0,17420.0
2018-11-07,205.0,19010.0,18910.0,19990.0,16150.0,15690.0,15900.0,,18950.0,21480.0,21630.0,229.0,17420.0
2018-11-08,205.0,19010.0,18910.0,19990.0,16150.0,15690.0,15900.0,,18950.0,21480.0,21630.0,229.0,17420.0
2018-11-09,205.0,19010.0,18910.0,19990.0,16150.0,15690.0,15900.0,,18950.0,21480.0,21630.0,229.0,17420.0
2018-11-10,205.0,19010.0,18910.0,19990.0,16150.0,15690.0,15900.0,,18950.0,21480.0,21630.0,229.0,17420.0
2018-11-11,205.0,19010.0,18910.0,19990.0,16150.0,15690.0,15900.0,,18950.0,21480.0,21630.0,229.0,17420.0
2018-11-12,205.0,19010.0,18910.0,19990.0,16150.0,15690.0,15900.0,,18950.0,21480.0,21630.0,229.0,17420.0
2018-11-13,205.0,19010.0,18910.0,19990.0,16150.0,15690.0,15900.0,,18950.0,21480.0,21630.0,229.0,17420.0
2018-11-14,205.0,19010.0,18910.0,19990.0,16150.0,15690.0,15900.0,,18950.0,21480.0,21630.0,229.0,17420.0
2018-11-15,205.0,19010.0,18910.0,19990.0,16150.0,15690.0,15900.0,,18950.0,21480.0,21630.0,229.0,17420.0
2018-11-16,205.0,19010.0,18910.0,19990.0,16150.0,15690.0,15900.0,,18950.0,21480.0,21630.0,229.0,17420.0
2018-11-17,205.0,19010.0,18910.0,19990.0,16150.0,15690.0,15900.0,,18950.0,21480.0,21630.0,229.0,17420.0
2018-11-18,205.0,19010.0,18910.0,19990.0,16150.0,15690.0,15900.0,,18950.0,21480.0,21630.0,229.0,17420.0
2018-11-19,205.0,19010.0,18910.0,19990.0,16150.0,15690.0,15900.0,,18950.0,21480.0,21630.0,229.0,17420.0
2018-11-20,205.0,19010.0,18910.0,19990.0,16150.0,15690.0,15900.0,,18950.0,21480.0,21630.0,229.0,17420.0
2018-11-21,205.0,18130.0,17980.0,18990.0,15630.0,15180.0,15380.0,,18950.0,20360.0,20520.0,229.0,16560.0
2018-11-22,205.0,18130.0,17980.0,18990.0,15630.0,15180.0,15380.0,,18950.0,20360.0,20520.0,229.0,16560.0
2018-11-23,205.0,18130.0,17980.0,18990.0,15630.0,15180.0,15380.0,,18950.0,20360.0,20520.0,229.0,16560.0
2018-11-24,205.0,18130.0,17980.0,18990.0,15630.0,15180.0,15380.0,,18950.0,20360.0,20520.0,229.0,16560.0
2018-11-25,205.0,18130.0,17980.0,18990.0,15630.0,15180.0,15380.0,,18950.0,20360.0,20520.0,229.0,16560.0
2018-11-26,205.0,18130.0,17980.0,18990.0,15630.0,15180.0,15380.0,,18950.0,20360.0,20520.0,229.0,16560.0
2018-11-27,205.0,18130.0,17980.0,18990.0,15630.0,15180.0,15380.0,,18950.0,20360.0,20520.0,229.0,16560.0
2018-11-28,205.0,18130.0,17980.0,18990.0,15630.0,15180.0,15380.0,,18950.0,20360.0,20520.0,229.0,16560.0
2018-11-29,205.0,18130.0,17980.0,18990.0,15630.0,15180.0,15380.0,,18950.0,20360.0,20520.0,229.0,16560.0
2018-11-30,205.0,18130.0,17980.0,18990.0,15630.0,15180.0,15380.0,,18950.0,20360.0,20520.0,229.0,16560.0
2018-12-01,205.0,18130.0,17980.0,18990.0,15630.0,15180.0,15380.0,,18950.0,20360.0,20520.0,229.0,16560.0
2018-12-02,205.0,18130.0,17980.0,18990.0,15630.0,15180.0,15380.0,,18950.0,20360.0,20520.0,229.0,16560.0
2018-12-03,205.0,18130.0,17980.0,18990.0,15630.0,15180.0,15380.0,,18950.0,20360.0,20520.0,229.0,16560.0
2018-12-04,205.0,18130.0,17980.0,18990.0,15630.0,15180.0,15380.0,,18950.0,20360.0,20520.0,229.0,16560.0
2018-12-05,205.0,18130.0,17980.0,18990.0,15630.0,15180.0,15380.0,,18950.0,20360.0,20520.0,229.0,16560.0
2018-12-06,205.0,16720.0,16570.0,17520.0,14840.0,14400.0,14580.0,,18950.0,18810.0,18970.0,229.0,15550.0
2018-12-07,205.0,16720.0,16570.0,17520.0,14840.0,14400.0,14580.0,,18950.0,18810.0,18970.0,229.0,15550.0
2018-12-08,205.0,16720.0,16570.0,17520.0,14840.0,14400.0,14580.0,,18950.0,18810.0,18970.0,229.0,15550.0
2018-12-09,205.0,16720.0,16570.0,17520.0,14840.0,14400.0,14580.0,,18950.0,18810.0,18970.0,229.0,15550.0
2018-12-10,205.0,16720.0,16570.0,17520.0,14840.0,14400.0,14580.0,,18950.0,18810.0,18970.0,229.0,15550.0
2018-12-11,205.0,16720.0,16570.0,17520.0,14840.0,14400.0,14580.0,,18950.0,18810.0,18970.0,229.0,15550.0
2018-12-12,205.0,16720.0,16570.0,17520.0,14840.0,14400.0,14580.0,,18950.0,18810.0,18970.0,229.0,15550.0
2018-12-13,205.0,16720.0,16570.0,17520.0,14840.0,14400.0,14580.0,,18950.0,18810.0,18970.0,229.0,15550.0
2018-12-14,205.0,16720.0,16570.0,17520.0,14840.0,14400.0,14580.0,,18950.0,18810.0,18970.0,229.0,15550.0
2018-12-15,205.0,16720.0,16570.0,17520.0,14840.0,14400.0,14580.0,,18950.0,18810.0,18970.0,229.0,15550.0
2018-12-16,205.0,16720.0,16570.0,17520.0,14840.0,14400.0,14580.0,,18950.0,18810.0,18970.0,229.0,15550.0
2018-12-17,205.0,16720.0,16570.0,17520.0,14840.0,14400.0,14580.0,,18950.0,18810.0,18970.0,229.0,15550.0
2018-12-18,205.0,16720.0,16570.0,17520.0,14840.0,14400.0,14580.0,,18950.0,18810.0,18970.0,229.0,15550.0
2018-12-19,205.0,16720.0,16570.0,17520.0,14840.0,14400.0,14580.0,,18950.0,18810.0,18970.0,229.0,15550.0
2018-12-20,205.0,16720.0,16570.0,17520.0,14840.0,14400.0,14580.0,,18950.0,18810.0,18970.0,229.0,15550.0
2018-12-21,205.0,16470.0,16320.0,17110.0,14430.0,14000.0,14170.0,,18950.0,18500.0,18650.0,229.0,15300.0
2018-12-22,205.0,16470.0,16320.0,17110.0,14430.0,14000.0,14170.0,,18950.0,18500.0,18650.0,229.0,15300.0
2018-12-23,205.0,16470.0,16320.0,17110.0,14430.0,14000.0,14170.0,,18950.0,18500.0,18650.0,229.0,15300.0
2018-12-24,205.0,16470.0,16320.0,17110.0,14430.0,14000.0,14170.0,,18950.0,18500.0,18650.0,229.0,15300.0
2018-12-25,205.0,16470.0,16320.0,17110.0,14430.0,14000.0,14170.0,,18950.0,18500.0,18650.0,229.0,15300.0
2018-12-26,205.0,16470.0,16320.0,17110.0,14430.0,14000.0,14170.0,,18950.0,18500.0,18650.0,229.0,15300.0
2018-12-27,205.0,16470.0,16320.0,17110.0,14430.0,14000.0,14170.0,,18950.0,18500.0,18650.0,229.0,15300.0
2018-12-28,205.0,16470.0,16320.0,17110.0,14430.0,14000.0,14170.0,,18950.0,18500.0,18650.0,229.0,15300.0
2018-12-29,205.0,16470.0,16320.0,17110.0,14430.0,14000.0,14170.0,,18950.0,18500.0,18650.0,229.0,15300.0
2018-12-30,205.0,16470.0,16320.0,17110.0,14430.0,14000.0,14170.0,,18950.0,18500.0,18650.0,229.0,15300.0
2018-12-31,205.0,16470.0,16320.0,17110.0,14430.0,14000.0,14170.0,,18950.0,18500.0,18650.0,229.0,15300.0
2019-01-01,205.0,15350.0,15190.0,16590.0,13680.0,13270.0,13430.0,,18950.0,17950.0,18100.0,229.0,14460.0
2019-01-02,205.0,15350.0,15190.0,16590.0,13680.0,13270.0,13430.0,,18950.0,17950.0,18100.0,229.0,14460.0
2019-01-03,205.0,15350.0,15190.0,16590.0,13680.0,13270.0,13430.0,,18950.0,17950.0,18100.0,229.0,14460.0
2019-01-04,205.0,15350.0,15190.0,16590.0,13680.0,13270.0,13430.0,,18950.0,17950.0,18100.0,229.0,14460.0
2019-01-05,205.0,15350.0,15190.0,16590.0,13680.0,13270.0,13430.0,,18950.0,17950.0,18100.0,229.0,14460.0
2019-01-06,205.0,15350.0,15190.0,16590.0,13680.0,13270.0,13430.0,,18950.0,17950.0,18100.0,229.0,14460.0
2019-01-07,205.0,15350.0,15190.0,16590.0,13680.0,13270.0,13430.0,,18950.0,17950.0,18100.0,229.0,14460.0
2019-01-08,205.0,15350.0,15190.0,16590.0,13680.0,13270.0,13430.0,,18950.0,17950.0,18100.0,229.0,14460.0
2019-01-09,205.0,15350.0,15190.0,16590.0,13680.0,13270.0,13430.0,,18950.0,17950.0,18100.0,229.0,14460.0
2019-01-10,205.0,15350.0,15190.0,16590.0,13680.0,13270.0,13430.0,,18950.0,17950.0,18100.0,229.0,14460.0
2019-01-11,205.0,15350.0,15190.0,16590.0,13680.0,13270.0,13430.0,,18950.0,17950.0,18100.0,229.0,14460.0
2019-01-12,205.0,15350.0,15190.0,16590.0,13680.0,13270.0,13430.0,,18950.0,17950.0,18100.0,229.0,14460.0
2019-01-13,205.0,15350.0,15190.0,16590.0,13680.0,13270.0,13430.0,,18950.0,17950.0,18100.0,229.0,14460.0
2019-01-14,205.0,15350.0,15190.0,16590.0,13680.0,13270.0,13430.0,,18950.0,17950.0,18100.0,229.0,14460.0
2019-01-15,205.0,15350.0,15190.0,16590.0,13680.0,13270.0,13430.0,,18950.0,17950.0,18100.0,229.0,14460.0
2019-01-16,205.0,15350.0,15190.0,16590.0,13680.0,13270.0,13430.0,,18950.0,17950.0,18100.0,229.0,14460.0
2019-01-17,205.0,15350.0,15190.0,16590.0,13680.0,13270.0,13430.0,,18950.0,17950.0,18100.0,229.0,14460.0
2019-01-18,205.0,15350.0,15190.0,16590.0,13680.0,13270.0,13430.0,,18950.0,17950.0,18100.0,229.0,14460.0
2019-01-19,205.0,15350.0,15190.0,16590.0,13680.0,13270.0,13430.0,,18950.0,17950.0,18100.0,229.0,14460.0
2019-01-20,205.0,15350.0,15190.0,16590.0,13680.0,13270.0,13430.0,,18950.0,17950.0,18100.0,229.0,14460.0
2019-01-21,205.0,15350.0,15190.0,16590.0,13680.0,13270.0,13430.0,,18950.0,17950.0,18100.0,229.0,14460.0
2019-01-22,205.0,15350.0,15190.0,16590.0,13680.0,13270.0,13430.0,,18950.0,17950.0,18100.0,229.0,14460.0
2019-01-23,205.0,15350.0,15190.0,16590.0,13680.0,13270.0,13430.0,,18950.0,17950.0,18100.0,229.0,14460.0
2019-01-24,205.0,15350.0,15190.0,16590.0,13680.0,13270.0,13430.0,,18950.0,17950.0,18100.0,229.0,14460.0
2019-01-25,205.0,15350.0,15190.0,16590.0,13680.0,13270.0,13430.0,,18950.0,17950.0,18100.0,229.0,14460.0
2019-01-26,205.0,15350.0,15190.0,16590.0,13680.0,13270.0,13430.0,,18950.0,17950.0,18100.0,229.0,14460.0
2019-01-27,205.0,15350.0,15190.0,16590.0,13680.0,13270.0,13430.0,,18950.0,17950.0,18100.0,229.0,14460.0
2019-01-28,205.0,15350.0,15190.0,16590.0,13680.0,13270.0,13430.0,,18950.0,17950.0,18100.0,229.0,14460.0
2019-01-29,205.0,15350.0,15190.0,16590.0,13680.0,13270.0,13430.0,,18950.0,17950.0,18100.0,229.0,14460.0
2019-01-30,205.0,15350.0,15190.0,16590.0,13680.0,13270.0,13430.0,,18950.0,17950.0,18100.0,229.0,14460.0
2019-01-31,205.0,15400.0,15190.0,16590.0,13680.0,13270.0,13430.0,,18950.0,17950.0,18100.0,229.0,14460.0
2019-02-01,205.0,15400.0,15190.0,16590.0,13680.0,13270.0,13430.0,,18950.0,17950.0,18100.0,229.0,14460.0
2019-02-02,205.0,15400.0,15190.0,16590.0,13680.0,13270.0,13430.0,,18950.0,17950.0,18100.0,229.0,14460.0
2019-02-03,205.0,15400.0,15190.0,16590.0,13680.0,13270.0,13430.0,,18950.0,17950.0,18100.0,229.0,14460.0
2019-02-04,205.0,15400.0,15190.0,16590.0,13680.0,13270.0,13430.0,,18950.0,17950.0,18100.0,229.0,14460.0
2019-02-05,205.0,15400.0,15190.0,16590.0,13680.0,13270.0,13430.0,,18950.0,17950.0,18100.0,229.0,14460.0
2019-02-06,205.0,15400.0,15190.0,16590.0,13680.0,13270.0,13430.0,,18950.0,17950.0,18100.0,229.0,14460.0
2019-02-07,205.0,15400.0,15190.0,16590.0,13680.0,13270.0,13430.0,,18950.0,17950.0,18100.0,229.0,14460.0
2019-02-08,205.0,15400.0,15190.0,16590.0,13680.0,13270.0,13430.0,,18950.0,17950.0,18100.0,229.0,14460.0
2019-02-09,205.0,15400.0,15190.0,16590.0,13680.0,13270.0,13430.0,,18950.0,17950.0,18100.0,229.0,14460.0
2019-02-10,205.0,15400.0,15190.0,16590.0,13680.0,13270.0,13430.0,,18950.0,17950.0,18100.0,229.0,14460.0
2019-02-11,205.0,15400.0,15190.0,16590.0,13680.0,13270.0,13430.0,,18950.0,17950.0,18100.0,229.0,14460.0
2019-02-12,205.0,15400.0,15190.0,16590.0,13680.0,13270.0,13430.0,,18950.0,17950.0,18100.0,229.0,14460.0
2019-02-13,205.0,15400.0,15190.0,16590.0,13680.0,13270.0,13430.0,,18950.0,17950.0,18100.0,229.0,14460.0
2019-02-14,205.0,15400.0,15190.0,16590.0,13680.0,13270.0,13430.0,,18950.0,17950.0,18100.0,229.0,14460.0
2019-02-15,205.0,15400.0,15190.0,16590.0,13680.0,13270.0,13430.0,,18950.0,17950.0,18100.0,229.0,14460.0
2019-02-16,205.0,15400.0,15190.0,16590.0,13680.0,13270.0,13430.0,,18950.0,17950.0,18100.0,229.0,14460.0
2019-02-17,205.0,15400.0,15190.0,16590.0,13680.0,13270.0,13430.0,,18950.0,17950.0,18100.0,229.0,14460.0
2019-02-18,205.0,15400.0,15190.0,16590.0,13680.0,13270.0,13430.0,,18950.0,17950.0,18100.0,229.0,14460.0
2019-02-19,205.0,15400.0,15190.0,16590.0,13680.0,13270.0,13430.0,,18950.0,17950.0,18100.0,229.0,14460.0
2019-02-20,205.0,15400.0,15190.0,16590.0,13680.0,13270.0,13430.0,,18950.0,17950.0,18100.0,229.0,14460.0
2019-02-21,205.0,15400.0,15190.0,16590.0,13680.0,13270.0,13430.0,,18950.0,17950.0,18100.0,229.0,14460.0
2019-02-22,205.0,15400.0,15190.0,16590.0,13680.0,13270.0,13430.0,,18950.0,17950.0,18100.0,229.0,14460.0
2019-02-23,205.0,15400.0,15190.0,16590.0,13680.0,13270.0,13430.0,,18950.0,17950.0,18100.0,229.0,14460.0
2019-02-24,205.0,15400.0,15190.0,16590.0,13680.0,13270.0,13430.0,,18950.0,17950.0,18100.0,229.0,14460.0
2019-02-25,205.0,15400.0,15190.0,16590.0,13680.0,13270.0,13430.0,,18950.0,17950.0,18100.0,229.0,14460.0
2019-02-26,205.0,15400.0,15190.0,16590.0,13680.0,13270.0,13430.0,,18950.0,17950.0,18100.0,229.0,14460.0
2019-02-27,205.0,15400.0,15190.0,16590.0,13680.0,13270.0,13430.0,,18950.0,17950.0,18100.0,229.0,14460.0
2019-02-28,205.0,15400.0,15190.0,16590.0,13680.0,13270.0,13430.0,,18950.0,17950.0,18100.0,229.0,14460.0
2019-03-01,205.0,15400.0,15190.0,16590.0,13680.0,13270.0,13430.0,,18950.0,17950.0,18100.0,229.0,14460.0
2019-03-02,205.0,16380.0,16170.0,17550.0,14510.0,14080.0,14250.0,,18950.0,18910.0,19060.0,229.0,15170.0
2019-03-03,205.0,16380.0,16170.0,17550.0,14510.0,14080.0,14250.0,,18950.0,18910.0,19060.0,229.0,15170.0
2019-03-04,205.0,16380.0,16170.0,17550.0,14510.0,14080.0,14250.0,,18950.0,18910.0,19060.0,229.0,15170.0
2019-03-05,205.0,16380.0,16170.0,17550.0,14510.0,14080.0,14250.0,,18950.0,18910.0,19060.0,229.0,15170.0
2019-03-06,205.0,16380.0,16170.0,17550.0,14510.0,14080.0,14250.0,,18950.0,18910.0,19060.0,229.0,15170.0
2019-03-07,205.0,16380.0,16170.0,17550.0,14510.0,14080.0,14250.0,,18950.0,18910.0,19060.0,229.0,15170.0
2019-03-08,205.0,16380.0,16170.0,17550.0,14510.0,14080.0,14250.0,,18950.0,18910.0,19060.0,229.0,15170.0
2019-03-09,205.0,16380.0,16170.0,17550.0,14510.0,14080.0,14250.0,,18950.0,18910.0,19060.0,229.0,15170.0
2019-03-10,205.0,16380.0,16170.0,17550.0,14510.0,14080.0,14250.0,,18950.0,18910.0,19060.0,229.0,15170.0
2019-03-11,205.0,16380.0,16170.0,17550.0,14510.0,14080.0,14250.0,,18950.0,18910.0,19060.0,229.0,15170.0
2019-03-12,205.0,16380.0,16170.0,17550.0,14510.0,14080.0,14250.0,,18950.0,18910.0,19060.0,229.0,15170.0
2019-03-13,205.0,16380.0,16170.0,17550.0,14510.0,14080.0,14250.0,,18950.0,18910.0,19060.0,229.0,15170.0
2019-03-14,205.0,16380.0,16170.0,17550.0,14510.0,14080.0,14250.0,,18950.0,18910.0,19060.0,229.0,15170.0
2019-03-15,205.0,16380.0,16170.0,17550.0,14510.0,14080.0,14250.0,,18950.0,18910.0,19060.0,229.0,15170.0
2019-03-16,205.0,16380.0,16170.0,17550.0,14510.0,14080.0,14250.0,,18950.0,18910.0,19060.0,229.0,15170.0
2019-03-17,205.0,16380.0,16170.0,17550.0,14510.0,14080.0,14250.0,,18950.0,18910.0,19060.0,229.0,15170.0
2019-03-18,205.0,16380.0,16170.0,17550.0,14510.0,14080.0,14250.0,,18950.0,18910.0,19060.0,229.0,15170.0
2019-03-19,205.0,16380.0,16170.0,17550.0,14510.0,14080.0,14250.0,,18950.0,18910.0,19060.0,229.0,15170.0
2019-03-20,205.0,16380.0,16170.0,17550.0,14510.0,14080.0,14250.0,,18950.0,18910.0,19060.0,229.0,15170.0
2019-03-21,205.0,16380.0,16170.0,17550.0,14510.0,14080.0,14250.0,,18950.0,18910.0,19060.0,229.0,15170.0
2019-03-22,205.0,16380.0,16170.0,17550.0,14510.0,14080.0,14250.0,,18950.0,18910.0,19060.0,229.0,15170.0
2019-03-23,205.0,16380.0,16170.0,17550.0,14510.0,14080.0,14250.0,,18950.0,18910.0,19060.0,229.0,15170.0
2019-03-24,205.0,16380.0,16170.0,17550.0,14510.0,14080.0,14250.0,,18950.0,18910.0,19060.0,229.0,15170.0
2019-03-25,205.0,16380.0,16170.0,17550.0,14510.0,14080.0,14250.0,,18950.0,18910.0,19060.0,229.0,15170.0
2019-03-26,205.0,16380.0,16170.0,17550.0,14510.0,14080.0,14250.0,,18950.0,18910.0,19060.0,229.0,15170.0
2019-03-27,205.0,16380.0,16170.0,17550.0,14510.0,14080.0,14250.0,,18950.0,18910.0,19060.0,229.0,15170.0
2019-03-28,205.0,16380.0,16170.0,17550.0,14510.0,14080.0,14250.0,,18950.0,18910.0,19060.0,229.0,15170.0
2019-03-29,205.0,16380.0,16170.0,17550.0,14510.0,14080.0,14250.0,,18950.0,18910.0,19060.0,229.0,15170.0
2019-03-30,205.0,16380.0,16170.0,17550.0,14510.0,14080.0,14250.0,,18950.0,18910.0,19060.0,229.0,15170.0
2019-03-31,205.0,16380.0,16170.0,17550.0,14510.0,14080.0,14250.0,,18950.0,18910.0,19060.0,229.0,15170.0
2019-04-01,205.0,16380.0,16170.0,17550.0,14510.0,14080.0,14250.0,,18950.0,18910.0,19060.0,229.0,15170.0
2019-04-02,205.0,17720.0,17420.0,18950.0,15660.0,15210.0,15410.0,,18950.0,20430.0,20580.0,229.0,16280.0
2019-04-03,205.0,17720.0,17420.0,18950.0,15660.0,15210.0,15410.0,,18950.0,20430.0,20580.0,229.0,16280.0
2019-04-04,205.0,17720.0,17420.0,18950.0,15660.0,15210.0,15410.0,,18950.0,20430.0,20580.0,229.0,16280.0
2019-04-05,205.0,17720.0,17420.0,18950.0,15660.0,15210.0,15410.0,,18950.0,20430.0,20580.0,229.0,16280.0
2019-04-06,205.0,17720.0,17420.0,18950.0,15660.0,15210.0,15410.0,,18950.0,20430.0,20580.0,229.0,16280.0
2019-04-07,205.0,17720.0,17420.0,18950.0,15660.0,15210.0,15410.0,,18950.0,20430.0,20580.0,229.0,16280.0
2019-04-08,205.0,17720.0,17420.0,18950.0,15660.0,15210.0,15410.0,,18950.0,20430.0,20580.0,229.0,16280.0
2019-04-09,205.0,17720.0,17420.0,18950.0,15660.0,15210.0,15410.0,,18950.0,20430.0,20580.0,229.0,16280.0
2019-04-10,205.0,17720.0,17420.0,18950.0,15660.0,15210.0,15410.0,,18950.0,20430.0,20580.0,229.0,16280.0
2019-04-11,205.0,17720.0,17420.0,18950.0,15660.0,15210.0,15410.0,,18950.0,20430.0,20580.0,229.0,16280.0
2019-04-12,205.0,17720.0,17420.0,18950.0,15660.0,15210.0,15410.0,,18950.0,20430.0,20580.0,229.0,16280.0
2019-04-13,205.0,17720.0,17420.0,18950.0,15660.0,15210.0,15410.0,,18950.0,20430.0,20580.0,229.0,16280.0
2019-04-14,205.0,17720.0,17420.0,18950.0,15660.0,15210.0,15410.0,,18950.0,20430.0,20580.0,229.0,16280.0
2019-04-15,205.0,17720.0,17420.0,18950.0,15660.0,15210.0,15410.0,,18950.0,20430.0,20580.0,229.0,16280.0
2019-04-16,205.0,17720.0,17420.0,18950.0,15660.0,15210.0,15410.0,,18950.0,20430.0,20580.0,229.0,16280.0
2019-04-17,205.0,18030.0,17720.0,20090.0,16070.0,15610.0,15820.0,,18950.0,21650.0,21800.0,229.0,16580.0
2019-04-18,205.0,18030.0,17720.0,20090.0,16070.0,15610.0,15820.0,,18950.0,21650.0,21800.0,229.0,16580.0
2019-04-19,205.0,18030.0,17720.0,20090.0,16070.0,15610.0,15820.0,,18950.0,21650.0,21800.0,229.0,16580.0
2019-04-20,205.0,18030.0,17720.0,20090.0,16070.0,15610.0,15820.0,,18950.0,21650.0,21800.0,229.0,16580.0
2019-04-21,205.0,18030.0,17720.0,20090.0,16070.0,15610.0,15820.0,,18950.0,21650.0,21800.0,229.0,16580.0
2019-04-22,205.0,18030.0,17720.0,20090.0,16070.0,15610.0,15820.0,,18950.0,21650.0,21800.0,229.0,16580.0
2019-04-23,205.0,18030.0,17720.0,20090.0,16070.0,15610.0,15820.0,,18950.0,21650.0,21800.0,229.0,16580.0
2019-04-24,205.0,18030.0,17720.0,20090.0,16070.0,15610.0,15820.0,,18950.0,21650.0,21800.0,229.0,16580.0
2019-04-25,205.0,18030.0,17720.0,20090.0,16070.0,15610.0,15820.0,,18950.0,21650.0,21800.0,229.0,16580.0
2019-04-26,205.0,18030.0,17720.0,20090.0,16070.0,15610.0,15820.0,,18950.0,21650.0,21800.0,229.0,16580.0
2019-04-27,205.0,18030.0,17720.0,20090.0,16070.0,15610.0,15820.0,,18950.0,21650.0,21800.0,229.0,16580.0
2019-04-28,205.0,18030.0,17720.0,20090.0,16070.0,15610.0,15820.0,,18950.0,21650.0,21800.0,229.0,16580.0
2019-04-29,205.0,18030.0,17720.0,20090.0,16070.0,15610.0,15820.0,,18950.0,21650.0,21800.0,229.0,16580.0
2019-04-30,205.0,18030.0,17720.0,20090.0,16070.0,15610.0,15820.0,,18950.0,21650.0,21800.0,229.0,16580.0
2019-05-01,205.0,18030.0,17720.0,20090.0,16070.0,15610.0,15820.0,,18950.0,21650.0,21800.0,229.0,16580.0
2019-05-02,205.0,18340.0,18040.0,21090.0,16470.0,16000.0,16210.0,,18950.0,22630.0,22780.0,229.0,16950.0
2019-05-03,205.0,18340.0,18040.0,21090.0,16470.0,16000.0,16210.0,,18950.0,22630.0,22780.0,229.0,16950.0
2019-05-04,205.0,18340.0,18040.0,21090.0,16470.0,16000.0,16210.0,,18950.0,22630.0,22780.0,229.0,16950.0
2019-05-05,205.0,18340.0,18040.0,21090.0,16470.0,16000.0,16210.0,,18950.0,22630.0,22780.0,229.0,16950.0
2019-05-06,205.0,18340.0,18040.0,21090.0,16470.0,16000.0,16210.0,,18950.0,22630.0,22780.0,229.0,16950.0
2019-05-07,205.0,18340.0,18040.0,21090.0,16470.0,16000.0,16210.0,,18950.0,22630.0,22780.0,229.0,16950.0
2019-05-08,205.0,18340.0,18040.0,21090.0,16470.0,16000.0,16210.0,,18950.0,22630.0,22780.0,229.0,16950.0
2019-05-09,205.0,18340.0,18040.0,21090.0,16470.0,16000.0,16210.0,,18950.0,22630.0,22780.0,229.0,16950.0
2019-05-10,205.0,18340.0,18040.0,21090.0,16470.0,16000.0,16210.0,,18950.0,22630.0,22780.0,229.0,16950.0
2019-05-11,205.0,18340.0,18040.0,21090.0,16470.0,16000.0,16210.0,,18950.0,22630.0,22780.0,229.0,16950.0
2019-05-12,205.0,18340.0,18040.0,21090.0,16470.0,16000.0,16210.0,,18950.0,22630.0,22780.0,229.0,16950.0
2019-05-13,205.0,18340.0,18040.0,21090.0,16470.0,16000.0,16210.0,,18950.0,22630.0,22780.0,229.0,16950.0
2019-05-14,205.0,18340.0,18040.0,21090.0,16470.0,16000.0,16210.0,,18950.0,22630.0,22780.0,229.0,16950.0
2019-05-15,205.0,18340.0,18040.0,21090.0,16470.0,16000.0,16210.0,,18950.0,22630.0,22780.0,229.0,16950.0
2019-05-16,205.0,18340.0,18040.0,21090.0,16470.0,16000.0,16210.0,,18950.0,22630.0,22780.0,229.0,16950.0
2019-05-17,205.0,18260.0,17960.0,20880.0,15990.0,15530.0,15730.0,,18950.0,22020.0,22170.0,229.0,16740.0
2019-05-18,205.0,18260.0,17960.0,20880.0,15990.0,15530.0,15730.0,,18950.0,22020.0,22170.0,229.0,16740.0
2019-05-19,205.0,18260.0,17960.0,20880.0,15990.0,15530.0,15730.0,,18950.0,22020.0,22170.0,229.0,16740.0
2019-05-20,205.0,18260.0,17960.0,20880.0,15990.0,15530.0,15730.0,,18950.0,22020.0,22170.0,229.0,16740.0
2019-05-21,205.0,18260.0,17960.0,20880.0,15990.0,15530.0,15730.0,,18950.0,22020.0,22170.0,229.0,16740.0
2019-05-22,205.0,18260.0,17960.0,20880.0,15990.0,15530.0,15730.0,,18950.0,22020.0,22170.0,229.0,16740.0
2019-05-23,205.0,18260.0,17960.0,20880.0,15990.0,15530.0,15730.0,,18950.0,22020.0,22170.0,229.0,16740.0
2019-05-24,205.0,18260.0,17960.0,20880.0,15990.0,15530.0,15730.0,,18950.0,22020.0,22170.0,229.0,16740.0
2019-05-25,205.0,18260.0,17960.0,20880.0,15990.0,15530.0,15730.0,,18950.0,22020.0,22170.0,229.0,16740.0
2019-05-26,205.0,18260.0,17960.0,20880.0,15990.0,15530.0,15730.0,,18950.0,22020.0,22170.0,229.0,16740.0
2019-05-27,205.0,18260.0,17960.0,20880.0,15990.0,15530.0,15730.0,,18950.0,22020.0,22170.0,229.0,16740.0
2019-05-28,205.0,18260.0,17960.0,20880.0,15990.0,15530.0,15730.0,,18950.0,22020.0,22170.0,229.0,16740.0
2019-05-29,205.0,18260.0,17960.0,20880.0,15990.0,15530.0,15730.0,,18950.0,22020.0,22170.0,229.0,16740.0
2019-05-30,205.0,18260.0,17960.0,20880.0,15990.0,15530.0,15730.0,,18950.0,22020.0,22170.0,229.0,16740.0
2019-05-31,205.0,18260.0,17960.0,20880.0,15990.0,15530.0,15730.0,,18950.0,22020.0,22170.0,229.0,16740.0
2019-06-01,205.0,18040.0,17730.0,20610.0,15810.0,15350.0,15550.0,,18950.0,21630.0,21780.0,229.0,16540.0
2019-06-02,205.0,18040.0,17730.0,20610.0,15810.0,15350.0,15550.0,,18950.0,21630.0,21780.0,229.0,16540.0
2019-06-03,205.0,18040.0,17730.0,20610.0,15810.0,15350.0,15550.0,,18950.0,21630.0,21780.0,229.0,16540.0
2019-06-04,205.0,18040.0,17730.0,20610.0,15810.0,15350.0,15550.0,,18950.0,21630.0,21780.0,229.0,16540.0
2019-06-05,205.0,18040.0,17730.0,20610.0,15810.0,15350.0,15550.0,,18950.0,21630.0,21780.0,229.0,16540.0
2019-06-06,205.0,18040.0,17730.0,20610.0,15810.0,15350.0,15550.0,,18950.0,21630.0,21780.0,229.0,16540.0
2019-06-07,205.0,18040.0,17730.0,20610.0,15810.0,15350.0,15550.0,,18950.0,21630.0,21780.0,229.0,16540.0
2019-06-08,205.0,18040.0,17730.0,20610.0,15810.0,15350.0,15550.0,,18950.0,21630.0,21780.0,229.0,16540.0
2019-06-09,205.0,18040.0,17730.0,20610.0,15810.0,15350.0,15550.0,,18950.0,21630.0,21780.0,229.0,16540.0
2019-06-10,205.0,18040.0,17730.0,20610.0,15810.0,15350.0,15550.0,,18950.0,21630.0,21780.0,229.0,16540.0
2019-06-11,205.0,18040.0,17730.0,20610.0,15810.0,15350.0,15550.0,,18950.0,21630.0,21780.0,229.0,16540.0
2019-06-12,205.0,18040.0,17730.0,20610.0,15810.0,15350.0,15550.0,,18950.0,21630.0,21780.0,229.0,16540.0
2019-06-13,205.0,18040.0,17730.0,20610.0,15810.0,15350.0,15550.0,,18950.0,21630.0,21780.0,229.0,16540.0
2019-06-14,205.0,18040.0,17730.0,20610.0,15810.0,15350.0,15550.0,,18950.0,21630.0,21780.0,229.0,16540.0
2019-06-15,205.0,18040.0,17730.0,20610.0,15810.0,15350.0,15550.0,,18950.0,21630.0,21780.0,229.0,16540.0
2019-06-16,205.0,18040.0,17730.0,20610.0,15810.0,15350.0,15550.0,,18950.0,21630.0,21780.0,229.0,16540.0
2019-06-17,205.0,17280.0,16980.0,19610.0,15560.0,15110.0,15310.0,,18950.0,20530.0,20680.0,229.0,15920.0
2019-06-18,205.0,17280.0,16980.0,19610.0,15560.0,15110.0,15310.0,,18950.0,20530.0,20680.0,229.0,15920.0
2019-06-19,205.0,17280.0,16980.0,19610.0,15560.0,15110.0,15310.0,,18950.0,20530.0,20680.0,229.0,15920.0
2019-06-20,205.0,17280.0,16980.0,19610.0,15560.0,15110.0,15310.0,,18950.0,20530.0,20680.0,229.0,15920.0
2019-06-21,205.0,17280.0,16980.0,19610.0,15560.0,15110.0,15310.0,,18950.0,20530.0,20680.0,229.0,15920.0
2019-06-22,205.0,17280.0,16980.0,19610.0,15560.0,15110.0,15310.0,,18950.0,20530.0,20680.0,229.0,15920.0
2019-06-23,205.0,17280.0,16980.0,19610.0,15560.0,15110.0,15310.0,,18950.0,20530.0,20680.0,229.0,15920.0
2019-06-24,205.0,17280.0,16980.0,19610.0,15560.0,15110.0,15310.0,,18950.0,20530.0,20680.0,229.0,15920.0
2019-06-25,205.0,17280.0,16980.0,19610.0,15560.0,15110.0,15310.0,,18950.0,20530.0,20680.0,229.0,15920.0
2019-06-26,205.0,17280.0,16980.0,19610.0,15560.0,15110.0,15310.0,,18950.0,20530.0,20680.0,229.0,15920.0
2019-06-27,205.0,17280.0,16980.0,19610.0,15560.0,15110.0,15310.0,,18950.0,20530.0,20680.0,229.0,15920.0
2019-06-28,205.0,17280.0,16980.0,19610.0,15560.0,15110.0,15310.0,,18950.0,20530.0,20680.0,229.0,15920.0
2019-06-29,205.0,17280.0,16980.0,19610.0,15560.0,15110.0,15310.0,,18950.0,20530.0,20680.0,229.0,15920.0
2019-06-30,205.0,17280.0,16980.0,19610.0,15560.0,15110.0,15310.0,,18950.0,20530.0,20680.0,229.0,15920.0
2019-07-01,205.0,17280.0,16980.0,19610.0,15560.0,15110.0,15310.0,,18950.0,20530.0,20680.0,229.0,15920.0
2019-07-02,205.0,17580.0,17270.0,20040.0,15670.0,15220.0,15420.0,,18950.0,20920.0,21070.0,229.0,16240.0
2019-07-03,205.0,17580.0,17270.0,20040.0,15670.0,15220.0,15420.0,,18950.0,20920.0,21070.0,229.0,16240.0
2019-07-04,205.0,17580.0,17270.0,20040.0,15670.0,15220.0,15420.0,,18950.0,20920.0,21070.0,229.0,16240.0
2019-07-05,205.0,17580.0,17270.0,20040.0,15670.0,15220.0,15420.0,,18950.0,20920.0,21070.0,229.0,16240.0
2019-07-06,205.0,17580.0,17270.0,20040.0,15670.0,15220.0,15420.0,,18950.0,20920.0,21070.0,229.0,16240.0
2019-07-07,205.0,17580.0,17270.0,20040.0,15670.0,15220.0,15420.0,,18950.0,20920.0,21070.0,229.0,16240.0
2019-07-08,205.0,17580.0,17270.0,20040.0,15670.0,15220.0,15420.0,,18950.0,20920.0,21070.0,229.0,16240.0
2019-07-09,205.0,17580.0,17270.0,20040.0,15670.0,15220.0,15420.0,,18950.0,20920.0,21070.0,229.0,16240.0
2019-07-10,205.0,17580.0,17270.0,20040.0,15670.0,15220.0,15420.0,,18950.0,20920.0,21070.0,229.0,16240.0
2019-07-11,205.0,17580.0,17270.0,20040.0,15670.0,15220.0,15420.0,,18950.0,20920.0,21070.0,229.0,16240.0
2019-07-12,205.0,17580.0,17270.0,20040.0,15670.0,15220.0,15420.0,,18950.0,20920.0,21070.0,229.0,16240.0
2019-07-13,205.0,17580.0,17270.0,20040.0,15670.0,15220.0,15420.0,,18950.0,20920.0,21070.0,229.0,16240.0
2019-07-14,205.0,17580.0,17270.0,20040.0,15670.0,15220.0,15420.0,,18950.0,20920.0,21070.0,229.0,16240.0
2019-07-15,205.0,17580.0,17270.0,20040.0,15670.0,15220.0,15420.0,,18950.0,20920.0,21070.0,229.0,16240.0
2019-07-16,205.0,17580.0,17270.0,20040.0,15670.0,15220.0,15420.0,,18950.0,20920.0,21070.0,229.0,16240.0
2019-07-17,205.0,17630.0,17320.0,20670.0,16450.0,15980.0,16190.0,,18950.0,21650.0,21800.0,229.0,16260.0
2019-07-18,205.0,17630.0,17320.0,20670.0,16450.0,15980.0,16190.0,,18950.0,21650.0,21800.0,229.0,16260.0
2019-07-19,205.0,17630.0,17320.0,20670.0,16450.0,15980.0,16190.0,,18950.0,21650.0,21800.0,229.0,16260.0
2019-07-20,205.0,17630.0,17320.0,20670.0,16450.0,15980.0,16190.0,,18950.0,21650.0,21800.0,229.0,16260.0
2019-07-21,205.0,17630.0,17320.0,20670.0,16450.0,15980.0,16190.0,,18950.0,21650.0,21800.0,229.0,16260.0
2019-07-22,205.0,17630.0,17320.0,20670.0,16450.0,15980.0,16190.0,,18950.0,21650.0,21800.0,229.0,16260.0
2019-07-23,205.0,17630.0,17320.0,20670.0,16450.0,15980.0,16190.0,,18950.0,21650.0,21800.0,229.0,16260.0
2019-07-24,205.0,17630.0,17320.0,20670.0,16450.0,15980.0,16190.0,,18950.0,21650.0,21800.0,229.0,16260.0
2019-07-25,205.0,17630.0,17320.0,20670.0,16450.0,15980.0,16190.0,,18950.0,21650.0,21800.0,229.0,16260.0
2019-07-26,205.0,17630.0,17320.0,20670.0,16450.0,15980.0,16190.0,,18950.0,21650.0,21800.0,229.0,16260.0
2019-07-27,205.0,17630.0,17320.0,20670.0,16450.0,15980.0,16190.0,,18950.0,21650.0,21800.0,229.0,16260.0
2019-07-28,205.0,17630.0,17320.0,20670.0,16450.0,15980.0,16190.0,,18950.0,21650.0,21800.0,229.0,16260.0
2019-07-29,205.0,17630.0,17320.0,20670.0,16450.0,15980.0,16190.0,,18950.0,21650.0,21800.0,229.0,16260.0
2019-07-30,205.0,17630.0,17320.0,20670.0,16450.0,15980.0,16190.0,,18950.0,21650.0,21800.0,229.0,16260.0
2019-07-31,205.0,17630.0,17320.0,20670.0,16450.0,15980.0,16190.0,,18950.0,21650.0,21800.0,229.0,16260.0
2019-08-01,205.0,17660.0,17360.0,20290.0,16390.0,15920.0,16130.0,,18950.0,21320.0,21430.0,229.0,16270.0
2019-08-02,205.0,17660.0,17360.0,20290.0,16390.0,15920.0,16130.0,,18950.0,21320.0,21430.0,229.0,16270.0
2019-08-03,205.0,17660.0,17360.0,20290.0,16390.0,15920.0,16130.0,,18950.0,21320.0,21430.0,229.0,16270.0
2019-08-04,205.0,17660.0,17360.0,20290.0,16390.0,15920.0,16130.0,,18950.0,21320.0,21430.0,229.0,16270.0
2019-08-05,205.0,17660.0,17360.0,20290.0,16390.0,15920.0,16130.0,,18950.0,21320.0,21430.0,229.0,16270.0
2019-08-06,205.0,17660.0,17360.0,20290.0,16390.0,15920.0,16130.0,,18950.0,21320.0,21430.0,229.0,16270.0
2019-08-07,205.0,17660.0,17360.0,20290.0,16390.0,15920.0,16130.0,,18950.0,21320.0,21430.0,229.0,16270.0
2019-08-08,205.0,17660.0,17360.0,20290.0,16390.0,15920.0,16130.0,,18950.0,21320.0,21430.0,229.0,16270.0
2019-08-09,205.0,17660.0,17360.0,20290.0,16390.0,15920.0,16130.0,,18950.0,21320.0,21430.0,229.0,16270.0
2019-08-10,205.0,17660.0,17360.0,20290.0,16390.0,15920.0,16130.0,,18950.0,21320.0,21430.0,229.0,16270.0
2019-08-11,205.0,17660.0,17360.0,20290.0,16390.0,15920.0,16130.0,,18950.0,21320.0,21430.0,229.0,16270.0
2019-08-12,205.0,17660.0,17360.0,20290.0,16390.0,15920.0,16130.0,,18950.0,21320.0,21430.0,229.0,16270.0
2019-08-13,205.0,17660.0,17360.0,20290.0,16390.0,15920.0,16130.0,,18950.0,21320.0,21430.0,229.0,16270.0
2019-08-14,205.0,17660.0,17360.0,20290.0,16390.0,15920.0,16130.0,,18950.0,21320.0,21430.0,229.0,16270.0
2019-08-15,205.0,17660.0,17360.0,20290.0,16390.0,15920.0,16130.0,,18950.0,21320.0,21430.0,229.0,16270.0
2019-08-16,205.0,17130.0,16830.0,19730.0,14500.0,14070.0,14240.0,,18950.0,20800.0,20910.0,229.0,15690.0
2019-08-17,205.0,17130.0,16830.0,19730.0,14500.0,14070.0,14240.0,,18950.0,20800.0,20910.0,229.0,15690.0
2019-08-18,205.0,17130.0,16830.0,19730.0,14500.0,14070.0,14240.0,,18950.0,20800.0,20910.0,229.0,15690.0
2019-08-19,205.0,17130.0,16830.0,19730.0,14500.0,14070.0,14240.0,,18950.0,20800.0,20910.0,229.0,15690.0
2019-08-20,205.0,17130.0,16830.0,19730.0,14500.0,14070.0,14240.0,,18950.0,20800.0,20910.0,229.0,15690.0
2019-08-21,205.0,17130.0,16830.0,19730.0,14500.0,14070.0,14240.0,,18950.0,20800.0,20910.0,229.0,15690.0
2019-08-22,205.0,17130.0,16830.0,19730.0,14500.0,14070.0,14240.0,,18950.0,20800.0,20910.0,229.0,15690.0
2019-08-23,205.0,17130.0,16830.0,19730.0,14500.0,14070.0,14240.0,,18950.0,20800.0,20910.0,229.0,15690.0
2019-08-24,205.0,17130.0,16830.0,19730.0,14500.0,14070.0,14240.0,,18950.0,20800.0,20910.0,229.0,15690.0
2019-08-25,205.0,17130.0,16830.0,19730.0,14500.0,14070.0,14240.0,,18950.0,20800.0,20910.0,229.0,15690.0
2019-08-26,205.0,17130.0,16830.0,19730.0,14500.0,14070.0,14240.0,,18950.0,20800.0,20910.0,229.0,15690.0
2019-08-27,205.0,17130.0,16830.0,19730.0,14500.0,14070.0,14240.0,,18950.0,20800.0,20910.0,229.0,15690.0
2019-08-28,205.0,17130.0,16830.0,19730.0,14500.0,14070.0,14240.0,,18950.0,20800.0,20910.0,229.0,15690.0
2019-08-29,205.0,17130.0,16830.0,19730.0,14500.0,14070.0,14240.0,,18950.0,20800.0,20910.0,229.0,15690.0
2019-08-30,205.0,17130.0,16830.0,19730.0,14500.0,14070.0,14240.0,,18950.0,20800.0,20910.0,229.0,15690.0
2019-08-31,205.0,16960.0,16650.0,19600.0,14240.0,13820.0,13990.0,,18950.0,20630.0,20730.0,229.0,15620.0
2019-09-01,205.0,16960.0,16650.0,19600.0,14240.0,13820.0,13990.0,,18950.0,20630.0,20730.0,229.0,15620.0
2019-09-02,205.0,16960.0,16650.0,19600.0,14240.0,13820.0,13990.0,,18950.0,20630.0,20730.0,229.0,15620.0
2019-09-03,205.0,16960.0,16650.0,19600.0,14240.0,13820.0,13990.0,,18950.0,20630.0,20730.0,229.0,15620.0
2019-09-04,205.0,16960.0,16650.0,19600.0,14240.0,13820.0,13990.0,,18950.0,20630.0,20730.0,229.0,15620.0
2019-09-05,205.0,16960.0,16650.0,19600.0,14240.0,13820.0,13990.0,,18950.0,20630.0,20730.0,229.0,15620.0
2019-09-06,205.0,16960.0,16650.0,19600.0,14240.0,13820.0,13990.0,,18950.0,20630.0,20730.0,229.0,15620.0
2019-09-07,205.0,16960.0,16650.0,19600.0,14240.0,13820.0,13990.0,,18950.0,20630.0,20730.0,229.0,15620.0
2019-09-08,205.0,16960.0,16650.0,19600.0,14240.0,13820.0,13990.0,,18950.0,20630.0,20730.0,229.0,15620.0
2019-09-09,205.0,16960.0,16650.0,19600.0,14240.0,13820.0,13990.0,,18950.0,20630.0,20730.0,229.0,15620.0
2019-09-10,205.0,16960.0,16650.0,19600.0,14240.0,13820.0,13990.0,,18950.0,20630.0,20730.0,229.0,15620.0
2019-09-11,205.0,16960.0,16650.0,19600.0,14240.0,13820.0,13990.0,,18950.0,20630.0,20730.0,229.0,15620.0
2019-09-12,205.0,16960.0,16650.0,19600.0,14240.0,13820.0,13990.0,,18950.0,20630.0,20730.0,229.0,15620.0
2019-09-13,205.0,16960.0,16650.0,19600.0,14240.0,13820.0,13990.0,,18950.0,20630.0,20730.0,229.0,15620.0
2019-09-14,205.0,16960.0,16650.0,19600.0,14240.0,13820.0,13990.0,,18950.0,20630.0,20730.0,229.0,15620.0
2019-09-15,205.0,16960.0,16650.0,19600.0,14240.0,13820.0,13990.0,,18950.0,20630.0,20730.0,229.0,15620.0
2019-09-16,205.0,16830.0,16520.0,19490.0,14520.0,14090.0,14260.0,,18950.0,20540.0,20640.0,229.0,15660.0
2019-09-17,205.0,16830.0,16520.0,19490.0,14520.0,14090.0,14260.0,,18950.0,20540.0,20640.0,229.0,15660.0
2019-09-18,205.0,16830.0,16520.0,19490.0,14520.0,14090.0,14260.0,,18950.0,20540.0,20640.0,229.0,15660.0
2019-09-19,205.0,16830.0,16520.0,19490.0,14520.0,14090.0,14260.0,,18950.0,20540.0,20640.0,229.0,15660.0
2019-09-20,205.0,16830.0,16520.0,19490.0,14520.0,14090.0,14260.0,,18950.0,20540.0,20640.0,229.0,15660.0
2019-09-21,205.0,16830.0,16520.0,19490.0,14520.0,14090.0,14260.0,,18950.0,20540.0,20640.0,229.0,15660.0
2019-09-22,205.0,16830.0,16520.0,19490.0,14520.0,14090.0,14260.0,,18950.0,20540.0,20640.0,229.0,15660.0
2019-09-23,205.0,16830.0,16520.0,19490.0,14520.0,14090.0,14260.0,,18950.0,20540.0,20640.0,229.0,15660.0
2019-09-24,205.0,16830.0,16520.0,19490.0,14520.0,14090.0,14260.0,,18950.0,20540.0,20640.0,229.0,15660.0
2019-09-25,205.0,16830.0,16520.0,19490.0,14520.0,14090.0,14260.0,,18950.0,20540.0,20640.0,229.0,15660.0
2019-09-26,205.0,16830.0,16520.0,19490.0,14520.0,14090.0,14260.0,,18950.0,20540.0,20640.0,229.0,15660.0
2019-09-27,205.0,16830.0,16520.0,19490.0,14520.0,14090.0,14260.0,,18950.0,20540.0,20640.0,229.0,15660.0
2019-09-28,205.0,16830.0,16520.0,19490.0,14520.0,14090.0,14260.0,,18950.0,20540.0,20640.0,229.0,15660.0
2019-09-29,205.0,16830.0,16520.0,19490.0,14520.0,14090.0,14260.0,,18950.0,20540.0,20640.0,229.0,15660.0
2019-09-30,205.0,16830.0,16520.0,19490.0,14520.0,14090.0,14260.0,,18950.0,20540.0,20640.0,229.0,15660.0
2019-10-01,205.0,17260.0,16960.0,20170.0,15360.0,14910.0,15100.0,,18950.0,21480.0,21580.0,229.0,16090.0
2019-10-02,205.0,17260.0,16960.0,20170.0,15360.0,14910.0,15100.0,,18950.0,21480.0,21580.0,229.0,16090.0
2019-10-03,205.0,17260.0,16960.0,20170.0,15360.0,14910.0,15100.0,,18950.0,21480.0,21580.0,229.0,16090.0
2019-10-04,205.0,17260.0,16960.0,20170.0,15360.0,14910.0,15100.0,,18950.0,21480.0,21580.0,229.0,16090.0
2019-10-05,205.0,17260.0,16960.0,20170.0,15360.0,14910.0,15100.0,,18950.0,21480.0,21580.0,229.0,16090.0
2019-10-06,205.0,17260.0,16960.0,20170.0,15360.0,14910.0,15100.0,,18950.0,21480.0,21580.0,229.0,16090.0
2019-10-07,205.0,17260.0,16960.0,20170.0,15360.0,14910.0,15100.0,,18950.0,21480.0,21580.0,229.0,16090.0
2019-10-08,205.0,17260.0,16960.0,20170.0,15360.0,14910.0,15100.0,,18950.0,21480.0,21580.0,229.0,16090.0
2019-10-09,205.0,17260.0,16960.0,20170.0,15360.0,14910.0,15100.0,,18950.0,21480.0,21580.0,229.0,16090.0
2019-10-10,205.0,17260.0,16960.0,20170.0,15360.0,14910.0,15100.0,,18950.0,21480.0,21580.0,229.0,16090.0
2019-10-11,205.0,17260.0,16960.0,20170.0,15360.0,14910.0,15100.0,,18950.0,21480.0,21580.0,229.0,16090.0
2019-10-12,205.0,17260.0,16960.0,20170.0,15360.0,14910.0,15100.0,,18950.0,21480.0,21580.0,229.0,16090.0
2019-10-13,205.0,17260.0,16960.0,20170.0,15360.0,14910.0,15100.0,,18950.0,21480.0,21580.0,229.0,16090.0
2019-10-14,205.0,17260.0,16960.0,20170.0,15360.0,14910.0,15100.0,,18950.0,21480.0,21580.0,229.0,16090.0
2019-10-15,205.0,17260.0,16960.0,20170.0,15360.0,14910.0,15100.0,,18950.0,21480.0,21580.0,229.0,16090.0
2019-10-16,205.0,16850.0,16540.0,19850.0,13210.0,12810.0,12960.0,,18950.0,21200.0,21300.0,229.0,15550.0
2019-10-17,205.0,16850.0,16540.0,19850.0,13210.0,12810.0,12960.0,,18950.0,21200.0,21300.0,229.0,15550.0
2019-10-18,205.0,16850.0,16540.0,19850.0,13210.0,12810.0,12960.0,,18950.0,21200.0,21300.0,229.0,15550.0
2019-10-19,205.0,16850.0,16540.0,19850.0,13210.0,12810.0,12960.0,,18950.0,21200.0,21300.0,229.0,15550.0
2019-10-20,205.0,16850.0,16540.0,19850.0,13210.0,12810.0,12960.0,,18950.0,21200.0,21300.0,229.0,15550.0
2019-10-21,205.0,16850.0,16540.0,19850.0,13210.0,12810.0,12960.0,,18950.0,21200.0,21300.0,229.0,15550.0
2019-10-22,205.0,16850.0,16540.0,19850.0,13210.0,12810.0,12960.0,,18950.0,21200.0,21300.0,229.0,15550.0
2019-10-23,205.0,16850.0,16540.0,19850.0,13210.0,12810.0,12960.0,,18950.0,21200.0,21300.0,229.0,15550.0
2019-10-24,205.0,16850.0,16540.0,19850.0,13210.0,12810.0,12960.0,,18950.0,21200.0,21300.0,229.0,15550.0
2019-10-25,205.0,16850.0,16540.0,19850.0,13210.0,12810.0,12960.0,,18950.0,21200.0,21300.0,229.0,15550.0
2019-10-26,205.0,16850.0,16540.0,19850.0,13210.0,12810.0,12960.0,,18950.0,21200.0,21300.0,229.0,15550.0
2019-10-27,205.0,16850.0,16540.0,19850.0,13210.0,12810.0,12960.0,,18950.0,21200.0,21300.0,229.0,15550.0
2019-10-28,205.0,16850.0,16540.0,19850.0,13210.0,12810.0,12960.0,,18950.0,21200.0,21300.0,229.0,15550.0
2019-10-29,205.0,16850.0,16540.0,19850.0,13210.0,12810.0,12960.0,,18950.0,21200.0,21300.0,229.0,15550.0
2019-10-30,205.0,16850.0,16540.0,19850.0,13210.0,12810.0,12960.0,,18950.0,21200.0,21300.0,229.0,15550.0
2019-10-31,205.0,16670.0,16370.0,19630.0,13270.0,12510.0,12700.0,,18950.0,20840.0,20950.0,229.0,15430.0
2019-11-01,205.0,16670.0,16370.0,19630.0,13270.0,12510.0,12700.0,,18950.0,20840.0,20950.0,229.0,15430.0
2019-11-02,205.0,16670.0,16370.0,19630.0,13270.0,12510.0,12700.0,,18950.0,20840.0,20950.0,229.0,15430.0
2019-11-03,205.0,16670.0,16370.0,19630.0,13270.0,12510.0,12700.0,,18950.0,20840.0,20950.0,229.0,15430.0
2019-11-04,205.0,16670.0,16370.0,19630.0,13270.0,12510.0,12700.0,,18950.0,20840.0,20950.0,229.0,15430.0
2019-11-05,205.0,16670.0,16370.0,19630.0,13270.0,12510.0,12700.0,,18950.0,20840.0,20950.0,229.0,15430.0
2019-11-06,205.0,16670.0,16370.0,19630.0,13270.0,12510.0,12700.0,,18950.0,20840.0,20950.0,229.0,15430.0
2019-11-07,205.0,16670.0,16370.0,19630.0,13270.0,12510.0,12700.0,,18950.0,20840.0,20950.0,229.0,15430.0
2019-11-08,205.0,16670.0,16370.0,19630.0,13270.0,12510.0,12700.0,,18950.0,20840.0,20950.0,229.0,15430.0
2019-11-09,205.0,16670.0,16370.0,19630.0,13270.0,12510.0,12700.0,,18950.0,20840.0,20950.0,229.0,15430.0
2019-11-10,205.0,16670.0,16370.0,19630.0,13270.0,12510.0,12700.0,,18950.0,20840.0,20950.0,229.0,15430.0
2019-11-11,205.0,16670.0,16370.0,19630.0,13270.0,12510.0,12700.0,,18950.0,20840.0,20950.0,229.0,15430.0
2019-11-12,205.0,16670.0,16370.0,19630.0,13270.0,12510.0,12700.0,,18950.0,20840.0,20950.0,229.0,15430.0
2019-11-13,205.0,16670.0,16370.0,19630.0,13270.0,12510.0,12700.0,,18950.0,20840.0,20950.0,229.0,15430.0
2019-11-14,205.0,16670.0,16370.0,19630.0,13270.0,12510.0,12700.0,,18950.0,20840.0,20950.0,229.0,15430.0
2019-11-15,205.0,16580.0,16270.0,19890.0,12680.0,11940.0,12120.0,,18950.0,21200.0,21300.0,229.0,15250.0
2019-11-16,205.0,16580.0,16270.0,19890.0,12680.0,11940.0,12120.0,,18950.0,21200.0,21300.0,229.0,15250.0
2019-11-17,205.0,16580.0,16270.0,19890.0,12680.0,11940.0,12120.0,,18950.0,21200.0,21300.0,229.0,15250.0
2019-11-18,205.0,16580.0,16270.0,19890.0,12680.0,11940.0,12120.0,,18950.0,21200.0,21300.0,229.0,15250.0
2019-11-19,205.0,16580.0,16270.0,19890.0,12680.0,11940.0,12120.0,,18950.0,21200.0,21300.0,229.0,15250.0
2019-11-20,205.0,16580.0,16270.0,19890.0,12680.0,11940.0,12120.0,,18950.0,21200.0,21300.0,229.0,15250.0
2019-11-21,205.0,16580.0,16270.0,19890.0,12680.0,11940.0,12120.0,,18950.0,21200.0,21300.0,229.0,15250.0
2019-11-22,205.0,16580.0,16270.0,19890.0,12680.0,11940.0,12120.0,,18950.0,21200.0,21300.0,229.0,15250.0
2019-11-23,205.0,16580.0,16270.0,19890.0,12680.0,11940.0,12120.0,,18950.0,21200.0,21300.0,229.0,15250.0
2019-11-24,205.0,16580.0,16270.0,19890.0,12680.0,11940.0,12120.0,,18950.0,21200.0,21300.0,229.0,15250.0
2019-11-25,205.0,16580.0,16270.0,19890.0,12680.0,11940.0,12120.0,,18950.0,21200.0,21300.0,229.0,15250.0
2019-11-26,205.0,16580.0,16270.0,19890.0,12680.0,11940.0,12120.0,,18950.0,21200.0,21300.0,229.0,15250.0
2019-11-27,205.0,16580.0,16270.0,19890.0,12680.0,11940.0,12120.0,,18950.0,21200.0,21300.0,229.0,15250.0
2019-11-28,205.0,16580.0,16270.0,19890.0,12680.0,11940.0,12120.0,,18950.0,21200.0,21300.0,229.0,15250.0
2019-11-29,205.0,16580.0,16270.0,19890.0,12680.0,11940.0,12120.0,,18950.0,21200.0,21300.0,229.0,15250.0
2019-11-30,205.0,16600.0,16290.0,20200.0,12930.0,11180.0,11350.0,,18950.0,21490.0,21590.0,229.0,15250.0
2019-12-01,205.0,16600.0,16290.0,20200.0,12930.0,11180.0,11350.0,,18950.0,21490.0,21590.0,229.0,15250.0
2019-12-02,205.0,16600.0,16290.0,20200.0,12930.0,11180.0,11350.0,,18950.0,21490.0,21590.0,229.0,15250.0
2019-12-03,205.0,16600.0,16290.0,20200.0,12930.0,11180.0,11350.0,,18950.0,21490.0,21590.0,229.0,15250.0
2019-12-04,205.0,16600.0,16290.0,20200.0,12930.0,11180.0,11350.0,,18950.0,21490.0,21590.0,229.0,15250.0
2019-12-05,205.0,16600.0,16290.0,20200.0,12930.0,11180.0,11350.0,,18950.0,21490.0,21590.0,229.0,15250.0
2019-12-06,205.0,16600.0,16290.0,20200.0,12930.0,11180.0,11350.0,,18950.0,21490.0,21590.0,229.0,15250.0
2019-12-07,205.0,16600.0,16290.0,20200.0,12930.0,11180.0,11350.0,,18950.0,21490.0,21590.0,229.0,15250.0
2019-12-08,205.0,16600.0,16290.0,20200.0,12930.0,11180.0,11350.0,,18950.0,21490.0,21590.0,229.0,15250.0
2019-12-09,205.0,16600.0,16290.0,20200.0,12930.0,11180.0,11350.0,,18950.0,21490.0,21590.0,229.0,15250.0
2019-12-10,205.0,16600.0,16290.0,20200.0,12930.0,11180.0,11350.0,,18950.0,21490.0,21590.0,229.0,15250.0
2019-12-11,205.0,16600.0,16290.0,20200.0,12930.0,11180.0,11350.0,,18950.0,21490.0,21590.0,229.0,15250.0
2019-12-12,205.0,16600.0,16290.0,20200.0,12930.0,11180.0,11350.0,,18950.0,21490.0,21590.0,229.0,15250.0
2019-12-13,205.0,16600.0,16290.0,20200.0,12930.0,11180.0,11350.0,,18950.0,21490.0,21590.0,229.0,15250.0
2019-12-14,205.0,16600.0,16290.0,20200.0,12930.0,11180.0,11350.0,,18950.0,21490.0,21590.0,229.0,15250.0
2019-12-15,205.0,16600.0,16290.0,20200.0,12930.0,11180.0,11350.0,,18950.0,21490.0,21590.0,229.0,15250.0
2019-12-16,205.0,16680.0,16380.0,20110.0,13100.0,11350.0,11520.0,,18950.0,21290.0,21390.0,229.0,15310.0
2019-12-17,205.0,16680.0,16380.0,20110.0,13100.0,11350.0,11520.0,,18950.0,21290.0,21390.0,229.0,15310.0
2019-12-18,205.0,16680.0,16380.0,20110.0,13100.0,11350.0,11520.0,,18950.0,21290.0,21390.0,229.0,15310.0
2019-12-19,205.0,16680.0,16380.0,20110.0,13100.0,11350.0,11520.0,,18950.0,21290.0,21390.0,229.0,15310.0
2019-12-20,205.0,16680.0,16380.0,20110.0,13100.0,11350.0,11520.0,,18950.0,21290.0,21390.0,229.0,15310.0
2019-12-21,205.0,16680.0,16380.0,20110.0,13100.0,11350.0,11520.0,,18950.0,21290.0,21390.0,229.0,15310.0
2019-12-22,205.0,16680.0,16380.0,20110.0,13100.0,11350.0,11520.0,,18950.0,21290.0,21390.0,229.0,15310.0
2019-12-23,205.0,16680.0,16380.0,20110.0,13100.0,11350.0,11520.0,,18950.0,21290.0,21390.0,229.0,15310.0
2019-12-24,205.0,16680.0,16380.0,20110.0,13100.0,11350.0,11520.0,,18950.0,21290.0,21390.0,229.0,15310.0
2019-12-25,205.0,16680.0,16380.0,20110.0,13100.0,11350.0,11520.0,,18950.0,21290.0,21390.0,229.0,15310.0
2019-12-26,205.0,16680.0,16380.0,20110.0,13100.0,11350.0,11520.0,,18950.0,21290.0,21390.0,229.0,15310.0
2019-12-27,205.0,16680.0,16380.0,20110.0,13100.0,11350.0,11520.0,,18950.0,21290.0,21390.0,229.0,15310.0
2019-12-28,205.0,16680.0,16380.0,20110.0,13100.0,11350.0,11520.0,,18950.0,21290.0,21390.0,229.0,15310.0
2019-12-29,205.0,16680.0,16380.0,20110.0,13100.0,11350.0,11520.0,,18950.0,21290.0,21390.0,229.0,15310.0
2019-12-30,205.0,16680.0,16380.0,20110.0,13100.0,11350.0,11520.0,,18950.0,21290.0,21390.0,229.0,15310.0
2019-12-31,205.0,17220.0,16920.0,20270.0,13680.0,11920.0,12100.0,18570.0,18950.0,21400.0,21510.0,229.0,15890.0
