date,Brent,DO_0001S,DO_005S,E5_RON92,FO_30S,FO_35S,FO_380,FO_other,RON92,RON95,RON95_IV,WTI,dau_hoa
2017-01-04,197.0,,13750.0,17320.0,11520.0,11120.0,11020.0,,17590.0,18290.0,18440.0,215.0,12250.0
2017-01-05,197.0,,13750.0,17320.0,11520.0,11120.0,11020.0,,17590.0,18290.0,18440.0,215.0,12250.0
2017-01-06,197.0,,13750.0,17320.0,11520.0,11120.0,11020.0,,17590.0,18290.0,18440.0,215.0,12250.0
2017-01-07,197.0,,13750.0,17320.0,11520.0,11120.0,11020.0,,17590.0,18290.0,18440.0,215.0,12250.0
2017-01-08,197.0,,13750.0,17320.0,11520.0,11120.0,11020.0,,17590.0,18290.0,18440.0,215.0,12250.0
2017-01-09,197.0,,13750.0,17320.0,11520.0,11120.0,11020.0,,17590.0,18290.0,18440.0,215.0,12250.0
2017-01-10,197.0,,13750.0,17320.0,11520.0,11120.0,11020.0,,17590.0,18290.0,18440.0,215.0,12250.0
2017-01-11,197.0,,13750.0,17320.0,11520.0,11120.0,11020.0,,17590.0,18290.0,18440.0,215.0,12250.0
2017-01-12,197.0,,13750.0,17320.0,11520.0,11120.0,11020.0,,17590.0,18290.0,18440.0,215.0,12250.0
2017-01-13,197.0,,13750.0,17320.0,11520.0,11120.0,11020.0,,17590.0,18290.0,18440.0,215.0,12250.0
2017-01-14,197.0,,13750.0,17320.0,11520.0,11120.0,11020.0,,17590.0,18290.0,18440.0,215.0,12250.0
2017-01-15,197.0,,13750.0,17320.0,11520.0,11120.0,11020.0,,17590.0,18290.0,18440.0,215.0,12250.0
2017-01-16,197.0,,13750.0,17320.0,11520.0,11120.0,11020.0,,17590.0,18290.0,18440.0,215.0,12250.0
2017-01-17,197.0,,13750.0,17320.0,11520.0,11120.0,11020.0,,17590.0,18290.0,18440.0,215.0,12250.0
2017-01-18,197.0,,13750.0,17320.0,11520.0,11120.0,11020.0,,17590.0,18290.0,18440.0,215.0,12250.0
2017-01-19,197.0,,14040.0,17320.0,12020.0,11620.0,11520.0,,17590.0,18290.0,18440.0,215.0,12600.0
2017-01-20,197.0,,14040.0,17320.0,12020.0,11620.0,11520.0,,17590.0,18290.0,18440.0,215.0,12600.0
2017-01-21,197.0,,14040.0,17320.0,12020.0,11620.0,11520.0,,17590.0,18290.0,18440.0,215.0,12600.0
2017-01-22,197.0,,14040.0,17320.0,12020.0,11620.0,11520.0,,17590.0,18290.0,18440.0,215.0,12600.0
2017-01-23,197.0,,14040.0,17320.0,12020.0,11620.0,11520.0,,17590.0,18290.0,18440.0,215.0,12600.0
2017-01-24,197.0,,14040.0,17320.0,12020.0,11620.0,11520.0,,17590.0,18290.0,18440.0,215.0,12600.0
2017-01-25,197.0,,14040.0,17320.0,12020.0,11620.0,11520.0,,17590.0,18290.0,18440.0,215.0,12600.0
2017-01-26,197.0,,14040.0,17320.0,12020.0,11620.0,11520.0,,17590.0,18290.0,18440.0,215.0,12600.0
2017-01-27,197.0,,14040.0,17320.0,12020.0,11620.0,11520.0,,17590.0,18290.0,18440.0,215.0,12600.0
2017-01-28,197.0,,14040.0,17320.0,12020.0,11620.0,11520.0,,17590.0,18290.0,18440.0,215.0,12600.0
2017-01-29,197.0,,14040.0,17320.0,12020.0,11620.0,11520.0,,17590.0,18290.0,18440.0,215.0,12600.0
2017-01-30,197.0,,14040.0,17320.0,12020.0,11620.0,11520.0,,17590.0,18290.0,18440.0,215.0,12600.0
2017-01-31,197.0,,14040.0,17320.0,12020.0,11620.0,11520.0,,17590.0,18290.0,18440.0,215.0,12600.0
2017-02-01,197.0,,14040.0,17320.0,12020.0,11620.0,11520.0,,17590.0,18290.0,18440.0,215.0,12600.0
2017-02-02,197.0,,14040.0,17320.0,12020.0,11620.0,11520.0,,17590.0,18290.0,18440.0,215.0,12600.0
2017-02-03,197.0,,14020.0,17320.0,11600.0,11200.0,11100.0,,17590.0,18290.0,18440.0,215.0,12520.0
2017-02-04,197.0,,14020.0,17320.0,11600.0,11200.0,11100.0,,17590.0,18290.0,18440.0,215.0,12520.0
2017-02-05,197.0,,14020.0,17320.0,11600.0,11200.0,11100.0,,17590.0,18290.0,18440.0,215.0,12520.0
2017-02-06,197.0,,14020.0,17320.0,11600.0,11200.0,11100.0,,17590.0,18290.0,18440.0,215.0,12520.0
2017-02-07,197.0,,14020.0,17320.0,11600.0,11200.0,11100.0,,17590.0,18290.0,18440.0,215.0,12520.0
2017-02-08,197.0,,14020.0,17320.0,11600.0,11200.0,11100.0,,17590.0,18290.0,18440.0,215.0,12520.0
2017-02-09,197.0,,14020.0,17320.0,11600.0,11200.0,11100.0,,17590.0,18290.0,18440.0,215.0,12520.0
2017-02-10,197.0,,14020.0,17320.0,11600.0,11200.0,11100.0,,17590.0,18290.0,18440.0,215.0,12520.0
2017-02-11,197.0,,14020.0,17320.0,11600.0,11200.0,11100.0,,17590.0,18290.0,18440.0,215.0,12520.0
2017-02-12,197.0,,14020.0,17320.0,11600.0,11200.0,11100.0,,17590.0,18290.0,18440.0,215.0,12520.0
2017-02-13,197.0,,14020.0,17320.0,11600.0,11200.0,11100.0,,17590.0,18290.0,18440.0,215.0,12520.0
2017-02-14,197.0,,14020.0,17320.0,11600.0,11200.0,11100.0,,17590.0,18290.0,18440.0,215.0,12520.0
2017-02-15,197.0,,14020.0,17320.0,11600.0,11200.0,11100.0,,17590.0,18290.0,18440.0,215.0,12520.0
2017-02-16,197.0,,14020.0,17320.0,11600.0,11200.0,11100.0,,17590.0,18290.0,18440.0,215.0,12520.0
2017-02-17,197.0,,14020.0,17320.0,11600.0,11200.0,11100.0,,17590.0,18290.0,18440.0,215.0,12520.0
2017-02-18,197.0,,14300.0,17810.0,11720.0,11320.0,11220.0,,18090.0,18790.0,18940.0,215.0,12750.0
2017-02-19,197.0,,14300.0,17810.0,11720.0,11320.0,11220.0,,18090.0,18790.0,18940.0,215.0,12750.0
2017-02-20,197.0,,14300.0,17810.0,11720.0,11320.0,11220.0,,18090.0,18790.0,18940.0,215.0,12750.0
2017-02-21,197.0,,14300.0,17810.0,11720.0,11320.0,11220.0,,18090.0,18790.0,18940.0,215.0,12750.0
2017-02-22,197.0,,14300.0,17810.0,11720.0,11320.0,11220.0,,18090.0,18790.0,18940.0,215.0,12750.0
2017-02-23,197.0,,14300.0,17810.0,11720.0,11320.0,11220.0,,18090.0,18790.0,18940.0,215.0,12750.0
2017-02-24,197.0,,14300.0,17810.0,11720.0,11320.0,11220.0,,18090.0,18790.0,18940.0,215.0,12750.0
2017-02-25,197.0,,14300.0,17810.0,11720.0,11320.0,11220.0,,18090.0,18790.0,18940.0,215.0,12750.0
2017-02-26,197.0,,14300.0,17810.0,11720.0,11320.0,11220.0,,18090.0,18790.0,18940.0,215.0,12750.0
2017-02-27,197.0,,14300.0,17810.0,11720.0,11320.0,11220.0,,18090.0,18790.0,18940.0,215.0,12750.0
2017-02-28,197.0,,14300.0,17810.0,11720.0,11320.0,11220.0,,18090.0,18790.0,18940.0,215.0,12750.0
2017-03-01,197.0,,14300.0,17810.0,11720.0,11320.0,11220.0,,18090.0,18790.0,18940.0,215.0,12750.0
2017-03-02,197.0,,14300.0,17810.0,11720.0,11320.0,11220.0,,18090.0,18790.0,18940.0,215.0,12750.0
2017-03-03,197.0,,14300.0,17810.0,11720.0,11320.0,11220.0,,18090.0,18790.0,18940.0,215.0,12750.0
2017-03-04,197.0,,14300.0,17810.0,11720.0,11320.0,11220.0,,18090.0,18790.0,18940.0,215.0,12750.0
2017-03-05,197.0,,14300.0,17810.0,11720.0,11320.0,11220.0,,18090.0,18790.0,18940.0,215.0,12750.0
2017-03-06,197.0,,14440.0,17760.0,11770.0,11370.0,11270.0,,18020.0,18720.0,18870.0,215.0,12830.0
2017-03-07,197.0,,14440.0,17760.0,11770.0,11370.0,11270.0,,18020.0,18720.0,18870.0,215.0,12830.0
2017-03-08,197.0,,14440.0,17760.0,11770.0,11370.0,11270.0,,18020.0,18720.0,18870.0,215.0,12830.0
2017-03-09,197.0,,14440.0,17760.0,11770.0,11370.0,11270.0,,18020.0,18720.0,18870.0,215.0,12830.0
2017-03-10,197.0,,14440.0,17760.0,11770.0,11370.0,11270.0,,18020.0,18720.0,18870.0,215.0,12830.0
2017-03-11,197.0,,14440.0,17760.0,11770.0,11370.0,11270.0,,18020.0,18720.0,18870.0,215.0,12830.0
2017-03-12,197.0,,14440.0,17760.0,11770.0,11370.0,11270.0,,18020.0,18720.0,18870.0,215.0,12830.0
2017-03-13,197.0,,14440.0,17760.0,11770.0,11370.0,11270.0,,18020.0,18720.0,18870.0,215.0,12830.0
2017-03-14,197.0,,14440.0,17760.0,11770.0,11370.0,11270.0,,18020.0,18720.0,18870.0,215.0,12830.0
2017-03-15,197.0,,14440.0,17760.0,11770.0,11370.0,11270.0,,18020.0,18720.0,18870.0,215.0,12830.0
2017-03-16,197.0,,14440.0,17760.0,11770.0,11370.0,11270.0,,18020.0,18720.0,18870.0,215.0,12830.0
2017-03-17,197.0,,14440.0,17760.0,11770.0,11370.0,11270.0,,18020.0,18720.0,18870.0,215.0,12830.0
2017-03-18,197.0,,14440.0,17760.0,11770.0,11370.0,11270.0,,18020.0,18720.0,18870.0,215.0,12830.0
2017-03-19,197.0,,14440.0,17760.0,11770.0,11370.0,11270.0,,18020.0,18720.0,18870.0,215.0,12830.0
2017-03-20,197.0,,14440.0,17760.0,11770.0,11370.0,11270.0,,18020.0,18720.0,18870.0,215.0,12830.0
2017-03-21,197.0,,13830.0,17090.0,11250.0,10850.0,10750.0,,17310.0,18010.0,18160.0,215.0,12170.0
2017-03-22,197.0,,13830.0,17090.0,11250.0,10850.0,10750.0,,17310.0,18010.0,18160.0,215.0,12170.0
2017-03-23,197.0,,13830.0,17090.0,11250.0,10850.0,10750.0,,17310.0,18010.0,18160.0,215.0,12170.0
2017-03-24,197.0,,13830.0,17090.0,11250.0,10850.0,10750.0,,17310.0,18010.0,18160.0,215.0,12170.0
2017-03-25,197.0,,13830.0,17090.0,11250.0,10850.0,10750.0,,17310.0,18010.0,18160.0,215.0,12170.0
2017-03-26,197.0,,13830.0,17090.0,11250.0,10850.0,10750.0,,17310.0,18010.0,18160.0,215.0,12170.0
2017-03-27,197.0,,13830.0,17090.0,11250.0,10850.0,10750.0,,17310.0,18010.0,18160.0,215.0,12170.0
2017-03-28,197.0,,13830.0,17090.0,11250.0,10850.0,10750.0,,17310.0,18010.0,18160.0,215.0,12170.0
2017-03-29,197.0,,13830.0,17090.0,11250.0,10850.0,10750.0,,17310.0,18010.0,18160.0,215.0,12170.0
2017-03-30,197.0,,13830.0,17090.0,11250.0,10850.0,10750.0,,17310.0,18010.0,18160.0,215.0,12170.0
2017-03-31,197.0,,13830.0,17090.0,11250.0,10850.0,10750.0,,17310.0,18010.0,18160.0,215.0,12170.0
2017-04-01,197.0,,13830.0,17090.0,11250.0,10850.0,10750.0,,17310.0,18010.0,18160.0,215.0,12170.0
2017-04-02,197.0,,13830.0,17090.0,11250.0,10850.0,10750.0,,17310.0,18010.0,18160.0,215.0,12170.0
2017-04-03,197.0,,13830.0,17090.0,11250.0,10850.0,10750.0,,17310.0,18010.0,18160.0,215.0,12170.0
2017-04-04,197.0,,13830.0,17090.0,11250.0,10850.0,10750.0,,17310.0,18010.0,18160.0,215.0,12170.0
2017-04-05,197.0,,13460.0,17030.0,11010.0,10610.0,10510.0,,17230.0,17930.0,18080.0,215.0,11980.0
2017-04-06,197.0,,13460.0,17030.0,11010.0,10610.0,10510.0,,17230.0,17930.0,18080.0,215.0,11980.0
2017-04-07,197.0,,13460.0,17030.0,11010.0,10610.0,10510.0,,17230.0,17930.0,18080.0,215.0,11980.0
2017-04-08,197.0,,13460.0,17030.0,11010.0,10610.0,10510.0,,17230.0,17930.0,18080.0,215.0,11980.0
2017-04-09,197.0,,13460.0,17030.0,11010.0,10610.0,10510.0,,17230.0,17930.0,18080.0,215.0,11980.0
2017-04-10,197.0,,13460.0,17030.0,11010.0,10610.0,10510.0,,17230.0,17930.0,18080.0,215.0,11980.0
2017-04-11,197.0,,13460.0,17030.0,11010.0,10610.0,10510.0,,17230.0,17930.0,18080.0,215.0,11980.0
2017-04-12,197.0,,13460.0,17030.0,11010.0,10610.0,10510.0,,17230.0,17930.0,18080.0,215.0,11980.0
2017-04-13,197.0,,13460.0,17030.0,11010.0,10610.0,10510.0,,17230.0,17930.0,18080.0,215.0,11980.0
2017-04-14,197.0,,13460.0,17030.0,11010.0,10610.0,10510.0,,17230.0,17930.0,18080.0,215.0,11980.0
2017-04-15,197.0,,13460.0,17030.0,11010.0,10610.0,10510.0,,17230.0,17930.0,18080.0,215.0,11980.0
2017-04-16,197.0,,13460.0,17030.0,11010.0,10610.0,10510.0,,17230.0,17930.0,18080.0,215.0,11980.0
2017-04-17,197.0,,13460.0,17030.0,11010.0,10610.0,10510.0,,17230.0,17930.0,18080.0,215.0,11980.0
2017-04-18,197.0,,13460.0,17030.0,11010.0,10610.0,10510.0,,17230.0,17930.0,18080.0,215.0,11980.0
2017-04-19,197.0,,13460.0,17030.0,11010.0,10610.0,10510.0,,17230.0,17930.0,18080.0,215.0,11980.0
2017-04-20,197.0,,13810.0,17380.0,11360.0,10960.0,10860.0,,17580.0,18280.0,18430.0,215.0,12330.0
2017-04-21,197.0,,13810.0,17380.0,11360.0,10960.0,10860.0,,17580.0,18280.0,18430.0,215.0,12330.0
2017-04-22,197.0,,13810.0,17380.0,11360.0,10960.0,10860.0,,17580.0,18280.0,18430.0,215.0,12330.0
2017-04-23,197.0,,13810.0,17380.0,11360.0,10960.0,10860.0,,17580.0,18280.0,18430.0,215.0,12330.0
2017-04-24,197.0,,13810.0,17380.0,11360.0,10960.0,10860.0,,17580.0,18280.0,18430.0,215.0,12330.0
2017-04-25,197.0,,13810.0,17380.0,11360.0,10960.0,10860.0,,17580.0,18280.0,18430.0,215.0,12330.0
2017-04-26,197.0,,13810.0,17380.0,11360.0,10960.0,10860.0,,17580.0,18280.0,18430.0,215.0,12330.0
2017-04-27,197.0,,13810.0,17380.0,11360.0,10960.0,10860.0,,17580.0,18280.0,18430.0,215.0,12330.0
2017-04-28,197.0,,13810.0,17380.0,11360.0,10960.0,10860.0,,17580.0,18280.0,18430.0,215.0,12330.0
2017-04-29,197.0,,13810.0,17380.0,11360.0,10960.0,10860.0,,17580.0,18280.0,18430.0,215.0,12330.0
2017-04-30,197.0,,13810.0,17380.0,11360.0,10960.0,10860.0,,17580.0,18280.0,18430.0,215.0,12330.0
2017-05-01,197.0,,13810.0,17380.0,11360.0,10960.0,10860.0,,17580.0,18280.0,18430.0,215.0,12330.0
2017-05-02,197.0,,13810.0,17380.0,11360.0,10960.0,10860.0,,17580.0,18280.0,18430.0,215.0,12330.0
2017-05-03,197.0,,13810.0,17380.0,11360.0,10960.0,10860.0,,17580.0,18280.0,18430.0,215.0,12330.0
2017-05-04,197.0,,13810.0,17380.0,11360.0,10960.0,10860.0,,17580.0,18280.0,18430.0,215.0,12330.0
2017-05-05,197.0,,13600.0,17060.0,11050.0,10900.0,10800.0,,17270.0,17970.0,18120.0,215.0,12050.0
2017-05-06,197.0,,13600.0,17060.0,11050.0,10900.0,10800.0,,17270.0,17970.0,18120.0,215.0,12050.0
2017-05-07,197.0,,13600.0,17060.0,11050.0,10900.0,10800.0,,17270.0,17970.0,18120.0,215.0,12050.0
2017-05-08,197.0,,13600.0,17060.0,11050.0,10900.0,10800.0,,17270.0,17970.0,18120.0,215.0,12050.0
2017-05-09,197.0,,13600.0,17060.0,11050.0,10900.0,10800.0,,17270.0,17970.0,18120.0,215.0,12050.0
2017-05-10,197.0,,13600.0,17060.0,11050.0,10900.0,10800.0,,17270.0,17970.0,18120.0,215.0,12050.0
2017-05-11,197.0,,13600.0,17060.0,11050.0,10900.0,10800.0,,17270.0,17970.0,18120.0,215.0,12050.0
2017-05-12,197.0,,13600.0,17060.0,11050.0,10900.0,10800.0,,17270.0,17970.0,18120.0,215.0,12050.0
2017-05-13,197.0,,13600.0,17060.0,11050.0,10900.0,10800.0,,17270.0,17970.0,18120.0,215.0,12050.0
2017-05-14,197.0,,13600.0,17060.0,11050.0,10900.0,10800.0,,17270.0,17970.0,18120.0,215.0,12050.0
2017-05-15,197.0,,13600.0,17060.0,11050.0,10900.0,10800.0,,17270.0,17970.0,18120.0,215.0,12050.0
2017-05-16,197.0,,13600.0,17060.0,11050.0,10900.0,10800.0,,17270.0,17970.0,18120.0,215.0,12050.0
2017-05-17,197.0,,13600.0,17060.0,11050.0,10900.0,10800.0,,17270.0,17970.0,18120.0,215.0,12050.0
2017-05-18,197.0,,13600.0,17060.0,11050.0,10900.0,10800.0,,17270.0,17970.0,18120.0,215.0,12050.0
2017-05-19,197.0,,13600.0,17060.0,11050.0,10900.0,10800.0,,17270.0,17970.0,18120.0,215.0,12050.0
2017-05-20,197.0,,13260.0,16870.0,11040.0,10890.0,10790.0,,17060.0,17760.0,17910.0,215.0,11790.0
2017-05-21,197.0,,13260.0,16870.0,11040.0,10890.0,10790.0,,17060.0,17760.0,17910.0,215.0,11790.0
2017-05-22,197.0,,13260.0,16870.0,11040.0,10890.0,10790.0,,17060.0,17760.0,17910.0,215.0,11790.0
2017-05-23,197.0,,13260.0,16870.0,11040.0,10890.0,10790.0,,17060.0,17760.0,17910.0,215.0,11790.0
2017-05-24,197.0,,13260.0,16870.0,11040.0,10890.0,10790.0,,17060.0,17760.0,17910.0,215.0,11790.0
2017-05-25,197.0,,13260.0,16870.0,11040.0,10890.0,10790.0,,17060.0,17760.0,17910.0,215.0,11790.0
2017-05-26,197.0,,13260.0,16870.0,11040.0,10890.0,10790.0,,17060.0,17760.0,17910.0,215.0,11790.0
2017-05-27,197.0,,13260.0,16870.0,11040.0,10890.0,10790.0,,17060.0,17760.0,17910.0,215.0,11790.0
2017-05-28,197.0,,13260.0,16870.0,11040.0,10890.0,10790.0,,17060.0,17760.0,17910.0,215.0,11790.0
2017-05-29,197.0,,13260.0,16870.0,11040.0,10890.0,10790.0,,17060.0,17760.0,17910.0,215.0,11790.0
2017-05-30,197.0,,13260.0,16870.0,11040.0,10890.0,10790.0,,17060.0,17760.0,17910.0,215.0,11790.0
2017-05-31,197.0,,13260.0,16870.0,11040.0,10890.0,10790.0,,17060.0,17760.0,17910.0,215.0,11790.0
2017-06-01,197.0,,13260.0,16870.0,11040.0,10890.0,10790.0,,17060.0,17760.0,17910.0,215.0,11790.0
2017-06-02,197.0,,13260.0,16870.0,11040.0,10890.0,10790.0,,17060.0,17760.0,17910.0,215.0,11790.0
2017-06-03,197.0,,13260.0,16870.0,11040.0,10890.0,10790.0,,17060.0,17760.0,17910.0,215.0,11790.0
2017-06-04,197.0,,13260.0,16870.0,11040.0,10890.0,10790.0,,17060.0,17760.0,17910.0,215.0,11790.0
2017-06-05,197.0,,13480.0,17150.0,11180.0,11030.0,10930.0,,17360.0,18060.0,18210.0,215.0,12110.0
2017-06-06,197.0,,13480.0,17150.0,11180.0,11030.0,10930.0,,17360.0,18060.0,18210.0,215.0,12110.0
2017-06-07,197.0,,13480.0,17150.0,11180.0,11030.0,10930.0,,17360.0,18060.0,18210.0,215.0,12110.0
2017-06-08,197.0,,13480.0,17150.0,11180.0,11030.0,10930.0,,17360.0,18060.0,18210.0,215.0,12110.0
2017-06-09,197.0,,13480.0,17150.0,11180.0,11030.0,10930.0,,17360.0,18060.0,18210.0,215.0,12110.0
2017-06-10,197.0,,13480.0,17150.0,11180.0,11030.0,10930.0,,17360.0,18060.0,18210.0,215.0,12110.0
2017-06-11,197.0,,13480.0,17150.0,11180.0,11030.0,10930.0,,17360.0,18060.0,18210.0,215.0,12110.0
2017-06-12,197.0,,13480.0,17150.0,11180.0,11030.0,10930.0,,17360.0,18060.0,18210.0,215.0,12110.0
2017-06-13,197.0,,13480.0,17150.0,11180.0,11030.0,10930.0,,17360.0,18060.0,18210.0,215.0,12110.0
2017-06-14,197.0,,13480.0,17150.0,11180.0,11030.0,10930.0,,17360.0,18060.0,18210.0,215.0,12110.0
2017-06-15,197.0,,13480.0,17150.0,11180.0,11030.0,10930.0,,17360.0,18060.0,18210.0,215.0,12110.0
2017-06-16,197.0,,13480.0,17150.0,11180.0,11030.0,10930.0,,17360.0,18060.0,18210.0,215.0,12110.0
2017-06-17,197.0,,13480.0,17150.0,11180.0,11030.0,10930.0,,17360.0,18060.0,18210.0,215.0,12110.0
2017-06-18,197.0,,13480.0,17150.0,11180.0,11030.0,10930.0,,17360.0,18060.0,18210.0,215.0,12110.0
2017-06-19,197.0,,13480.0,17150.0,11180.0,11030.0,10930.0,,17360.0,18060.0,18210.0,215.0,12110.0
2017-06-20,197.0,,12830.0,16340.0,10810.0,10660.0,10560.0,,16500.0,17200.0,17350.0,215.0,11380.0
2017-06-21,197.0,,12830.0,16340.0,10810.0,10660.0,10560.0,,16500.0,17200.0,17350.0,215.0,11380.0
2017-06-22,197.0,,12830.0,16340.0,10810.0,10660.0,10560.0,,16500.0,17200.0,17350.0,215.0,11380.0
2017-06-23,197.0,,12830.0,16340.0,10810.0,10660.0,10560.0,,16500.0,17200.0,17350.0,215.0,11380.0
2017-06-24,197.0,,12830.0,16340.0,10810.0,10660.0,10560.0,,16500.0,17200.0,17350.0,215.0,11380.0
2017-06-25,197.0,,12830.0,16340.0,10810.0,10660.0,10560.0,,16500.0,17200.0,17350.0,215.0,11380.0
2017-06-26,197.0,,12830.0,16340.0,10810.0,10660.0,10560.0,,16500.0,17200.0,17350.0,215.0,11380.0
2017-06-27,197.0,,12830.0,16340.0,10810.0,10660.0,10560.0,,16500.0,17200.0,17350.0,215.0,11380.0
2017-06-28,197.0,,12830.0,16340.0,10810.0,10660.0,10560.0,,16500.0,17200.0,17350.0,215.0,11380.0
2017-06-29,197.0,,12830.0,16340.0,10810.0,10660.0,10560.0,,16500.0,17200.0,17350.0,215.0,11380.0
2017-06-30,197.0,,12830.0,16340.0,10810.0,10660.0,10560.0,,16500.0,17200.0,17350.0,215.0,11380.0
2017-07-01,197.0,,12830.0,16340.0,10810.0,10660.0,10560.0,,16500.0,17200.0,17350.0,215.0,11380.0
2017-07-02,197.0,,12830.0,16340.0,10810.0,10660.0,10560.0,,16500.0,17200.0,17350.0,215.0,11380.0
2017-07-03,197.0,,12830.0,16340.0,10810.0,10660.0,10560.0,,16500.0,17200.0,17350.0,215.0,11380.0
2017-07-04,197.0,,12830.0,16340.0,10810.0,10660.0,10560.0,,16500.0,17200.0,17350.0,215.0,11380.0
2017-07-05,197.0,,12950.0,15910.0,10920.0,10770.0,10670.0,,16060.0,16760.0,16910.0,215.0,11660.0
2017-07-06,197.0,,12950.0,15910.0,10920.0,10770.0,10670.0,,16060.0,16760.0,16910.0,215.0,11660.0
2017-07-07,197.0,,12950.0,15910.0,10920.0,10770.0,10670.0,,16060.0,16760.0,16910.0,215.0,11660.0
2017-07-08,197.0,,12950.0,15910.0,10920.0,10770.0,10670.0,,16060.0,16760.0,16910.0,215.0,11660.0
2017-07-09,197.0,,12950.0,15910.0,10920.0,10770.0,10670.0,,16060.0,16760.0,16910.0,215.0,11660.0
2017-07-10,197.0,,12950.0,15910.0,10920.0,10770.0,10670.0,,16060.0,16760.0,16910.0,215.0,11660.0
2017-07-11,197.0,,12950.0,15910.0,10920.0,10770.0,10670.0,,16060.0,16760.0,16910.0,215.0,11660.0
2017-07-12,197.0,,12950.0,15910.0,10920.0,10770.0,10670.0,,16060.0,16760.0,16910.0,215.0,11660.0
2017-07-13,197.0,,12950.0,15910.0,10920.0,10770.0,10670.0,,16060.0,16760.0,16910.0,215.0,11660.0
2017-07-14,197.0,,12950.0,15910.0,10920.0,10770.0,10670.0,,16060.0,16760.0,16910.0,215.0,11660.0
2017-07-15,197.0,,12950.0,15910.0,10920.0,10770.0,10670.0,,16060.0,16760.0,16910.0,215.0,11660.0
2017-07-16,197.0,,12950.0,15910.0,10920.0,10770.0,10670.0,,16060.0,16760.0,16910.0,215.0,11660.0
2017-07-17,197.0,,12950.0,15910.0,10920.0,10770.0,10670.0,,16060.0,16760.0,16910.0,215.0,11660.0
2017-07-18,197.0,,12950.0,15910.0,10920.0,10770.0,10670.0,,16060.0,16760.0,16910.0,215.0,11660.0
2017-07-19,197.0,,12950.0,15910.0,10920.0,10770.0,10670.0,,16060.0,16760.0,16910.0,215.0,11660.0
2017-07-20,197.0,,13320.0,16250.0,10980.0,10830.0,10730.0,,16420.0,17120.0,17270.0,215.0,11930.0
2017-07-21,197.0,,13320.0,16250.0,10980.0,10830.0,10730.0,,16420.0,17120.0,17270.0,215.0,11930.0
2017-07-22,197.0,,13320.0,16250.0,10980.0,10830.0,10730.0,,16420.0,17120.0,17270.0,215.0,11930.0
2017-07-23,197.0,,13320.0,16250.0,10980.0,10830.0,10730.0,,16420.0,17120.0,17270.0,215.0,11930.0
2017-07-24,197.0,,13320.0,16250.0,10980.0,10830.0,10730.0,,16420.0,17120.0,17270.0,215.0,11930.0
2017-07-25,197.0,,13320.0,16250.0,10980.0,10830.0,10730.0,,16420.0,17120.0,17270.0,215.0,11930.0
2017-07-26,197.0,,13320.0,16250.0,10980.0,10830.0,10730.0,,16420.0,17120.0,17270.0,215.0,11930.0
2017-07-27,197.0,,13320.0,16250.0,10980.0,10830.0,10730.0,,16420.0,17120.0,17270.0,215.0,11930.0
2017-07-28,197.0,,13320.0,16250.0,10980.0,10830.0,10730.0,,16420.0,17120.0,17270.0,215.0,11930.0
2017-07-29,197.0,,13320.0,16250.0,10980.0,10830.0,10730.0,,16420.0,17120.0,17270.0,215.0,11930.0
2017-07-30,197.0,,13320.0,16250.0,10980.0,10830.0,10730.0,,16420.0,17120.0,17270.0,215.0,11930.0
2017-07-31,197.0,,13320.0,16250.0,10980.0,10830.0,10730.0,,16420.0,17120.0,17270.0,215.0,11930.0
2017-08-01,197.0,,13320.0,16250.0,10980.0,10830.0,10730.0,,16420.0,17120.0,17270.0,215.0,11930.0
2017-08-02,197.0,,13320.0,16250.0,10980.0,10830.0,10730.0,,16420.0,17120.0,17270.0,215.0,11930.0
2017-08-03,197.0,,13320.0,16250.0,10980.0,10830.0,10730.0,,16420.0,17120.0,17270.0,215.0,11930.0
2017-08-04,197.0,,13790.0,16820.0,11240.0,11090.0,10990.0,,17020.0,17720.0,17920.0,215.0,12390.0
2017-08-05,197.0,,13790.0,16820.0,11240.0,11090.0,10990.0,,17020.0,17720.0,17920.0,215.0,12390.0
2017-08-06,197.0,,13790.0,16820.0,11240.0,11090.0,10990.0,,17020.0,17720.0,17920.0,215.0,12390.0
2017-08-07,197.0,,13790.0,16820.0,11240.0,11090.0,10990.0,,17020.0,17720.0,17920.0,215.0,12390.0
2017-08-08,197.0,,13790.0,16820.0,11240.0,11090.0,10990.0,,17020.0,17720.0,17920.0,215.0,12390.0
2017-08-09,197.0,,13790.0,16820.0,11240.0,11090.0,10990.0,,17020.0,17720.0,17920.0,215.0,12390.0
2017-08-10,197.0,,13790.0,16820.0,11240.0,11090.0,10990.0,,17020.0,17720.0,17920.0,215.0,12390.0
2017-08-11,197.0,,13790.0,16820.0,11240.0,11090.0,10990.0,,17020.0,17720.0,17920.0,215.0,12390.0
2017-08-12,197.0,,13790.0,16820.0,11240.0,11090.0,10990.0,,17020.0,17720.0,17920.0,215.0,12390.0
2017-08-13,197.0,,13790.0,16820.0,11240.0,11090.0,10990.0,,17020.0,17720.0,17920.0,215.0,12390.0
2017-08-14,197.0,,13790.0,16820.0,11240.0,11090.0,10990.0,,17020.0,17720.0,17920.0,215.0,12390.0
2017-08-15,197.0,,13790.0,16820.0,11240.0,11090.0,10990.0,,17020.0,17720.0,17920.0,215.0,12390.0
2017-08-16,197.0,,13790.0,16820.0,11240.0,11090.0,10990.0,,17020.0,17720.0,17920.0,215.0,12390.0
2017-08-17,197.0,,13790.0,16820.0,11240.0,11090.0,10990.0,,17020.0,17720.0,17920.0,215.0,12390.0
2017-08-18,197.0,,13790.0,16820.0,11240.0,11090.0,10990.0,,17020.0,17720.0,17920.0,215.0,12390.0
2017-08-19,197.0,,13790.0,17250.0,11250.0,11100.0,11000.0,,17480.0,18180.0,18380.0,215.0,12390.0
2017-08-20,197.0,,13790.0,17250.0,11250.0,11100.0,11000.0,,17480.0,18180.0,18380.0,215.0,12390.0
2017-08-21,197.0,,13790.0,17250.0,11250.0,11100.0,11000.0,,17480.0,18180.0,18380.0,215.0,12390.0
2017-08-22,197.0,,13790.0,17250.0,11250.0,11100.0,11000.0,,17480.0,18180.0,18380.0,215.0,12390.0
2017-08-23,197.0,,13790.0,17250.0,11250.0,11100.0,11000.0,,17480.0,18180.0,18380.0,215.0,12390.0
2017-08-24,197.0,,13790.0,17250.0,11250.0,11100.0,11000.0,,17480.0,18180.0,18380.0,215.0,12390.0
2017-08-25,197.0,,13790.0,17250.0,11250.0,11100.0,11000.0,,17480.0,18180.0,18380.0,215.0,12390.0
2017-08-26,197.0,,13790.0,17250.0,11250.0,11100.0,11000.0,,17480.0,18180.0,18380.0,215.0,12390.0
2017-08-27,197.0,,13790.0,17250.0,11250.0,11100.0,11000.0,,17480.0,18180.0,18380.0,215.0,12390.0
2017-08-28,197.0,,13790.0,17250.0,11250.0,11100.0,11000.0,,17480.0,18180.0,18380.0,215.0,12390.0
2017-08-29,197.0,,13790.0,17250.0,11250.0,11100.0,11000.0,,17480.0,18180.0,18380.0,215.0,12390.0
2017-08-30,197.0,,13790.0,17250.0,11250.0,11100.0,11000.0,,17480.0,18180.0,18380.0,215.0,12390.0
2017-08-31,197.0,,13790.0,17250.0,11250.0,11100.0,11000.0,,17480.0,18180.0,18380.0,215.0,12390.0
2017-09-01,197.0,,13790.0,17250.0,11250.0,11100.0,11000.0,,17480.0,18180.0,18380.0,215.0,12390.0
2017-09-02,197.0,,13790.0,17250.0,11250.0,11100.0,11000.0,,17480.0,18180.0,18380.0,215.0,12390.0
2017-09-03,197.0,,13790.0,17250.0,11250.0,11100.0,11000.0,,17480.0,18180.0,18380.0,215.0,12390.0
2017-09-04,197.0,,13790.0,17250.0,11250.0,11100.0,11000.0,,17480.0,18180.0,18380.0,215.0,12390.0
2017-09-05,197.0,,13950.0,17530.0,11290.0,11140.0,11040.0,,17790.0,18490.0,18690.0,215.0,12540.0
2017-09-06,197.0,,13950.0,17530.0,11290.0,11140.0,11040.0,,17790.0,18490.0,18690.0,215.0,12540.0
2017-09-07,197.0,,13950.0,17530.0,11290.0,11140.0,11040.0,,17790.0,18490.0,18690.0,215.0,12540.0
2017-09-08,197.0,,13950.0,17530.0,11290.0,11140.0,11040.0,,17790.0,18490.0,18690.0,215.0,12540.0
2017-09-09,197.0,,13950.0,17530.0,11290.0,11140.0,11040.0,,17790.0,18490.0,18690.0,215.0,12540.0
2017-09-10,197.0,,13950.0,17530.0,11290.0,11140.0,11040.0,,17790.0,18490.0,18690.0,215.0,12540.0
2017-09-11,197.0,,13950.0,17530.0,11290.0,11140.0,11040.0,,17790.0,18490.0,18690.0,215.0,12540.0
2017-09-12,197.0,,13950.0,17530.0,11290.0,11140.0,11040.0,,17790.0,18490.0,18690.0,215.0,12540.0
2017-09-13,197.0,,13950.0,17530.0,11290.0,11140.0,11040.0,,17790.0,18490.0,18690.0,215.0,12540.0
2017-09-14,197.0,,13950.0,17530.0,11290.0,11140.0,11040.0,,17790.0,18490.0,18690.0,215.0,12540.0
2017-09-15,197.0,,13950.0,17530.0,11290.0,11140.0,11040.0,,17790.0,18490.0,18690.0,215.0,12540.0
2017-09-16,197.0,,13950.0,17530.0,11290.0,11140.0,11040.0,,17790.0,18490.0,18690.0,215.0,12540.0
2017-09-17,197.0,,13950.0,17530.0,11290.0,11140.0,11040.0,,17790.0,18490.0,18690.0,215.0,12540.0
2017-09-18,197.0,,13950.0,17530.0,11290.0,11140.0,11040.0,,17790.0,18490.0,18690.0,215.0,12540.0
2017-09-19,197.0,,13950.0,17530.0,11290.0,11140.0,11040.0,,17790.0,18490.0,18690.0,215.0,12540.0
2017-09-20,197.0,,14440.0,17830.0,11680.0,11530.0,11430.0,,18110.0,18810.0,19010.0,215.0,13110.0
2017-09-21,197.0,,14440.0,17830.0,11680.0,11530.0,11430.0,,18110.0,18810.0,19010.0,215.0,13110.0
2017-09-22,197.0,,14440.0,17830.0,11680.0,11530.0,11430.0,,18110.0,18810.0,19010.0,215.0,13110.0
2017-09-23,197.0,,14440.0,17830.0,11680.0,11530.0,11430.0,,18110.0,18810.0,19010.0,215.0,13110.0
2017-09-24,197.0,,14440.0,17830.0,11680.0,11530.0,11430.0,,18110.0,18810.0,19010.0,215.0,13110.0
2017-09-25,197.0,,14440.0,17830.0,11680.0,11530.0,11430.0,,18110.0,18810.0,19010.0,215.0,13110.0
2017-09-26,197.0,,14440.0,17830.0,11680.0,11530.0,11430.0,,18110.0,18810.0,19010.0,215.0,13110.0
2017-09-27,197.0,,14440.0,17830.0,11680.0,11530.0,11430.0,,18110.0,18810.0,19010.0,215.0,13110.0
2017-09-28,197.0,,14440.0,17830.0,11680.0,11530.0,11430.0,,18110.0,18810.0,19010.0,215.0,13110.0
2017-09-29,197.0,,14440.0,17830.0,11680.0,11530.0,11430.0,,18110.0,18810.0,19010.0,215.0,13110.0
2017-09-30,197.0,,14440.0,17830.0,11680.0,11530.0,11430.0,,18110.0,18810.0,19010.0,215.0,13110.0
2017-10-01,197.0,,14440.0,17830.0,11680.0,11530.0,11430.0,,18110.0,18810.0,19010.0,215.0,13110.0
2017-10-02,197.0,,14440.0,17830.0,11680.0,11530.0,11430.0,,18110.0,18810.0,19010.0,215.0,13110.0
2017-10-03,197.0,,14440.0,17830.0,11680.0,11530.0,11430.0,,18110.0,18810.0,19010.0,215.0,13110.0
2017-10-04,197.0,,14440.0,17830.0,11680.0,11530.0,11430.0,,18110.0,18810.0,19010.0,215.0,13110.0
2017-10-05,197.0,,14580.0,17730.0,11890.0,11740.0,11640.0,,17990.0,18690.0,18890.0,215.0,13430.0
2017-10-06,197.0,,14580.0,17730.0,11890.0,11740.0,11640.0,,17990.0,18690.0,18890.0,215.0,13430.0
2017-10-07,197.0,,14580.0,17730.0,11890.0,11740.0,11640.0,,17990.0,18690.0,18890.0,215.0,13430.0
2017-10-08,197.0,,14580.0,17730.0,11890.0,11740.0,11640.0,,17990.0,18690.0,18890.0,215.0,13430.0
2017-10-09,197.0,,14580.0,17730.0,11890.0,11740.0,11640.0,,17990.0,18690.0,18890.0,215.0,13430.0
2017-10-10,197.0,,14580.0,17730.0,11890.0,11740.0,11640.0,,17990.0,18690.0,18890.0,215.0,13430.0
2017-10-11,197.0,,14580.0,17730.0,11890.0,11740.0,11640.0,,17990.0,18690.0,18890.0,215.0,13430.0
2017-10-12,197.0,,14580.0,17730.0,11890.0,11740.0,11640.0,,17990.0,18690.0,18890.0,215.0,13430.0
2017-10-13,197.0,,14580.0,17730.0,11890.0,11740.0,11640.0,,17990.0,18690.0,18890.0,215.0,13430.0
2017-10-14,197.0,,14580.0,17730.0,11890.0,11740.0,11640.0,,17990.0,18690.0,18890.0,215.0,13430.0
2017-10-15,197.0,,14580.0,17730.0,11890.0,11740.0,11640.0,,17990.0,18690.0,18890.0,215.0,13430.0
2017-10-16,197.0,,14580.0,17730.0,11890.0,11740.0,11640.0,,17990.0,18690.0,18890.0,215.0,13430.0
2017-10-17,197.0,,14580.0,17730.0,11890.0,11740.0,11640.0,,17990.0,18690.0,18890.0,215.0,13430.0
2017-10-18,197.0,,14580.0,17730.0,11890.0,11740.0,11640.0,,17990.0,18690.0,18890.0,215.0,13430.0
2017-10-19,197.0,,14580.0,17730.0,11890.0,11740.0,11640.0,,17990.0,18690.0,18890.0,215.0,13430.0
2017-10-20,197.0,,14410.0,17630.0,11790.0,11640.0,11540.0,,17870.0,18570.0,18770.0,215.0,12990.0
2017-10-21,197.0,,14410.0,17630.0,11790.0,11640.0,11540.0,,17870.0,18570.0,18770.0,215.0,12990.0
2017-10-22,197.0,,14410.0,17630.0,11790.0,11640.0,11540.0,,17870.0,18570.0,18770.0,215.0,12990.0
2017-10-23,197.0,,14410.0,17630.0,11790.0,11640.0,11540.0,,17870.0,18570.0,18770.0,215.0,12990.0
2017-10-24,197.0,,14410.0,17630.0,11790.0,11640.0,11540.0,,17870.0,18570.0,18770.0,215.0,12990.0
2017-10-25,197.0,,14410.0,17630.0,11790.0,11640.0,11540.0,,17870.0,18570.0,18770.0,215.0,12990.0
2017-10-26,197.0,,14410.0,17630.0,11790.0,11640.0,11540.0,,17870.0,18570.0,18770.0,215.0,12990.0
2017-10-27,197.0,,14410.0,17630.0,11790.0,11640.0,11540.0,,17870.0,18570.0,18770.0,215.0,12990.0
2017-10-28,197.0,,14410.0,17630.0,11790.0,11640.0,11540.0,,17870.0,18570.0,18770.0,215.0,12990.0
2017-10-29,197.0,,14410.0,17630.0,11790.0,11640.0,11540.0,,17870.0,18570.0,18770.0,215.0,12990.0
2017-10-30,197.0,,14410.0,17630.0,11790.0,11640.0,11540.0,,17870.0,18570.0,18770.0,215.0,12990.0
2017-10-31,197.0,,14410.0,17630.0,11790.0,11640.0,11540.0,,17870.0,18570.0,18770.0,215.0,12990.0
2017-11-01,197.0,,14410.0,17630.0,11790.0,11640.0,11540.0,,17870.0,18570.0,18770.0,215.0,12990.0
2017-11-02,197.0,,14410.0,17630.0,11790.0,11640.0,11540.0,,17870.0,18570.0,18770.0,215.0,12990.0
2017-11-03,197.0,,14410.0,17630.0,11790.0,11640.0,11540.0,,17870.0,18570.0,18770.0,215.0,12990.0
2017-11-04,197.0,,14610.0,17850.0,12050.0,11900.0,11800.0,,18140.0,18840.0,19040.0,215.0,13190.0
2017-11-05,197.0,,14610.0,17850.0,12050.0,11900.0,11800.0,,18140.0,18840.0,19040.0,215.0,13190.0
2017-11-06,197.0,,14610.0,17850.0,12050.0,11900.0,11800.0,,18140.0,18840.0,19040.0,215.0,13190.0
2017-11-07,197.0,,14610.0,17850.0,12050.0,11900.0,11800.0,,18140.0,18840.0,19040.0,215.0,13190.0
2017-11-08,197.0,,14610.0,17850.0,12050.0,11900.0,11800.0,,18140.0,18840.0,19040.0,215.0,13190.0
2017-11-09,197.0,,14610.0,17850.0,12050.0,11900.0,11800.0,,18140.0,18840.0,19040.0,215.0,13190.0
2017-11-10,197.0,,14610.0,17850.0,12050.0,11900.0,11800.0,,18140.0,18840.0,19040.0,215.0,13190.0
2017-11-11,197.0,,14610.0,17850.0,12050.0,11900.0,11800.0,,18140.0,18840.0,19040.0,215.0,13190.0
2017-11-12,197.0,,14610.0,17850.0,12050.0,11900.0,11800.0,,18140.0,18840.0,19040.0,215.0,13190.0
2017-11-13,197.0,,14610.0,17850.0,12050.0,11900.0,11800.0,,18140.0,18840.0,19040.0,215.0,13190.0
2017-11-14,197.0,,14610.0,17850.0,12050.0,11900.0,11800.0,,18140.0,18840.0,19040.0,215.0,13190.0
2017-11-15,197.0,,14610.0,17850.0,12050.0,11900.0,11800.0,,18140.0,18840.0,19040.0,215.0,13190.0
2017-11-16,197.0,,14610.0,17850.0,12050.0,11900.0,11800.0,,18140.0,18840.0,19040.0,215.0,13190.0
2017-11-17,197.0,,14610.0,17850.0,12050.0,11900.0,11800.0,,18140.0,18840.0,19040.0,215.0,13190.0
2017-11-18,197.0,,14610.0,17850.0,12050.0,11900.0,11800.0,,18140.0,18840.0,19040.0,215.0,13190.0
2017-11-19,197.0,,14610.0,17850.0,12050.0,11900.0,11800.0,,18140.0,18840.0,19040.0,215.0,13190.0
2017-11-20,197.0,,15010.0,18240.0,12530.0,12380.0,12280.0,,18580.0,19280.0,19480.0,215.0,13610.0
2017-11-21,197.0,,15010.0,18240.0,12530.0,12380.0,12280.0,,18580.0,19280.0,19480.0,215.0,13610.0
2017-11-22,197.0,,15010.0,18240.0,12530.0,12380.0,12280.0,,18580.0,19280.0,19480.0,215.0,13610.0
2017-11-23,197.0,,15010.0,18240.0,12530.0,12380.0,12280.0,,18580.0,19280.0,19480.0,215.0,13610.0
2017-11-24,197.0,,15010.0,18240.0,12530.0,12380.0,12280.0,,18580.0,19280.0,19480.0,215.0,13610.0
2017-11-25,197.0,,15010.0,18240.0,12530.0,12380.0,12280.0,,18580.0,19280.0,19480.0,215.0,13610.0
2017-11-26,197.0,,15010.0,18240.0,12530.0,12380.0,12280.0,,18580.0,19280.0,19480.0,215.0,13610.0
2017-11-27,197.0,,15010.0,18240.0,12530.0,12380.0,12280.0,,18580.0,19280.0,19480.0,215.0,13610.0
2017-11-28,197.0,,15010.0,18240.0,12530.0,12380.0,12280.0,,18580.0,19280.0,19480.0,215.0,13610.0
2017-11-29,197.0,,15010.0,18240.0,12530.0,12380.0,12280.0,,18580.0,19280.0,19480.0,215.0,13610.0
2017-11-30,197.0,,15010.0,18240.0,12530.0,12380.0,12280.0,,18580.0,19280.0,19480.0,215.0,13610.0
2017-12-01,197.0,,15010.0,18240.0,12530.0,12380.0,12280.0,,18580.0,19280.0,19480.0,215.0,13610.0
2017-12-02,197.0,,15010.0,18240.0,12530.0,12380.0,12280.0,,18580.0,19280.0,19480.0,215.0,13610.0
2017-12-03,197.0,,15010.0,18240.0,12530.0,12380.0,12280.0,,18580.0,19280.0,19480.0,215.0,13610.0
2017-12-04,197.0,,15010.0,18240.0,12530.0,12380.0,12280.0,,18580.0,19280.0,19480.0,215.0,13610.0
2017-12-05,197.0,,15160.0,18240.0,12530.0,12380.0,12280.0,,18580.0,19280.0,19480.0,215.0,13610.0
2017-12-06,197.0,,15160.0,18240.0,12530.0,12380.0,12280.0,,18580.0,19280.0,19480.0,215.0,13610.0
2017-12-07,197.0,,15160.0,18240.0,12530.0,12380.0,12280.0,,18580.0,19280.0,19480.0,215.0,13610.0
2017-12-08,197.0,,15160.0,18240.0,12530.0,12380.0,12280.0,,18580.0,19280.0,19480.0,215.0,13610.0
2017-12-09,197.0,,15160.0,18240.0,12530.0,12380.0,12280.0,,18580.0,19280.0,19480.0,215.0,13610.0
2017-12-10,197.0,,15160.0,18240.0,12530.0,12380.0,12280.0,,18580.0,19280.0,19480.0,215.0,13610.0
2017-12-11,197.0,,15160.0,18240.0,12530.0,12380.0,12280.0,,18580.0,19280.0,19480.0,215.0,13610.0
2017-12-12,197.0,,15160.0,18240.0,12530.0,12380.0,12280.0,,18580.0,19280.0,19480.0,215.0,13610.0
2017-12-13,197.0,,15160.0,18240.0,12530.0,12380.0,12280.0,,18580.0,19280.0,19480.0,215.0,13610.0
2017-12-14,197.0,,15160.0,18240.0,12530.0,12380.0,12280.0,,18580.0,19280.0,19480.0,215.0,13610.0
2017-12-15,197.0,15210.0,15160.0,18240.0,12530.0,12380.0,12280.0,,18580.0,19280.0,19480.0,215.0,13610.0
2017-12-16,197.0,15210.0,15160.0,18240.0,12530.0,12380.0,12280.0,,18580.0,19280.0,19480.0,215.0,13610.0
2017-12-17,197.0,15210.0,15160.0,18240.0,12530.0,12380.0,12280.0,,18580.0,19280.0,19480.0,215.0,13610.0
2017-12-18,197.0,15210.0,15160.0,18240.0,12530.0,12380.0,12280.0,,18580.0,19280.0,19480.0,215.0,13610.0
2017-12-19,197.0,15210.0,15160.0,18240.0,12530.0,12380.0,12280.0,,18580.0,19280.0,19480.0,215.0,13610.0
2017-12-20,197.0,15210.0,15160.0,18240.0,12530.0,12380.0,12280.0,,18580.0,19280.0,19480.0,215.0,13610.0
2017-12-21,197.0,15210.0,15160.0,18240.0,12530.0,12380.0,12280.0,,18580.0,19280.0,19480.0,215.0,13610.0
2017-12-22,197.0,15210.0,15160.0,18240.0,12530.0,12380.0,12280.0,,18580.0,19280.0,19480.0,215.0,13610.0
2017-12-23,197.0,15210.0,15160.0,18240.0,12530.0,12380.0,12280.0,,18580.0,19280.0,19480.0,215.0,13610.0
2017-12-24,197.0,15210.0,15160.0,18240.0,12530.0,12380.0,12280.0,,18580.0,19280.0,19480.0,215.0,13610.0
2017-12-25,197.0,15210.0,15160.0,18240.0,12530.0,12380.0,12280.0,,18580.0,19280.0,19480.0,215.0,13610.0
2017-12-26,197.0,15210.0,15160.0,18240.0,12530.0,12380.0,12280.0,,18580.0,19280.0,19480.0,215.0,13610.0
2017-12-27,197.0,15210.0,15160.0,18240.0,12530.0,12380.0,12280.0,,18580.0,19280.0,19480.0,215.0,13610.0
2017-12-28,197.0,15210.0,15160.0,18240.0,12530.0,12380.0,12280.0,,18580.0,19280.0,19480.0,215.0,13610.0
2017-12-29,197.0,15210.0,15160.0,18240.0,12530.0,12380.0,12280.0,,18580.0,19280.0,19480.0,215.0,13610.0
2017-12-30,197.0,15210.0,15160.0,18240.0,12530.0,12380.0,12280.0,,18580.0,19280.0,19480.0,215.0,13610.0
2017-12-31,197.0,15210.0,15160.0,18240.0,12530.0,12380.0,12280.0,,18580.0,19280.0,19480.0,215.0,13610.0
2018-01-01,197.0,15210.0,15160.0,18240.0,12530.0,12380.0,12280.0,,18580.0,19280.0,19480.0,215.0,13610.0
2018-01-02,197.0,15210.0,15160.0,18240.0,12530.0,12380.0,12280.0,,18580.0,19280.0,19480.0,215.0,13610.0
2018-01-03,197.0,15210.0,15160.0,18240.0,12530.0,12380.0,12280.0,,18580.0,19280.0,19480.0,215.0,13610.0
2018-01-04,197.0,15570.0,15520.0,18240.0,12760.0,12610.0,12510.0,,18580.0,20090.0,20290.0,215.0,14110.0
2018-01-05,197.0,15570.0,15520.0,18240.0,12760.0,12610.0,12510.0,,18580.0,20090.0,20290.0,215.0,14110.0
2018-01-06,197.0,15570.0,15520.0,18240.0,12760.0,12610.0,12510.0,,18580.0,20090.0,20290.0,215.0,14110.0
2018-01-07,197.0,15570.0,15520.0,18240.0,12760.0,12610.0,12510.0,,18580.0,20090.0,20290.0,215.0,14110.0
2018-01-08,197.0,15570.0,15520.0,18240.0,12760.0,12610.0,12510.0,,18580.0,20090.0,20290.0,215.0,14110.0
2018-01-09,197.0,15570.0,15520.0,18240.0,12760.0,12610.0,12510.0,,18580.0,20090.0,20290.0,215.0,14110.0
2018-01-10,197.0,15570.0,15520.0,18240.0,12760.0,12610.0,12510.0,,18580.0,20090.0,20290.0,215.0,14110.0
2018-01-11,197.0,15570.0,15520.0,18240.0,12760.0,12610.0,12510.0,,18580.0,20090.0,20290.0,215.0,14110.0
2018-01-12,197.0,15570.0,15520.0,18240.0,12760.0,12610.0,12510.0,,18580.0,20090.0,20290.0,215.0,14110.0
2018-01-13,197.0,15570.0,15520.0,18240.0,12760.0,12610.0,12510.0,,18580.0,20090.0,20290.0,215.0,14110.0
2018-01-14,197.0,15570.0,15520.0,18240.0,12760.0,12610.0,12510.0,,18580.0,20090.0,20290.0,215.0,14110.0
2018-01-15,197.0,15570.0,15520.0,18240.0,12760.0,12610.0,12510.0,,18580.0,20090.0,20290.0,215.0,14110.0
2018-01-16,197.0,15570.0,15520.0,18240.0,12760.0,12610.0,12510.0,,18580.0,20090.0,20290.0,215.0,14110.0
2018-01-17,197.0,15570.0,15520.0,18240.0,12760.0,12610.0,12510.0,,18580.0,20090.0,20290.0,215.0,14110.0
2018-01-18,197.0,15570.0,15520.0,18240.0,12760.0,12610.0,12510.0,,18580.0,20090.0,20290.0,215.0,14110.0
2018-01-19,197.0,16000.0,15950.0,18670.0,12910.0,12760.0,12660.0,,18580.0,20380.0,20580.0,215.0,14560.0
2018-01-20,197.0,16000.0,15950.0,18670.0,12910.0,12760.0,12660.0,,18580.0,20380.0,20580.0,215.0,14560.0
2018-01-21,197.0,16000.0,15950.0,18670.0,12910.0,12760.0,12660.0,,18580.0,20380.0,20580.0,215.0,14560.0
2018-01-22,197.0,16000.0,15950.0,18670.0,12910.0,12760.0,12660.0,,18580.0,20380.0,20580.0,215.0,14560.0
2018-01-23,197.0,16000.0,15950.0,18670.0,12910.0,12760.0,12660.0,,18580.0,20380.0,20580.0,215.0,14560.0
2018-01-24,197.0,16000.0,15950.0,18670.0,12910.0,12760.0,12660.0,,18580.0,20380.0,20580.0,215.0,14560.0
2018-01-25,197.0,16000.0,15950.0,18670.0,12910.0,12760.0,12660.0,,18580.0,20380.0,20580.0,215.0,14560.0
2018-01-26,197.0,16000.0,15950.0,18670.0,12910.0,12760.0,12660.0,,18580.0,20380.0,20580.0,215.0,14560.0
2018-01-27,197.0,16000.0,15950.0,18670.0,12910.0,12760.0,12660.0,,18580.0,20380.0,20580.0,215.0,14560.0
2018-01-28,197.0,16000.0,15950.0,18670.0,12910.0,12760.0,12660.0,,18580.0,20380.0,20580.0,215.0,14560.0
2018-01-29,197.0,16000.0,15950.0,18670.0,12910.0,12760.0,12660.0,,18580.0,20380.0,20580.0,215.0,14560.0
2018-01-30,197.0,16000.0,15950.0,18670.0,12910.0,12760.0,12660.0,,18580.0,20380.0,20580.0,215.0,14560.0
2018-01-31,197.0,16000.0,15950.0,18670.0,12910.0,12760.0,12660.0,,18580.0,20380.0,20580.0,215.0,14560.0
2018-02-01,197.0,16000.0,15950.0,18670.0,12910.0,12760.0,12660.0,,18580.0,20380.0,20580.0,215.0,14560.0
2018-02-02,197.0,16000.0,15950.0,18670.0,12910.0,12760.0,12660.0,,18580.0,20380.0,20580.0,215.0,14560.0
2018-02-03,197.0,16000.0,15950.0,18670.0,12910.0,12760.0,12660.0,,18580.0,20380.0,20580.0,215.0,14560.0
2018-02-04,197.0,16000.0,15950.0,18670.0,12910.0,12760.0,12660.0,,18580.0,20380.0,20580.0,215.0,14560.0
2018-02-05,197.0,16000.0,15950.0,18670.0,12910.0,12760.0,12660.0,,18580.0,20380.0,20580.0,215.0,14560.0
2018-02-06,197.0,16000.0,15950.0,18670.0,12910.0,12760.0,12660.0,,18580.0,20380.0,20580.0,215.0,14560.0
2018-02-07,197.0,16000.0,15950.0,18670.0,12910.0,12760.0,12660.0,,18580.0,20380.0,20580.0,215.0,14560.0
2018-02-08,197.0,16000.0,15950.0,18670.0,12910.0,12760.0,12660.0,,18580.0,20380.0,20580.0,215.0,14560.0
2018-02-09,197.0,16000.0,15950.0,18670.0,12910.0,12760.0,12660.0,,18580.0,20380.0,20580.0,215.0,14560.0
2018-02-10,197.0,16000.0,15950.0,18670.0,12910.0,12760.0,12660.0,,18580.0,20380.0,20580.0,215.0,14560.0
2018-02-11,197.0,16000.0,15950.0,18670.0,12910.0,12760.0,12660.0,,18580.0,20380.0,20580.0,215.0,14560.0
2018-02-12,197.0,16000.0,15950.0,18670.0,12910.0,12760.0,12660.0,,18580.0,20380.0,20580.0,215.0,14560.0
2018-02-13,197.0,16000.0,15950.0,18670.0,12910.0,12760.0,12660.0,,18580.0,20380.0,20580.0,215.0,14560.0
2018-02-14,197.0,16000.0,15950.0,18670.0,12910.0,12760.0,12660.0,,18580.0,20380.0,20580.0,215.0,14560.0
2018-02-15,197.0,16000.0,15950.0,18670.0,12910.0,12760.0,12660.0,,18580.0,20380.0,20580.0,215.0,14560.0
2018-02-16,197.0,16000.0,15950.0,18670.0,12910.0,12760.0,12660.0,,18580.0,20380.0,20580.0,215.0,14560.0
2018-02-17,197.0,16000.0,15950.0,18670.0,12910.0,12760.0,12660.0,,18580.0,20380.0,20580.0,215.0,14560.0
2018-02-18,197.0,16000.0,15950.0,18670.0,12910.0,12760.0,12660.0,,18580.0,20380.0,20580.0,215.0,14560.0
2018-02-19,197.0,16000.0,15950.0,18670.0,12910.0,12760.0,12660.0,,18580.0,20380.0,20580.0,215.0,14560.0
2018-02-20,197.0,16000.0,15950.0,18670.0,12910.0,12760.0,12660.0,,18580.0,20380.0,20580.0,215.0,14560.0
2018-02-21,197.0,15760.0,15710.0,18340.0,12670.0,12520.0,12420.0,,18580.0,19980.0,20180.0,215.0,14560.0
2018-02-22,197.0,15760.0,15710.0,18340.0,12670.0,12520.0,12420.0,,18580.0,19980.0,20180.0,215.0,14560.0
2018-02-23,197.0,15760.0,15710.0,18340.0,12670.0,12520.0,12420.0,,18580.0,19980.0,20180.0,215.0,14560.0
2018-02-24,197.0,15760.0,15710.0,18340.0,12670.0,12520.0,12420.0,,18580.0,19980.0,20180.0,215.0,14560.0
2018-02-25,197.0,15760.0,15710.0,18340.0,12670.0,12520.0,12420.0,,18580.0,19980.0,20180.0,215.0,14560.0
2018-02-26,197.0,15760.0,15710.0,18340.0,12670.0,12520.0,12420.0,,18580.0,19980.0,20180.0,215.0,14560.0
2018-02-27,197.0,15760.0,15710.0,18340.0,12670.0,12520.0,12420.0,,18580.0,19980.0,20180.0,215.0,14560.0
2018-02-28,197.0,15760.0,15710.0,18340.0,12670.0,12520.0,12420.0,,18580.0,19980.0,20180.0,215.0,14560.0
2018-03-01,197.0,15760.0,15710.0,18340.0,12670.0,12520.0,12420.0,,18580.0,19980.0,20180.0,215.0,14560.0
2018-03-02,197.0,15760.0,15710.0,18340.0,12670.0,12520.0,12420.0,,18580.0,19980.0,20180.0,215.0,14560.0
2018-03-03,197.0,15760.0,15710.0,18340.0,12670.0,12520.0,12420.0,,18580.0,19980.0,20180.0,215.0,14560.0
2018-03-04,197.0,15760.0,15710.0,18340.0,12670.0,12520.0,12420.0,,18580.0,19980.0,20180.0,215.0,14560.0
2018-03-05,197.0,15760.0,15710.0,18340.0,12670.0,12520.0,12420.0,,18580.0,19980.0,20180.0,215.0,14560.0
2018-03-06,197.0,15760.0,15710.0,18340.0,12670.0,12520.0,12420.0,,18580.0,19980.0,20180.0,215.0,14560.0
2018-03-07,197.0,15760.0,15710.0,18340.0,12670.0,12520.0,12420.0,,18580.0,19980.0,20180.0,215.0,14560.0
2018-03-08,197.0,15760.0,15710.0,18340.0,12670.0,12520.0,12420.0,,18580.0,19980.0,20180.0,215.0,14560.0
2018-03-09,197.0,15760.0,15710.0,18340.0,12670.0,12520.0,12420.0,,18580.0,19980.0,20180.0,215.0,14560.0
2018-03-10,197.0,15760.0,15710.0,18340.0,12670.0,12520.0,12420.0,,18580.0,19980.0,20180.0,215.0,14560.0
2018-03-11,197.0,15760.0,15710.0,18340.0,12670.0,12520.0,12420.0,,18580.0,19980.0,20180.0,215.0,14560.0
2018-03-12,197.0,15760.0,15710.0,18340.0,12670.0,12520.0,12420.0,,18580.0,19980.0,20180.0,215.0,14560.0
2018-03-13,197.0,15760.0,15710.0,18340.0,12670.0,12520.0,12420.0,,18580.0,19980.0,20180.0,215.0,14560.0
2018-03-14,197.0,15760.0,15710.0,18340.0,12670.0,12520.0,12420.0,,18580.0,19980.0,20180.0,215.0,14560.0
2018-03-15,197.0,15760.0,15710.0,18340.0,12670.0,12520.0,12420.0,,18580.0,19980.0,20180.0,215.0,14560.0
2018-03-16,197.0,15760.0,15710.0,18340.0,12670.0,12520.0,12420.0,,18580.0,19980.0,20180.0,215.0,14560.0
2018-03-17,197.0,15760.0,15710.0,18340.0,12670.0,12520.0,12420.0,,18580.0,19980.0,20180.0,215.0,14560.0
2018-03-18,197.0,15760.0,15710.0,18340.0,12670.0,12520.0,12420.0,,18580.0,19980.0,20180.0,215.0,14560.0
2018-03-19,197.0,15760.0,15710.0,18340.0,12670.0,12520.0,12420.0,,18580.0,19980.0,20180.0,215.0,14560.0
2018-03-20,197.0,15760.0,15710.0,18340.0,12670.0,12520.0,12420.0,,18580.0,19980.0,20180.0,215.0,14560.0
2018-03-21,197.0,15760.0,15710.0,18340.0,12670.0,12520.0,12420.0,,18580.0,19980.0,20180.0,215.0,14560.0
2018-03-22,197.0,15760.0,15710.0,18340.0,12670.0,12520.0,12420.0,,18580.0,19980.0,20180.0,215.0,14560.0
2018-03-23,197.0,15760.0,15710.0,18340.0,12670.0,12520.0,12420.0,,18580.0,19980.0,20180.0,215.0,14560.0
2018-03-24,197.0,15760.0,15710.0,18340.0,12670.0,12520.0,12420.0,,18580.0,19980.0,20180.0,215.0,14560.0
2018-03-25,197.0,15760.0,15710.0,18340.0,12670.0,12520.0,12420.0,,18580.0,19980.0,20180.0,215.0,14560.0
2018-03-26,197.0,15760.0,15710.0,18340.0,12670.0,12520.0,12420.0,,18580.0,19980.0,20180.0,215.0,14560.0
2018-03-27,197.0,15760.0,15710.0,18340.0,12670.0,12520.0,12420.0,,18580.0,19980.0,20180.0,215.0,14560.0
2018-03-28,197.0,15760.0,15710.0,18340.0,12670.0,12520.0,12420.0,,18580.0,19980.0,20180.0,215.0,14560.0
2018-03-29,197.0,15760.0,15710.0,18340.0,12670.0,12520.0,12420.0,,18580.0,19980.0,20180.0,215.0,14560.0
2018-03-30,197.0,15760.0,15710.0,18340.0,12670.0,12520.0,12420.0,,18580.0,19980.0,20180.0,215.0,14560.0
2018-03-31,197.0,15760.0,15710.0,18340.0,12670.0,12520.0,12420.0,,18580.0,19980.0,20180.0,215.0,14560.0
2018-04-01,197.0,15760.0,15710.0,18340.0,12670.0,12520.0,12420.0,,18580.0,19980.0,20180.0,215.0,14560.0
2018-04-02,197.0,15760.0,15710.0,18340.0,12670.0,12520.0,12420.0,,18580.0,19980.0,20180.0,215.0,14560.0
2018-04-03,197.0,15760.0,15710.0,18340.0,12670.0,12520.0,12420.0,,18580.0,19980.0,20180.0,215.0,14560.0
2018-04-04,197.0,15760.0,15710.0,18340.0,12670.0,12520.0,12420.0,,18580.0,19980.0,20180.0,215.0,14560.0
2018-04-05,197.0,15760.0,15710.0,18340.0,12670.0,12520.0,12420.0,,18580.0,19980.0,20180.0,215.0,14560.0
2018-04-06,197.0,15760.0,15710.0,18340.0,12670.0,12520.0,12420.0,,18580.0,19980.0,20180.0,215.0,14560.0
2018-04-07,197.0,16400.0,16350.0,18930.0,13100.0,12950.0,12850.0,,18580.0,20500.0,20700.0,215.0,15080.0
2018-04-08,197.0,16400.0,16350.0,18930.0,13100.0,12950.0,12850.0,,18580.0,20500.0,20700.0,215.0,15080.0
2018-04-09,197.0,16400.0,16350.0,18930.0,13100.0,12950.0,12850.0,,18580.0,20500.0,20700.0,215.0,15080.0
2018-04-10,197.0,16400.0,16350.0,18930.0,13100.0,12950.0,12850.0,,18580.0,20500.0,20700.0,215.0,15080.0
2018-04-11,197.0,16400.0,16350.0,18930.0,13100.0,12950.0,12850.0,,18580.0,20500.0,20700.0,215.0,15080.0
2018-04-12,197.0,16400.0,16350.0,18930.0,13100.0,12950.0,12850.0,,18580.0,20500.0,20700.0,215.0,15080.0
2018-04-13,197.0,16400.0,16350.0,18930.0,13100.0,12950.0,12850.0,,18580.0,20500.0,20700.0,215.0,15080.0
2018-04-14,197.0,16400.0,16350.0,18930.0,13100.0,12950.0,12850.0,,18580.0,20500.0,20700.0,215.0,15080.0
2018-04-15,197.0,16400.0,16350.0,18930.0,13100.0,12950.0,12850.0,,18580.0,20500.0,20700.0,215.0,15080.0
2018-04-16,197.0,16400.0,16350.0,18930.0,13100.0,12950.0,12850.0,,18580.0,20500.0,20700.0,215.0,15080.0
2018-04-17,197.0,16400.0,16350.0,18930.0,13100.0,12950.0,12850.0,,18580.0,20500.0,20700.0,215.0,15080.0
2018-04-18,197.0,16400.0,16350.0,18930.0,13100.0,12950.0,12850.0,,18580.0,20500.0,20700.0,215.0,15080.0
2018-04-19,197.0,16400.0,16350.0,18930.0,13100.0,12950.0,12850.0,,18580.0,20500.0,20700.0,215.0,15080.0
2018-04-20,197.0,16400.0,16350.0,18930.0,13100.0,12950.0,12850.0,,18580.0,20500.0,20700.0,215.0,15080.0
2018-04-21,197.0,16400.0,16350.0,18930.0,13100.0,12950.0,12850.0,,18580.0,20500.0,20700.0,215.0,15080.0
2018-04-22,197.0,16400.0,16350.0,18930.0,13100.0,12950.0,12850.0,,18580.0,20500.0,20700.0,215.0,15080.0
2018-04-23,197.0,16780.0,16730.0,18930.0,13510.0,13360.0,13260.0,,18580.0,20500.0,20700.0,215.0,15580.0
2018-04-24,197.0,16780.0,16730.0,18930.0,13510.0,13360.0,13260.0,,18580.0,20500.0,20700.0,215.0,15580.0
2018-04-25,197.0,16780.0,16730.0,18930.0,13510.0,13360.0,13260.0,,18580.0,20500.0,20700.0,215.0,15580.0
2018-04-26,197.0,16780.0,16730.0,18930.0,13510.0,13360.0,13260.0,,18580.0,20500.0,20700.0,215.0,15580.0
2018-04-27,197.0,16780.0,16730.0,18930.0,13510.0,13360.0,13260.0,,18580.0,20500.0,20700.0,215.0,15580.0
2018-04-28,197.0,16780.0,16730.0,18930.0,13510.0,13360.0,13260.0,,18580.0,20500.0,20700.0,215.0,15580.0
2018-04-29,197.0,16780.0,16730.0,18930.0,13510.0,13360.0,13260.0,,18580.0,20500.0,20700.0,215.0,15580.0
2018-04-30,197.0,16780.0,16730.0,18930.0,13510.0,13360.0,13260.0,,18580.0,20500.0,20700.0,215.0,15580.0
2018-05-01,197.0,16780.0,16730.0,18930.0,13510.0,13360.0,13260.0,,18580.0,20500.0,20700.0,215.0,15580.0
2018-05-02,197.0,16780.0,16730.0,18930.0,13510.0,13360.0,13260.0,,18580.0,20500.0,20700.0,215.0,15580.0
2018-05-03,197.0,16780.0,16730.0,18930.0,13510.0,13360.0,13260.0,,18580.0,20500.0,20700.0,215.0,15580.0
2018-05-04,197.0,16780.0,16730.0,18930.0,13510.0,13360.0,13260.0,,18580.0,20500.0,20700.0,215.0,15580.0
2018-05-05,197.0,16780.0,16730.0,18930.0,13510.0,13360.0,13260.0,,18580.0,20500.0,20700.0,215.0,15580.0
2018-05-06,197.0,16780.0,16730.0,18930.0,13510.0,13360.0,13260.0,,18580.0,20500.0,20700.0,215.0,15580.0
2018-05-07,197.0,16780.0,16730.0,18930.0,13510.0,13360.0,13260.0,,18580.0,20500.0,20700.0,215.0,15580.0
2018-05-08,197.0,17150.0,17100.0,19440.0,13900.0,13750.0,13650.0,,18580.0,20910.0,21110.0,215.0,15910.0
2018-05-09,197.0,17150.0,17100.0,19440.0,13900.0,13750.0,13650.0,,18580.0,20910.0,21110.0,215.0,15910.0
2018-05-10,197.0,17150.0,17100.0,19440.0,13900.0,13750.0,13650.0,,18580.0,20910.0,21110.0,215.0,15910.0
2018-05-11,197.0,17150.0,17100.0,19440.0,13900.0,13750.0,13650.0,,18580.0,20910.0,21110.0,215.0,15910.0
2018-05-12,197.0,17150.0,17100.0,19440.0,13900.0,13750.0,13650.0,,18580.0,20910.0,21110.0,215.0,15910.0
2018-05-13,197.0,17150.0,17100.0,19440.0,13900.0,13750.0,13650.0,,18580.0,20910.0,21110.0,215.0,15910.0
2018-05-14,197.0,17150.0,17100.0,19440.0,13900.0,13750.0,13650.0,,18580.0,20910.0,21110.0,215.0,15910.0
2018-05-15,197.0,17150.0,17100.0,19440.0,13900.0,13750.0,13650.0,,18580.0,20910.0,21110.0,215.0,15910.0
2018-05-16,197.0,17150.0,17100.0,19440.0,13900.0,13750.0,13650.0,,18580.0,20910.0,21110.0,215.0,15910.0
2018-05-17,197.0,17150.0,17100.0,19440.0,13900.0,13750.0,13650.0,,18580.0,20910.0,21110.0,215.0,15910.0
2018-05-18,197.0,17150.0,17100.0,19440.0,13900.0,13750.0,13650.0,,18580.0,20910.0,21110.0,215.0,15910.0
2018-05-19,197.0,17150.0,17100.0,19440.0,13900.0,13750.0,13650.0,,18580.0,20910.0,21110.0,215.0,15910.0
2018-05-20,197.0,17150.0,17100.0,19440.0,13900.0,13750.0,13650.0,,18580.0,20910.0,21110.0,215.0,15910.0
2018-05-21,197.0,17150.0,17100.0,19440.0,13900.0,13750.0,13650.0,,18580.0,20910.0,21110.0,215.0,15910.0
2018-05-22,197.0,17150.0,17100.0,19440.0,13900.0,13750.0,13650.0,,18580.0,20910.0,21110.0,215.0,15910.0
2018-05-23,197.0,17740.0,17690.0,19940.0,14580.0,14430.0,14330.0,,18580.0,21510.0,21710.0,215.0,16440.0
2018-05-24,197.0,17740.0,17690.0,19940.0,14580.0,14430.0,14330.0,,18580.0,21510.0,21710.0,215.0,16440.0
2018-05-25,197.0,17740.0,17690.0,19940.0,14580.0,14430.0,14330.0,,18580.0,21510.0,21710.0,215.0,16440.0
2018-05-26,197.0,17740.0,17690.0,19940.0,14580.0,14430.0,14330.0,,18580.0,21510.0,21710.0,215.0,16440.0
2018-05-27,197.0,17740.0,17690.0,19940.0,14580.0,14430.0,14330.0,,18580.0,21510.0,21710.0,215.0,16440.0
2018-05-28,197.0,17740.0,17690.0,19940.0,14580.0,14430.0,14330.0,,18580.0,21510.0,21710.0,215.0,16440.0
2018-05-29,197.0,17740.0,17690.0,19940.0,14580.0,14430.0,14330.0,,18580.0,21510.0,21710.0,215.0,16440.0
2018-05-30,197.0,17740.0,17690.0,19940.0,14580.0,14430.0,14330.0,,18580.0,21510.0,21710.0,215.0,16440.0
2018-05-31,197.0,17740.0,17690.0,19940.0,14580.0,14430.0,14330.0,,18580.0,21510.0,21710.0,215.0,16440.0
2018-06-01,197.0,17740.0,17690.0,19940.0,14580.0,14430.0,14330.0,,18580.0,21510.0,21710.0,215.0,16440.0
2018-06-02,197.0,17740.0,17690.0,19940.0,14580.0,14430.0,14330.0,,18580.0,21510.0,21710.0,215.0,16440.0
2018-06-03,197.0,17740.0,17690.0,19940.0,14580.0,14430.0,14330.0,,18580.0,21510.0,21710.0,215.0,16440.0
2018-06-04,197.0,17740.0,17690.0,19940.0,14580.0,14430.0,14330.0,,18580.0,21510.0,21710.0,215.0,16440.0
2018-06-05,197.0,17740.0,17690.0,19940.0,14580.0,14430.0,14330.0,,18580.0,21510.0,21710.0,215.0,16440.0
2018-06-06,197.0,17740.0,17690.0,19940.0,14580.0,14430.0,14330.0,,18580.0,21510.0,21710.0,215.0,16440.0
2018-06-07,197.0,17740.0,17690.0,19940.0,14580.0,14430.0,14330.0,,18580.0,21510.0,21710.0,215.0,16440.0
2018-06-08,197.0,17740.0,17690.0,19940.0,14580.0,14430.0,14330.0,,18580.0,21510.0,21710.0,215.0,16440.0
2018-06-09,197.0,17740.0,17690.0,19940.0,14580.0,14430.0,14330.0,,18580.0,21510.0,21710.0,215.0,16440.0
2018-06-10,197.0,17740.0,17690.0,19940.0,14580.0,14430.0,14330.0,,18580.0,21510.0,21710.0,215.0,16440.0
2018-06-11,197.0,17740.0,17690.0,19940.0,14580.0,14430.0,14330.0,,18580.0,21510.0,21710.0,215.0,16440.0
2018-06-12,197.0,17740.0,17690.0,19940.0,14580.0,14430.0,14330.0,,18580.0,21510.0,21710.0,215.0,16440.0
2018-06-13,197.0,17740.0,17690.0,19940.0,14580.0,14430.0,14330.0,,18580.0,21510.0,21710.0,215.0,16440.0
2018-06-14,197.0,17740.0,17690.0,19940.0,14580.0,14430.0,14330.0,,18580.0,21510.0,21710.0,215.0,16440.0
2018-06-15,197.0,17740.0,17690.0,19940.0,14580.0,14430.0,14330.0,,18580.0,21510.0,21710.0,215.0,16440.0
2018-06-16,197.0,17740.0,17690.0,19940.0,14580.0,14430.0,14330.0,,18580.0,21510.0,21710.0,215.0,16440.0
2018-06-17,197.0,17740.0,17690.0,19940.0,14580.0,14430.0,14330.0,,18580.0,21510.0,21710.0,215.0,16440.0
2018-06-18,197.0,17740.0,17690.0,19940.0,14580.0,14430.0,14330.0,,18580.0,21510.0,21710.0,215.0,16440.0
2018-06-19,197.0,17740.0,17690.0,19940.0,14580.0,14430.0,14330.0,,18580.0,21510.0,21710.0,215.0,16440.0
2018-06-20,197.0,17740.0,17690.0,19940.0,14580.0,14430.0,14330.0,,18580.0,21510.0,21710.0,215.0,16440.0
2018-06-21,197.0,17740.0,17690.0,19940.0,14580.0,14430.0,14330.0,,18580.0,21510.0,21710.0,215.0,16440.0
2018-06-22,197.0,17510.0,17460.0,19610.0,14580.0,14430.0,14330.0,,18580.0,21170.0,21370.0,215.0,16050.0
2018-06-23,197.0,17510.0,17460.0,19610.0,14580.0,14430.0,14330.0,,18580.0,21170.0,21370.0,215.0,16050.0
2018-06-24,197.0,17510.0,17460.0,19610.0,14580.0,14430.0,14330.0,,18580.0,21170.0,21370.0,215.0,16050.0
2018-06-25,197.0,17510.0,17460.0,19610.0,14580.0,14430.0,14330.0,,18580.0,21170.0,21370.0,215.0,16050.0
2018-06-26,197.0,17510.0,17460.0,19610.0,14580.0,14430.0,14330.0,,18580.0,21170.0,21370.0,215.0,16050.0
2018-06-27,197.0,17510.0,17460.0,19610.0,14580.0,14430.0,14330.0,,18580.0,21170.0,21370.0,215.0,16050.0
2018-06-28,197.0,17510.0,17460.0,19610.0,14580.0,14430.0,14330.0,,18580.0,21170.0,21370.0,215.0,16050.0
2018-06-29,197.0,17510.0,17460.0,19610.0,14580.0,14430.0,14330.0,,18580.0,21170.0,21370.0,215.0,16050.0
2018-06-30,197.0,17510.0,17460.0,19610.0,14580.0,14430.0,14330.0,,18580.0,21170.0,21370.0,215.0,16050.0
2018-07-01,197.0,17510.0,17460.0,19610.0,14580.0,14430.0,14330.0,,18580.0,21170.0,21370.0,215.0,16050.0
2018-07-02,197.0,17510.0,17460.0,19610.0,14580.0,14430.0,14330.0,,18580.0,21170.0,21370.0,215.0,16050.0
2018-07-03,197.0,17510.0,17460.0,19610.0,14580.0,14430.0,14330.0,,18580.0,21170.0,21370.0,215.0,16050.0
2018-07-04,197.0,17510.0,17460.0,19610.0,14580.0,14430.0,14330.0,,18580.0,21170.0,21370.0,215.0,16050.0
2018-07-05,197.0,17510.0,17460.0,19610.0,14580.0,14430.0,14330.0,,18580.0,21170.0,21370.0,215.0,16050.0
2018-07-06,197.0,17510.0,17460.0,19610.0,14580.0,14430.0,14330.0,,18580.0,21170.0,21370.0,215.0,16050.0
2018-07-07,197.0,17500.0,17450.0,19610.0,14900.0,14750.0,14650.0,,18580.0,21170.0,21370.0,215.0,16240.0
2018-07-08,197.0,17500.0,17450.0,19610.0,14900.0,14750.0,14650.0,,18580.0,21170.0,21370.0,215.0,16240.0
2018-07-09,197.0,17500.0,17450.0,19610.0,14900.0,14750.0,14650.0,,18580.0,21170.0,21370.0,215.0,16240.0
2018-07-10,197.0,17500.0,17450.0,19610.0,14900.0,14750.0,14650.0,,18580.0,21170.0,21370.0,215.0,16240.0
2018-07-11,197.0,17500.0,17450.0,19610.0,14900.0,14750.0,14650.0,,18580.0,21170.0,21370.0,215.0,16240.0
2018-07-12,197.0,17500.0,17450.0,19610.0,14900.0,14750.0,14650.0,,18580.0,21170.0,21370.0,215.0,16240.0
2018-07-13,197.0,17500.0,17450.0,19610.0,14900.0,14750.0,14650.0,,18580.0,21170.0,21370.0,215.0,16240.0
2018-07-14,197.0,17500.0,17450.0,19610.0,14900.0,14750.0,14650.0,,18580.0,21170.0,21370.0,215.0,16240.0
2018-07-15,197.0,17500.0,17450.0,19610.0,14900.0,14750.0,14650.0,,18580.0,21170.0,21370.0,215.0,16240.0
2018-07-16,197.0,17500.0,17450.0,19610.0,14900.0,14750.0,14650.0,,18580.0,21170.0,21370.0,215.0,16240.0
2018-07-17,197.0,17500.0,17450.0,19610.0,14900.0,14750.0,14650.0,,18580.0,21170.0,21370.0,215.0,16240.0
2018-07-18,197.0,17500.0,17450.0,19610.0,14900.0,14750.0,14650.0,,18580.0,21170.0,21370.0,215.0,16240.0
2018-07-19,197.0,17500.0,17450.0,19610.0,14900.0,14750.0,14650.0,,18580.0,21170.0,21370.0,215.0,16240.0
2018-07-20,197.0,17500.0,17450.0,19610.0,14900.0,14750.0,14650.0,,18580.0,21170.0,21370.0,215.0,16240.0
2018-07-21,197.0,17500.0,17450.0,19610.0,14900.0,14750.0,14650.0,,18580.0,21170.0,21370.0,215.0,16240.0
2018-07-22,197.0,17500.0,17450.0,19610.0,14900.0,14750.0,14650.0,,18580.0,21170.0,21370.0,215.0,16240.0
2018-07-23,197.0,17290.0,17240.0,19610.0,14900.0,14750.0,14650.0,,18580.0,21170.0,21370.0,215.0,16170.0
2018-07-24,197.0,17290.0,17240.0,19610.0,14900.0,14750.0,14650.0,,18580.0,21170.0,21370.0,215.0,16170.0
2018-07-25,197.0,17290.0,17240.0,19610.0,14900.0,14750.0,14650.0,,18580.0,21170.0,21370.0,215.0,16170.0
2018-07-26,197.0,17290.0,17240.0,19610.0,14900.0,14750.0,14650.0,,18580.0,21170.0,21370.0,215.0,16170.0
2018-07-27,197.0,17290.0,17240.0,19610.0,14900.0,14750.0,14650.0,,18580.0,21170.0,21370.0,215.0,16170.0
2018-07-28,197.0,17290.0,17240.0,19610.0,14900.0,14750.0,14650.0,,18580.0,21170.0,21370.0,215.0,16170.0
2018-07-29,197.0,17290.0,17240.0,19610.0,14900.0,14750.0,14650.0,,18580.0,21170.0,21370.0,215.0,16170.0
2018-07-30,197.0,17290.0,17240.0,19610.0,14900.0,14750.0,14650.0,,18580.0,21170.0,21370.0,215.0,16170.0
2018-07-31,197.0,17290.0,17240.0,19610.0,14900.0,14750.0,14650.0,,18580.0,21170.0,21370.0,215.0,16170.0
2018-08-01,197.0,17290.0,17240.0,19610.0,14900.0,14750.0,14650.0,,18580.0,21170.0,21370.0,215.0,16170.0
2018-08-02,197.0,17290.0,17240.0,19610.0,14900.0,14750.0,14650.0,,18580.0,21170.0,21370.0,215.0,16170.0
2018-08-03,197.0,17290.0,17240.0,19610.0,14900.0,14750.0,14650.0,,18580.0,21170.0,21370.0,215.0,16170.0
2018-08-04,197.0,17290.0,17240.0,19610.0,14900.0,14750.0,14650.0,,18580.0,21170.0,21370.0,215.0,16170.0
2018-08-05,197.0,17290.0,17240.0,19610.0,14900.0,14750.0,14650.0,,18580.0,21170.0,21370.0,215.0,16170.0
2018-08-06,197.0,17290.0,17240.0,19610.0,14900.0,14750.0,14650.0,,18580.0,21170.0,21370.0,215.0,16170.0
2018-08-07,197.0,17630.0,17530.0,19610.0,15160.0,15010.0,14910.0,,18580.0,21170.0,21320.0,215.0,16370.0
2018-08-08,197.0,17630.0,17530.0,19610.0,15160.0,15010.0,14910.0,,18580.0,21170.0,21320.0,215.0,16370.0
2018-08-09,197.0,17630.0,17530.0,19610.0,15160.0,15010.0,14910.0,,18580.0,21170.0,21320.0,215.0,16370.0
2018-08-10,197.0,17630.0,17530.0,19610.0,15160.0,15010.0,14910.0,,18580.0,21170.0,21320.0,215.0,16370.0
2018-08-11,197.0,17630.0,17530.0,19610.0,15160.0,15010.0,14910.0,,18580.0,21170.0,21320.0,215.0,16370.0
2018-08-12,197.0,17630.0,17530.0,19610.0,15160.0,15010.0,14910.0,,18580.0,21170.0,21320.0,215.0,16370.0
2018-08-13,197.0,17630.0,17530.0,19610.0,15160.0,15010.0,14910.0,,18580.0,21170.0,21320.0,215.0,16370.0
2018-08-14,197.0,17630.0,17530.0,19610.0,15160.0,15010.0,14910.0,,18580.0,21170.0,21320.0,215.0,16370.0
2018-08-15,197.0,17630.0,17530.0,19610.0,15160.0,15010.0,14910.0,,18580.0,21170.0,21320.0,215.0,16370.0
2018-08-16,197.0,17630.0,17530.0,19610.0,15160.0,15010.0,14910.0,,18580.0,21170.0,21320.0,215.0,16370.0
2018-08-17,197.0,17630.0,17530.0,19610.0,15160.0,15010.0,14910.0,,18580.0,21170.0,21320.0,215.0,16370.0
2018-08-18,197.0,17630.0,17530.0,19610.0,15160.0,15010.0,14910.0,,18580.0,21170.0,21320.0,215.0,16370.0
2018-08-19,197.0,17630.0,17530.0,19610.0,15160.0,15010.0,14910.0,,18580.0,21170.0,21320.0,215.0,16370.0
2018-08-20,197.0,17630.0,17530.0,19610.0,15160.0,15010.0,14910.0,,18580.0,21170.0,21320.0,215.0,16370.0
2018-08-21,197.0,17630.0,17530.0,19610.0,15160.0,15010.0,14910.0,,18580.0,21170.0,21320.0,215.0,16370.0
2018-08-22,197.0,17780.0,17680.0,19610.0,14890.0,14740.0,14640.0,,18580.0,21170.0,21320.0,215.0,16260.0
2018-08-23,197.0,17780.0,17680.0,19610.0,14890.0,14740.0,14640.0,,18580.0,21170.0,21320.0,215.0,16260.0
2018-08-24,197.0,17780.0,17680.0,19610.0,14890.0,14740.0,14640.0,,18580.0,21170.0,21320.0,215.0,16260.0
2018-08-25,197.0,17780.0,17680.0,19610.0,14890.0,14740.0,14640.0,,18580.0,21170.0,21320.0,215.0,16260.0
2018-08-26,197.0,17780.0,17680.0,19610.0,14890.0,14740.0,14640.0,,18580.0,21170.0,21320.0,215.0,16260.0
2018-08-27,197.0,17780.0,17680.0,19610.0,14890.0,14740.0,14640.0,,18580.0,21170.0,21320.0,215.0,16260.0
2018-08-28,197.0,17780.0,17680.0,19610.0,14890.0,14740.0,14640.0,,18580.0,21170.0,21320.0,215.0,16260.0
2018-08-29,197.0,17780.0,17680.0,19610.0,14890.0,14740.0,14640.0,,18580.0,21170.0,21320.0,215.0,16260.0
2018-08-30,197.0,17780.0,17680.0,19610.0,14890.0,14740.0,14640.0,,18580.0,21170.0,21320.0,215.0,16260.0
2018-08-31,197.0,17780.0,17680.0,19610.0,14890.0,14740.0,14640.0,,18580.0,21170.0,21320.0,215.0,16260.0
2018-09-01,197.0,17780.0,17680.0,19610.0,14890.0,14740.0,14640.0,,18580.0,21170.0,21320.0,215.0,16260.0
2018-09-02,197.0,17780.0,17680.0,19610.0,14890.0,14740.0,14640.0,,18580.0,21170.0,21320.0,215.0,16260.0
2018-09-03,197.0,17780.0,17680.0,19610.0,14890.0,14740.0,14640.0,,18580.0,21170.0,21320.0,215.0,16260.0
2018-09-04,197.0,17780.0,17680.0,19610.0,14890.0,14740.0,14640.0,,18580.0,21170.0,21320.0,215.0,16260.0
2018-09-05,197.0,17780.0,17680.0,19610.0,14890.0,14740.0,14640.0,,18580.0,21170.0,21320.0,215.0,16260.0
2018-09-06,197.0,18160.0,18060.0,19910.0,15060.0,14910.0,14810.0,,18580.0,21470.0,21620.0,215.0,16550.0
2018-09-07,197.0,18160.0,18060.0,19910.0,15060.0,14910.0,14810.0,,18580.0,21470.0,21620.0,215.0,16550.0
2018-09-08,197.0,18160.0,18060.0,19910.0,15060.0,14910.0,14810.0,,18580.0,21470.0,21620.0,215.0,16550.0
2018-09-09,197.0,18160.0,18060.0,19910.0,15060.0,14910.0,14810.0,,18580.0,21470.0,21620.0,215.0,16550.0
2018-09-10,197.0,18160.0,18060.0,19910.0,15060.0,14910.0,14810.0,,18580.0,21470.0,21620.0,215.0,16550.0
2018-09-11,197.0,18160.0,18060.0,19910.0,15060.0,14910.0,14810.0,,18580.0,21470.0,21620.0,215.0,16550.0
2018-09-12,197.0,18160.0,18060.0,19910.0,15060.0,14910.0,14810.0,,18580.0,21470.0,21620.0,215.0,16550.0
2018-09-13,197.0,18160.0,18060.0,19910.0,15060.0,14910.0,14810.0,,18580.0,21470.0,21620.0,215.0,16550.0
2018-09-14,197.0,18160.0,18060.0,19910.0,15060.0,14910.0,14810.0,,18580.0,21470.0,21620.0,215.0,16550.0
2018-09-15,197.0,18160.0,18060.0,19910.0,15060.0,14910.0,14810.0,,18580.0,21470.0,21620.0,215.0,16550.0
2018-09-16,197.0,18160.0,18060.0,19910.0,15060.0,14910.0,14810.0,,18580.0,21470.0,21620.0,215.0,16550.0
2018-09-17,197.0,18160.0,18060.0,19910.0,15060.0,14910.0,14810.0,,18580.0,21470.0,21620.0,215.0,16550.0
2018-09-18,197.0,18160.0,18060.0,19910.0,15060.0,14910.0,14810.0,,18580.0,21470.0,21620.0,215.0,16550.0
2018-09-19,197.0,18160.0,18060.0,19910.0,15060.0,14910.0,14810.0,,18580.0,21470.0,21620.0,215.0,16550.0
2018-09-20,197.0,18160.0,18060.0,19910.0,15060.0,14910.0,14810.0,,18580.0,21470.0,21620.0,215.0,16550.0
2018-09-21,197.0,18220.0,18120.0,20230.0,15090.0,14940.0,14840.0,,18580.0,21770.0,21920.0,215.0,16680.0
2018-09-22,197.0,18220.0,18120.0,20230.0,15090.0,14940.0,14840.0,,18580.0,21770.0,21920.0,215.0,16680.0
2018-09-23,197.0,18220.0,18120.0,20230.0,15090.0,14940.0,14840.0,,18580.0,21770.0,21920.0,215.0,16680.0
2018-09-24,197.0,18220.0,18120.0,20230.0,15090.0,14940.0,14840.0,,18580.0,21770.0,21920.0,215.0,16680.0
2018-09-25,197.0,18220.0,18120.0,20230.0,15090.0,14940.0,14840.0,,18580.0,21770.0,21920.0,215.0,16680.0
2018-09-26,197.0,18220.0,18120.0,20230.0,15090.0,14940.0,14840.0,,18580.0,21770.0,21920.0,215.0,16680.0
2018-09-27,197.0,18220.0,18120.0,20230.0,15090.0,14940.0,14840.0,,18580.0,21770.0,21920.0,215.0,16680.0
2018-09-28,197.0,18220.0,18120.0,20230.0,15090.0,14940.0,14840.0,,18580.0,21770.0,21920.0,215.0,16680.0
2018-09-29,197.0,18220.0,18120.0,20230.0,15090.0,14940.0,14840.0,,18580.0,21770.0,21920.0,215.0,16680.0
2018-09-30,197.0,18220.0,18120.0,20230.0,15090.0,14940.0,14840.0,,18580.0,21770.0,21920.0,215.0,16680.0
2018-10-01,197.0,18220.0,18120.0,20230.0,15090.0,14940.0,14840.0,,18580.0,21770.0,21920.0,215.0,16680.0
2018-10-02,197.0,18220.0,18120.0,20230.0,15090.0,14940.0,14840.0,,18580.0,21770.0,21920.0,215.0,16680.0
2018-10-03,197.0,18220.0,18120.0,20230.0,15090.0,14940.0,14840.0,,18580.0,21770.0,21920.0,215.0,16680.0
2018-10-04,197.0,18220.0,18120.0,20230.0,15090.0,14940.0,14840.0,,18580.0,21770.0,21920.0,215.0,16680.0
2018-10-05,197.0,18220.0,18120.0,20230.0,15090.0,14940.0,14840.0,,18580.0,21770.0,21920.0,215.0,16680.0
2018-10-06,197.0,18710.0,18610.0,20900.0,15840.0,15690.0,15590.0,,18580.0,22340.0,22490.0,215.0,17080.0
2018-10-07,197.0,18710.0,18610.0,20900.0,15840.0,15690.0,15590.0,,18580.0,22340.0,22490.0,215.0,17080.0
2018-10-08,197.0,18710.0,18610.0,20900.0,15840.0,15690.0,15590.0,,18580.0,22340.0,22490.0,215.0,17080.0
2018-10-09,197.0,18710.0,18610.0,20900.0,15840.0,15690.0,15590.0,,18580.0,22340.0,22490.0,215.0,17080.0
2018-10-10,197.0,18710.0,18610.0,20900.0,15840.0,15690.0,15590.0,,18580.0,22340.0,22490.0,215.0,17080.0
2018-10-11,197.0,18710.0,18610.0,20900.0,15840.0,15690.0,15590.0,,18580.0,22340.0,22490.0,215.0,17080.0
2018-10-12,197.0,18710.0,18610.0,20900.0,15840.0,15690.0,15590.0,,18580.0,22340.0,22490.0,215.0,17080.0
2018-10-13,197.0,18710.0,18610.0,20900.0,15840.0,15690.0,15590.0,,18580.0,22340.0,22490.0,215.0,17080.0
2018-10-14,197.0,18710.0,18610.0,20900.0,15840.0,15690.0,15590.0,,18580.0,22340.0,22490.0,215.0,17080.0
2018-10-15,197.0,18710.0,18610.0,20900.0,15840.0,15690.0,15590.0,,18580.0,22340.0,22490.0,215.0,17080.0
2018-10-16,197.0,18710.0,18610.0,20900.0,15840.0,15690.0,15590.0,,18580.0,22340.0,22490.0,215.0,17080.0
2018-10-17,197.0,18710.0,18610.0,20900.0,15840.0,15690.0,15590.0,,18580.0,22340.0,22490.0,215.0,17080.0
2018-10-18,197.0,18710.0,18610.0,20900.0,15840.0,15690.0,15590.0,,18580.0,22340.0,22490.0,215.0,17080.0
2018-10-19,197.0,18710.0,18610.0,20900.0,15840.0,15690.0,15590.0,,18580.0,22340.0,22490.0,215.0,17080.0
2018-10-20,197.0,18710.0,18610.0,20900.0,15840.0,15690.0,15590.0,,18580.0,22340.0,22490.0,215.0,17080.0
2018-10-21,197.0,18710.0,18610.0,20900.0,15840.0,15690.0,15590.0,,18580.0,22340.0,22490.0,215.0,17080.0
2018-10-22,197.0,18710.0,18610.0,20680.0,15840.0,15690.0,15590.0,,18580.0,22200.0,22350.0,215.0,17080.0
2018-10-23,197.0,18710.0,18610.0,20680.0,15840.0,15690.0,15590.0,,18580.0,22200.0,22350.0,215.0,17080.0
2018-10-24,197.0,18710.0,18610.0,20680.0,15840.0,15690.0,15590.0,,18580.0,22200.0,22350.0,215.0,17080.0
2018-10-25,197.0,18710.0,18610.0,20680.0,15840.0,15690.0,15590.0,,18580.0,22200.0,22350.0,215.0,17080.0
2018-10-26,197.0,18710.0,18610.0,20680.0,15840.0,15690.0,15590.0,,18580.0,22200.0,22350.0,215.0,17080.0
2018-10-27,197.0,18710.0,18610.0,20680.0,15840.0,15690.0,15590.0,,18580.0,22200.0,22350.0,215.0,17080.0
2018-10-28,197.0,18710.0,18610.0,20680.0,15840.0,15690.0,15590.0,,18580.0,22200.0,22350.0,215.0,17080.0
2018-10-29,197.0,18710.0,18610.0,20680.0,15840.0,15690.0,15590.0,,18580.0,22200.0,22350.0,215.0,17080.0
2018-10-30,197.0,18710.0,18610.0,20680.0,15840.0,15690.0,15590.0,,18580.0,22200.0,22350.0,215.0,17080.0
2018-10-31,197.0,18710.0,18610.0,20680.0,15840.0,15690.0,15590.0,,18580.0,22200.0,22350.0,215.0,17080.0
2018-11-01,197.0,18710.0,18610.0,20680.0,15840.0,15690.0,15590.0,,18580.0,22200.0,22350.0,215.0,17080.0
2018-11-02,197.0,18710.0,18610.0,20680.0,15840.0,15690.0,15590.0,,18580.0,22200.0,22350.0,215.0,17080.0
2018-11-03,197.0,18710.0,18610.0,20680.0,15840.0,15690.0,15590.0,,18580.0,22200.0,22350.0,215.0,17080.0
2018-11-04,197.0,18710.0,18610.0,20680.0,15840.0,15690.0,15590.0,,18580.0,22200.0,22350.0,215.0,17080.0
2018-11-05,197.0,18710.0,18610.0,20680.0,15840.0,15690.0,15590.0,,18580.0,22200.0,22350.0,215.0,17080.0
2018-11-06,197.0,18640.0,18540.0,19600.0,15840.0,15690.0,15590.0,,18580.0,21060.0,21210.0,215.0,17080.0
2018-11-07,197.0,18640.0,18540.0,19600.0,15840.0,15690.0,15590.0,,18580.0,21060.0,21210.0,215.0,17080.0
2018-11-08,197.0,18640.0,18540.0,19600.0,15840.0,15690.0,15590.0,,18580.0,21060.0,21210.0,215.0,17080.0
2018-11-09,197.0,18640.0,18540.0,19600.0,15840.0,15690.0,15590.0,,18580.0,21060.0,21210.0,215.0,17080.0
2018-11-10,197.0,18640.0,18540.0,19600.0,15840.0,15690.0,15590.0,,18580.0,21060.0,21210.0,215.0,17080.0
2018-11-11,197.0,18640.0,18540.0,19600.0,15840.0,15690.0,15590.0,,18580.0,21060.0,21210.0,215.0,17080.0
2018-11-12,197.0,18640.0,18540.0,19600.0,15840.0,15690.0,15590.0,,18580.0,21060.0,21210.0,215.0,17080.0
2018-11-13,197.0,18640.0,18540.0,19600.0,15840.0,15690.0,15590.0,,18580.0,21060.0,21210.0,215.0,17080.0
2018-11-14,197.0,18640.0,18540.0,19600.0,15840.0,15690.0,15590.0,,18580.0,21060.0,21210.0,215.0,17080.0
2018-11-15,197.0,18640.0,18540.0,19600.0,15840.0,15690.0,15590.0,,18580.0,21060.0,21210.0,215.0,17080.0
2018-11-16,197.0,18640.0,18540.0,19600.0,15840.0,15690.0,15590.0,,18580.0,21060.0,21210.0,215.0,17080.0
2018-11-17,197.0,18640.0,18540.0,19600.0,15840.0,15690.0,15590.0,,18580.0,21060.0,21210.0,215.0,17080.0
2018-11-18,197.0,18640.0,18540.0,19600.0,15840.0,15690.0,15590.0,,18580.0,21060.0,21210.0,215.0,17080.0
2018-11-19,197.0,18640.0,18540.0,19600.0,15840.0,15690.0,15590.0,,18580.0,21060.0,21210.0,215.0,17080.0
2018-11-20,197.0,18640.0,18540.0,19600.0,15840.0,15690.0,15590.0,,18580.0,21060.0,21210.0,215.0,17080.0
2018-11-21,197.0,17780.0,17630.0,18620.0,15330.0,15180.0,15080.0,,18580.0,19970.0,20120.0,215.0,16240.0
2018-11-22,197.0,17780.0,17630.0,18620.0,15330.0,15180.0,15080.0,,18580.0,19970.0,20120.0,215.0,16240.0
2018-11-23,197.0,17780.0,17630.0,18620.0,15330.0,15180.0,15080.0,,18580.0,19970.0,20120.0,215.0,16240.0
2018-11-24,197.0,17780.0,17630.0,18620.0,15330.0,15180.0,15080.0,,18580.0,19970.0,20120.0,215.0,16240.0
2018-11-25,197.0,17780.0,17630.0,18620.0,15330.0,15180.0,15080.0,,18580.0,19970.0,20120.0,215.0,16240.0
2018-11-26,197.0,17780.0,17630.0,18620.0,15330.0,15180.0,15080.0,,18580.0,19970.0,20120.0,215.0,16240.0
2018-11-27,197.0,17780.0,17630.0,18620.0,15330.0,15180.0,15080.0,,18580.0,19970.0,20120.0,215.0,16240.0
2018-11-28,197.0,17780.0,17630.0,18620.0,15330.0,15180.0,15080.0,,18580.0,19970.0,20120.0,215.0,16240.0
2018-11-29,197.0,17780.0,17630.0,18620.0,15330.0,15180.0,15080.0,,18580.0,19970.0,20120.0,215.0,16240.0
2018-11-30,197.0,17780.0,17630.0,18620.0,15330.0,15180.0,15080.0,,18580.0,19970.0,20120.0,215.0,16240.0
2018-12-01,197.0,17780.0,17630.0,18620.0,15330.0,15180.0,15080.0,,18580.0,19970.0,20120.0,215.0,16240.0
2018-12-02,197.0,17780.0,17630.0,18620.0,15330.0,15180.0,15080.0,,18580.0,19970.0,20120.0,215.0,16240.0
2018-12-03,197.0,17780.0,17630.0,18620.0,15330.0,15180.0,15080.0,,18580.0,19970.0,20120.0,215.0,16240.0
2018-12-04,197.0,17780.0,17630.0,18620.0,15330.0,15180.0,15080.0,,18580.0,19970.0,20120.0,215.0,16240.0
2018-12-05,197.0,17780.0,17630.0,18620.0,15330.0,15180.0,15080.0,,18580.0,19970.0,20120.0,215.0,16240.0
2018-12-06,197.0,16400.0,16250.0,17180.0,14550.0,14400.0,14300.0,,18580.0,18450.0,18600.0,215.0,15250.0
2018-12-07,197.0,16400.0,16250.0,17180.0,14550.0,14400.0,14300.0,,18580.0,18450.0,18600.0,215.0,15250.0
2018-12-08,197.0,16400.0,16250.0,17180.0,14550.0,14400.0,14300.0,,18580.0,18450.0,18600.0,215.0,15250.0
2018-12-09,197.0,16400.0,16250.0,17180.0,14550.0,14400.0,14300.0,,18580.0,18450.0,18600.0,215.0,15250.0
2018-12-10,197.0,16400.0,16250.0,17180.0,14550.0,14400.0,14300.0,,18580.0,18450.0,18600.0,215.0,15250.0
2018-12-11,197.0,16400.0,16250.0,17180.0,14550.0,14400.0,14300.0,,18580.0,18450.0,18600.0,215.0,15250.0
2018-12-12,197.0,16400.0,16250.0,17180.0,14550.0,14400.0,14300.0,,18580.0,18450.0,18600.0,215.0,15250.0
2018-12-13,197.0,16400.0,16250.0,17180.0,14550.0,14400.0,14300.0,,18580.0,18450.0,18600.0,215.0,15250.0
2018-12-14,197.0,16400.0,16250.0,17180.0,14550.0,14400.0,14300.0,,18580.0,18450.0,18600.0,215.0,15250.0
2018-12-15,197.0,16400.0,16250.0,17180.0,14550.0,14400.0,14300.0,,18580.0,18450.0,18600.0,215.0,15250.0
2018-12-16,197.0,16400.0,16250.0,17180.0,14550.0,14400.0,14300.0,,18580.0,18450.0,18600.0,215.0,15250.0
2018-12-17,197.0,16400.0,16250.0,17180.0,14550.0,14400.0,14300.0,,18580.0,18450.0,18600.0,215.0,15250.0
2018-12-18,197.0,16400.0,16250.0,17180.0,14550.0,14400.0,14300.0,,18580.0,18450.0,18600.0,215.0,15250.0
2018-12-19,197.0,16400.0,16250.0,17180.0,14550.0,14400.0,14300.0,,18580.0,18450.0,18600.0,215.0,15250.0
2018-12-20,197.0,16400.0,16250.0,17180.0,14550.0,14400.0,14300.0,,18580.0,18450.0,18600.0,215.0,15250.0
2018-12-21,197.0,16150.0,16000.0,16780.0,14150.0,14000.0,13900.0,,18580.0,18140.0,18290.0,215.0,15000.0
2018-12-22,197.0,16150.0,16000.0,16780.0,14150.0,14000.0,13900.0,,18580.0,18140.0,18290.0,215.0,15000.0
2018-12-23,197.0,16150.0,16000.0,16780.0,14150.0,14000.0,13900.0,,18580.0,18140.0,18290.0,215.0,15000.0
2018-12-24,197.0,16150.0,16000.0,16780.0,14150.0,14000.0,13900.0,,18580.0,18140.0,18290.0,215.0,15000.0
2018-12-25,197.0,16150.0,16000.0,16780.0,14150.0,14000.0,13900.0,,18580.0,18140.0,18290.0,215.0,15000.0
2018-12-26,197.0,16150.0,16000.0,16780.0,14150.0,14000.0,13900.0,,18580.0,18140.0,18290.0,215.0,15000.0
2018-12-27,197.0,16150.0,16000.0,16780.0,14150.0,14000.0,13900.0,,18580.0,18140.0,18290.0,215.0,15000.0
2018-12-28,197.0,16150.0,16000.0,16780.0,14150.0,14000.0,13900.0,,18580.0,18140.0,18290.0,215.0,15000.0
2018-12-29,197.0,16150.0,16000.0,16780.0,14150.0,14000.0,13900.0,,18580.0,18140.0,18290.0,215.0,15000.0
2018-12-30,197.0,16150.0,16000.0,16780.0,14150.0,14000.0,13900.0,,18580.0,18140.0,18290.0,215.0,15000.0
2018-12-31,197.0,16150.0,16000.0,16780.0,14150.0,14000.0,13900.0,,18580.0,18140.0,18290.0,215.0,15000.0
2019-01-01,197.0,15050.0,14900.0,16270.0,13420.0,13270.0,13170.0,,18580.0,17600.0,17750.0,215.0,14180.0
2019-01-02,197.0,15050.0,14900.0,16270.0,13420.0,13270.0,13170.0,,18580.0,17600.0,17750.0,215.0,14180.0
2019-01-03,197.0,15050.0,14900.0,16270.0,13420.0,13270.0,13170.0,,18580.0,17600.0,17750.0,215.0,14180.0
2019-01-04,197.0,15050.0,14900.0,16270.0,13420.0,13270.0,13170.0,,18580.0,17600.0,17750.0,215.0,14180.0
2019-01-05,197.0,15050.0,14900.0,16270.0,13420.0,13270.0,13170.0,,18580.0,17600.0,17750.0,215.0,14180.0
2019-01-06,197.0,15050.0,14900.0,16270.0,13420.0,13270.0,13170.0,,18580.0,17600.0,17750.0,215.0,14180.0
2019-01-07,197.0,15050.0,14900.0,16270.0,13420.0,13270.0,13170.0,,18580.0,17600.0,17750.0,215.0,14180.0
2019-01-08,197.0,15050.0,14900.0,16270.0,13420.0,13270.0,13170.0,,18580.0,17600.0,17750.0,215.0,14180.0
2019-01-09,197.0,15050.0,14900.0,16270.0,13420.0,13270.0,13170.0,,18580.0,17600.0,17750.0,215.0,14180.0
2019-01-10,197.0,15050.0,14900.0,16270.0,13420.0,13270.0,13170.0,,18580.0,17600.0,17750.0,215.0,14180.0
2019-01-11,197.0,15050.0,14900.0,16270.0,13420.0,13270.0,13170.0,,18580.0,17600.0,17750.0,215.0,14180.0
2019-01-12,197.0,15050.0,14900.0,16270.0,13420.0,13270.0,13170.0,,18580.0,17600.0,17750.0,215.0,14180.0
2019-01-13,197.0,15050.0,14900.0,16270.0,13420.0,13270.0,13170.0,,18580.0,17600.0,17750.0,215.0,14180.0
2019-01-14,197.0,15050.0,14900.0,16270.0,13420.0,13270.0,13170.0,,18580.0,17600.0,17750.0,215.0,14180.0
2019-01-15,197.0,15050.0,14900.0,16270.0,13420.0,13270.0,13170.0,,18580.0,17600.0,17750.0,215.0,14180.0
2019-01-16,197.0,15050.0,14900.0,16270.0,13420.0,13270.0,13170.0,,18580.0,17600.0,17750.0,215.0,14180.0
2019-01-17,197.0,15050.0,14900.0,16270.0,13420.0,13270.0,13170.0,,18580.0,17600.0,17750.0,215.0,14180.0
2019-01-18,197.0,15050.0,14900.0,16270.0,13420.0,13270.0,13170.0,,18580.0,17600.0,17750.0,215.0,14180.0
2019-01-19,197.0,15050.0,14900.0,16270.0,13420.0,13270.0,13170.0,,18580.0,17600.0,17750.0,215.0,14180.0
2019-01-20,197.0,15050.0,14900.0,16270.0,13420.0,13270.0,13170.0,,18580.0,17600.0,17750.0,215.0,14180.0
2019-01-21,197.0,15050.0,14900.0,16270.0,13420.0,13270.0,13170.0,,18580.0,17600.0,17750.0,215.0,14180.0
2019-01-22,197.0,15050.0,14900.0,16270.0,13420.0,13270.0,13170.0,,18580.0,17600.0,17750.0,215.0,14180.0
2019-01-23,197.0,15050.0,14900.0,16270.0,13420.0,13270.0,13170.0,,18580.0,17600.0,17750.0,215.0,14180.0
2019-01-24,197.0,15050.0,14900.0,16270.0,13420.0,13270.0,13170.0,,18580.0,17600.0,17750.0,215.0,14180.0
2019-01-25,197.0,15050.0,14900.0,16270.0,13420.0,13270.0,13170.0,,18580.0,17600.0,17750.0,215.0,14180.0
2019-01-26,197.0,15050.0,14900.0,16270.0,13420.0,13270.0,13170.0,,18580.0,17600.0,17750.0,215.0,14180.0
2019-01-27,197.0,15050.0,14900.0,16270.0,13420.0,13270.0,13170.0,,18580.0,17600.0,17750.0,215.0,14180.0
2019-01-28,197.0,15050.0,14900.0,16270.0,13420.0,13270.0,13170.0,,18580.0,17600.0,17750.0,215.0,14180.0
2019-01-29,197.0,15050.0,14900.0,16270.0,13420.0,13270.0,13170.0,,18580.0,17600.0,17750.0,215.0,14180.0
2019-01-30,197.0,15050.0,14900.0,16270.0,13420.0,13270.0,13170.0,,18580.0,17600.0,17750.0,215.0,14180.0
2019-01-31,197.0,15100.0,14900.0,16270.0,13420.0,13270.0,13170.0,,18580.0,17600.0,17750.0,215.0,14180.0
2019-02-01,197.0,15100.0,14900.0,16270.0,13420.0,13270.0,13170.0,,18580.0,17600.0,17750.0,215.0,14180.0
2019-02-02,197.0,15100.0,14900.0,16270.0,13420.0,13270.0,13170.0,,18580.0,17600.0,17750.0,215.0,14180.0
2019-02-03,197.0,15100.0,14900.0,16270.0,13420.0,13270.0,13170.0,,18580.0,17600.0,17750.0,215.0,14180.0
2019-02-04,197.0,15100.0,14900.0,16270.0,13420.0,13270.0,13170.0,,18580.0,17600.0,17750.0,215.0,14180.0
2019-02-05,197.0,15100.0,14900.0,16270.0,13420.0,13270.0,13170.0,,18580.0,17600.0,17750.0,215.0,14180.0
2019-02-06,197.0,15100.0,14900.0,16270.0,13420.0,13270.0,13170.0,,18580.0,17600.0,17750.0,215.0,14180.0
2019-02-07,197.0,15100.0,14900.0,16270.0,13420.0,13270.0,13170.0,,18580.0,17600.0,17750.0,215.0,14180.0
2019-02-08,197.0,15100.0,14900.0,16270.0,13420.0,13270.0,13170.0,,18580.0,17600.0,17750.0,215.0,14180.0
2019-02-09,197.0,15100.0,14900.0,16270.0,13420.0,13270.0,13170.0,,18580.0,17600.0,17750.0,215.0,14180.0
2019-02-10,197.0,15100.0,14900.0,16270.0,13420.0,13270.0,13170.0,,18580.0,17600.0,17750.0,215.0,14180.0
2019-02-11,197.0,15100.0,14900.0,16270.0,13420.0,13270.0,13170.0,,18580.0,17600.0,17750.0,215.0,14180.0
2019-02-12,197.0,15100.0,14900.0,16270.0,13420.0,13270.0,13170.0,,18580.0,17600.0,17750.0,215.0,14180.0
2019-02-13,197.0,15100.0,14900.0,16270.0,13420.0,13270.0,13170.0,,18580.0,17600.0,17750.0,215.0,14180.0
2019-02-14,197.0,15100.0,14900.0,16270.0,13420.0,13270.0,13170.0,,18580.0,17600.0,17750.0,215.0,14180.0
2019-02-15,197.0,15100.0,14900.0,16270.0,13420.0,13270.0,13170.0,,18580.0,17600.0,17750.0,215.0,14180.0
2019-02-16,197.0,15100.0,14900.0,16270.0,13420.0,13270.0,13170.0,,18580.0,17600.0,17750.0,215.0,14180.0
2019-02-17,197.0,15100.0,14900.0,16270.0,13420.0,13270.0,13170.0,,18580.0,17600.0,17750.0,215.0,14180.0
2019-02-18,197.0,15100.0,14900.0,16270.0,13420.0,13270.0,13170.0,,18580.0,17600.0,17750.0,215.0,14180.0
2019-02-19,197.0,15100.0,14900.0,16270.0,13420.0,13270.0,13170.0,,18580.0,17600.0,17750.0,215.0,14180.0
2019-02-20,197.0,15100.0,14900.0,16270.0,13420.0,13270.0,13170.0,,18580.0,17600.0,17750.0,215.0,14180.0
2019-02-21,197.0,15100.0,14900.0,16270.0,13420.0,13270.0,13170.0,,18580.0,17600.0,17750.0,215.0,14180.0
2019-02-22,197.0,15100.0,14900.0,16270.0,13420.0,13270.0,13170.0,,18580.0,17600.0,17750.0,215.0,14180.0
2019-02-23,197.0,15100.0,14900.0,16270.0,13420.0,13270.0,13170.0,,18580.0,17600.0,17750.0,215.0,14180.0
2019-02-24,197.0,15100.0,14900.0,16270.0,13420.0,13270.0,13170.0,,18580.0,17600.0,17750.0,215.0,14180.0
2019-02-25,197.0,15100.0,14900.0,16270.0,13420.0,13270.0,13170.0,,18580.0,17600.0,17750.0,215.0,14180.0
2019-02-26,197.0,15100.0,14900.0,16270.0,13420.0,13270.0,13170.0,,18580.0,17600.0,17750.0,215.0,14180.0
2019-02-27,197.0,15100.0,14900.0,16270.0,13420.0,13270.0,13170.0,,18580.0,17600.0,17750.0,215.0,14180.0
2019-02-28,197.0,15100.0,14900.0,16270.0,13420.0,13270.0,13170.0,,18580.0,17600.0,17750.0,215.0,14180.0
2019-03-01,197.0,15100.0,14900.0,16270.0,13420.0,13270.0,13170.0,,18580.0,17600.0,17750.0,215.0,14180.0
2019-03-02,197.0,16060.0,15860.0,17210.0,14230.0,14080.0,13980.0,,18580.0,18540.0,18690.0,215.0,14880.0
2019-03-03,197.0,16060.0,15860.0,17210.0,14230.0,14080.0,13980.0,,18580.0,18540.0,18690.0,215.0,14880.0
2019-03-04,197.0,16060.0,15860.0,17210.0,14230.0,14080.0,13980.0,,18580.0,18540.0,18690.0,215.0,14880.0
2019-03-05,197.0,16060.0,15860.0,17210.0,14230.0,14080.0,13980.0,,18580.0,18540.0,18690.0,215.0,14880.0
2019-03-06,197.0,16060.0,15860.0,17210.0,14230.0,14080.0,13980.0,,18580.0,18540.0,18690.0,215.0,14880.0
2019-03-07,197.0,16060.0,15860.0,17210.0,14230.0,14080.0,13980.0,,18580.0,18540.0,18690.0,215.0,14880.0
2019-03-08,197.0,16060.0,15860.0,17210.0,14230.0,14080.0,13980.0,,18580.0,18540.0,18690.0,215.0,14880.0
2019-03-09,197.0,16060.0,15860.0,17210.0,14230.0,14080.0,13980.0,,18580.0,18540.0,18690.0,215.0,14880.0
2019-03-10,197.0,16060.0,15860.0,17210.0,14230.0,14080.0,13980.0,,18580.0,18540.0,18690.0,215.0,14880.0
2019-03-11,197.0,16060.0,15860.0,17210.0,14230.0,14080.0,13980.0,,18580.0,18540.0,18690.0,215.0,14880.0
2019-03-12,197.0,16060.0,15860.0,17210.0,14230.0,14080.0,13980.0,,18580.0,18540.0,18690.0,215.0,14880.0
2019-03-13,197.0,16060.0,15860.0,17210.0,14230.0,14080.0,13980.0,,18580.0,18540.0,18690.0,215.0,14880.0
2019-03-14,197.0,16060.0,15860.0,17210.0,14230.0,14080.0,13980.0,,18580.0,18540.0,18690.0,215.0,14880.0
2019-03-15,197.0,16060.0,15860.0,17210.0,14230.0,14080.0,13980.0,,18580.0,18540.0,18690.0,215.0,14880.0
2019-03-16,197.0,16060.0,15860.0,17210.0,14230.0,14080.0,13980.0,,18580.0,18540.0,18690.0,215.0,14880.0
2019-03-17,197.0,16060.0,15860.0,17210.0,14230.0,14080.0,13980.0,,18580.0,18540.0,18690.0,215.0,14880.0
2019-03-18,197.0,16060.0,15860.0,17210.0,14230.0,14080.0,13980.0,,18580.0,18540.0,18690.0,215.0,14880.0
2019-03-19,197.0,16060.0,15860.0,17210.0,14230.0,14080.0,13980.0,,18580.0,18540.0,18690.0,215.0,14880.0
2019-03-20,197.0,16060.0,15860.0,17210.0,14230.0,14080.0,13980.0,,18580.0,18540.0,18690.0,215.0,14880.0
2019-03-21,197.0,16060.0,15860.0,17210.0,14230.0,14080.0,13980.0,,18580.0,18540.0,18690.0,215.0,14880.0
2019-03-22,197.0,16060.0,15860.0,17210.0,14230.0,14080.0,13980.0,,18580.0,18540.0,18690.0,215.0,14880.0
2019-03-23,197.0,16060.0,15860.0,17210.0,14230.0,14080.0,13980.0,,18580.0,18540.0,18690.0,215.0,14880.0
2019-03-24,197.0,16060.0,15860.0,17210.0,14230.0,14080.0,13980.0,,18580.0,18540.0,18690.0,215.0,14880.0
2019-03-25,197.0,16060.0,15860.0,17210.0,14230.0,14080.0,13980.0,,18580.0,18540.0,18690.0,215.0,14880.0
2019-03-26,197.0,16060.0,15860.0,17210.0,14230.0,14080.0,13980.0,,18580.0,18540.0,18690.0,215.0,14880.0
2019-03-27,197.0,16060.0,15860.0,17210.0,14230.0,14080.0,13980.0,,18580.0,18540.0,18690.0,215.0,14880.0
2019-03-28,197.0,16060.0,15860.0,17210.0,14230.0,14080.0,13980.0,,18580.0,18540.0,18690.0,215.0,14880.0
2019-03-29,197.0,16060.0,15860.0,17210.0,14230.0,14080.0,13980.0,,18580.0,18540.0,18690.0,215.0,14880.0
2019-03-30,197.0,16060.0,15860.0,17210.0,14230.0,14080.0,13980.0,,18580.0,18540.0,18690.0,215.0,14880.0
2019-03-31,197.0,16060.0,15860.0,17210.0,14230.0,14080.0,13980.0,,18580.0,18540.0,18690.0,215.0,14880.0
2019-04-01,197.0,16060.0,15860.0,17210.0,14230.0,14080.0,13980.0,,18580.0,18540.0,18690.0,215.0,14880.0
2019-04-02,197.0,17380.0,17080.0,18580.0,15360.0,15210.0,15110.0,,18580.0,20030.0,20180.0,215.0,15970.0
2019-04-03,197.0,17380.0,17080.0,18580.0,15360.0,15210.0,15110.0,,18580.0,20030.0,20180.0,215.0,15970.0
2019-04-04,197.0,17380.0,17080.0,18580.0,15360.0,15210.0,15110.0,,18580.0,20030.0,20180.0,215.0,15970.0
2019-04-05,197.0,17380.0,17080.0,18580.0,15360.0,15210.0,15110.0,,18580.0,20030.0,20180.0,215.0,15970.0
2019-04-06,197.0,17380.0,17080.0,18580.0,15360.0,15210.0,15110.0,,18580.0,20030.0,20180.0,215.0,15970.0
2019-04-07,197.0,17380.0,17080.0,18580.0,15360.0,15210.0,15110.0,,18580.0,20030.0,20180.0,215.0,15970.0
2019-04-08,197.0,17380.0,17080.0,18580.0,15360.0,15210.0,15110.0,,18580.0,20030.0,20180.0,215.0,15970.0
2019-04-09,197.0,17380.0,17080.0,18580.0,15360.0,15210.0,15110.0,,18580.0,20030.0,20180.0,215.0,15970.0
2019-04-10,197.0,17380.0,17080.0,18580.0,15360.0,15210.0,15110.0,,18580.0,20030.0,20180.0,215.0,15970.0
2019-04-11,197.0,17380.0,17080.0,18580.0,15360.0,15210.0,15110.0,,18580.0,20030.0,20180.0,215.0,15970.0
2019-04-12,197.0,17380.0,17080.0,18580.0,15360.0,15210.0,15110.0,,18580.0,20030.0,20180.0,215.0,15970.0
2019-04-13,197.0,17380.0,17080.0,18580.0,15360.0,15210.0,15110.0,,18580.0,20030.0,20180.0,215.0,15970.0
2019-04-14,197.0,17380.0,17080.0,18580.0,15360.0,15210.0,15110.0,,18580.0,20030.0,20180.0,215.0,15970.0
2019-04-15,197.0,17380.0,17080.0,18580.0,15360.0,15210.0,15110.0,,18580.0,20030.0,20180.0,215.0,15970.0
2019-04-16,197.0,17380.0,17080.0,18580.0,15360.0,15210.0,15110.0,,18580.0,20030.0,20180.0,215.0,15970.0
2019-04-17,197.0,17680.0,17380.0,19700.0,15760.0,15610.0,15510.0,,18580.0,21230.0,21380.0,215.0,16260.0
2019-04-18,197.0,17680.0,17380.0,19700.0,15760.0,15610.0,15510.0,,18580.0,21230.0,21380.0,215.0,16260.0
2019-04-19,197.0,17680.0,17380.0,19700.0,15760.0,15610.0,15510.0,,18580.0,21230.0,21380.0,215.0,16260.0
2019-04-20,197.0,17680.0,17380.0,19700.0,15760.0,15610.0,15510.0,,18580.0,21230.0,21380.0,215.0,16260.0
2019-04-21,197.0,17680.0,17380.0,19700.0,15760.0,15610.0,15510.0,,18580.0,21230.0,21380.0,215.0,16260.0
2019-04-22,197.0,17680.0,17380.0,19700.0,15760.0,15610.0,15510.0,,18580.0,21230.0,21380.0,215.0,16260.0
2019-04-23,197.0,17680.0,17380.0,19700.0,15760.0,15610.0,15510.0,,18580.0,21230.0,21380.0,215.0,16260.0
2019-04-24,197.0,17680.0,17380.0,19700.0,15760.0,15610.0,15510.0,,18580.0,21230.0,21380.0,215.0,16260.0
2019-04-25,197.0,17680.0,17380.0,19700.0,15760.0,15610.0,15510.0,,18580.0,21230.0,21380.0,215.0,16260.0
2019-04-26,197.0,17680.0,17380.0,19700.0,15760.0,15610.0,15510.0,,18580.0,21230.0,21380.0,215.0,16260.0
2019-04-27,197.0,17680.0,17380.0,19700.0,15760.0,15610.0,15510.0,,18580.0,21230.0,21380.0,215.0,16260.0
2019-04-28,197.0,17680.0,17380.0,19700.0,15760.0,15610.0,15510.0,,18580.0,21230.0,21380.0,215.0,16260.0
2019-04-29,197.0,17680.0,17380.0,19700.0,15760.0,15610.0,15510.0,,18580.0,21230.0,21380.0,215.0,16260.0
2019-04-30,197.0,17680.0,17380.0,19700.0,15760.0,15610.0,15510.0,,18580.0,21230.0,21380.0,215.0,16260.0
2019-05-01,197.0,17680.0,17380.0,19700.0,15760.0,15610.0,15510.0,,18580.0,21230.0,21380.0,215.0,16260.0
2019-05-02,197.0,17990.0,17690.0,20680.0,16150.0,16000.0,15900.0,,18580.0,22190.0,22340.0,215.0,16620.0
2019-05-03,197.0,17990.0,17690.0,20680.0,16150.0,16000.0,15900.0,,18580.0,22190.0,22340.0,215.0,16620.0
2019-05-04,197.0,17990.0,17690.0,20680.0,16150.0,16000.0,15900.0,,18580.0,22190.0,22340.0,215.0,16620.0
2019-05-05,197.0,17990.0,17690.0,20680.0,16150.0,16000.0,15900.0,,18580.0,22190.0,22340.0,215.0,16620.0
2019-05-06,197.0,17990.0,17690.0,20680.0,16150.0,16000.0,15900.0,,18580.0,22190.0,22340.0,215.0,16620.0
2019-05-07,197.0,17990.0,17690.0,20680.0,16150.0,16000.0,15900.0,,18580.0,22190.0,22340.0,215.0,16620.0
2019-05-08,197.0,17990.0,17690.0,20680.0,16150.0,16000.0,15900.0,,18580.0,22190.0,22340.0,215.0,16620.0
2019-05-09,197.0,17990.0,17690.0,20680.0,16150.0,16000.0,15900.0,,18580.0,22190.0,22340.0,215.0,16620.0
2019-05-10,197.0,17990.0,17690.0,20680.0,16150.0,16000.0,15900.0,,18580.0,22190.0,22340.0,215.0,16620.0
2019-05-11,197.0,17990.0,17690.0,20680.0,16150.0,16000.0,15900.0,,18580.0,22190.0,22340.0,215.0,16620.0
2019-05-12,197.0,17990.0,17690.0,20680.0,16150.0,16000.0,15900.0,,18580.0,22190.0,22340.0,215.0,16620.0
2019-05-13,197.0,17990.0,17690.0,20680.0,16150.0,16000.0,15900.0,,18580.0,22190.0,22340.0,215.0,16620.0
2019-05-14,197.0,17990.0,17690.0,20680.0,16150.0,16000.0,15900.0,,18580.0,22190.0,22340.0,215.0,16620.0
2019-05-15,197.0,17990.0,17690.0,20680.0,16150.0,16000.0,15900.0,,18580.0,22190.0,22340.0,215.0,16620.0
2019-05-16,197.0,17990.0,17690.0,20680.0,16150.0,16000.0,15900.0,,18580.0,22190.0,22340.0,215.0,16620.0
2019-05-17,197.0,17910.0,17610.0,20480.0,15680.0,15530.0,15430.0,,18580.0,21590.0,21740.0,215.0,16420.0
2019-05-18,197.0,17910.0,17610.0,20480.0,15680.0,15530.0,15430.0,,18580.0,21590.0,21740.0,215.0,16420.0
2019-05-19,197.0,17910.0,17610.0,20480.0,15680.0,15530.0,15430.0,,18580.0,21590.0,21740.0,215.0,16420.0
2019-05-20,197.0,17910.0,17610.0,20480.0,15680.0,15530.0,15430.0,,18580.0,21590.0,21740.0,215.0,16420.0
2019-05-21,197.0,17910.0,17610.0,20480.0,15680.0,15530.0,15430.0,,18580.0,21590.0,21740.0,215.0,16420.0
2019-05-22,197.0,17910.0,17610.0,20480.0,15680.0,15530.0,15430.0,,18580.0,21590.0,21740.0,215.0,16420.0
2019-05-23,197.0,17910.0,17610.0,20480.0,15680.0,15530.0,15430.0,,18580.0,21590.0,21740.0,215.0,16420.0
2019-05-24,197.0,17910.0,17610.0,20480.0,15680.0,15530.0,15430.0,,18580.0,21590.0,21740.0,215.0,16420.0
2019-05-25,197.0,17910.0,17610.0,20480.0,15680.0,15530.0,15430.0,,18580.0,21590.0,21740.0,215.0,16420.0
2019-05-26,197.0,17910.0,17610.0,20480.0,15680.0,15530.0,15430.0,,18580.0,21590.0,21740.0,215.0,16420.0
2019-05-27,197.0,17910.0,17610.0,20480.0,15680.0,15530.0,15430.0,,18580.0,21590.0,21740.0,215.0,16420.0
2019-05-28,197.0,17910.0,17610.0,20480.0,15680.0,15530.0,15430.0,,18580.0,21590.0,21740.0,215.0,16420.0
2019-05-29,197.0,17910.0,17610.0,20480.0,15680.0,15530.0,15430.0,,18580.0,21590.0,21740.0,215.0,16420.0
2019-05-30,197.0,17910.0,17610.0,20480.0,15680.0,15530.0,15430.0,,18580.0,21590.0,21740.0,215.0,16420.0
2019-05-31,197.0,17910.0,17610.0,20480.0,15680.0,15530.0,15430.0,,18580.0,21590.0,21740.0,215.0,16420.0
2019-06-01,197.0,17690.0,17390.0,20210.0,15500.0,15350.0,15250.0,,18580.0,21210.0,21360.0,215.0,16220.0
2019-06-02,197.0,17690.0,17390.0,20210.0,15500.0,15350.0,15250.0,,18580.0,21210.0,21360.0,215.0,16220.0
2019-06-03,197.0,17690.0,17390.0,20210.0,15500.0,15350.0,15250.0,,18580.0,21210.0,21360.0,215.0,16220.0
2019-06-04,197.0,17690.0,17390.0,20210.0,15500.0,15350.0,15250.0,,18580.0,21210.0,21360.0,215.0,16220.0
2019-06-05,197.0,17690.0,17390.0,20210.0,15500.0,15350.0,15250.0,,18580.0,21210.0,21360.0,215.0,16220.0
2019-06-06,197.0,17690.0,17390.0,20210.0,15500.0,15350.0,15250.0,,18580.0,21210.0,21360.0,215.0,16220.0
2019-06-07,197.0,17690.0,17390.0,20210.0,15500.0,15350.0,15250.0,,18580.0,21210.0,21360.0,215.0,16220.0
2019-06-08,197.0,17690.0,17390.0,20210.0,15500.0,15350.0,15250.0,,18580.0,21210.0,21360.0,215.0,16220.0
2019-06-09,197.0,17690.0,17390.0,20210.0,15500.0,15350.0,15250.0,,18580.0,21210.0,21360.0,215.0,16220.0
2019-06-10,197.0,17690.0,17390.0,20210.0,15500.0,15350.0,15250.0,,18580.0,21210.0,21360.0,215.0,16220.0
2019-06-11,197.0,17690.0,17390.0,20210.0,15500.0,15350.0,15250.0,,18580.0,21210.0,21360.0,215.0,16220.0
2019-06-12,197.0,17690.0,17390.0,20210.0,15500.0,15350.0,15250.0,,18580.0,21210.0,21360.0,215.0,16220.0
2019-06-13,197.0,17690.0,17390.0,20210.0,15500.0,15350.0,15250.0,,18580.0,21210.0,21360.0,215.0,16220.0
2019-06-14,197.0,17690.0,17390.0,20210.0,15500.0,15350.0,15250.0,,18580.0,21210.0,21360.0,215.0,16220.0
2019-06-15,197.0,17690.0,17390.0,20210.0,15500.0,15350.0,15250.0,,18580.0,21210.0,21360.0,215.0,16220.0
2019-06-16,197.0,17690.0,17390.0,20210.0,15500.0,15350.0,15250.0,,18580.0,21210.0,21360.0,215.0,16220.0
2019-06-17,197.0,16950.0,16650.0,19230.0,15260.0,15110.0,15010.0,,18580.0,20130.0,20280.0,215.0,15610.0
2019-06-18,197.0,16950.0,16650.0,19230.0,15260.0,15110.0,15010.0,,18580.0,20130.0,20280.0,215.0,15610.0
2019-06-19,197.0,16950.0,16650.0,19230.0,15260.0,15110.0,15010.0,,18580.0,20130.0,20280.0,215.0,15610.0
2019-06-20,197.0,16950.0,16650.0,19230.0,15260.0,15110.0,15010.0,,18580.0,20130.0,20280.0,215.0,15610.0
2019-06-21,197.0,16950.0,16650.0,19230.0,15260.0,15110.0,15010.0,,18580.0,20130.0,20280.0,215.0,15610.0
2019-06-22,197.0,16950.0,16650.0,19230.0,15260.0,15110.0,15010.0,,18580.0,20130.0,20280.0,215.0,15610.0
2019-06-23,197.0,16950.0,16650.0,19230.0,15260.0,15110.0,15010.0,,18580.0,20130.0,20280.0,215.0,15610.0
2019-06-24,197.0,16950.0,16650.0,19230.0,15260.0,15110.0,15010.0,,18580.0,20130.0,20280.0,215.0,15610.0
2019-06-25,197.0,16950.0,16650.0,19230.0,15260.0,15110.0,15010.0,,18580.0,20130.0,20280.0,215.0,15610.0
2019-06-26,197.0,16950.0,16650.0,19230.0,15260.0,15110.0,15010.0,,18580.0,20130.0,20280.0,215.0,15610.0
2019-06-27,197.0,16950.0,16650.0,19230.0,15260.0,15110.0,15010.0,,18580.0,20130.0,20280.0,215.0,15610.0
2019-06-28,197.0,16950.0,16650.0,19230.0,15260.0,15110.0,15010.0,,18580.0,20130.0,20280.0,215.0,15610.0
2019-06-29,197.0,16950.0,16650.0,19230.0,15260.0,15110.0,15010.0,,18580.0,20130.0,20280.0,215.0,15610.0
2019-06-30,197.0,16950.0,16650.0,19230.0,15260.0,15110.0,15010.0,,18580.0,20130.0,20280.0,215.0,15610.0
2019-07-01,197.0,16950.0,16650.0,19230.0,15260.0,15110.0,15010.0,,18580.0,20130.0,20280.0,215.0,15610.0
2019-07-02,197.0,17240.0,16940.0,19650.0,15370.0,15220.0,15120.0,,18580.0,20510.0,20660.0,215.0,15930.0
2019-07-03,197.0,17240.0,16940.0,19650.0,15370.0,15220.0,15120.0,,18580.0,20510.0,20660.0,215.0,15930.0
2019-07-04,197.0,17240.0,16940.0,19650.0,15370.0,15220.0,15120.0,,18580.0,20510.0,20660.0,215.0,15930.0
2019-07-05,197.0,17240.0,16940.0,19650.0,15370.0,15220.0,15120.0,,18580.0,20510.0,20660.0,215.0,15930.0
2019-07-06,197.0,17240.0,16940.0,19650.0,15370.0,15220.0,15120.0,,18580.0,20510.0,20660.0,215.0,15930.0
2019-07-07,197.0,17240.0,16940.0,19650.0,15370.0,15220.0,15120.0,,18580.0,20510.0,20660.0,215.0,15930.0
2019-07-08,197.0,17240.0,16940.0,19650.0,15370.0,15220.0,15120.0,,18580.0,20510.0,20660.0,215.0,15930.0
2019-07-09,197.0,17240.0,16940.0,19650.0,15370.0,15220.0,15120.0,,18580.0,20510.0,20660.0,215.0,15930.0
2019-07-10,197.0,17240.0,16940.0,19650.0,15370.0,15220.0,15120.0,,18580.0,20510.0,20660.0,215.0,15930.0
2019-07-11,197.0,17240.0,16940.0,19650.0,15370.0,15220.0,15120.0,,18580.0,20510.0,20660.0,215.0,15930.0
2019-07-12,197.0,17240.0,16940.0,19650.0,15370.0,15220.0,15120.0,,18580.0,20510.0,20660.0,215.0,15930.0
2019-07-13,197.0,17240.0,16940.0,19650.0,15370.0,15220.0,15120.0,,18580.0,20510.0,20660.0,215.0,15930.0
2019-07-14,197.0,17240.0,16940.0,19650.0,15370.0,15220.0,15120.0,,18580.0,20510.0,20660.0,215.0,15930.0
2019-07-15,197.0,17240.0,16940.0,19650.0,15370.0,15220.0,15120.0,,18580.0,20510.0,20660.0,215.0,15930.0
2019-07-16,197.0,17240.0,16940.0,19650.0,15370.0,15220.0,15120.0,,18580.0,20510.0,20660.0,215.0,15930.0
2019-07-17,197.0,17290.0,16990.0,20270.0,16130.0,15980.0,15880.0,,18580.0,21230.0,21380.0,215.0,15950.0
2019-07-18,197.0,17290.0,16990.0,20270.0,16130.0,15980.0,15880.0,,18580.0,21230.0,21380.0,215.0,15950.0
2019-07-19,197.0,17290.0,16990.0,20270.0,16130.0,15980.0,15880.0,,18580.0,21230.0,21380.0,215.0,15950.0
2019-07-20,197.0,17290.0,16990.0,20270.0,16130.0,15980.0,15880.0,,18580.0,21230.0,21380.0,215.0,15950.0
2019-07-21,197.0,17290.0,16990.0,20270.0,16130.0,15980.0,15880.0,,18580.0,21230.0,21380.0,215.0,15950.0
2019-07-22,197.0,17290.0,16990.0,20270.0,16130.0,15980.0,15880.0,,18580.0,21230.0,21380.0,215.0,15950.0
2019-07-23,197.0,17290.0,16990.0,20270.0,16130.0,15980.0,15880.0,,18580.0,21230.0,21380.0,215.0,15950.0
2019-07-24,197.0,17290.0,16990.0,20270.0,16130.0,15980.0,15880.0,,18580.0,21230.0,21380.0,215.0,15950.0
2019-07-25,197.0,17290.0,16990.0,20270.0,16130.0,15980.0,15880.0,,18580.0,21230.0,21380.0,215.0,15950.0
2019-07-26,197.0,17290.0,16990.0,20270.0,16130.0,15980.0,15880.0,,18580.0,21230.0,21380.0,215.0,15950.0
2019-07-27,197.0,17290.0,16990.0,20270.0,16130.0,15980.0,15880.0,,18580.0,21230.0,21380.0,215.0,15950.0
2019-07-28,197.0,17290.0,16990.0,20270.0,16130.0,15980.0,15880.0,,18580.0,21230.0,21380.0,215.0,15950.0
2019-07-29,197.0,17290.0,16990.0,20270.0,16130.0,15980.0,15880.0,,18580.0,21230.0,21380.0,215.0,15950.0
2019-07-30,197.0,17290.0,16990.0,20270.0,16130.0,15980.0,15880.0,,18580.0,21230.0,21380.0,215.0,15950.0
2019-07-31,197.0,17290.0,16990.0,20270.0,16130.0,15980.0,15880.0,,18580.0,21230.0,21380.0,215.0,15950.0
2019-08-01,197.0,17320.0,17020.0,19900.0,16070.0,15920.0,15820.0,,18580.0,20910.0,21010.0,215.0,15960.0
2019-08-02,197.0,17320.0,17020.0,19900.0,16070.0,15920.0,15820.0,,18580.0,20910.0,21010.0,215.0,15960.0
2019-08-03,197.0,17320.0,17020.0,19900.0,16070.0,15920.0,15820.0,,18580.0,20910.0,21010.0,215.0,15960.0
2019-08-04,197.0,17320.0,17020.0,19900.0,16070.0,15920.0,15820.0,,18580.0,20910.0,21010.0,215.0,15960.0
2019-08-05,197.0,17320.0,17020.0,19900.0,16070.0,15920.0,15820.0,,18580.0,20910.0,21010.0,215.0,15960.0
2019-08-06,197.0,17320.0,17020.0,19900.0,16070.0,15920.0,15820.0,,18580.0,20910.0,21010.0,215.0,15960.0
2019-08-07,197.0,17320.0,17020.0,19900.0,16070.0,15920.0,15820.0,,18580.0,20910.0,21010.0,215.0,15960.0
2019-08-08,197.0,17320.0,17020.0,19900.0,16070.0,15920.0,15820.0,,18580.0,20910.0,21010.0,215.0,15960.0
2019-08-09,197.0,17320.0,17020.0,19900.0,16070.0,15920.0,15820.0,,18580.0,20910.0,21010.0,215.0,15960.0
2019-08-10,197.0,17320.0,17020.0,19900.0,16070.0,15920.0,15820.0,,18580.0,20910.0,21010.0,215.0,15960.0
2019-08-11,197.0,17320.0,17020.0,19900.0,16070.0,15920.0,15820.0,,18580.0,20910.0,21010.0,215.0,15960.0
2019-08-12,197.0,17320.0,17020.0,19900.0,16070.0,15920.0,15820.0,,18580.0,20910.0,21010.0,215.0,15960.0
2019-08-13,197.0,17320.0,17020.0,19900.0,16070.0,15920.0,15820.0,,18580.0,20910.0,21010.0,215.0,15960.0
2019-08-14,197.0,17320.0,17020.0,19900.0,16070.0,15920.0,15820.0,,18580.0,20910.0,21010.0,215.0,15960.0
2019-08-15,197.0,17320.0,17020.0,19900.0,16070.0,15920.0,15820.0,,18580.0,20910.0,21010.0,215.0,15960.0
2019-08-16,197.0,16800.0,16500.0,19350.0,14220.0,14070.0,13970.0,,18580.0,20400.0,20500.0,215.0,15390.0
2019-08-17,197.0,16800.0,16500.0,19350.0,14220.0,14070.0,13970.0,,18580.0,20400.0,20500.0,215.0,15390.0
2019-08-18,197.0,16800.0,16500.0,19350.0,14220.0,14070.0,13970.0,,18580.0,20400.0,20500.0,215.0,15390.0
2019-08-19,197.0,16800.0,16500.0,19350.0,14220.0,14070.0,13970.0,,18580.0,20400.0,20500.0,215.0,15390.0
2019-08-20,197.0,16800.0,16500.0,19350.0,14220.0,14070.0,13970.0,,18580.0,20400.0,20500.0,215.0,15390.0
2019-08-21,197.0,16800.0,16500.0,19350.0,14220.0,14070.0,13970.0,,18580.0,20400.0,20500.0,215.0,15390.0
2019-08-22,197.0,16800.0,16500.0,19350.0,14220.0,14070.0,13970.0,,18580.0,20400.0,20500.0,215.0,15390.0
2019-08-23,197.0,16800.0,16500.0,19350.0,14220.0,14070.0,13970.0,,18580.0,20400.0,20500.0,215.0,15390.0
2019-08-24,197.0,16800.0,16500.0,19350.0,14220.0,14070.0,13970.0,,18580.0,20400.0,20500.0,215.0,15390.0
2019-08-25,197.0,16800.0,16500.0,19350.0,14220.0,14070.0,13970.0,,18580.0,20400.0,20500.0,215.0,15390.0
2019-08-26,197.0,16800.0,16500.0,19350.0,14220.0,14070.0,13970.0,,18580.0,20400.0,20500.0,215.0,15390.0
2019-08-27,197.0,16800.0,16500.0,19350.0,14220.0,14070.0,13970.0,,18580.0,20400.0,20500.0,215.0,15390.0
2019-08-28,197.0,16800.0,16500.0,19350.0,14220.0,14070.0,13970.0,,18580.0,20400.0,20500.0,215.0,15390.0
2019-08-29,197.0,16800.0,16500.0,19350.0,14220.0,14070.0,13970.0,,18580.0,20400.0,20500.0,215.0,15390.0
2019-08-30,197.0,16800.0,16500.0,19350.0,14220.0,14070.0,13970.0,,18580.0,20400.0,20500.0,215.0,15390.0
2019-08-31,197.0,16630.0,16330.0,19220.0,13970.0,13820.0,13720.0,,18580.0,20230.0,20330.0,215.0,15320.0
2019-09-01,197.0,16630.0,16330.0,19220.0,13970.0,13820.0,13720.0,,18580.0,20230.0,20330.0,215.0,15320.0
2019-09-02,197.0,16630.0,16330.0,19220.0,13970.0,13820.0,13720.0,,18580.0,20230.0,20330.0,215.0,15320.0
2019-09-03,197.0,16630.0,16330.0,19220.0,13970.0,13820.0,13720.0,,18580.0,20230.0,20330.0,215.0,15320.0
2019-09-04,197.0,16630.0,16330.0,19220.0,13970.0,13820.0,13720.0,,18580.0,20230.0,20330.0,215.0,15320.0
2019-09-05,197.0,16630.0,16330.0,19220.0,13970.0,13820.0,13720.0,,18580.0,20230.0,20330.0,215.0,15320.0
2019-09-06,197.0,16630.0,16330.0,19220.0,13970.0,13820.0,13720.0,,18580.0,20230.0,20330.0,215.0,15320.0
2019-09-07,197.0,16630.0,16330.0,19220.0,13970.0,13820.0,13720.0,,18580.0,20230.0,20330.0,215.0,15320.0
2019-09-08,197.0,16630.0,16330.0,19220.0,13970.0,13820.0,13720.0,,18580.0,20230.0,20330.0,215.0,15320.0
2019-09-09,197.0,16630.0,16330.0,19220.0,13970.0,13820.0,13720.0,,18580.0,20230.0,20330.0,215.0,15320.0
2019-09-10,197.0,16630.0,16330.0,19220.0,13970.0,13820.0,13720.0,,18580.0,20230.0,20330.0,215.0,15320.0
2019-09-11,197.0,16630.0,16330.0,19220.0,13970.0,13820.0,13720.0,,18580.0,20230.0,20330.0,215.0,15320.0
2019-09-12,197.0,16630.0,16330.0,19220.0,13970.0,13820.0,13720.0,,18580.0,20230.0,20330.0,215.0,15320.0
2019-09-13,197.0,16630.0,16330.0,19220.0,13970.0,13820.0,13720.0,,18580.0,20230.0,20330.0,215.0,15320.0
2019-09-14,197.0,16630.0,16330.0,19220.0,13970.0,13820.0,13720.0,,18580.0,20230.0,20330.0,215.0,15320.0
2019-09-15,197.0,16630.0,16330.0,19220.0,13970.0,13820.0,13720.0,,18580.0,20230.0,20330.0,215.0,15320.0
2019-09-16,197.0,16500.0,16200.0,19110.0,14240.0,14090.0,13990.0,,18580.0,20140.0,20240.0,215.0,15360.0
2019-09-17,197.0,16500.0,16200.0,19110.0,14240.0,14090.0,13990.0,,18580.0,20140.0,20240.0,215.0,15360.0
2019-09-18,197.0,16500.0,16200.0,19110.0,14240.0,14090.0,13990.0,,18580.0,20140.0,20240.0,215.0,15360.0
2019-09-19,197.0,16500.0,16200.0,19110.0,14240.0,14090.0,13990.0,,18580.0,20140.0,20240.0,215.0,15360.0
2019-09-20,197.0,16500.0,16200.0,19110.0,14240.0,14090.0,13990.0,,18580.0,20140.0,20240.0,215.0,15360.0
2019-09-21,197.0,16500.0,16200.0,19110.0,14240.0,14090.0,13990.0,,18580.0,20140.0,20240.0,215.0,15360.0
2019-09-22,197.0,16500.0,16200.0,19110.0,14240.0,14090.0,13990.0,,18580.0,20140.0,20240.0,215.0,15360.0
2019-09-23,197.0,16500.0,16200.0,19110.0,14240.0,14090.0,13990.0,,18580.0,20140.0,20240.0,215.0,15360.0
2019-09-24,197.0,16500.0,16200.0,19110.0,14240.0,14090.0,13990.0,,18580.0,20140.0,20240.0,215.0,15360.0
2019-09-25,197.0,16500.0,16200.0,19110.0,14240.0,14090.0,13990.0,,18580.0,20140.0,20240.0,215.0,15360.0
2019-09-26,197.0,16500.0,16200.0,19110.0,14240.0,14090.0,13990.0,,18580.0,20140.0,20240.0,215.0,15360.0
2019-09-27,197.0,16500.0,16200.0,19110.0,14240.0,14090.0,13990.0,,18580.0,20140.0,20240.0,215.0,15360.0
2019-09-28,197.0,16500.0,16200.0,19110.0,14240.0,14090.0,13990.0,,18580.0,20140.0,20240.0,215.0,15360.0
2019-09-29,197.0,16500.0,16200.0,19110.0,14240.0,14090.0,13990.0,,18580.0,20140.0,20240.0,215.0,15360.0
2019-09-30,197.0,16500.0,16200.0,19110.0,14240.0,14090.0,13990.0,,18580.0,20140.0,20240.0,215.0,15360.0
2019-10-01,197.0,16930.0,16630.0,19780.0,15060.0,14910.0,14810.0,,18580.0,21060.0,21160.0,215.0,15780.0
2019-10-02,197.0,16930.0,16630.0,19780.0,15060.0,14910.0,14810.0,,18580.0,21060.0,21160.0,215.0,15780.0
2019-10-03,197.0,16930.0,16630.0,19780.0,15060.0,14910.0,14810.0,,18580.0,21060.0,21160.0,215.0,15780.0
2019-10-04,197.0,16930.0,16630.0,19780.0,15060.0,14910.0,14810.0,,18580.0,21060.0,21160.0,215.0,15780.0
2019-10-05,197.0,16930.0,16630.0,19780.0,15060.0,14910.0,14810.0,,18580.0,21060.0,21160.0,215.0,15780.0
2019-10-06,197.0,16930.0,16630.0,19780.0,15060.0,14910.0,14810.0,,18580.0,21060.0,21160.0,215.0,15780.0
2019-10-07,197.0,16930.0,16630.0,19780.0,15060.0,14910.0,14810.0,,18580.0,21060.0,21160.0,215.0,15780.0
2019-10-08,197.0,16930.0,16630.0,19780.0,15060.0,14910.0,14810.0,,18580.0,21060.0,21160.0,215.0,15780.0
2019-10-09,197.0,16930.0,16630.0,19780.0,15060.0,14910.0,14810.0,,18580.0,21060.0,21160.0,215.0,15780.0
2019-10-10,197.0,16930.0,16630.0,19780.0,15060.0,14910.0,14810.0,,18580.0,21060.0,21160.0,215.0,15780.0
2019-10-11,197.0,16930.0,16630.0,19780.0,15060.0,14910.0,14810.0,,18580.0,21060.0,21160.0,215.0,15780.0
2019-10-12,197.0,16930.0,16630.0,19780.0,15060.0,14910.0,14810.0,,18580.0,21060.0,21160.0,215.0,15780.0
2019-10-13,197.0,16930.0,16630.0,19780.0,15060.0,14910.0,14810.0,,18580.0,21060.0,21160.0,215.0,15780.0
2019-10-14,197.0,16930.0,16630.0,19780.0,15060.0,14910.0,14810.0,,18580.0,21060.0,21160.0,215.0,15780.0
2019-10-15,197.0,16930.0,16630.0,19780.0,15060.0,14910.0,14810.0,,18580.0,21060.0,21160.0,215.0,15780.0
2019-10-16,197.0,16520.0,16220.0,19470.0,12960.0,12810.0,12710.0,,18580.0,20790.0,20890.0,215.0,15250.0
2019-10-17,197.0,16520.0,16220.0,19470.0,12960.0,12810.0,12710.0,,18580.0,20790.0,20890.0,215.0,15250.0
2019-10-18,197.0,16520.0,16220.0,19470.0,12960.0,12810.0,12710.0,,18580.0,20790.0,20890.0,215.0,15250.0
2019-10-19,197.0,16520.0,16220.0,19470.0,12960.0,12810.0,12710.0,,18580.0,20790.0,20890.0,215.0,15250.0
2019-10-20,197.0,16520.0,16220.0,19470.0,12960.0,12810.0,12710.0,,18580.0,20790.0,20890.0,215.0,15250.0
2019-10-21,197.0,16520.0,16220.0,19470.0,12960.0,12810.0,12710.0,,18580.0,20790.0,20890.0,215.0,15250.0
2019-10-22,197.0,16520.0,16220.0,19470.0,12960.0,12810.0,12710.0,,18580.0,20790.0,20890.0,215.0,15250.0
2019-10-23,197.0,16520.0,16220.0,19470.0,12960.0,12810.0,12710.0,,18580.0,20790.0,20890.0,215.0,15250.0
2019-10-24,197.0,16520.0,16220.0,19470.0,12960.0,12810.0,12710.0,,18580.0,20790.0,20890.0,215.0,15250.0
2019-10-25,197.0,16520.0,16220.0,19470.0,12960.0,12810.0,12710.0,,18580.0,20790.0,20890.0,215.0,15250.0
2019-10-26,197.0,16520.0,16220.0,19470.0,12960.0,12810.0,12710.0,,18580.0,20790.0,20890.0,215.0,15250.0
2019-10-27,197.0,16520.0,16220.0,19470.0,12960.0,12810.0,12710.0,,18580.0,20790.0,20890.0,215.0,15250.0
2019-10-28,197.0,16520.0,16220.0,19470.0,12960.0,12810.0,12710.0,,18580.0,20790.0,20890.0,215.0,15250.0
2019-10-29,197.0,16520.0,16220.0,19470.0,12960.0,12810.0,12710.0,,18580.0,20790.0,20890.0,215.0,15250.0
2019-10-30,197.0,16520.0,16220.0,19470.0,12960.0,12810.0,12710.0,,18580.0,20790.0,20890.0,215.0,15250.0
2019-10-31,197.0,16350.0,16050.0,19250.0,13010.0,12510.0,12460.0,,18580.0,20440.0,20540.0,215.0,15130.0
2019-11-01,197.0,16350.0,16050.0,19250.0,13010.0,12510.0,12460.0,,18580.0,20440.0,20540.0,215.0,15130.0
2019-11-02,197.0,16350.0,16050.0,19250.0,13010.0,12510.0,12460.0,,18580.0,20440.0,20540.0,215.0,15130.0
2019-11-03,197.0,16350.0,16050.0,19250.0,13010.0,12510.0,12460.0,,18580.0,20440.0,20540.0,215.0,15130.0
2019-11-04,197.0,16350.0,16050.0,19250.0,13010.0,12510.0,12460.0,,18580.0,20440.0,20540.0,215.0,15130.0
2019-11-05,197.0,16350.0,16050.0,19250.0,13010.0,12510.0,12460.0,,18580.0,20440.0,20540.0,215.0,15130.0
2019-11-06,197.0,16350.0,16050.0,19250.0,13010.0,12510.0,12460.0,,18580.0,20440.0,20540.0,215.0,15130.0
2019-11-07,197.0,16350.0,16050.0,19250.0,13010.0,12510.0,12460.0,,18580.0,20440.0,20540.0,215.0,15130.0
2019-11-08,197.0,16350.0,16050.0,19250.0,13010.0,12510.0,12460.0,,18580.0,20440.0,20540.0,215.0,15130.0
2019-11-09,197.0,16350.0,16050.0,19250.0,13010.0,12510.0,12460.0,,18580.0,20440.0,20540.0,215.0,15130.0
2019-11-10,197.0,16350.0,16050.0,19250.0,13010.0,12510.0,12460.0,,18580.0,20440.0,20540.0,215.0,15130.0
2019-11-11,197.0,16350.0,16050.0,19250.0,13010.0,12510.0,12460.0,,18580.0,20440.0,20540.0,215.0,15130.0
2019-11-12,197.0,16350.0,16050.0,19250.0,13010.0,12510.0,12460.0,,18580.0,20440.0,20540.0,215.0,15130.0
2019-11-13,197.0,16350.0,16050.0,19250.0,13010.0,12510.0,12460.0,,18580.0,20440.0,20540.0,215.0,15130.0
2019-11-14,197.0,16350.0,16050.0,19250.0,13010.0,12510.0,12460.0,,18580.0,20440.0,20540.0,215.0,15130.0
2019-11-15,197.0,16260.0,15960.0,19500.0,12440.0,11940.0,11890.0,,18580.0,20790.0,20890.0,215.0,14960.0
2019-11-16,197.0,16260.0,15960.0,19500.0,12440.0,11940.0,11890.0,,18580.0,20790.0,20890.0,215.0,14960.0
2019-11-17,197.0,16260.0,15960.0,19500.0,12440.0,11940.0,11890.0,,18580.0,20790.0,20890.0,215.0,14960.0
2019-11-18,197.0,16260.0,15960.0,19500.0,12440.0,11940.0,11890.0,,18580.0,20790.0,20890.0,215.0,14960.0
2019-11-19,197.0,16260.0,15960.0,19500.0,12440.0,11940.0,11890.0,,18580.0,20790.0,20890.0,215.0,14960.0
2019-11-20,197.0,16260.0,15960.0,19500.0,12440.0,11940.0,11890.0,,18580.0,20790.0,20890.0,215.0,14960.0
2019-11-21,197.0,16260.0,15960.0,19500.0,12440.0,11940.0,11890.0,,18580.0,20790.0,20890.0,215.0,14960.0
2019-11-22,197.0,16260.0,15960.0,19500.0,12440.0,11940.0,11890.0,,18580.0,20790.0,20890.0,215.0,14960.0
2019-11-23,197.0,16260.0,15960.0,19500.0,12440.0,11940.0,11890.0,,18580.0,20790.0,20890.0,215.0,14960.0
2019-11-24,197.0,16260.0,15960.0,19500.0,12440.0,11940.0,11890.0,,18580.0,20790.0,20890.0,215.0,14960.0
2019-11-25,197.0,16260.0,15960.0,19500.0,12440.0,11940.0,11890.0,,18580.0,20790.0,20890.0,215.0,14960.0
2019-11-26,197.0,16260.0,15960.0,19500.0,12440.0,11940.0,11890.0,,18580.0,20790.0,20890.0,215.0,14960.0
2019-11-27,197.0,16260.0,15960.0,19500.0,12440.0,11940.0,11890.0,,18580.0,20790.0,20890.0,215.0,14960.0
2019-11-28,197.0,16260.0,15960.0,19500.0,12440.0,11940.0,11890.0,,18580.0,20790.0,20890.0,215.0,14960.0
2019-11-29,197.0,16260.0,15960.0,19500.0,12440.0,11940.0,11890.0,,18580.0,20790.0,20890.0,215.0,14960.0
2019-11-30,197.0,16280.0,15980.0,19810.0,12680.0,11180.0,11130.0,,18580.0,21070.0,21170.0,215.0,14960.0
2019-12-01,197.0,16280.0,15980.0,19810.0,12680.0,11180.0,11130.0,,18580.0,21070.0,21170.0,215.0,14960.0
2019-12-02,197.0,16280.0,15980.0,19810.0,12680.0,11180.0,11130.0,,18580.0,21070.0,21170.0,215.0,14960.0
2019-12-03,197.0,16280.0,15980.0,19810.0,12680.0,11180.0,11130.0,,18580.0,21070.0,21170.0,215.0,14960.0
2019-12-04,197.0,16280.0,15980.0,19810.0,12680.0,11180.0,11130.0,,18580.0,21070.0,21170.0,215.0,14960.0
2019-12-05,197.0,16280.0,15980.0,19810.0,12680.0,11180.0,11130.0,,18580.0,21070.0,21170.0,215.0,14960.0
2019-12-06,197.0,16280.0,15980.0,19810.0,12680.0,11180.0,11130.0,,18580.0,21070.0,21170.0,215.0,14960.0
2019-12-07,197.0,16280.0,15980.0,19810.0,12680.0,11180.0,11130.0,,18580.0,21070.0,21170.0,215.0,14960.0
2019-12-08,197.0,16280.0,15980.0,19810.0,12680.0,11180.0,11130.0,,18580.0,21070.0,21170.0,215.0,14960.0
2019-12-09,197.0,16280.0,15980.0,19810.0,12680.0,11180.0,11130.0,,18580.0,21070.0,21170.0,215.0,14960.0
2019-12-10,197.0,16280.0,15980.0,19810.0,12680.0,11180.0,11130.0,,18580.0,21070.0,21170.0,215.0,14960.0
2019-12-11,197.0,16280.0,15980.0,19810.0,12680.0,11180.0,11130.0,,18580.0,21070.0,21170.0,215.0,14960.0
2019-12-12,197.0,16280.0,15980.0,19810.0,12680.0,11180.0,11130.0,,18580.0,21070.0,21170.0,215.0,14960.0
2019-12-13,197.0,16280.0,15980.0,19810.0,12680.0,11180.0,11130.0,,18580.0,21070.0,21170.0,215.0,14960.0
2019-12-14,197.0,16280.0,15980.0,19810.0,12680.0,11180.0,11130.0,,18580.0,21070.0,21170.0,215.0,14960.0
2019-12-15,197.0,16280.0,15980.0,19810.0,12680.0,11180.0,11130.0,,18580.0,21070.0,21170.0,215.0,14960.0
2019-12-16,197.0,16360.0,16060.0,19720.0,12850.0,11350.0,11300.0,,18580.0,20880.0,20980.0,215.0,15010.0
2019-12-17,197.0,16360.0,16060.0,19720.0,12850.0,11350.0,11300.0,,18580.0,20880.0,20980.0,215.0,15010.0
2019-12-18,197.0,16360.0,16060.0,19720.0,12850.0,11350.0,11300.0,,18580.0,20880.0,20980.0,215.0,15010.0
2019-12-19,197.0,16360.0,16060.0,19720.0,12850.0,11350.0,11300.0,,18580.0,20880.0,20980.0,215.0,15010.0
2019-12-20,197.0,16360.0,16060.0,19720.0,12850.0,11350.0,11300.0,,18580.0,20880.0,20980.0,215.0,15010.0
2019-12-21,197.0,16360.0,16060.0,19720.0,12850.0,11350.0,11300.0,,18580.0,20880.0,20980.0,215.0,15010.0
2019-12-22,197.0,16360.0,16060.0,19720.0,12850.0,11350.0,11300.0,,18580.0,20880.0,20980.0,215.0,15010.0
2019-12-23,197.0,16360.0,16060.0,19720.0,12850.0,11350.0,11300.0,,18580.0,20880.0,20980.0,215.0,15010.0
2019-12-24,197.0,16360.0,16060.0,19720.0,12850.0,11350.0,11300.0,,18580.0,20880.0,20980.0,215.0,15010.0
2019-12-25,197.0,16360.0,16060.0,19720.0,12850.0,11350.0,11300.0,,18580.0,20880.0,20980.0,215.0,15010.0
2019-12-26,197.0,16360.0,16060.0,19720.0,12850.0,11350.0,11300.0,,18580.0,20880.0,20980.0,215.0,15010.0
2019-12-27,197.0,16360.0,16060.0,19720.0,12850.0,11350.0,11300.0,,18580.0,20880.0,20980.0,215.0,15010.0
2019-12-28,197.0,16360.0,16060.0,19720.0,12850.0,11350.0,11300.0,,18580.0,20880.0,20980.0,215.0,15010.0
2019-12-29,197.0,16360.0,16060.0,19720.0,12850.0,11350.0,11300.0,,18580.0,20880.0,20980.0,215.0,15010.0
2019-12-30,197.0,16360.0,16060.0,19720.0,12850.0,11350.0,11300.0,,18580.0,20880.0,20980.0,215.0,15010.0
2019-12-31,197.0,16890.0,16590.0,19880.0,13420.0,11920.0,11870.0,18210.0,18580.0,20990.0,21090.0,215.0,15580.0
