Ngay,Gia_target,outlier_flag,target_lag1,target_lag2,target_lag3,target_ret_lag1,MA5,MA10,std5,dayofweek,month,london_vnd_kg_lag1,usdvnd_lag1,diesel,diesel_chg_1m,diesel_chg_3m,rain_90d,oni,waterbal_90d,Luong_lag1m,dongia_lag1m,dongia_ret_lag1m,area_tn,prod_tn,yield_tn,tonkho_tan
2020-01-01,32319.5,0,,,,,,,,2,1,32022.322,23171.0,16590,0.0381727158948685,0.0240740740740741,203.479995816,0.58,-142.27162166800002,87.5,1800.8,-0.0140865544225753,618.0,1511494.4,2.4457838187702263,33360.0
2020-01-02,32319.5,0,32319.5,,,,,,,3,1,32022.322,23171.0,16590,0.0381727158948685,0.0240740740740741,188.599995816,0.58,-157.76106400800003,87.5,1800.8,-0.0140865544225753,618.0,1511494.4,2.4457838187702263,33360.0
2020-01-03,32269.5,0,32319.5,32319.5,,0.0,,,,4,1,31971.84,23168.0,16590,0.0381727158948685,0.0240740740740741,180.959996396,0.58,-166.69135384800003,87.5,1800.8,-0.0140865544225753,618.0,1511494.4,2.4457838187702263,33360.0
2020-01-06,32460.5,0,32269.5,32319.5,32319.5,-0.001547053636349549,32302.833333333332,,28.86751345948076,0,1,31790.612,23171.0,16590,0.0381727158948685,0.0240740740740741,176.779996386,0.58,-170.17139427800004,112.9,1738.3525243578388,-0.0346776297435368,618.0,1511494.4,2.4457838187702263,33360.0
2020-01-07,32127.0,0,32460.5,32269.5,32319.5,0.005918901749329963,32342.25,,82.28152891141504,1,1,31333.952,23176.0,16590,0.0381727158948685,0.0240740740740741,175.179996426,0.58,-171.68660927800005,112.9,1738.3525243578388,-0.0346776297435368,618.0,1511494.4,2.4457838187702263,33360.0
2020-01-08,32244.0,0,32127.0,32460.5,32269.5,-0.010274025353891658,32299.2,32299.2,119.76727432817388,2,1,31610.7,23175.0,16590,0.0381727158948685,0.0240740740740741,174.399996408,0.58,-172.21651877600002,112.9,1738.3525243578388,-0.0346776297435368,618.0,1511494.4,2.4457838187702263,33360.0
2020-01-09,32085.5,0,32244.0,32127.0,32460.5,0.0036417966196657936,32284.1,32290.0,121.31745546293017,3,1,31378.95,23175.0,16590,0.0381727158948685,0.0240740740740741,173.21999636799998,0.58,-173.77612227600002,112.9,1738.3525243578388,-0.0346776297435368,618.0,1511494.4,2.4457838187702263,33360.0
2020-01-10,32083.0,0,32085.5,32244.0,32127.0,-0.0049156432204441325,32237.3,32260.785714285714,146.72193087606226,4,1,31005.474,23173.0,16590,0.0381727158948685,0.0240740740740741,170.27999636799998,0.58,-177.19920229600004,112.9,1738.3525243578388,-0.0346776297435368,618.0,1511494.4,2.4457838187702263,33360.0
2020-01-13,31884.5,0,32083.0,32085.5,32244.0,-7.791681600721745e-05,32200.0,32238.5625,159.6280833688107,0,1,31171.72,23176.0,16590,0.0381727158948685,0.0240740740740741,165.739996376,0.58,-181.915522168,112.9,1738.3525243578388,-0.0346776297435368,618.0,1511494.4,2.4457838187702263,33360.0
2020-01-14,31334.5,0,31884.5,32083.0,32085.5,-0.006187077268335228,32084.8,32199.222222222223,129.66234997099173,1,1,30402.976,23173.0,16590,0.0381727158948685,0.0240740740740741,165.19999636799997,0.58,-183.410443016,112.9,1738.3525243578388,-0.0346776297435368,618.0,1511494.4,2.4457838187702263,33360.0
2020-01-15,31440.5,0,31334.5,31884.5,32083.0,-0.01724976085558816,31926.3,32112.75,354.5445317587056,2,1,30591.0,23175.0,16540,0.0350438047559449,-0.0054119061936259,164.27999635799998,0.58,-185.475547646,112.9,1738.3525243578388,-0.0346776297435368,618.0,1511494.4,2.4457838187702263,33360.0
2020-01-16,31576.5,0,31440.5,31334.5,31884.5,0.003382852766120381,31765.6,32024.85,356.63468703983295,3,1,30746.59,23170.0,16540,0.0350438047559449,-0.0054119061936259,160.259996178,0.58,-190.38437832600005,112.9,1738.3525243578388,-0.0346776297435368,618.0,1511494.4,2.4457838187702263,33360.0
2020-01-17,31684.5,0,31576.5,31440.5,31334.5,0.004325630953706305,31663.8,31950.55,312.3939019891384,4,1,30446.694,23171.0,16540,0.0350438047559449,-0.0054119061936259,158.479996178,0.58,-193.064292966,112.9,1738.3525243578388,-0.0346776297435368,618.0,1511494.4,2.4457838187702263,33360.0
2020-01-20,31450.0,0,31684.5,31576.5,31440.5,0.0034202650705430493,31584.1,31892.05,214.0672791437294,0,1,30561.23,23170.0,16540,0.0350438047559449,-0.0054119061936259,157.659996168,0.58,-195.08897801600003,112.9,1738.3525243578388,-0.0346776297435368,618.0,1511494.4,2.4457838187702263,33360.0
2020-01-21,31150.0,0,31450.0,31684.5,31576.5,-0.007401095172718475,31497.2,31791.0,135.35490386387644,1,1,30235.545,23169.0,16540,0.0350438047559449,-0.0054119061936259,157.63999616799998,0.58,-195.499096016,112.9,1738.3525243578388,-0.0346776297435368,618.0,1511494.4,2.4457838187702263,33360.0
2020-01-22,31650.0,0,31150.0,31450.0,31684.5,-0.009538950715421324,31460.3,31693.3,200.34489012699856,2,1,30931.95,23170.0,16540,0.0350438047559449,-0.0054119061936259,157.63999616799998,0.58,-195.53671023600003,112.9,1738.3525243578388,-0.0346776297435368,618.0,1511494.4,2.4457838187702263,33360.0
2020-01-23,31750.0,0,31650.0,31150.0,31450.0,0.01605136436597121,31502.2,31633.9,216.43030055886143,3,1,30976.953,23169.0,16540,0.0350438047559449,-0.0054119061936259,157.319996168,0.58,-196.06708567600003,112.9,1738.3525243578388,-0.0346776297435368,618.0,1511494.4,2.4457838187702263,33360.0
2020-01-24,32250.0,0,31750.0,31650.0,31150.0,0.003159557661927437,31536.9,31600.35,243.5324413707525,4,1,31672.023,23169.0,16540,0.0350438047559449,-0.0054119061936259,155.25999625799997,0.58,-198.947447966,112.9,1738.3525243578388,-0.0346776297435368,618.0,1511494.4,2.4457838187702263,33360.0
2020-01-27,31250.0,0,32250.0,31750.0,31650.0,0.015748031496062964,31650.0,31617.05,406.20192023179686,0,1,30559.911,23169.0,16540,0.0350438047559449,-0.0054119061936259,155.099996278,0.58,-198.93574258600003,112.9,1738.3525243578388,-0.0346776297435368,618.0,1511494.4,2.4457838187702263,33360.0
2020-01-28,31350.0,0,31250.0,32250.0,31750.0,-0.03100775193798455,31610.0,31553.6,439.31765272977486,1,1,30768.432,23169.0,16540,0.0350438047559449,-0.0054119061936259,138.219996518,0.58,-217.25088508600004,112.9,1738.3525243578388,-0.0346776297435368,618.0,1511494.4,2.4457838187702263,33360.0
2020-01-29,31250.0,0,31350.0,31250.0,32250.0,0.0032000000000000917,31650.0,31555.15,393.70039370058936,2,1,30976.953,23169.0,16540,0.0350438047559449,-0.0054119061936259,107.839996778,0.58,-249.807033866,112.9,1738.3525243578388,-0.0346776297435368,618.0,1511494.4,2.4457838187702263,33360.0
2020-01-30,30750.0,0,31250.0,31350.0,31250.0,-0.0031897926634768536,31570.0,31536.1,432.434966208792,3,1,30513.573,23169.0,16130,0.0043586550435865,-0.0055487053020961,104.599996946,0.58,-253.108810198,112.9,1738.3525243578388,-0.0346776297435368,618.0,1511494.4,2.4457838187702263,33360.0
2020-01-31,30650.0,0,30750.0,31250.0,31350.0,-0.016000000000000014,31370.0,31453.45,544.9770637375476,4,1,30484.33,23182.0,16130,0.0043586550435865,-0.0055487053020961,91.239996966,0.58,-267.836055798,112.9,1738.3525243578388,-0.0346776297435368,618.0,1511494.4,2.4457838187702263,33360.0
2020-02-03,31265.5,0,30650.0,30750.0,31250.0,-0.003252032520325243,31050.0,31350.0,324.0370349203916,0,2,31163.924,23222.0,16130,0.0043586550435865,-0.0055487053020961,86.459996706,0.66,-280.347858778,112.9,1738.3525243578388,-0.0346776297435368,618.0,1511494.4,2.4457838187702263,33360.0
2020-02-04,31016.0,0,31265.5,30650.0,30750.0,0.02008156606851541,31053.1,31331.55,326.49356808365945,1,2,30271.5,23250.0,16130,0.0043586550435865,-0.0055487053020961,85.099996686,0.66,-283.301866818,112.9,1738.3525243578388,-0.0346776297435368,618.0,1511494.4,2.4457838187702263,33360.0
2020-02-05,30634.5,0,31016.0,31265.5,30650.0,-0.007980041899217971,30986.3,31318.15,281.6504038697602,2,2,29966.7,23230.0,16130,0.0043586550435865,-0.0055487053020961,84.619996666,0.66,-285.501196378,112.9,1738.3525243578388,-0.0346776297435368,618.0,1511494.4,2.4457838187702263,33360.0
2020-02-06,30540.5,0,30634.5,31016.0,31265.5,-0.012300103172556143,30863.2,31216.6,271.9215419932725,3,2,29814.48,23220.0,16130,0.0043586550435865,-0.0055487053020961,84.579996666,0.66,-287.269642338,188.25,1740.1859229747677,0.0010546759597027,618.0,1511494.4,2.4457838187702263,33360.0
2020-02-07,30818.0,0,30540.5,30634.5,31016.0,-0.0030684359137573836,30821.3,31095.65,307.5338599243975,4,2,30117.637,23221.0,16130,0.0043586550435865,-0.0055487053020961,84.579996666,0.66,-289.705827778,188.25,1740.1859229747677,0.0010546759597027,618.0,1511494.4,2.4457838187702263,33360.0
2020-02-10,30723.5,0,30818.0,30540.5,30634.5,0.00908629524729454,30854.9,30952.45,292.9721403137149,0,2,29966.7,23230.0,16130,0.0043586550435865,-0.0055487053020961,9.120000206,0.66,-371.450936054,188.25,1740.1859229747677,0.0010546759597027,618.0,1511494.4,2.4457838187702263,33360.0
2020-02-11,30723.5,0,30723.5,30818.0,30540.5,-0.0030663897722110756,30746.5,30899.8,182.5181497824236,1,2,29886.53,23258.0,16130,0.0043586550435865,-0.0055487053020961,8.340000206,0.66,-373.064902174,188.25,1740.1859229747677,0.0010546759597027,618.0,1511494.4,2.4457838187702263,33360.0
2020-02-12,30778.0,0,30723.5,30723.5,30818.0,0.0,30688.0,30837.15,104.92735582296551,2,2,30188.76,23240.0,16130,0.0043586550435865,-0.0055487053020961,9.140000206,0.66,-373.091874334,188.25,1740.1859229747677,0.0010546759597027,618.0,1511494.4,2.4457838187702263,33360.0
2020-02-13,30628.0,0,30778.0,30723.5,30723.5,0.001773886438719563,30716.7,30789.95,106.25241173733046,3,2,29922.75,23250.0,16130,0.0043586550435865,-0.0055487053020961,9.280000206,0.66,-374.362420274,188.25,1740.1859229747677,0.0010546759597027,618.0,1511494.4,2.4457838187702263,33360.0
2020-02-14,31032.0,0,30628.0,30778.0,30723.5,-0.004873611020859037,30734.2,30777.75,71.49877621329742,4,2,30233.939,23239.0,15170,-0.0855937311633514,-0.0548286604361371,10.360000216,0.66,-374.141711044,188.25,1740.1859229747677,0.0010546759597027,618.0,1511494.4,2.4457838187702263,33360.0
2020-02-17,31465.5,0,31032.0,30628.0,30778.0,0.013190544599712695,30777.0,30815.95,152.43974219342934,0,2,30543.93,23245.0,15170,-0.0855937311633514,-0.0548286604361371,10.620000236,0.66,-376.975224724,188.25,1740.1859229747677,0.0010546759597027,618.0,1511494.4,2.4457838187702263,33360.0
2020-02-18,31515.5,0,31465.5,31032.0,30628.0,0.013969450889404378,30925.4,30835.95,336.90083852670796,1,2,30521.592,23228.0,15170,-0.0855937311633514,-0.0548286604361371,10.620000236,0.66,-378.192803584,188.25,1740.1859229747677,0.0010546759597027,618.0,1511494.4,2.4457838187702263,33360.0
2020-02-19,31274.0,0,31515.5,31465.5,31032.0,0.0015890419665982591,31083.8,30885.9,398.75126959045406,2,2,30048.027,23239.0,15170,-0.0855937311633514,-0.0548286604361371,10.620000236,0.66,-379.758413184,188.25,1740.1859229747677,0.0010546759597027,618.0,1511494.4,2.4457838187702263,33360.0
2020-02-20,31115.5,0,31274.0,31515.5,31465.5,-0.00766289603528425,31183.0,30949.85,363.8232744066809,3,2,29960.25,23225.0,15170,-0.0855937311633514,-0.0548286604361371,10.620000236,0.66,-380.870631504,188.25,1740.1859229747677,0.0010546759597027,618.0,1511494.4,2.4457838187702263,33360.0
2020-02-21,31037.5,0,31115.5,31274.0,31515.5,-0.005068107693291579,31280.5,31007.35,211.22825331853463,4,2,29718.844,23236.0,15170,-0.0855937311633514,-0.0548286604361371,9.500000235999998,0.66,-383.669675164,188.25,1740.1859229747677,0.0010546759597027,618.0,1511494.4,2.4457838187702263,33360.0
2020-02-24,31365.5,0,31037.5,31115.5,31274.0,-0.0025067892208063824,31281.6,31029.3,209.61882071989368,0,2,30121.632,23242.0,15170,-0.0855937311633514,-0.0548286604361371,9.120000216,0.66,-388.816234284,188.25,1740.1859229747677,0.0010546759597027,618.0,1511494.4,2.4457838187702263,33360.0
2020-02-25,31059.5,0,31365.5,31037.5,31115.5,0.010567861457913885,31261.6,31093.5,191.68998408888996,1,2,29593.431,23247.0,15170,-0.0855937311633514,-0.0548286604361371,9.120000216,0.66,-390.305534904,188.25,1740.1859229747677,0.0010546759597027,618.0,1511494.4,2.4457838187702263,33360.0
2020-02-26,31265.5,0,31059.5,31365.5,31037.5,-0.009755942038226717,31170.4,31127.1,142.97919429063384,2,2,29832.14,23270.0,15170,-0.0855937311633514,-0.0548286604361371,8.680000195999998,0.66,-392.477076524,188.25,1740.1859229747677,0.0010546759597027,618.0,1511494.4,2.4457838187702263,33360.0
2020-02-27,31515.5,0,31265.5,31059.5,31365.5,0.0066324313012122715,31168.7,31175.85,141.48215435170206,3,2,30095.8,23240.0,15170,-0.0855937311633514,-0.0548286604361371,8.660000195999999,0.66,-394.336564124,188.25,1740.1859229747677,0.0010546759597027,618.0,1511494.4,2.4457838187702263,33360.0
2020-02-28,31434.5,0,31515.5,31265.5,31059.5,0.007996033967152316,31248.7,31264.6,203.4138638342991,4,2,29956.36,23240.0,15170,-0.0855937311633514,-0.0548286604361371,8.620000196,0.66,-396.559876564,188.25,1740.1859229747677,0.0010546759597027,618.0,1511494.4,2.4457838187702263,33360.0
2020-03-02,31308.5,0,31434.5,31515.5,31265.5,-0.002570163887610888,31328.1,31304.85,175.9994318172612,0,3,29816.92,23240.0,14780,-0.1064087061668681,-0.0739348370927318,8.880000196000001,0.64,-400.484542764,188.25,1740.1859229747677,0.0010546759597027,618.0,1511494.4,2.4457838187702263,33360.0
2020-03-03,31508.5,0,31308.5,31434.5,31515.5,-0.004008334791391621,31316.7,31289.15,174.81332901125919,1,3,30002.84,23240.0,14780,-0.1064087061668681,-0.0739348370927318,8.940000196000002,0.64,-402.246867644,188.25,1740.1859229747677,0.0010546759597027,618.0,1511494.4,2.4457838187702263,33360.0
2020-03-04,32350.0,0,31508.5,31308.5,31434.5,0.0063880415861508055,31406.5,31288.45,114.62329606148437,2,3,30903.158,23218.0,14780,-0.1064087061668681,-0.0739348370927318,9.500000196,0.64,-403.390463044,188.25,1740.1859229747677,0.0010546759597027,618.0,1511494.4,2.4457838187702263,33360.0
2020-03-05,31608.5,0,32350.0,31508.5,31308.5,0.026707079042163295,31623.4,31396.05,414.61946408725,3,3,30330.242,23206.0,14780,-0.1064087061668681,-0.0739348370927318,10.020000196000002,0.64,-404.430401984,188.25,1740.1859229747677,0.0010546759597027,618.0,1511494.4,2.4457838187702263,33360.0
2020-03-06,30816.5,0,31608.5,32350.0,31508.5,-0.022921174652241083,31642.0,31445.35,410.6357875295312,4,3,29569.54,23210.0,14780,-0.1064087061668681,-0.0739348370927318,11.360000256,0.64,-404.349170544,145.11,1699.12480187444,-0.0235958241922423,618.0,1511494.4,2.4457838187702263,33360.0
2020-03-09,30682.0,0,30816.5,31608.5,32350.0,-0.025056551244127423,31518.4,31423.25,555.9892534932656,0,3,28890.225,23205.0,14780,-0.1064087061668681,-0.0739348370927318,15.620000116,0.64,-402.850591944,145.11,1699.12480187444,-0.0235958241922423,618.0,1511494.4,2.4457838187702263,33360.0
2020-03-10,30582.0,0,30682.0,30816.5,31608.5,-0.00436454496779326,31393.1,31354.9,673.3317718628746,1,3,28895.484,23172.0,14780,-0.1064087061668681,-0.0739348370927318,15.820000116,0.64,-403.577013284,145.11,1699.12480187444,-0.0235958241922423,618.0,1511494.4,2.4457838187702263,33360.0
2020-03-11,31282.0,0,30582.0,30682.0,30816.5,-0.003259239945244796,31207.8,31307.15,756.0403924394502,2,3,29639.546,23174.0,14780,-0.1064087061668681,-0.0739348370927318,15.940000116,0.64,-405.2993061840001,145.11,1699.12480187444,-0.0235958241922423,618.0,1511494.4,2.4457838187702263,33360.0
2020-03-12,31166.5,0,31282.0,30582.0,30682.0,0.022889281276567974,30994.2,31308.8,435.6455841621692,3,3,29451.612,23172.0,14780,-0.1064087061668681,-0.0739348370927318,16.080000125999998,0.64,-407.34854807400006,145.11,1699.12480187444,-0.0235958241922423,618.0,1511494.4,2.4457838187702263,33360.0
2020-03-13,30565.5,0,31166.5,31282.0,30582.0,-0.0036922191675724525,30905.8,31273.9,305.1222296064281,4,3,28970.555,23195.0,14780,-0.1064087061668681,-0.0739348370927318,16.060000126,0.64,-409.757325054,145.11,1699.12480187444,-0.0235958241922423,618.0,1511494.4,2.4457838187702263,33360.0
2020-03-16,30384.5,0,30565.5,31166.5,31282.0,-0.019283525580350735,30855.6,31187.0,341.9165468356244,0,3,28801.128,23208.0,13030,-0.1410678971654581,-0.1846057571964956,16.040000126,0.64,-416.945845414,145.11,1699.12480187444,-0.0235958241922423,618.0,1511494.4,2.4457838187702263,33360.0
2020-03-17,29940.5,0,30384.5,30565.5,31166.5,-0.005921709116487595,30796.1,31094.6,400.5386061292939,1,3,28357.725,23225.0,13030,-0.1410678971654581,-0.1846057571964956,15.940000126,0.64,-419.030797914,145.11,1699.12480187444,-0.0235958241922423,618.0,1511494.4,2.4457838187702263,33360.0
2020-03-18,30182.0,0,29940.5,30384.5,30565.5,-0.01461271371916606,30667.8,30937.8,558.0396043292963,2,3,28164.456,23238.0,13030,-0.1410678971654581,-0.1846057571964956,15.900000126,0.64,-421.062109914,145.11,1699.12480187444,-0.0235958241922423,618.0,1511494.4,2.4457838187702263,33360.0
2020-03-19,30232.0,0,30182.0,29940.5,30384.5,0.008065997561830907,30447.8,30721.0,464.3255323584924,3,3,28567.014,23282.0,13030,-0.1410678971654581,-0.1846057571964956,15.960000126,0.64,-422.010459694,145.11,1699.12480187444,-0.0235958241922423,618.0,1511494.4,2.4457838187702263,33360.0
2020-03-20,30132.0,0,30232.0,30182.0,29940.5,0.0016566165264064736,30260.9,30583.35,233.33168451797806,4,3,28398.464,23354.0,13030,-0.1410678971654581,-0.1846057571964956,15.940000126,0.64,-424.261215994,145.11,1699.12480187444,-0.0235958241922423,618.0,1511494.4,2.4457838187702263,33360.0
2020-03-23,30358.5,0,30132.0,30232.0,30182.0,-0.0033077533739084286,30174.2,30514.9,161.2639916410275,0,3,29178.02,23455.0,13030,-0.1410678971654581,-0.1846057571964956,16.220000126,0.64,-428.572401774,145.11,1699.12480187444,-0.0235958241922423,618.0,1511494.4,2.4457838187702263,33360.0
2020-03-24,30408.5,0,30358.5,30132.0,30232.0,0.007516925527678131,30169.0,30482.55,152.99468945031208,1,3,29283.76,23540.0,13030,-0.1410678971654581,-0.1846057571964956,16.300000126,0.64,-429.865038194,145.11,1699.12480187444,-0.0235958241922423,618.0,1511494.4,2.4457838187702263,33360.0
2020-03-25,30708.5,0,30408.5,30358.5,30132.0,0.0016469851936031787,30262.6,30465.2,117.23128848561507,2,3,29640.06,23580.0,13030,-0.1410678971654581,-0.1846057571964956,16.580000126,0.64,-430.900317514,145.11,1699.12480187444,-0.0235958241922423,618.0,1511494.4,2.4457838187702263,33360.0
2020-03-26,30783.5,0,30708.5,30408.5,30358.5,0.009865662561454824,30367.9,30407.85,219.01067325588812,3,3,29712.4,23600.0,13030,-0.1410678971654581,-0.1846057571964956,17.020000146,0.64,-431.294090334,145.11,1699.12480187444,-0.0235958241922423,618.0,1511494.4,2.4457838187702263,33360.0
2020-03-27,30308.5,0,30783.5,30708.5,30408.5,0.00244232053014648,30478.2,30369.55,267.0612289344847,4,3,30186.36,23620.0,13030,-0.1410678971654581,-0.1846057571964956,17.240000146,0.64,-431.923381154,145.11,1699.12480187444,-0.0235958241922423,618.0,1511494.4,2.4457838187702263,33360.0
2020-03-30,29737.5,0,30308.5,30783.5,30708.5,-0.015430344177887467,30513.5,30343.85,216.79483388678148,0,3,29383.28,23620.0,11250,-0.2388362652232747,-0.2995018679950186,19.560000226,0.64,-432.425158654,145.11,1699.12480187444,-0.0235958241922423,618.0,1511494.4,2.4457838187702263,33360.0
2020-03-31,29734.5,0,29737.5,30308.5,30783.5,-0.01883959945229885,30389.3,30279.15,415.036986303627,1,3,29242.68,23640.0,11250,-0.2388362652232747,-0.2995018679950186,19.960000226,0.64,-432.94883451400005,145.11,1699.12480187444,-0.0235958241922423,618.0,1511494.4,2.4457838187702263,33360.0
2020-04-01,29334.5,0,29734.5,29737.5,30308.5,-0.000100882723833573,30254.5,30258.55,506.59697985676644,2,4,28858.752,23616.0,11250,-0.2388362652232747,-0.2995018679950186,20.120000226,0.63,-434.854766374,145.11,1699.12480187444,-0.0235958241922423,618.0,1511494.4,2.4457838187702263,33360.0
2020-04-02,29050.0,0,29334.5,29734.5,29737.5,-0.013452386957910845,29979.7,30173.8,567.7303056910007,3,4,28402.36,23590.0,11250,-0.2388362652232747,-0.2995018679950186,20.120000226,0.63,-436.702900814,145.11,1699.12480187444,-0.0235958241922423,618.0,1511494.4,2.4457838187702263,33360.0
2020-04-03,29850.0,0,29050.0,29334.5,29734.5,-0.009698477901447067,29633.0,30055.6,476.055143864655,4,4,29110.06,23590.0,11250,-0.2388362652232747,-0.2995018679950186,20.120000226,0.63,-439.16639927400007,145.11,1699.12480187444,-0.0235958241922423,618.0,1511494.4,2.4457838187702263,33360.0
2020-04-06,29650.0,0,29850.0,29050.0,29334.5,0.027538726333907082,29541.3,30027.4,337.36415784726955,0,4,28731.0,23550.0,11250,-0.2388362652232747,-0.2995018679950186,21.540000226,0.63,-443.647657934,173.79,1685.942804534208,-0.0077581101315747,618.0,1511494.4,2.4457838187702263,33360.0
2020-04-07,29650.0,0,29650.0,29850.0,29050.0,-0.00670016750418756,29523.8,29956.55,326.7446633076008,1,4,28620.24,23440.0,11250,-0.2388362652232747,-0.2995018679950186,28.620000426,0.63,-436.509227294,173.79,1685.942804534208,-0.0077581101315747,618.0,1511494.4,2.4457838187702263,33360.0
2020-04-08,29850.0,0,29650.0,29650.0,29850.0,0.0,29506.9,29880.7,315.10006347190296,2,4,28913.85,23450.0,11250,-0.2388362652232747,-0.2995018679950186,39.140000626,0.63,-425.314191574,173.79,1685.942804534208,-0.0077581101315747,618.0,1511494.4,2.4457838187702263,33360.0
2020-04-09,29817.0,0,29850.0,29650.0,29650.0,0.006745362563237878,29610.0,29794.85,328.6335345030954,3,4,28966.5,23550.0,11250,-0.2388362652232747,-0.2995018679950186,39.980000626,0.63,-424.303948454,173.79,1685.942804534208,-0.0077581101315747,618.0,1511494.4,2.4457838187702263,33360.0
2020-04-10,29717.0,0,29817.0,29850.0,29650.0,-0.0011055276381909396,29763.4,29698.2,104.3925284682634,4,4,28631.872,23488.0,11250,-0.2388362652232747,-0.2995018679950186,46.260000688,0.63,-418.327777332,173.79,1685.942804534208,-0.0077581101315747,618.0,1511494.4,2.4457838187702263,33360.0
2020-04-13,29700.0,0,29717.0,29817.0,29850.0,-0.0033537914612469244,29736.8,29639.05,93.14880568207633,0,4,28567.265,23435.0,10820,-0.2679296346414073,-0.3477998794454491,62.980001128,0.63,-400.014896092,173.79,1685.942804534208,-0.0077581101315747,618.0,1511494.4,2.4457838187702263,33360.0
2020-04-14,29700.0,0,29700.0,29717.0,29817.0,-0.000572063128848832,29746.8,29635.3,83.70603323534824,1,4,28563.608,23432.0,10820,-0.2679296346414073,-0.3477998794454491,63.280001128,0.63,-399.296216672,173.79,1685.942804534208,-0.0077581101315747,618.0,1511494.4,2.4457838187702263,33360.0
2020-04-15,29450.0,0,29700.0,29700.0,29717.0,0.0,29756.8,29631.85,71.32110487083914,2,4,27977.432,23471.0,10820,-0.2679296346414073,-0.3477998794454491,64.340001128,0.63,-398.5384883720001,173.79,1685.942804534208,-0.0077581101315747,618.0,1511494.4,2.4457838187702263,33360.0
2020-04-16,29750.0,0,29450.0,29700.0,29700.0,-0.008417508417508435,29676.8,29643.4,135.81862906095452,3,4,28268.64,23440.0,10820,-0.2679296346414073,-0.3477998794454491,65.06000108799999,0.63,-397.824773292,173.79,1685.942804534208,-0.0077581101315747,618.0,1511494.4,2.4457838187702263,33360.0
2020-04-17,29850.0,0,29750.0,29450.0,29700.0,0.01018675721561979,29663.4,29713.4,121.02809591163982,4,4,28245.2,23440.0,10820,-0.2679296346414073,-0.3477998794454491,67.06000108799999,0.63,-396.064517832,173.79,1685.942804534208,-0.0077581101315747,618.0,1511494.4,2.4457838187702263,33360.0
2020-04-20,29650.0,0,29850.0,29750.0,29450.0,0.003361344537815114,29690.0,29713.4,147.47881203751646,0,4,27827.712,23424.0,10820,-0.2679296346414073,-0.3477998794454491,73.720001158,0.63,-388.7572106820001,173.79,1685.942804534208,-0.0077581101315747,618.0,1511494.4,2.4457838187702263,33360.0
2020-04-21,29550.0,0,29650.0,29850.0,29750.0,-0.00670016750418756,29680.0,29713.4,148.3239697419035,1,4,27600.65,23450.0,10820,-0.2679296346414073,-0.3477998794454491,73.720001158,0.63,-389.981682062,173.79,1685.942804534208,-0.0077581101315747,618.0,1511494.4,2.4457838187702263,33360.0
2020-04-22,29083.5,0,29550.0,29650.0,29850.0,-0.003372681281618939,29650.0,29703.4,158.11388300840983,2,4,26720.94,23460.0,10820,-0.2679296346414073,-0.3477998794454491,74.580001158,0.63,-389.84953516200005,173.79,1685.942804534208,-0.0077581101315747,618.0,1511494.4,2.4457838187702263,33360.0
2020-04-23,28683.5,0,29083.5,29550.0,29650.0,-0.015786802030456903,29576.7,29626.75,297.5137811934049,3,4,26319.959,23479.0,10820,-0.2679296346414073,-0.3477998794454491,74.70000115799999,0.63,-390.787325962,173.79,1685.942804534208,-0.0077581101315747,618.0,1511494.4,2.4457838187702263,33360.0
2020-04-24,28983.5,0,28683.5,29083.5,29550.0,-0.013753502845255894,29363.4,29513.4,472.84952680530154,4,4,27007.75,23485.0,10820,-0.2679296346414073,-0.3477998794454491,76.640001158,0.63,-389.010238782,173.79,1685.942804534208,-0.0077581101315747,618.0,1511494.4,2.4457838187702263,33360.0
2020-04-27,29400.0,0,28983.5,28683.5,29083.5,0.010458974671849752,29190.1,29440.05,403.6479592417106,0,4,26889.72,23505.0,10820,-0.2679296346414073,-0.3477998794454491,77.140001138,0.63,-391.93861528200006,173.79,1685.942804534208,-0.0077581101315747,618.0,1511494.4,2.4457838187702263,33360.0
2020-04-28,29500.0,0,29400.0,28983.5,28683.5,0.014370245139475823,29140.1,29410.05,343.43001470459393,1,4,26973.25,23455.0,9940,-0.237145049884881,-0.3990326481257558,75.780001078,0.63,-395.197672782,173.79,1685.942804534208,-0.0077581101315747,618.0,1511494.4,2.4457838187702263,33360.0
2020-04-29,30117.0,0,29500.0,29400.0,28983.5,0.00340136054421758,29130.1,29390.05,328.93262988034127,2,4,27661.56,23442.0,9940,-0.237145049884881,-0.3990326481257558,74.86000105,0.63,-398.65890897,173.79,1685.942804534208,-0.0077581101315747,618.0,1511494.4,2.4457838187702263,33360.0
2020-04-30,30217.0,0,30117.0,29500.0,29400.0,0.020915254237288128,29336.8,29456.75,545.6560959065681,3,4,27785.608,23428.0,9940,-0.237145049884881,-0.3990326481257558,75.06000105,0.63,-399.69385553,173.79,1685.942804534208,-0.0077581101315747,618.0,1511494.4,2.4457838187702263,33360.0
2020-05-01,30317.0,0,30217.0,30117.0,29500.0,0.0033203838363715654,29643.5,29503.45,516.8628928448994,4,5,27973.032,23428.0,9940,-0.237145049884881,-0.3990326481257558,75.06000105,0.53,-400.78086949,173.79,1685.942804534208,-0.0077581101315747,618.0,1511494.4,2.4457838187702263,33360.0
2020-05-04,30700.0,0,30317.0,30217.0,30117.0,0.003309395373465307,29910.2,29550.15,427.47713389139057,0,5,28230.74,23428.0,9940,-0.237145049884881,-0.3990326481257558,76.5200011,0.53,-400.41281474,173.79,1685.942804534208,-0.0077581101315747,618.0,1511494.4,2.4457838187702263,33360.0
2020-05-05,30617.0,0,30700.0,30317.0,30217.0,0.012633176105815158,30170.2,29655.15,434.8640017292735,1,5,28063.665,23445.0,9940,-0.237145049884881,-0.3990326481257558,78.02000115999999,0.53,-398.47235324,173.79,1685.942804534208,-0.0077581101315747,618.0,1511494.4,2.4457838187702263,33360.0
2020-05-06,30817.0,0,30617.0,30700.0,30317.0,-0.0027035830618892254,30393.6,29761.85,253.64897003535728,2,5,28105.2,23421.0,9940,-0.237145049884881,-0.3990326481257558,79.70000123,0.53,-396.80037743,92.82,1771.277741865977,0.0506155589040551,618.0,1511494.4,2.4457838187702263,33360.0
2020-05-07,30817.0,0,30817.0,30617.0,30700.0,0.00653231864650361,30533.6,29935.2,255.9839838739874,3,5,28131.023,23423.0,9940,-0.237145049884881,-0.3990326481257558,80.74000124,0.53,-394.82782174,92.82,1771.277741865977,0.0506155589040551,618.0,1511494.4,2.4457838187702263,33360.0
2020-05-08,30517.0,0,30817.0,30817.0,30617.0,0.0,30653.6,30148.55,206.27118073060535,4,5,27782.05,23425.0,9940,-0.237145049884881,-0.3990326481257558,82.28000132,0.53,-393.68948278,92.82,1771.277741865977,0.0506155589040551,618.0,1511494.4,2.4457838187702263,33360.0
2020-05-11,30617.0,0,30517.0,30817.0,30817.0,-0.009734886588571245,30693.6,30301.9,129.95306845164575,0,5,27725.122,23377.0,9940,-0.237145049884881,-0.3990326481257558,82.88000129,0.53,-397.20058727,92.82,1771.277741865977,0.0506155589040551,618.0,1511494.4,2.4457838187702263,33360.0
2020-05-12,30817.0,0,30617.0,30517.0,30817.0,0.0032768620768752754,30677.0,30423.6,134.16407864998038,1,5,27939.756,23322.0,9940,-0.237145049884881,-0.3990326481257558,83.58000136999999,0.53,-397.07160907,92.82,1771.277741865977,0.0506155589040551,618.0,1511494.4,2.4457838187702263,33360.0
2020-05-13,30517.0,0,30817.0,30617.0,30517.0,0.00653231864650361,30717.0,30555.3,141.42135623730286,2,5,27529.4,23330.0,9850,-0.0896487985212569,-0.3893366398016119,83.620001378,0.53,-398.203410842,92.82,1771.277741865977,0.0506155589040551,618.0,1511494.4,2.4457838187702263,33360.0
2020-05-14,30250.0,0,30517.0,30817.0,30617.0,-0.009734886588571245,30657.0,30595.3,151.6575088810248,3,5,26779.009,23347.0,9850,-0.0896487985212569,-0.3893366398016119,82.66000136800001,0.53,-400.219957952,92.82,1771.277741865977,0.0506155589040551,618.0,1511494.4,2.4457838187702263,33360.0
2020-05-15,30700.0,0,30250.0,30517.0,30817.0,-0.008749221745256719,30543.6,30598.6,204.78720663165944,4,5,27272.8,23350.0,9850,-0.0896487985212569,-0.3893366398016119,83.180001388,0.53,-400.288115652,92.82,1771.277741865977,0.0506155589040551,618.0,1511494.4,2.4457838187702263,33360.0
2020-05-18,30617.0,0,30700.0,30250.0,30517.0,0.014876033057851235,30580.2,30636.9,214.94580712355838,0,5,27512.19,23355.0,9850,-0.0896487985212569,-0.3893366398016119,107.900000808,0.53,-371.724832312,92.82,1771.277741865977,0.0506155589040551,618.0,1511494.4,2.4457838187702263,33360.0
2020-05-19,30817.0,0,30617.0,30700.0,30250.0,-0.0027035830618892254,30580.2,30628.6,214.94580712355838,1,5,27585.516,23338.0,9850,-0.0896487985212569,-0.3893366398016119,118.240000808,0.53,-359.836987792,92.82,1771.277741865977,0.0506155589040551,618.0,1511494.4,2.4457838187702263,33360.0
2020-05-20,30517.0,0,30817.0,30617.0,30700.0,0.00653231864650361,30580.2,30648.6,214.94580712355838,2,5,27581.28,23295.0,9850,-0.0896487985212569,-0.3893366398016119,125.500000728,0.53,-351.23524097200004,92.82,1771.277741865977,0.0506155589040551,618.0,1511494.4,2.4457838187702263,33360.0
2020-05-21,30250.0,0,30517.0,30817.0,30617.0,-0.009734886588571245,30580.2,30618.6,214.94580712355838,3,5,27598.22,23270.0,9850,-0.0896487985212569,-0.3893366398016119,128.680000788,0.53,-347.145324992,92.82,1771.277741865977,0.0506155589040551,618.0,1511494.4,2.4457838187702263,33360.0
2020-05-22,30700.0,0,30250.0,30517.0,30817.0,-0.008749221745256719,30580.2,30561.9,214.94580712355838,4,5,27673.975,23275.0,9850,-0.0896487985212569,-0.3893366398016119,131.84000080799998,0.53,-342.936533512,92.82,1771.277741865977,0.0506155589040551,618.0,1511494.4,2.4457838187702263,33360.0
2020-05-25,31417.0,0,30700.0,30250.0,30517.0,0.014876033057851235,30580.2,30580.2,214.94580712355838,0,5,28083.269,23267.0,9850,-0.0896487985212569,-0.3893366398016119,162.240001076,0.53,-307.20255544400004,92.82,1771.277741865977,0.0506155589040551,618.0,1511494.4,2.4457838187702263,33360.0
2020-05-26,31817.0,0,31417.0,30700.0,30250.0,0.02335504885993478,30740.2,30660.2,434.65123950127855,1,5,28137.584,23312.0,9850,-0.0896487985212569,-0.3893366398016119,166.420000956,0.53,-301.864806384,92.82,1771.277741865977,0.0506155589040551,618.0,1511494.4,2.4457838187702263,33360.0
2020-05-27,31617.0,0,31817.0,31417.0,30700.0,0.012731960403603138,30940.2,30760.2,653.698477893285,2,5,28983.312,23336.0,9850,-0.0896487985212569,-0.3893366398016119,176.260000696,0.53,-290.16956168400003,92.82,1771.277741865977,0.0506155589040551,618.0,1511494.4,2.4457838187702263,33360.0
2020-05-28,31117.0,0,31617.0,31817.0,31417.0,-0.0062859477637741135,31160.2,30870.2,660.7281589277071,3,5,28736.4,23325.0,10740,0.0804828973843059,-0.2920237310481213,186.980000296,0.53,-277.267757704,92.82,1771.277741865977,0.0506155589040551,618.0,1511494.4,2.4457838187702263,33360.0
2020-05-29,30917.0,0,31117.0,31617.0,31817.0,-0.01581427712939243,31333.6,30956.9,438.551935350874,4,5,27936.7,23300.0,10740,0.0804828973843059,-0.2920237310481213,210.500000296,0.53,-252.472181044,92.82,1771.277741865977,0.0506155589040551,618.0,1511494.4,2.4457838187702263,33360.0
2020-06-01,30917.0,0,30917.0,31117.0,31617.0,-0.006427354822122977,31377.0,30978.6,364.69165057620586,0,6,27679.92,23280.0,10740,0.0804828973843059,-0.2920237310481213,237.920000616,0.3,-221.887248864,92.82,1771.277741865977,0.0506155589040551,618.0,1511494.4,2.4457838187702263,33360.0
2020-06-02,30717.0,0,30917.0,30917.0,31117.0,0.0,31277.0,31008.6,415.93268686170535,1,6,27400.28,23260.0,10740,0.0804828973843059,-0.2920237310481213,246.160000416,0.3,-212.74770062400003,92.82,1771.277741865977,0.0506155589040551,618.0,1511494.4,2.4457838187702263,33360.0
2020-06-03,31200.0,0,30717.0,30917.0,30917.0,-0.006468932949510009,31057.0,30998.6,343.51128074634966,2,6,27857.094,23253.0,10740,0.0804828973843059,-0.2920237310481213,251.540000304,0.3,-206.758262756,92.82,1771.277741865977,0.0506155589040551,618.0,1511494.4,2.4457838187702263,33360.0
2020-06-04,31600.0,0,31200.0,30717.0,30917.0,0.015724191815607025,30973.6,31066.9,189.78356093191408,3,6,28330.68,23260.0,10740,0.0804828973843059,-0.2920237310481213,254.440000244,0.3,-202.745093256,92.82,1771.277741865977,0.0506155589040551,618.0,1511494.4,2.4457838187702263,33360.0
2020-06-05,31517.0,0,31600.0,31200.0,30717.0,0.012820512820512775,31070.2,31201.9,342.5006569336727,4,6,28148.23,23263.0,10740,0.0804828973843059,-0.2920237310481213,254.640000464,0.3,-202.237942956,92.82,1771.277741865977,0.0506155589040551,618.0,1511494.4,2.4457838187702263,33360.0
2020-06-08,32217.0,0,31517.0,31600.0,31200.0,-0.0026265822784810045,31190.2,31283.6,378.61154234914346,0,6,28952.475,23255.0,10740,0.0804828973843059,-0.2920237310481213,265.160000644,0.3,-189.01140949600003,165.8,1687.816646562123,-0.047119146439412,618.0,1511494.4,2.4457838187702263,33360.0
2020-06-09,32383.5,0,32217.0,31517.0,31600.0,0.022210235745788065,31450.2,31363.6,551.1503424656444,1,6,29371.065,23255.0,10740,0.0804828973843059,-0.2920237310481213,268.960000844,0.3,-183.70759609600003,165.8,1687.816646562123,-0.047119146439412,618.0,1511494.4,2.4457838187702263,33360.0
2020-06-10,31967.0,0,32383.5,32217.0,31517.0,0.005168078964521872,31783.5,31420.25,498.2692545200806,2,6,28936.635,23205.0,10740,0.0804828973843059,-0.2920237310481213,290.340000234,0.3,-160.092109486,165.8,1687.816646562123,-0.047119146439412,618.0,1511494.4,2.4457838187702263,33360.0
2020-06-11,31467.0,0,31967.0,32383.5,32217.0,-0.01286148810350951,31936.9,31455.25,377.03819435170874,3,6,29057.07,23190.0,10740,0.0804828973843059,-0.2920237310481213,302.559999994,0.3,-145.385413986,165.8,1687.816646562123,-0.047119146439412,618.0,1511494.4,2.4457838187702263,33360.0
2020-06-12,31150.0,0,31467.0,31967.0,32383.5,-0.015641129915225038,31910.3,31490.25,409.9993292677399,4,6,28484.805,23215.0,11510,0.1579476861167001,-0.2212449255751014,318.51999919400004,0.3,-127.060584266,165.8,1687.816646562123,-0.047119146439412,618.0,1511494.4,2.4457838187702263,33360.0
2020-06-15,31167.0,0,31150.0,31467.0,31967.0,-0.010074045825785749,31836.9,31513.55,516.9214640542575,0,6,28125.672,23206.0,11510,0.1579476861167001,-0.2212449255751014,349.499998754,0.3,-87.41179766600001,165.8,1687.816646562123,-0.047119146439412,618.0,1511494.4,2.4457838187702263,33360.0
2020-06-16,30867.0,0,31167.0,31150.0,31467.0,0.0005457463884430691,31626.9,31538.55,536.8009873314294,1,6,27724.68,23220.0,11510,0.1579476861167001,-0.2212449255751014,356.019998634,0.3,-78.03380434600003,165.8,1687.816646562123,-0.047119146439412,618.0,1511494.4,2.4457838187702263,33360.0
2020-06-17,30567.0,0,30867.0,31167.0,31150.0,-0.009625565501973243,31323.6,31553.55,417.63357144750415,2,6,27318.17,23210.0,11510,0.1579476861167001,-0.2212449255751014,361.799998614,0.3,-69.90656268600002,165.8,1687.816646562123,-0.047119146439412,618.0,1511494.4,2.4457838187702263,33360.0
2020-06-18,30667.0,0,30567.0,30867.0,31167.0,-0.00971911750413057,31043.6,31490.25,340.64321510929443,3,6,27417.672,23196.0,11510,0.1579476861167001,-0.2212449255751014,365.619998674,0.3,-63.86412974600002,165.8,1687.816646562123,-0.047119146439412,618.0,1511494.4,2.4457838187702263,33360.0
2020-06-19,30367.0,0,30667.0,30567.0,30867.0,0.0032715019465436868,30883.6,31396.95,273.2723915802633,4,6,27016.44,23210.0,11510,0.1579476861167001,-0.2212449255751014,370.419998722,0.3,-57.167551018000026,165.8,1687.816646562123,-0.047119146439412,618.0,1511494.4,2.4457838187702263,33360.0
2020-06-22,30467.0,0,30367.0,30667.0,30567.0,-0.009782502364104717,30727.0,31281.95,304.9590136395326,0,6,27277.625,23215.0,11510,0.1579476861167001,-0.2212449255751014,389.919998422,0.3,-32.80849073800002,165.8,1687.816646562123,-0.047119146439412,618.0,1511494.4,2.4457838187702263,33360.0
2020-06-23,30667.0,0,30467.0,30367.0,30667.0,0.003293048374880536,30587.0,31106.95,192.35384061670467,1,6,27573.48,23210.0,11510,0.1579476861167001,-0.2212449255751014,391.579998482,0.3,-29.99908999800002,165.8,1687.816646562123,-0.047119146439412,618.0,1511494.4,2.4457838187702263,33360.0
2020-06-24,30667.0,0,30667.0,30467.0,30367.0,0.006564479600879691,30547.0,30935.3,130.38404810404003,2,6,27507.405,23213.0,11510,0.1579476861167001,-0.2212449255751014,397.259998832,0.3,-23.178483368000023,165.8,1687.816646562123,-0.047119146439412,618.0,1511494.4,2.4457838187702263,33360.0
2020-06-25,30467.0,0,30667.0,30667.0,30467.0,0.0,30567.0,30805.3,141.42135623729757,3,6,27277.32,23195.0,11510,0.1579476861167001,-0.2212449255751014,404.619998592,0.3,-14.69868826800002,165.8,1687.816646562123,-0.047119146439412,618.0,1511494.4,2.4457838187702263,33360.0
2020-06-26,30300.0,0,30467.0,30667.0,30667.0,-0.006521668242736478,30527.0,30705.3,134.1640786499748,4,6,26782.032,23208.0,11510,0.1579476861167001,-0.2212449255751014,408.259998712,0.3,-10.23181166800002,165.8,1687.816646562123,-0.047119146439412,618.0,1511494.4,2.4457838187702263,33360.0
2020-06-29,30300.0,0,30300.0,30467.0,30667.0,-0.005481340466734541,30513.6,30620.3,155.7491573010799,0,6,26761.13,23210.0,12110,0.2294416243654822,-0.0706062931696086,442.279998912,0.3,32.540167631999985,165.8,1687.816646562123,-0.047119146439412,618.0,1511494.4,2.4457838187702263,33360.0
2020-06-30,30700.0,0,30300.0,30300.0,30467.0,0.0,30480.2,30533.6,183.6483051922794,1,6,27327.244,23198.0,12110,0.2294416243654822,-0.0706062931696086,451.979999392,0.3,46.23634105199998,165.8,1687.816646562123,-0.047119146439412,618.0,1511494.4,2.4457838187702263,33360.0
2020-07-01,30933.5,0,30700.0,30300.0,30300.0,0.013201320132013139,30486.8,30516.9,192.42323144567726,2,7,27543.148,23204.0,12110,0.2294416243654822,-0.0706062931696086,470.399998992,0.01,69.00806469199999,165.8,1687.816646562123,-0.047119146439412,630.4,1581214.1,2.508271097715736,33360.0
2020-07-02,31350.0,0,30933.5,30700.0,30300.0,0.007605863192182483,30540.1,30553.55,274.30421068586753,3,7,27936.412,23203.0,12110,0.2294416243654822,-0.0706062931696086,490.920000152,0.01,93.71286017199998,165.8,1687.816646562123,-0.047119146439412,630.4,1581214.1,2.508271097715736,33360.0
2020-07-03,31350.0,0,31350.0,30933.5,30700.0,0.013464367110090913,30716.7,30621.85,445.9898541446842,4,7,27888.804,23202.0,12110,0.2294416243654822,-0.0706062931696086,503.920000352,0.01,111.31341525199998,165.8,1687.816646562123,-0.047119146439412,630.4,1581214.1,2.508271097715736,33360.0
2020-07-06,31367.0,0,31350.0,31350.0,30933.5,0.0,30926.7,30720.15,447.9279517958178,0,7,27815.601,23199.0,12110,0.2294416243654822,-0.0706062931696086,528.460000032,0.01,140.331449712,130.29,1693.0693069306933,0.0031121036631966,630.4,1581214.1,2.508271097715736,33360.0
2020-07-07,30950.0,0,31367.0,31350.0,31350.0,0.0005422647527910662,31140.1,30810.15,306.5824522049435,1,7,27261.175,23201.0,12110,0.2294416243654822,-0.0706062931696086,524.2199999720001,0.01,135.66168933199998,130.29,1693.0693069306933,0.0031121036631966,630.4,1581214.1,2.508271097715736,33360.0
2020-07-08,31250.0,0,30950.0,31367.0,31350.0,-0.013294226416297406,31190.1,30838.45,226.89270592065435,2,7,27607.38,23180.0,12110,0.2294416243654822,-0.0706062931696086,526.779999952,0.01,138.10103647199998,130.29,1693.0693069306933,0.0031121036631966,630.4,1581214.1,2.508271097715736,33360.0
2020-07-09,31250.0,0,31250.0,30950.0,31367.0,0.009693053311793154,31253.4,30896.75,175.80614323736432,3,7,27640.096,23188.0,12110,0.2294416243654822,-0.0706062931696086,526.060000252,0.01,137.71125947199997,130.29,1693.0693069306933,0.0031121036631966,630.4,1581214.1,2.508271097715736,33360.0
2020-07-10,31317.0,0,31250.0,31250.0,30950.0,0.0,31233.4,30975.05,167.5643160102911,4,7,27751.248,23184.0,12110,0.2294416243654822,-0.0706062931696086,529.200000272,0.01,141.06036745199998,130.29,1693.0693069306933,0.0031121036631966,630.4,1581214.1,2.508271097715736,33360.0
2020-07-13,31317.0,0,31317.0,31250.0,31250.0,0.0021439999999999237,31226.8,31076.75,162.39365751160594,0,7,27742.869,23177.0,12110,0.052128583840139,0.1192236598890943,537.3800005319999,0.01,149.12227907199997,130.29,1693.0693069306933,0.0031121036631966,630.4,1581214.1,2.508271097715736,33360.0
2020-07-14,31767.0,0,31317.0,31317.0,31250.0,0.0,31216.8,31178.45,152.8617022016854,1,7,28371.096,23179.0,12110,0.052128583840139,0.1192236598890943,543.640000472,0.01,156.659574672,130.29,1693.0693069306933,0.0031121036631966,630.4,1581214.1,2.508271097715736,33360.0
2020-07-15,31467.0,0,31767.0,31317.0,31317.0,0.014369192451384238,31380.2,31285.15,218.80744959894926,2,7,28164.915,23181.0,12110,0.052128583840139,0.1192236598890943,548.880000392,0.01,162.62459719199998,130.29,1693.0693069306933,0.0031121036631966,630.4,1581214.1,2.508271097715736,33360.0
2020-07-16,31667.0,0,31467.0,31767.0,31317.0,-0.00944376239493816,31423.6,31338.5,207.76862130744556,3,7,28422.358,23183.0,12110,0.052128583840139,0.1192236598890943,553.740000412,0.01,167.976425112,130.29,1693.0693069306933,0.0031121036631966,630.4,1581214.1,2.508271097715736,33360.0
2020-07-17,31750.0,0,31667.0,31467.0,31767.0,0.006355864874312722,31507.0,31370.2,204.32816741701765,4,7,28817.712,23184.0,12110,0.052128583840139,0.1192236598890943,556.500000462,0.01,170.64045250199996,130.29,1693.0693069306933,0.0031121036631966,630.4,1581214.1,2.508271097715736,33360.0
2020-07-20,32267.0,0,31750.0,31667.0,31467.0,0.002621025041841696,31593.6,31410.2,195.22499839927482,0,7,29985.963,23191.0,12110,0.052128583840139,0.1192236598890943,581.9800013619999,0.01,200.071721562,130.29,1693.0693069306933,0.0031121036631966,630.4,1581214.1,2.508271097715736,33360.0
2020-07-21,31800.0,0,32267.0,31750.0,31667.0,0.016283464566929196,31783.6,31500.2,295.34352879316185,1,7,29634.264,23188.0,12110,0.052128583840139,0.1192236598890943,584.960001222,0.01,204.846250062,130.29,1693.0693069306933,0.0031121036631966,630.4,1581214.1,2.508271097715736,33360.0
2020-07-22,32350.0,0,31800.0,32267.0,31750.0,-0.014472990981498124,31790.2,31585.2,295.2485393697947,2,7,30528.06,23180.0,12110,0.052128583840139,0.1192236598890943,587.500001302,0.01,209.235481982,130.29,1693.0693069306933,0.0031121036631966,630.4,1581214.1,2.508271097715736,33360.0
2020-07-23,32550.0,0,32350.0,31800.0,32267.0,0.01729559748427678,31966.8,31695.2,316.8859416256853,3,7,31460.688,23184.0,12110,0.052128583840139,0.1192236598890943,608.5200012419999,0.01,231.362538322,130.29,1693.0693069306933,0.0031121036631966,630.4,1581214.1,2.508271097715736,33360.0
2020-07-24,32467.0,0,32550.0,32350.0,31800.0,0.0061823802163833985,32143.4,31825.2,352.1261137717524,4,7,31293.0,23180.0,12110,0.052128583840139,0.1192236598890943,616.100001262,0.01,240.862111622,130.29,1693.0693069306933,0.0031121036631966,630.4,1581214.1,2.508271097715736,33360.0
2020-07-27,32467.0,0,32467.0,32550.0,32350.0,-0.0025499231950845136,32286.8,31940.2,292.87659517277405,0,7,31471.65,23175.0,12110,0.052128583840139,0.1192236598890943,648.6999995020001,0.01,278.64970810200003,130.29,1693.0693069306933,0.0031121036631966,630.4,1581214.1,2.508271097715736,33360.0
2020-07-28,32267.0,0,32467.0,32467.0,32550.0,0.0,32326.8,32055.2,302.97970229042903,1,7,31201.626,23181.0,12390,0.0231213872832369,0.2464788732394365,659.039999442,0.01,291.078217902,130.29,1693.0693069306933,0.0031121036631966,630.4,1581214.1,2.508271097715736,33360.0
2020-07-29,32067.0,0,32267.0,32467.0,32467.0,-0.006160101025656783,32420.2,32105.2,111.38536708202363,2,7,31279.5,23170.0,12390,0.0231213872832369,0.2464788732394365,675.759999102,0.01,310.01516406199994,130.29,1693.0693069306933,0.0031121036631966,630.4,1581214.1,2.508271097715736,33360.0
2020-07-30,32283.5,0,32067.0,32267.0,32467.0,-0.006198283075588007,32363.6,32165.2,195.85147433705217,3,7,31471.65,23175.0,12390,0.0231213872832369,0.2464788732394365,688.679998642,0.01,325.819391082,130.29,1693.0693069306933,0.0031121036631966,630.4,1581214.1,2.508271097715736,33360.0
2020-07-31,32267.0,0,32283.5,32067.0,32267.0,0.006751489069760197,32310.3,32226.85,166.5066064755297,4,7,31425.3,23175.0,12390,0.0231213872832369,0.2464788732394365,718.659999622,0.01,360.189326222,130.29,1693.0693069306933,0.0031121036631966,630.4,1581214.1,2.508271097715736,33360.0
2020-08-03,32367.0,0,32267.0,32283.5,32067.0,-0.0005110970000155035,32270.3,32278.55,141.61373520953708,0,8,31534.37,23170.0,12390,0.0231213872832369,0.2464788732394365,796.100000132,-0.23,447.626751492,130.29,1693.0693069306933,0.0031121036631966,630.4,1581214.1,2.508271097715736,33360.0
2020-08-04,32417.0,0,32367.0,32267.0,32283.5,0.0030991415377941145,32250.3,32288.55,110.54162112072024,1,8,31279.5,23170.0,12390,0.0231213872832369,0.2464788732394365,802.280000842,-0.23,456.840659522,130.29,1693.0693069306933,0.0031121036631966,630.4,1581214.1,2.508271097715736,33360.0
2020-08-05,33217.0,0,32417.0,32367.0,32267.0,0.0015447832669075456,32280.3,32350.25,134.05950171471207,2,8,32120.55,23175.0,12390,0.0231213872832369,0.2464788732394365,818.480001732,-0.23,475.054108652,130.29,1693.0693069306933,0.0031121036631966,630.4,1581214.1,2.508271097715736,33360.0
2020-08-06,32467.0,0,33217.0,32417.0,32367.0,0.024678409476509344,32510.3,32436.95,399.7805022759328,3,8,31562.988,23174.0,12390,0.0231213872832369,0.2464788732394365,847.820001652,-0.23,506.469353732,127.7,1704.698512137823,0.0068687118474859,630.4,1581214.1,2.508271097715736,33360.0
2020-08-07,32267.0,0,32467.0,33217.0,32417.0,-0.022578800012042044,32547.0,32428.65,381.7721833764178,4,8,31353.069,23173.0,12390,0.0231213872832369,0.2464788732394365,850.620001382,-0.23,511.320533962,127.7,1704.698512137823,0.0068687118474859,630.4,1581214.1,2.508271097715736,33360.0
2020-08-10,32467.0,0,32267.0,32467.0,33217.0,-0.006160101025656783,32547.0,32408.65,381.7721833764178,0,8,31584.799,23173.0,12390,0.0231213872832369,0.2464788732394365,882.140001722,-0.23,550.8450751219999,127.7,1704.698512137823,0.0068687118474859,630.4,1581214.1,2.508271097715736,33360.0
2020-08-11,32367.0,0,32467.0,32267.0,32467.0,0.006198283075588007,32567.0,32408.65,372.49161064377967,1,8,31441.69,23170.0,12390,0.0231213872832369,0.2464788732394365,887.200001454,-0.23,558.556520814,127.7,1704.698512137823,0.0068687118474859,630.4,1581214.1,2.508271097715736,33360.0
2020-08-12,32267.0,0,32367.0,32467.0,32267.0,-0.0030800505128284472,32557.0,32418.65,378.153408023777,2,8,30983.638,23174.0,12200,0.0074318744838977,0.227364185110664,908.240000394,-0.23,582.788294294,127.7,1704.698512137823,0.0068687118474859,630.4,1581214.1,2.508271097715736,33360.0
2020-08-13,32417.0,0,32267.0,32367.0,32467.0,-0.0030895665338153133,32367.0,32438.65,99.99999999998573,3,8,31100.85,23175.0,12200,0.0074318744838977,0.227364185110664,915.500000134,-0.23,593.0350813939999,127.7,1704.698512137823,0.0068687118474859,630.4,1581214.1,2.508271097715736,33360.0
2020-08-14,32817.0,0,32417.0,32267.0,32367.0,0.00464871230669095,32357.0,32452.0,89.44271909997565,4,8,32026.468,23174.0,12200,0.0074318744838977,0.227364185110664,914.420001594,-0.23,592.645531674,127.7,1704.698512137823,0.0068687118474859,630.4,1581214.1,2.508271097715736,33360.0
2020-08-17,32817.0,0,32817.0,32417.0,32267.0,0.012339204738254672,32467.0,32507.0,209.16500663351206,0,8,32072.816,23174.0,12200,0.0074318744838977,0.227364185110664,911.400000954,-0.23,588.943648914,127.7,1704.698512137823,0.0068687118474859,630.4,1581214.1,2.508271097715736,33360.0
2020-08-18,32733.5,0,32817.0,32817.0,32417.0,0.0,32537.0,32552.0,261.24700955225717,1,8,31933.772,23174.0,12200,0.0074318744838977,0.227364185110664,915.860001034,-0.23,593.476973194,127.7,1704.698512137823,0.0068687118474859,630.4,1581214.1,2.508271097715736,33360.0
2020-08-19,32950.0,0,32733.5,32817.0,32817.0,-0.0025444129566992713,32610.3,32583.65,252.90699871691407,2,8,32350.904,23174.0,12200,0.0074318744838977,0.227364185110664,923.040000894,-0.23,601.815279314,127.7,1704.698512137823,0.0068687118474859,630.4,1581214.1,2.508271097715736,33360.0
2020-08-20,32750.0,0,32950.0,32733.5,32817.0,0.006614019276887539,32746.9,32556.95,200.056991879807,3,8,32072.816,23174.0,12200,0.0074318744838977,0.227364185110664,925.620000574,-0.23,606.528069474,127.7,1704.698512137823,0.0068687118474859,630.4,1581214.1,2.508271097715736,33360.0
2020-08-21,32867.0,0,32750.0,32950.0,32733.5,-0.006069802731411222,32813.5,32585.25,85.27748823691402,4,8,32095.99,23174.0,12200,0.0074318744838977,0.227364185110664,909.720000334,-0.23,590.332548234,127.7,1704.698512137823,0.0068687118474859,630.4,1581214.1,2.508271097715736,33360.0
2020-08-24,33183.5,0,32867.0,32750.0,32950.0,0.0035725190839694942,32823.5,32645.25,88.65523109211892,0,8,32584.05,23175.0,12200,0.0074318744838977,0.227364185110664,902.700000326,-0.23,584.0024728259999,127.7,1704.698512137823,0.0068687118474859,630.4,1581214.1,2.508271097715736,33360.0
2020-08-25,33167.0,0,33183.5,32867.0,32750.0,0.00962971977971816,32896.8,32716.9,183.12038390085564,1,8,32540.508,23177.0,12200,0.0074318744838977,0.227364185110664,894.380000566,-0.23,574.892647526,127.7,1704.698512137823,0.0068687118474859,630.4,1581214.1,2.508271097715736,33360.0
2020-08-26,33367.0,0,33167.0,33183.5,32867.0,-0.0004972350716470064,32983.5,32796.9,189.00330684936864,2,8,32924.57,23170.0,12200,0.0074318744838977,0.227364185110664,886.620001086,-0.23,566.452010546,127.7,1704.698512137823,0.0068687118474859,630.4,1581214.1,2.508271097715736,33360.0
2020-08-27,33483.5,0,33367.0,33167.0,33183.5,0.006030090149847789,33066.9,32906.9,252.02241963761173,3,8,33069.298,23174.0,11960,-0.0123864574731626,0.2142131979695432,867.860000806,-0.23,548.367721406,127.7,1704.698512137823,0.0068687118474859,630.4,1581214.1,2.508271097715736,33360.0
2020-08-28,33167.0,0,33483.5,33367.0,33167.0,0.0034914736116522516,33213.6,33013.55,234.30039479266023,4,8,32559.47,23174.0,11960,-0.0123864574731626,0.2142131979695432,863.720001016,-0.23,545.111414256,127.7,1704.698512137823,0.0068687118474859,630.4,1581214.1,2.508271097715736,33360.0
2020-08-31,33400.0,0,33167.0,33483.5,33367.0,-0.009452416862036572,33273.6,33048.55,144.59140707523582,0,8,33115.646,23174.0,11960,-0.0123864574731626,0.2142131979695432,851.980001116,-0.23,534.4443896959999,127.7,1704.698512137823,0.0068687118474859,630.4,1581214.1,2.508271097715736,33360.0
2020-09-01,33417.0,0,33400.0,33167.0,33483.5,0.007025055024572513,33316.9,33106.85,143.27525955305947,1,9,33115.646,23174.0,11960,-0.0123864574731626,0.2142131979695432,856.240000828,-0.36,539.5792497680001,127.7,1704.698512137823,0.0068687118474859,630.4,1581214.1,2.508271097715736,33360.0
2020-09-02,33417.0,0,33417.0,33400.0,33167.0,0.000508982035928085,33366.9,33175.2,119.54204281338205,2,9,33903.562,23174.0,11960,-0.0123864574731626,0.2142131979695432,886.160000028,-0.36,570.112901348,127.7,1704.698512137823,0.0068687118474859,630.4,1581214.1,2.508271097715736,33360.0
2020-09-03,33633.5,0,33417.0,33417.0,33400.0,0.0,33376.9,33221.9,121.62565518835427,3,9,33370.56,23174.0,11960,-0.0123864574731626,0.2142131979695432,916.799997708,-0.36,601.2230453279999,127.7,1704.698512137823,0.0068687118474859,630.4,1581214.1,2.508271097715736,33360.0
2020-09-04,33533.5,0,33633.5,33417.0,33417.0,0.0064787383666995435,33406.9,33310.25,165.19019341352075,4,9,33277.864,23174.0,11960,-0.0123864574731626,0.2142131979695432,919.419997208,-0.36,603.387422268,127.7,1704.698512137823,0.0068687118474859,630.4,1581214.1,2.508271097715736,33360.0
2020-09-07,33617.0,0,33533.5,33633.5,33417.0,-0.002973226098978654,33480.2,33376.9,100.94837789680592,0,9,33469.032,23178.0,11960,-0.0123864574731626,0.2142131979695432,930.419996928,-0.36,615.255689508,120.0,1775.0,0.0412398364646975,630.4,1581214.1,2.508271097715736,33360.0
2020-09-08,33417.0,0,33617.0,33533.5,33633.5,0.0024900472661666395,33523.6,33420.25,104.43502764875609,1,9,33069.298,23174.0,11960,-0.0123864574731626,0.2142131979695432,913.699997468,-0.36,597.8533400480001,120.0,1775.0,0.0412398364646975,630.4,1581214.1,2.508271097715736,33360.0
2020-09-09,33117.0,0,33417.0,33617.0,33533.5,-0.005949370854032132,33523.6,33445.25,104.43502764875609,2,9,32701.336,23176.0,11960,-0.0123864574731626,0.2142131979695432,910.819998428,-0.36,594.5124688279999,120.0,1775.0,0.0412398364646975,630.4,1581214.1,2.508271097715736,33360.0
2020-09-10,33000.0,0,33117.0,33417.0,33617.0,-0.008977466558937053,33463.6,33420.25,211.88835503631702,3,9,32815.8,23175.0,11960,-0.0123864574731626,0.2142131979695432,913.299999028,-0.36,596.637155288,120.0,1775.0,0.0412398364646975,630.4,1581214.1,2.508271097715736,33360.0
2020-09-11,33217.0,0,33000.0,33117.0,33417.0,-0.0035329287073104787,33336.9,33371.9,267.1054099040235,4,9,32974.4675,23172.5,11510,-0.0710250201775625,0.0716945996275604,923.879999528,-0.36,606.826039888,120.0,1775.0,0.0412398364646975,630.4,1581214.1,2.508271097715736,33360.0
2020-09-14,33533.5,0,33217.0,33000.0,33117.0,0.006575757575757679,33273.6,33376.9,245.49501013258188,0,9,33208.342,23174.0,11510,-0.0710250201775625,0.0716945996275604,926.920000548,-0.36,607.396741168,120.0,1775.0,0.0412398364646975,630.4,1581214.1,2.508271097715736,33360.0
2020-09-15,32717.0,0,33533.5,33217.0,33000.0,0.009528253605081805,33256.9,33390.25,217.54378869550882,1,9,32143.725,23175.0,11510,-0.0710250201775625,0.0716945996275604,927.480000408,-0.36,606.999547088,120.0,1775.0,0.0412398364646975,630.4,1581214.1,2.508271097715736,33360.0
2020-09-16,32700.0,0,32717.0,33533.5,33217.0,-0.024348785542815388,33116.9,33320.25,298.8148256027409,2,9,32236.425,23175.0,11510,-0.0710250201775625,0.0716945996275604,930.419999968,-0.36,610.760024948,120.0,1775.0,0.0412398364646975,630.4,1581214.1,2.508271097715736,33360.0
2020-09-17,32717.0,0,32700.0,32717.0,33533.5,-0.000519607543478906,33033.5,33248.55,352.203421334882,3,9,32263.776,23178.0,11510,-0.0710250201775625,0.0716945996275604,938.8799998,-0.36,622.06957026,120.0,1775.0,0.0412398364646975,630.4,1581214.1,2.508271097715736,33360.0
2020-09-18,32617.0,0,32717.0,32700.0,32717.0,0.0005198776758410517,32976.9,33156.9,380.53291579046953,4,9,32136.79,23170.0,11510,-0.0710250201775625,0.0716945996275604,977.0999954,-0.36,662.97089192,120.0,1775.0,0.0412398364646975,630.4,1581214.1,2.508271097715736,33360.0
2020-09-21,32167.0,0,32617.0,32717.0,32700.0,-0.0030565149616407217,32856.9,33065.25,380.49349534518564,0,9,31418.52,23170.0,11510,-0.0710250201775625,0.0716945996275604,1009.13999712,-0.36,699.69484082,120.0,1775.0,0.0412398364646975,630.4,1581214.1,2.508271097715736,33360.0
2020-09-22,31967.0,0,32167.0,32617.0,32717.0,-0.01379648649477272,32583.6,32920.25,236.54344209890263,1,9,31220.766,23178.0,11510,-0.0710250201775625,0.0716945996275604,1013.29999671,-0.36,704.20364267,120.0,1775.0,0.0412398364646975,630.4,1581214.1,2.508271097715736,33360.0
2020-09-23,31867.0,0,31967.0,32167.0,32617.0,-0.0062175521497186415,32433.6,32775.25,344.1334043652209,2,9,31080.357,23177.0,11510,-0.0710250201775625,0.0716945996275604,1026.39999627,-0.36,716.96252337,120.0,1775.0,0.0412398364646975,630.4,1581214.1,2.508271097715736,33360.0
2020-09-24,31967.0,0,31867.0,31967.0,32167.0,-0.0031282259830449632,32267.0,32650.25,382.4264635194543,3,9,31276.565,23185.0,11510,-0.0710250201775625,0.0716945996275604,1033.33999641,-0.36,723.85916255,120.0,1775.0,0.0412398364646975,630.4,1581214.1,2.508271097715736,33360.0
2020-09-25,31967.0,0,31967.0,31867.0,31967.0,0.0031380424890952163,32117.0,32546.95,299.9999999999942,4,9,31344.768,23184.0,11510,-0.0710250201775625,0.0716945996275604,1035.13999787,-0.36,725.5479014499999,120.0,1775.0,0.0412398364646975,630.4,1581214.1,2.508271097715736,33360.0
2020-09-28,32167.0,0,31967.0,31967.0,31867.0,0.0,31987.0,32421.95,109.54451150101728,0,9,31910.816,23191.0,11120,-0.0885245901639344,-0.0338835794960903,1011.67999663,-0.36,699.09173167,120.0,1775.0,0.0412398364646975,630.4,1581214.1,2.508271097715736,33360.0
2020-09-29,31567.0,0,32167.0,31967.0,31967.0,0.0062564519660899265,31987.0,32285.3,109.54451150101728,1,9,31211.048,23188.0,11120,-0.0885245901639344,-0.0338835794960903,995.79999713,-0.36,682.77405599,120.0,1775.0,0.0412398364646975,630.4,1581214.1,2.508271097715736,33360.0
2020-09-30,31367.0,0,31567.0,32167.0,31967.0,-0.018652656449155924,31907.0,32170.3,219.08902300205847,2,9,30842.7,23190.0,11120,-0.0885245901639344,-0.0338835794960903,984.29999559,-0.36,670.71656981,120.0,1775.0,0.0412398364646975,630.4,1581214.1,2.508271097715736,33360.0
2020-10-01,31367.0,0,31367.0,31567.0,32167.0,-0.006335730351316293,31807.0,32037.0,328.6335345030944,3,10,30853.911,23181.0,11120,-0.0885245901639344,-0.0338835794960903,985.55999619,-0.53,670.83697281,120.0,1775.0,0.0412398364646975,630.4,1581214.1,2.508271097715736,33360.0
2020-10-02,31267.0,0,31367.0,31367.0,31567.0,0.0,31687.0,31902.0,363.3180424916942,4,10,30492.22,23188.0,11120,-0.0885245901639344,-0.0338835794960903,986.31999625,-0.53,671.44834833,120.0,1775.0,0.0412398364646975,630.4,1581214.1,2.508271097715736,33360.0
2020-10-05,31767.0,0,31267.0,31367.0,31367.0,-0.00318806388880033,31547.0,31767.0,363.3180424916942,0,10,30403.401,23191.0,11120,-0.0885245901639344,-0.0338835794960903,1002.89999743,-0.53,691.29349577,120.0,1775.0,0.0412398364646975,630.4,1581214.1,2.508271097715736,33360.0
2020-10-06,31650.0,0,31767.0,31267.0,31367.0,0.015991300732401514,31467.0,31727.0,199.99999999999127,1,10,30001.479,23203.0,11120,-0.0885245901639344,-0.0338835794960903,1010.73999825,-0.53,701.10292515,100.0,1843.5,0.0385915492957746,630.4,1581214.1,2.508271097715736,33360.0
2020-10-07,31567.0,0,31650.0,31767.0,31267.0,-0.0036830673340259024,31483.6,31695.3,213.3724443314942,2,10,29679.195,23205.0,11120,-0.0885245901639344,-0.0338835794960903,1048.13999607,-0.53,741.120949718,100.0,1843.5,0.0385915492957746,630.4,1581214.1,2.508271097715736,33360.0
2020-10-08,31367.0,0,31567.0,31650.0,31767.0,-0.0026224328593996704,31523.6,31665.3,204.61622614054014,3,10,29377.53,23205.0,11120,-0.0885245901639344,-0.0338835794960903,1043.25999569,-0.53,737.632774538,100.0,1843.5,0.0385915492957746,630.4,1581214.1,2.508271097715736,33360.0
2020-10-09,31467.0,0,31367.0,31567.0,31650.0,-0.006335730351316293,31523.6,31605.3,204.61622614054014,4,10,29475.761,23191.0,11120,-0.0885245901639344,-0.0338835794960903,1053.77999575,-0.53,750.3559385980001,100.0,1843.5,0.0385915492957746,630.4,1581214.1,2.508271097715736,33360.0
2020-10-12,31517.0,0,31467.0,31367.0,31567.0,0.003188063888800441,31563.6,31555.3,155.58855999075487,0,10,29670.4,23180.0,11120,-0.0338835794960903,-0.0817506193228736,1117.04000001,-0.53,818.397813886,100.0,1843.5,0.0385915492957746,630.4,1581214.1,2.508271097715736,33360.0
2020-10-13,31017.0,0,31517.0,31467.0,31367.0,0.0015889662185781805,31513.6,31490.3,106.22052532348273,1,10,29088.39,23178.0,11120,-0.0338835794960903,-0.0817506193228736,1115.66000005,-0.53,818.724277186,100.0,1843.5,0.0385915492957746,630.4,1581214.1,2.508271097715736,33360.0
2020-10-14,30917.0,0,31017.0,31517.0,31467.0,-0.015864454104134285,31387.0,31435.3,219.65882636488016,2,10,28971.25,23177.0,11120,-0.0338835794960903,-0.0817506193228736,1113.57999969,-0.53,818.924900286,100.0,1843.5,0.0385915492957746,630.4,1581214.1,2.508271097715736,33360.0
2020-10-15,31450.0,0,30917.0,31017.0,31517.0,-0.00322403843053809,31257.0,31390.3,272.48853186876795,3,10,29571.3,23175.0,11120,-0.0338835794960903,-0.0817506193228736,1153.22000001,-0.53,860.370167506,100.0,1843.5,0.0385915492957746,630.4,1581214.1,2.508271097715736,33360.0
2020-10-16,31650.0,0,31450.0,30917.0,31017.0,0.017239706310444136,31273.6,31398.6,283.18333284287166,4,10,29796.62,23170.0,11120,-0.0338835794960903,-0.0817506193228736,1208.43999801,-0.53,918.052752596,100.0,1843.5,0.0385915492957746,630.4,1581214.1,2.508271097715736,33360.0
2020-10-19,31767.0,0,31650.0,31450.0,30917.0,0.006359300476947549,31310.2,31436.9,323.39867037450307,0,10,30057.975,23175.0,11120,-0.0338835794960903,-0.0817506193228736,1243.15999841,-0.53,959.881737202,100.0,1843.5,0.0385915492957746,630.4,1581214.1,2.508271097715736,33360.0
2020-10-20,31867.0,0,31767.0,31650.0,31450.0,0.00369668246445487,31360.2,31436.9,378.06970256818573,1,10,30243.375,23175.0,11120,-0.0338835794960903,-0.0817506193228736,1263.11999893,-0.53,981.330413702,100.0,1843.5,0.0385915492957746,630.4,1581214.1,2.508271097715736,33360.0
2020-10-21,31567.0,0,31867.0,31767.0,31650.0,0.00314792079831272,31530.2,31458.6,376.26679364514257,2,10,29877.731,23179.0,11120,-0.0338835794960903,-0.0817506193228736,1244.31999885,-0.53,963.459236622,100.0,1843.5,0.0385915492957746,630.4,1581214.1,2.508271097715736,33360.0
2020-10-22,31367.0,0,31567.0,31867.0,31767.0,-0.009414127467285871,31660.2,31458.6,163.6664290561634,3,10,29643.383,23177.0,11120,-0.0338835794960903,-0.0817506193228736,1237.01999887,-0.53,955.224854702,100.0,1843.5,0.0385915492957746,630.4,1581214.1,2.508271097715736,33360.0
2020-10-23,31967.0,0,31367.0,31567.0,31867.0,-0.006335730351316293,31643.6,31458.6,192.06196916619385,4,10,30291.032,23176.0,11120,-0.0338835794960903,-0.0817506193228736,1235.39999871,-0.53,954.599269542,100.0,1843.5,0.0385915492957746,630.4,1581214.1,2.508271097715736,33360.0
2020-10-26,31917.0,0,31967.0,31367.0,31567.0,0.01912838333280198,31707.0,31508.6,240.83189157583757,0,10,30244.68,23176.0,11120,-0.0338835794960903,-0.0817506193228736,1205.28000077,-0.53,926.371981002,100.0,1843.5,0.0385915492957746,630.4,1581214.1,2.508271097715736,33360.0
2020-10-27,32117.0,0,31917.0,31967.0,31367.0,-0.0015641129915224816,31737.0,31548.6,258.84358211088795,1,10,30428.775,23175.0,11210,0.0080935251798561,-0.074318744838976,1191.78000119,-0.53,913.958032942,100.0,1843.5,0.0385915492957746,630.4,1581214.1,2.508271097715736,33360.0
2020-10-28,32717.0,0,32117.0,31917.0,31967.0,0.006266253093962559,31787.0,31658.6,309.43496893530954,2,10,31309.425,23175.0,11210,0.0080935251798561,-0.074318744838976,1232.37999905,-0.53,956.897705392,100.0,1843.5,0.0385915492957746,630.4,1581214.1,2.508271097715736,33360.0
2020-10-29,32717.0,0,32717.0,32117.0,31917.0,0.01868169505246442,32017.0,31838.6,483.47699014533873,3,10,31218.072,23176.0,11210,0.0080935251798561,-0.074318744838976,1204.57999789,-0.53,927.158778712,100.0,1843.5,0.0385915492957746,630.4,1581214.1,2.508271097715736,33360.0
2020-10-30,32783.5,0,32717.0,32717.0,32117.0,0.0,32287.0,31965.3,399.37451095431214,4,10,30978.29,23170.0,11210,0.0080935251798561,-0.074318744838976,1159.25999859,-0.53,879.127800852,100.0,1843.5,0.0385915492957746,630.4,1581214.1,2.508271097715736,33360.0
2020-11-02,32767.0,0,32783.5,32717.0,32717.0,0.002032582449491116,32450.3,32078.65,402.73372096212165,0,11,31316.18,23180.0,11210,0.0080935251798561,-0.074318744838976,1120.53999662,-0.85,837.025046162,100.0,1843.5,0.0385915492957746,630.4,1581214.1,2.508271097715736,33360.0
2020-11-03,32683.5,0,32767.0,32783.5,32717.0,-0.0005033019659279603,32620.3,32178.65,282.9168605792101,1,11,31103.534,23177.0,11210,0.0080935251798561,-0.074318744838976,1103.29999572,-0.85,819.098517282,100.0,1843.5,0.0385915492957746,630.4,1581214.1,2.508271097715736,33360.0
2020-11-04,32517.0,0,32683.5,32767.0,32783.5,-0.002548295541245804,32733.6,32260.3,40.82493110828597,2,11,30754.552,23176.0,11210,0.0080935251798561,-0.074318744838976,1072.83999572,-0.85,788.158124862,100.0,1843.5,0.0385915492957746,630.4,1581214.1,2.508271097715736,33360.0
2020-11-05,32417.0,0,32517.0,32683.5,32767.0,-0.005094313644499526,32693.6,32355.3,106.4268528144858,3,11,30430.088,23176.0,11210,0.0080935251798561,-0.074318744838976,1073.81999602,-0.85,788.9156073620001,100.0,1843.5,0.0385915492957746,630.4,1581214.1,2.508271097715736,33360.0
2020-11-06,32917.0,0,32417.0,32517.0,32683.5,-0.0030753144509025887,32633.6,32460.3,160.6756826654118,4,11,31031.325,23175.0,11210,0.0080935251798561,-0.074318744838976,1075.09999566,-0.85,791.156474422,99.74,1884.9007419290156,0.0224576848001167,630.4,1581214.1,2.508271097715736,33360.0
2020-11-09,33067.0,0,32917.0,32417.0,32517.0,0.01542400592281834,32660.3,32555.3,198.4614572152389,0,11,31287.6,23176.0,11210,0.0080935251798561,-0.074318744838976,1062.2599963,-0.85,778.172052542,99.74,1884.9007419290156,0.0224576848001167,630.4,1581214.1,2.508271097715736,33360.0
2020-11-10,33067.0,0,33067.0,32917.0,32417.0,0.0045569158793328235,32720.3,32670.3,270.909486729417,1,11,31209.99,23170.0,11210,0.0080935251798561,-0.074318744838976,1116.73999316,-0.85,833.854393816,99.74,1884.9007419290156,0.0224576848001167,630.4,1581214.1,2.508271097715736,33360.0
2020-11-11,33267.0,0,33067.0,33067.0,32917.0,0.0,32797.0,32765.3,309.4349689353098,2,11,31654.318,23173.0,10830,-0.0260791366906474,-0.1259079903147699,1113.63999344,-0.85,830.1310197759999,99.74,1884.9007419290156,0.0224576848001167,630.4,1581214.1,2.508271097715736,33360.0
2020-11-12,33567.0,0,33267.0,33067.0,33067.0,0.006048326125744685,32947.0,32820.3,321.3253802611866,3,11,32282.775,23175.0,10830,-0.0260791366906474,-0.1259079903147699,1105.01999287,-0.85,820.951590526,99.74,1884.9007419290156,0.0224576848001167,630.4,1581214.1,2.508271097715736,33360.0
2020-11-13,33767.0,0,33567.0,33267.0,33067.0,0.00901794571196679,33177.0,32905.3,250.998007960215,4,11,32746.275,23175.0,10830,-0.0260791366906474,-0.1259079903147699,1101.6599928500002,-0.85,816.864893446,99.74,1884.9007419290156,0.0224576848001167,630.4,1581214.1,2.508271097715736,33360.0
2020-11-16,33667.0,0,33767.0,33567.0,33267.0,0.0059582327881551045,33347.0,33003.65,311.44823004794256,0,11,32676.75,23175.0,10830,-0.0260791366906474,-0.1259079903147699,1073.85999305,-0.85,790.614563506,99.74,1884.9007419290156,0.0224576848001167,630.4,1581214.1,2.508271097715736,33360.0
2020-11-17,34183.5,0,33667.0,33767.0,33567.0,-0.002961471258921433,33467.0,33093.65,291.5475947422584,1,11,33372.0,23175.0,10830,-0.0260791366906474,-0.1259079903147699,1063.51999313,-0.85,779.149887886,99.74,1884.9007419290156,0.0224576848001167,630.4,1581214.1,2.508271097715736,33360.0
2020-11-18,33583.5,0,34183.5,33667.0,33767.0,0.015341432263046961,33690.3,33243.65,333.1883101190612,2,11,32798.808,23163.0,10830,-0.0260791366906474,-0.1259079903147699,1057.93999343,-0.85,771.294384806,99.74,1884.9007419290156,0.0224576848001167,630.4,1581214.1,2.508271097715736,33360.0
2020-11-19,33217.0,0,33583.5,34183.5,33667.0,-0.01755232787748473,33753.6,33350.3,253.10407938236642,3,11,32470.32,23160.0,10830,-0.0260791366906474,-0.1259079903147699,1055.53999327,-0.85,768.3684899460001,99.74,1884.9007419290156,0.0224576848001167,630.4,1581214.1,2.508271097715736,33360.0
2020-11-20,32867.0,0,33217.0,33583.5,34183.5,-0.010913097205472955,33683.6,33430.3,348.1618517299032,4,11,32237.816,23176.0,10830,-0.0260791366906474,-0.1259079903147699,1053.5199932500002,-0.85,766.764018546,99.74,1884.9007419290156,0.0224576848001167,630.4,1581214.1,2.508271097715736,33360.0
2020-11-23,32767.0,0,32867.0,33217.0,33583.5,-0.010536773338952976,33503.6,33425.3,495.6679079787139,0,11,32121.936,23176.0,10830,-0.0260791366906474,-0.1259079903147699,1047.27999351,-0.85,760.445263146,99.74,1884.9007419290156,0.0224576848001167,630.4,1581214.1,2.508271097715736,33360.0
2020-11-24,32567.0,0,32767.0,32867.0,33217.0,-0.003042565491222171,33323.6,33395.3,578.0628642284457,1,11,31937.906,23177.0,10830,-0.0260791366906474,-0.1259079903147699,1044.4199933900002,-0.85,758.114678366,99.74,1884.9007419290156,0.0224576848001167,630.4,1581214.1,2.508271097715736,33360.0
2020-11-25,32067.0,0,32567.0,32767.0,32867.0,-0.006103701895199487,33000.3,33345.3,402.19019132742966,2,11,31323.303,23151.0,10830,-0.0260791366906474,-0.1259079903147699,1039.6399936700002,-0.85,752.709720506,99.74,1884.9007419290156,0.0224576848001167,630.4,1581214.1,2.508271097715736,33360.0
2020-11-26,32267.0,0,32067.0,32567.0,32767.0,-0.015352964657475376,32697.0,33225.3,423.6744032862913,3,11,31868.16,23160.0,11430,0.0278776978417265,-0.0631147540983606,1035.8799934600002,-0.85,748.159120976,99.74,1884.9007419290156,0.0224576848001167,630.4,1581214.1,2.508271097715736,33360.0
2020-11-27,32967.0,0,32267.0,32067.0,32567.0,0.006236941403935603,32507.0,33095.3,336.1547262794248,4,11,32684.404,23164.0,11430,0.0278776978417265,-0.0631147540983606,1032.5799934600002,-0.85,744.7755478160001,99.74,1884.9007419290156,0.0224576848001167,630.4,1581214.1,2.508271097715736,33360.0
2020-11-30,32967.0,0,32967.0,32267.0,32067.0,0.021693990764558135,32527.0,33015.3,364.6916505762025,0,11,32725.08,23160.0,11430,0.0278776978417265,-0.0631147540983606,1053.87999536,-0.85,772.1111023139999,99.74,1884.9007419290156,0.0224576848001167,630.4,1581214.1,2.508271097715736,33360.0
2020-12-01,32767.0,0,32967.0,32967.0,32267.0,0.0,32567.0,32945.3,406.20192023179186,1,12,32511.7,23140.0,11430,0.0278776978417265,-0.0631147540983606,1023.03999598,-1.12,742.215820494,99.74,1884.9007419290156,0.0224576848001167,630.4,1581214.1,2.508271097715736,127800.0
2020-12-02,32567.0,0,32767.0,32967.0,32967.0,-0.006066672733339384,32607.0,32803.65,415.9326868617024,2,12,32103.052,23129.0,11430,0.0278776978417265,-0.0631147540983606,989.09999826,-1.12,708.5680007939999,99.74,1884.9007419290156,0.0224576848001167,630.4,1581214.1,2.508271097715736,127800.0
2020-12-03,31767.0,0,32567.0,32767.0,32967.0,-0.006103701895199487,32707.0,32702.0,296.6479394838181,3,12,31547.956,23129.0,11430,0.0278776978417265,-0.0631147540983606,979.85999866,-1.12,699.782466994,99.74,1884.9007419290156,0.0224576848001167,630.4,1581214.1,2.508271097715736,127800.0
2020-12-04,31867.0,0,31767.0,32567.0,32767.0,-0.02456474345196058,32607.0,32557.0,497.99598391954424,4,12,31704.375,23125.0,11430,0.0278776978417265,-0.0631147540983606,973.35999858,-1.12,693.932388254,99.74,1884.9007419290156,0.0224576848001167,630.4,1581214.1,2.508271097715736,127800.0
2020-12-07,31667.0,0,31867.0,31767.0,32567.0,0.00314792079831272,32387.0,32457.0,540.3702434442472,0,12,31341.15,23130.0,11430,0.0278776978417265,-0.0631147540983606,957.83999864,-1.12,680.9445673739999,91.38,1846.465309695776,-0.0203912234624643,630.4,1581214.1,2.508271097715736,127800.0
2020-12-08,31567.0,0,31667.0,31867.0,31767.0,-0.006276084978190655,32127.0,32347.0,502.9910535983667,1,12,31221.45,23127.0,11430,0.0278776978417265,-0.0631147540983606,948.49999792,-1.12,672.628134074,91.38,1846.465309695776,-0.0203912234624643,630.4,1581214.1,2.508271097715736,127800.0
2020-12-09,31467.0,0,31567.0,31667.0,31867.0,-0.0031578614961947915,31887.0,32247.0,396.23225512317265,2,12,31107.16,23128.0,11430,0.0278776978417265,-0.0631147540983606,931.93999794,-1.12,657.7272751539999,91.38,1846.465309695776,-0.0203912234624643,630.4,1581214.1,2.508271097715736,127800.0
2020-12-10,32667.0,1,31467.0,31567.0,31667.0,-0.0031678651756581466,31667.0,32187.0,158.11388300840315,3,12,30852.752,23128.0,11430,0.0278776978417265,-0.0631147540983606,914.07999754,-1.12,640.915854854,91.38,1846.465309695776,-0.0203912234624643,630.4,1581214.1,2.508271097715736,127800.0
2020-12-11,32717.0,0,32667.0,31467.0,31567.0,0.038135189245876555,31847.0,32227.0,481.66378315168663,4,12,31245.928,23128.0,11890,0.0978762696214219,0.0330147697654212,906.91999724,-1.12,634.2234781139999,91.38,1846.465309695776,-0.0203912234624643,630.4,1581214.1,2.508271097715736,127800.0
2020-12-14,32667.0,0,32717.0,32667.0,31467.0,0.0015305966265650728,32017.0,32202.0,620.4836822995388,0,12,31384.696,23128.0,11890,0.0978762696214219,0.0330147697654212,880.03999714,-1.12,609.030156154,91.38,1846.465309695776,-0.0203912234624643,630.4,1581214.1,2.508271097715736,127800.0
2020-12-15,32667.0,0,32667.0,32717.0,32667.0,-0.0015282574808204163,32217.0,32172.0,640.312423743281,1,12,31821.376,23126.0,11890,0.0978762696214219,0.0330147697654212,874.01999754,-1.12,602.623492014,91.38,1846.465309695776,-0.0203912234624643,630.4,1581214.1,2.508271097715736,127800.0
2020-12-16,32767.0,0,32667.0,32667.0,32717.0,0.0,32437.0,32162.0,542.6785420486008,2,12,31728.872,23126.0,11890,0.0978762696214219,0.0330147697654212,860.97999766,-1.12,587.257501974,91.38,1846.465309695776,-0.0203912234624643,630.4,1581214.1,2.508271097715736,127800.0
2020-12-17,32867.0,0,32767.0,32667.0,32667.0,0.0030611932531301456,32697.0,32182.0,44.72135954993983,3,12,31867.628,23126.0,11890,0.0978762696214219,0.0330147697654212,812.6000020600001,-1.12,536.5900431939999,91.38,1846.465309695776,-0.0203912234624643,630.4,1581214.1,2.508271097715736,127800.0
2020-12-18,32767.0,0,32867.0,32767.0,32667.0,0.0030518509475996325,32737.0,32292.0,83.66600265337765,4,12,32067.44,23120.0,11890,0.0978762696214219,0.0330147697654212,786.40000066,-1.12,508.600543934,91.38,1846.465309695776,-0.0203912234624643,630.4,1581214.1,2.508271097715736,127800.0
2020-12-21,32617.0,0,32767.0,32867.0,32767.0,-0.003042565491222171,32747.0,32382.0,83.66600265337765,0,12,31911.12,23124.0,11890,0.0978762696214219,0.0330147697654212,759.1600006399999,-1.12,482.474550814,91.38,1846.465309695776,-0.0203912234624643,630.4,1581214.1,2.508271097715736,127800.0
2020-12-22,32617.0,0,32617.0,32767.0,32867.0,-0.00457777642139956,32737.0,32477.0,97.46794344806396,1,12,31974.96,23120.0,11890,0.0978762696214219,0.0330147697654212,739.10000128,-1.12,464.192078254,91.38,1846.465309695776,-0.0203912234624643,630.4,1581214.1,2.508271097715736,127800.0
2020-12-23,32617.0,0,32617.0,32617.0,32767.0,0.0,32727.0,32582.0,108.39741694337091,2,12,31892.133,23127.0,11890,0.0978762696214219,0.0330147697654212,730.46000108,-1.12,457.022687394,91.38,1846.465309695776,-0.0203912234624643,630.4,1581214.1,2.508271097715736,127800.0
2020-12-24,32617.0,0,32617.0,32617.0,32617.0,0.0,32697.0,32697.0,115.10864433219164,3,12,31873.14,23130.0,11890,0.0978762696214219,0.0330147697654212,724.64,-1.12,451.753996434,91.38,1846.465309695776,-0.0203912234624643,630.4,1581214.1,2.508271097715736,127800.0
2020-12-25,32717.0,0,32617.0,32617.0,32617.0,0.0,32647.0,32692.0,67.08203932495638,4,12,31981.875,23125.0,11890,0.0978762696214219,0.0330147697654212,718.18000026,-1.12,445.025033794,91.38,1846.465309695776,-0.0203912234624643,630.4,1581214.1,2.508271097715736,127800.0
2020-12-28,32717.0,0,32717.0,32617.0,32617.0,0.003065885887727271,32637.0,32692.0,44.721359549995796,0,12,31988.79,23130.0,12370,0.0822397200349955,0.1124100719424461,707.08000006,-1.12,430.971732494,91.38,1846.465309695776,-0.0203912234624643,630.4,1581214.1,2.508271097715736,127800.0
2020-12-29,32717.0,0,32717.0,32717.0,32617.0,0.0,32657.0,32697.0,54.772255750516614,1,12,31981.875,23125.0,12370,0.0822397200349955,0.1124100719424461,698.06000044,-1.12,420.617470594,91.38,1846.465309695776,-0.0203912234624643,630.4,1581214.1,2.508271097715736,127800.0
2020-12-30,32717.0,0,32717.0,32717.0,32717.0,0.0,32677.0,32702.0,54.772255750516614,2,12,31974.96,23120.0,12370,0.0822397200349955,0.1124100719424461,683.8799996399999,-1.12,405.619329094,91.38,1846.465309695776,-0.0203912234624643,630.4,1581214.1,2.508271097715736,127800.0
2020-12-31,32617.0,0,32717.0,32717.0,32717.0,0.0,32697.0,32697.0,44.721359549995796,3,12,31769.088,23088.0,12370,0.0822397200349955,0.1124100719424461,673.65999966,-1.12,395.999883514,91.38,1846.465309695776,-0.0203912234624643,630.4,1581214.1,2.508271097715736,127800.0
2021-01-01,31667.5,1,32617.0,32717.0,32717.0,-0.0030565149616407217,32697.0,32672.0,44.721359549995796,4,1,31975.02,23070.0,12370,0.0822397200349955,0.1124100719424461,651.6999988599999,-1.2,375.459399274,91.38,1846.465309695776,-0.0203912234624643,630.4,1581214.1,2.508271097715736,127800.0
2021-01-04,32717.0,1,31667.5,32617.0,32717.0,-0.02911058650397036,32487.1,32562.05,460.2119620348863,0,1,31975.02,23070.0,12370,0.0822397200349955,0.1124100719424461,619.2999976,-1.2,341.417360614,91.38,1846.465309695776,-0.0203912234624643,630.4,1581214.1,2.508271097715736,127800.0
2021-01-05,32417.0,0,32717.0,31667.5,32617.0,0.03314123312544415,32487.1,32572.05,460.2119620348863,1,1,31652.04,23070.0,12370,0.0822397200349955,0.1124100719424461,576.0799994,-1.2,296.296382346,91.38,1846.465309695776,-0.0203912234624643,630.4,1581214.1,2.508271097715736,127800.0
2021-01-06,32317.0,0,32417.0,32717.0,31667.5,-0.009169544884922165,32427.1,32552.05,441.9389663743168,2,1,31504.2,23080.0,12370,0.0822397200349955,0.1124100719424461,569.11999958,-1.2,288.619195666,83.73,1924.3998566821929,0.0422074254940956,630.4,1581214.1,2.508271097715736,127800.0
2021-01-07,32117.0,0,32317.0,32417.0,32717.0,-0.003084801184563668,32347.1,32522.05,411.4973268442936,3,1,31310.04,23090.0,12370,0.0822397200349955,0.1124100719424461,554.27999932,-1.2,271.85791438599995,83.73,1924.3998566821929,0.0422074254940956,630.4,1581214.1,2.508271097715736,127800.0
2021-01-08,31817.0,0,32117.0,32317.0,32417.0,-0.006188693257418665,32247.1,32472.05,389.68583500045156,4,1,30832.208,23078.0,12370,0.0822397200349955,0.1124100719424461,528.63999712,-1.2,244.889793846,83.73,1924.3998566821929,0.0422074254940956,630.4,1581214.1,2.508271097715736,127800.0
2021-01-11,31517.0,0,31817.0,32117.0,32317.0,-0.00934084752623221,32277.0,32382.05,336.1547262794314,0,1,30400.988,23066.0,12640,0.0630782169890664,0.1366906474820144,467.01999488,-1.2,178.794100278,83.73,1924.3998566821929,0.0422074254940956,630.4,1581214.1,2.508271097715736,127800.0
2021-01-12,31417.0,0,31517.0,31817.0,32117.0,-0.009428921645661115,32037.0,32262.05,370.1351104664342,1,1,30310.75,23050.0,12640,0.0630782169890664,0.1366906474820144,462.23999522,-1.2,172.480386598,83.73,1924.3998566821929,0.0422074254940956,630.4,1581214.1,2.508271097715736,127800.0
2021-01-13,31217.0,0,31417.0,31517.0,31817.0,-0.0031728908208268347,31837.0,32132.05,383.4057902536155,2,1,30030.63,23065.0,12640,0.0630782169890664,0.1366906474820144,418.11999482,-1.2,126.734728838,83.73,1924.3998566821929,0.0422074254940956,630.4,1581214.1,2.508271097715736,127800.0
2021-01-14,31817.0,0,31217.0,31417.0,31517.0,-0.006365980201801569,31617.0,31982.05,353.5533905932729,3,1,30721.248,23064.0,12640,0.0630782169890664,0.1366906474820144,345.33999622,-1.2,51.169506648,83.73,1924.3998566821929,0.0422074254940956,630.4,1581214.1,2.508271097715736,127800.0
2021-01-15,31717.0,0,31817.0,31217.0,31417.0,0.01922029663324465,31557.0,31902.05,260.76809620810485,4,1,30721.248,23064.0,12640,0.0630782169890664,0.1366906474820144,317.27999522000005,-1.2,19.834207381999992,83.73,1924.3998566821929,0.0422074254940956,630.4,1581214.1,2.508271097715736,127800.0
2021-01-18,32017.0,0,31717.0,31817.0,31217.0,-0.0031429738818870012,31537.0,31907.0,238.74672772626522,0,1,31206.945,23065.0,12640,0.0630782169890664,0.1366906474820144,271.29999502000004,-1.2,-31.32808053800001,83.73,1924.3998566821929,0.0422074254940956,630.4,1581214.1,2.508271097715736,127800.0
2021-01-19,31617.0,0,32017.0,31717.0,31817.0,0.009458649935365937,31637.0,31837.0,319.37438845342535,1,1,30981.667,23069.0,12640,0.0630782169890664,0.1366906474820144,266.97999516,-1.2,-36.200975938000006,83.73,1924.3998566821929,0.0422074254940956,630.4,1581214.1,2.508271097715736,127800.0
2021-01-20,31717.0,0,31617.0,32017.0,31717.0,-0.012493362900958815,31677.0,31757.0,296.64793948382555,2,1,31097.012,23069.0,12640,0.0630782169890664,0.1366906474820144,266.7799951,-1.2,-35.82505727800001,83.73,1924.3998566821929,0.0422074254940956,630.4,1581214.1,2.508271097715736,127800.0
2021-01-21,31617.0,0,31717.0,31617.0,32017.0,0.0031628554258784636,31777.0,31697.0,151.6575088810291,3,1,30916.48,23072.0,12640,0.0630782169890664,0.1366906474820144,265.73999512000006,-1.2,-36.663792138000005,83.73,1924.3998566821929,0.0422074254940956,630.4,1581214.1,2.508271097715736,127800.0
2021-01-22,31333.5,0,31617.0,31717.0,31617.0,-0.0031528833117886457,31737.0,31647.0,164.31676725154807,4,1,30508.38,23060.0,12640,0.0630782169890664,0.1366906474820144,264.5799952,-1.2,-37.85834839800001,83.73,1924.3998566821929,0.0422074254940956,630.4,1581214.1,2.508271097715736,127800.0
2021-01-25,31117.0,0,31333.5,31617.0,31717.0,-0.008966695132365476,31660.3,31598.65,245.45763381895324,0,1,30221.7,23070.0,12640,0.0630782169890664,0.1366906474820144,256.21999508000005,-1.2,-48.72616481800001,83.73,1924.3998566821929,0.0422074254940956,630.4,1581214.1,2.508271097715736,127800.0
2021-01-26,31117.0,0,31117.0,31333.5,31617.0,-0.006909537715224956,31480.3,31558.65,248.4641825293923,1,1,30185.54,23060.0,13040,0.0541632983023443,0.1726618705035971,203.07999768,-1.2,-105.514350388,83.73,1924.3998566821929,0.0422074254940956,630.4,1581214.1,2.508271097715736,127800.0
2021-01-27,31317.0,0,31117.0,31117.0,31333.5,0.0,31380.3,31528.65,278.4949730246474,2,1,30566.425,23069.0,13040,0.0541632983023443,0.1726618705035971,200.13999784,-1.2,-109.55778992800002,83.73,1924.3998566821929,0.0422074254940956,630.4,1581214.1,2.508271097715736,127800.0
2021-01-28,31317.0,0,31317.0,31117.0,31117.0,0.006427354822122977,31300.3,31538.65,205.47372094747058,3,1,30589.494,23069.0,13040,0.0541632983023443,0.1726618705035971,198.39999774,-1.2,-112.009262688,83.73,1924.3998566821929,0.0422074254940956,630.4,1581214.1,2.508271097715736,127800.0
2021-01-29,31117.0,0,31317.0,31317.0,31117.0,0.0,31240.3,31488.65,112.75836997757173,4,1,30276.467,23059.0,13040,0.0541632983023443,0.1726618705035971,196.99999773,-1.2,-114.46116263800002,83.73,1924.3998566821929,0.0422074254940956,630.4,1581214.1,2.508271097715736,127800.0
2021-02-01,31459.0,0,31117.0,31317.0,31317.0,-0.006386307756170773,31197.0,31428.65,109.54451150102834,0,2,30400.312,23048.0,13040,0.0541632983023443,0.1726618705035971,196.77999773,-1.08,-117.132299118,83.73,1924.3998566821929,0.0422074254940956,630.4,1581214.1,2.508271097715736,127800.0
2021-02-02,31517.0,0,31459.0,31117.0,31317.0,0.010990776745830155,31265.4,31372.85,147.35263825259065,1,2,30788.12,23045.0,13040,0.0541632983023443,0.1726618705035971,196.35999773,-1.08,-118.953407558,83.73,1924.3998566821929,0.0422074254940956,630.4,1581214.1,2.508271097715736,127800.0
2021-02-03,31067.0,0,31517.0,31459.0,31117.0,0.001843669538128978,31345.4,31362.85,155.0251592484223,2,2,30349.586,23027.0,13040,0.0541632983023443,0.1726618705035971,191.09999773,-1.08,-125.99313485800002,83.73,1924.3998566821929,0.0422074254940956,630.4,1581214.1,2.508271097715736,127800.0
2021-02-04,31267.0,0,31067.0,31517.0,31459.0,-0.014278008693720867,31295.4,31297.85,200.20689298822552,3,2,30915.86,23020.0,13040,0.0541632983023443,0.1726618705035971,175.59999769,-1.08,-143.909394898,83.73,1924.3998566821929,0.0422074254940956,630.4,1581214.1,2.508271097715736,127800.0
2021-02-05,31417.0,0,31267.0,31067.0,31517.0,0.006437699166317978,31285.4,31262.85,200.10697139279984,4,2,31277.385,23015.0,13040,0.0541632983023443,0.1726618705035971,170.11999757,-1.08,-150.299464418,83.73,1924.3998566821929,0.0422074254940956,630.4,1581214.1,2.508271097715736,127800.0
2021-02-08,31417.0,0,31417.0,31267.0,31067.0,0.0047973902197204765,31345.4,31271.2,181.0602109796592,0,2,31257.0,23000.0,13040,0.0541632983023443,0.1726618705035971,89.48000147,-1.08,-237.03073575200003,85.0,2000.0,0.039285049339043,630.4,1581214.1,2.508271097715736,127800.0
2021-02-09,31617.0,0,31417.0,31417.0,31267.0,0.0,31337.0,31301.2,175.35677916749827,1,2,31147.32,22970.0,13040,0.0541632983023443,0.1726618705035971,84.78000143,-1.08,-242.219411372,85.0,2000.0,0.039285049339043,630.4,1581214.1,2.508271097715736,127800.0
2021-02-10,31717.0,0,31617.0,31417.0,31417.0,0.00636598020180168,31357.0,31351.2,204.32816741702243,2,2,31408.65,23010.0,13040,0.0541632983023443,0.1632471008028546,90.10000146,-1.08,-236.196462162,85.0,2000.0,0.039285049339043,630.4,1581214.1,2.508271097715736,127800.0
2021-02-11,31517.0,0,31717.0,31617.0,31417.0,0.0031628554258784636,31487.0,31391.2,178.8854381999797,3,2,31615.74,23010.0,13040,0.0541632983023443,0.1632471008028546,90.68000146,-1.08,-235.60781530200003,85.0,2000.0,0.039285049339043,630.4,1581214.1,2.508271097715736,127800.0
2021-02-12,31633.5,0,31517.0,31717.0,31617.0,-0.006305766623577291,31537.0,31411.2,130.38404810404816,4,2,31339.62,23010.0,13040,0.0541632983023443,0.1632471008028546,89.24000152,-1.08,-238.126232742,85.0,2000.0,0.039285049339043,630.4,1581214.1,2.508271097715736,127800.0
2021-02-15,31633.5,0,31633.5,31517.0,31717.0,0.0036964178062632858,31580.3,31462.85,115.69118376090185,0,2,31454.67,23010.0,13040,0.0541632983023443,0.1632471008028546,87.8000016,-1.08,-243.54253372200003,85.0,2000.0,0.039285049339043,630.4,1581214.1,2.508271097715736,127800.0
2021-02-16,31400.0,0,31633.5,31633.5,31517.0,0.0,31623.6,31480.3,71.28586816472675,1,2,31201.56,23010.0,13040,0.0541632983023443,0.1632471008028546,87.6400016,-1.08,-244.947774182,85.0,2000.0,0.039285049339043,630.4,1581214.1,2.508271097715736,127800.0
2021-02-17,31367.0,0,31400.0,31633.5,31633.5,-0.007381415271784708,31580.2,31468.6,123.35142885268434,2,2,31362.63,23010.0,13040,0.0541632983023443,0.1632471008028546,87.4400016,-1.08,-246.494135622,85.0,2000.0,0.039285049339043,630.4,1581214.1,2.508271097715736,127800.0
2021-02-18,31567.0,0,31367.0,31400.0,31633.5,-0.0010509554140127886,31510.2,31498.6,125.60085588879922,3,2,31569.72,23010.0,13040,0.0541632983023443,0.1632471008028546,85.52000166,-1.08,-249.32992456200003,85.0,2000.0,0.039285049339043,630.4,1581214.1,2.508271097715736,127800.0
2021-02-19,31667.0,0,31567.0,31367.0,31400.0,0.00637612777760066,31520.2,31528.6,128.24030177755705,4,2,31760.7,23015.0,13040,0.0541632983023443,0.1632471008028546,85.20000164,-1.08,-250.284023042,85.0,2000.0,0.039285049339043,630.4,1581214.1,2.508271097715736,127800.0
2021-02-22,31567.0,0,31667.0,31567.0,31367.0,0.0031678651756581466,31526.9,31553.6,136.26371490605584,0,2,31511.642,23018.0,13040,0.0541632983023443,0.1632471008028546,85.02000164,-1.08,-254.308750442,85.0,2000.0,0.039285049339043,630.4,1581214.1,2.508271097715736,127800.0
2021-02-23,32267.0,0,31567.0,31667.0,31567.0,-0.0031578614961947915,31513.6,31568.6,126.12612734877311,1,2,32596.32,23020.0,13040,0.0541632983023443,0.1632471008028546,85.02000164,-1.08,-255.921705062,85.0,2000.0,0.039285049339043,630.4,1581214.1,2.508271097715736,127800.0
2021-02-24,32667.0,0,32267.0,31567.0,31667.0,0.022175056229606804,31687.0,31633.6,342.0526275297399,2,2,33616.5,23025.0,13040,0.0541632983023443,0.1632471008028546,85.02000164,-1.08,-257.500456942,85.0,2000.0,0.039285049339043,630.4,1581214.1,2.508271097715736,127800.0
2021-02-25,32667.0,0,32667.0,32267.0,31567.0,0.012396566151176014,31947.0,31728.6,496.99094559156606,3,2,33678.26,23020.0,13840,0.0949367088607595,0.2779316712834718,85.10000164,-1.08,-258.622322982,85.0,2000.0,0.039285049339043,630.4,1581214.1,2.508271097715736,127800.0
2021-02-26,32767.0,0,32667.0,32667.0,32267.0,0.0,32167.0,31843.6,529.1502622129171,4,2,33984.9,23025.0,13840,0.0949367088607595,0.2779316712834718,82.16000164,-1.08,-263.883307242,85.0,2000.0,0.039285049339043,630.4,1581214.1,2.508271097715736,127800.0
2021-03-01,32388.8,0,32767.0,32667.0,32667.0,0.0030611932531301456,32387.0,31956.95,496.99094559156606,0,3,33901.095,23015.0,13840,0.0949367088607595,0.2779316712834718,39.760000088,-0.91,-315.13022335200003,85.0,2000.0,0.039285049339043,630.4,1581214.1,2.508271097715736,127800.0
2021-03-02,32575.0,0,32388.8,32767.0,32667.0,-0.011542100283822188,32551.359999999997,32032.48,212.44540004433856,1,3,33724.3,23020.0,13840,0.0949367088607595,0.2779316712834718,40.940000128,-0.91,-315.22259529200005,85.0,2000.0,0.039285049339043,630.4,1581214.1,2.508271097715736,127800.0
2021-03-03,32475.0,0,32575.0,32388.8,32767.0,0.005748900854616323,32612.96,32149.98,142.52862168701046,2,3,33381.9,23022.0,13840,0.0949367088607595,0.2779316712834718,40.98000012799999,-0.91,-316.54738391200004,85.0,2000.0,0.039285049339043,630.4,1581214.1,2.508271097715736,127800.0
2021-03-04,32375.0,0,32475.0,32575.0,32388.8,-0.003069838833461236,32574.559999999998,32260.78,149.99789331853546,3,3,32826.52,23020.0,13840,0.0949367088607595,0.2779316712834718,40.98000012799999,-0.91,-318.51230117200004,85.0,2000.0,0.039285049339043,630.4,1581214.1,2.508271097715736,127800.0
2021-03-05,32275.0,0,32375.0,32475.0,32575.0,-0.003079291762894565,32516.159999999996,32341.579999999998,161.41848716921598,4,3,32364.714,23019.0,13840,0.0949367088607595,0.2779316712834718,40.98000012799999,-0.91,-321.320392212,85.0,2000.0,0.039285049339043,630.4,1581214.1,2.508271097715736,127800.0
2021-03-08,32075.0,0,32275.0,32375.0,32475.0,-0.003088803088803105,32417.76,32402.379999999997,112.96941178919931,0,3,31808.573,23033.0,13840,0.0949367088607595,0.2779316712834718,37.920000168,-0.91,-332.98509465200004,160.62,1746.8559332586228,-0.1265720333706885,630.4,1581214.1,2.508271097715736,127800.0
2021-03-09,31725.0,0,32075.0,32275.0,32375.0,-0.006196746707978318,32355.0,32453.18,192.35384061670743,1,3,31337.025,23025.0,13840,0.0949367088607595,0.2779316712834718,35.960000348,-0.91,-337.96899463200003,160.62,1746.8559332586228,-0.1265720333706885,630.4,1581214.1,2.508271097715736,127800.0
2021-03-10,32350.0,0,31725.0,32075.0,32275.0,-0.010911925175370207,32185.0,32398.98,296.6479394838226,2,3,32284.0,23060.0,13840,0.0949367088607595,0.2779316712834718,36.220000368,-0.91,-340.03522045200003,160.62,1746.8559332586228,-0.1265720333706885,630.4,1581214.1,2.508271097715736,127800.0
2021-03-11,32425.0,0,32350.0,31725.0,32075.0,0.01970055161544515,32160.0,32367.28,270.18512172212166,3,3,32503.32,23052.0,13840,0.0949367088607595,0.2779316712834718,35.180000377999995,-0.91,-342.903059562,160.62,1746.8559332586228,-0.1265720333706885,630.4,1581214.1,2.508271097715736,127800.0
2021-03-12,32525.0,0,32425.0,32350.0,31725.0,0.0023183925811436357,32170.0,32343.079999999998,280.8469333996682,4,3,32709.369,23051.0,14400,0.1042944785276074,0.2111017661900756,34.880000378,-0.91,-345.507388142,160.62,1746.8559332586228,-0.1265720333706885,630.4,1581214.1,2.508271097715736,127800.0
2021-03-15,32266.5,0,32525.0,32425.0,32350.0,0.0030840400925211675,32220.0,32318.879999999997,323.2645975048887,0,3,32346.165,23055.0,14400,0.1042944785276074,0.2111017661900756,31.000000358,-0.91,-356.836071822,160.62,1746.8559332586228,-0.1265720333706885,630.4,1581214.1,2.508271097715736,127800.0
2021-03-16,32133.5,0,32266.5,32525.0,32425.0,-0.007947732513451156,32258.3,32306.65,312.9707654078855,1,3,32036.428,23081.0,14400,0.1042944785276074,0.2111017661900756,30.780000358,-0.91,-359.330940442,160.62,1746.8559332586228,-0.1265720333706885,630.4,1581214.1,2.508271097715736,127800.0
2021-03-17,32483.5,0,32133.5,32266.5,32525.0,-0.0041219221173662834,32340.0,32262.5,149.6617018478602,2,3,32453.292,23082.0,14400,0.1042944785276074,0.2111017661900756,30.640000358,-0.91,-361.960613402,160.62,1746.8559332586228,-0.1265720333706885,630.4,1581214.1,2.508271097715736,127800.0
2021-03-18,32583.5,0,32483.5,32133.5,32266.5,0.010892059688487166,32366.7,32263.35,163.18877105976924,3,3,32539.54,23045.0,14400,0.1042944785276074,0.2111017661900756,30.720000366,-0.91,-364.467281734,160.62,1746.8559332586228,-0.1265720333706885,630.4,1581214.1,2.508271097715736,127800.0
2021-03-19,32083.5,0,32583.5,32483.5,32133.5,0.0030784860005848014,32398.4,32284.2,190.46075711284385,4,3,31968.09,23065.0,14400,0.1042944785276074,0.2111017661900756,30.780000366,-0.91,-366.44744123400005,160.62,1746.8559332586228,-0.1265720333706885,630.4,1581214.1,2.508271097715736,127800.0
2021-03-22,31567.0,0,32083.5,32583.5,32483.5,-0.015345190050178759,32310.1,32265.05,217.51505695008257,0,3,31840.74,23073.0,14400,0.1042944785276074,0.2111017661900756,31.340000386,-0.91,-373.40375807400005,160.62,1746.8559332586228,-0.1265720333706885,630.4,1581214.1,2.508271097715736,127800.0
2021-03-23,31767.0,0,31567.0,32083.5,32583.5,-0.01609861766951859,32170.2,32214.25,400.52709021987243,1,3,32260.248,23076.0,14400,0.1042944785276074,0.2111017661900756,28.140000306,-0.91,-379.464019054,160.62,1746.8559332586228,-0.1265720333706885,630.4,1581214.1,2.508271097715736,127800.0
2021-03-24,31467.0,0,31767.0,31567.0,32083.5,0.006335730351316293,32096.9,32218.45,440.46756407254094,2,3,31767.39,23070.0,14400,0.1042944785276074,0.2111017661900756,26.600000286,-0.91,-383.082164894,160.62,1746.8559332586228,-0.1265720333706885,630.4,1581214.1,2.508271097715736,127800.0
2021-03-25,31267.0,0,31467.0,31767.0,31567.0,-0.00944376239493816,31893.6,32130.15,451.8591318099015,3,3,31527.28,23080.0,14400,0.1042944785276074,0.2111017661900756,26.900000286,-0.91,-385.573882534,160.62,1746.8559332586228,-0.1265720333706885,630.4,1581214.1,2.508271097715736,127800.0
2021-03-26,31267.0,0,31267.0,31467.0,31767.0,-0.006355864874312722,31630.3,32014.35,310.9412323896552,4,3,31509.66,23084.0,14400,0.1042944785276074,0.2111017661900756,26.960000286,-0.91,-387.342766994,160.62,1746.8559332586228,-0.1265720333706885,630.4,1581214.1,2.508271097715736,127800.0
2021-03-29,32267.0,0,31267.0,31267.0,31467.0,0.0,31467.0,31888.55,212.13203435595827,0,3,32686.944,23084.0,14240,0.0289017341040462,0.1511721907841552,26.940000276,-0.91,-392.147224724,160.62,1746.8559332586228,-0.1265720333706885,630.4,1581214.1,2.508271097715736,127800.0
2021-03-30,31917.0,0,32267.0,31267.0,31267.0,0.03198260146480325,31607.0,31888.6,421.90046219457673,1,3,32228.79,23070.0,14240,0.0289017341040462,0.1511721907841552,26.980000276,-0.91,-393.711539704,160.62,1746.8559332586228,-0.1265720333706885,630.4,1581214.1,2.508271097715736,127800.0
2021-03-31,31817.0,0,31917.0,32267.0,31267.0,-0.010846995382279068,31637.0,31866.95,441.02154142399604,2,3,31675.11,23070.0,14240,0.0289017341040462,0.1511721907841552,25.240000256,-0.91,-397.703022284,160.62,1746.8559332586228,-0.1265720333706885,630.4,1581214.1,2.508271097715736,127800.0
2021-04-01,32081.5,0,31817.0,31917.0,32267.0,-0.0031331265469812797,31707.0,31800.3,435.02873468312123,3,4,31519.084,23074.0,14240,0.0289017341040462,0.1511721907841552,28.760000216,-0.79,-396.693530624,160.62,1746.8559332586228,-0.1265720333706885,630.4,1581214.1,2.508271097715736,127800.0
2021-04-02,31617.0,0,32081.5,31817.0,31917.0,0.008313165917591236,31869.9,31750.1,377.8121887922587,4,4,31137.75,23065.0,14240,0.0289017341040462,0.1511721907841552,38.660000416,-0.79,-387.9148672440001,160.62,1746.8559332586228,-0.1265720333706885,630.4,1581214.1,2.508271097715736,127800.0
2021-04-05,31717.0,0,31617.0,32081.5,31817.0,-0.01447874943503269,31939.9,31703.45,248.4643837655555,0,4,31148.55,23073.0,14240,0.0289017341040462,0.1511721907841552,39.180000416,-0.79,-394.8360153640001,160.62,1746.8559332586228,-0.1265720333706885,630.4,1581214.1,2.508271097715736,127800.0
2021-04-06,31717.0,0,31717.0,31617.0,32081.5,0.0031628554258784636,31829.9,31718.45,179.67206238031955,1,4,31156.65,23079.0,14240,0.0289017341040462,0.1511721907841552,39.180000416,-0.79,-397.588412304,122.84,1758.0592640833604,0.0064134257504788,630.4,1581214.1,2.508271097715736,127800.0
2021-04-07,31817.0,0,31717.0,31717.0,31617.0,0.0,31789.9,31713.45,177.6852554378036,2,4,31333.13,23090.0,14240,0.0289017341040462,0.1511721907841552,39.140000416,-0.79,-399.389902824,122.84,1758.0592640833604,0.0064134257504788,630.4,1581214.1,2.508271097715736,127800.0
2021-04-08,31717.0,0,31817.0,31717.0,31717.0,0.0031528833117886457,31789.9,31748.45,177.6852554378036,3,4,31148.41,23090.0,14240,0.0289017341040462,0.1511721907841552,41.500000476,-0.79,-397.297124904,122.84,1758.0592640833604,0.0064134257504788,630.4,1581214.1,2.508271097715736,127800.0
2021-04-09,32117.0,0,31717.0,31817.0,31717.0,-0.0031429738818870012,31717.0,31793.45,70.71067811863809,4,4,31603.365,23085.0,14240,0.0289017341040462,0.1511721907841552,41.740000484,-0.79,-399.054531256,122.84,1758.0592640833604,0.0064134257504788,630.4,1581214.1,2.508271097715736,127800.0
2021-04-12,32017.0,0,32117.0,31717.0,31817.0,0.012611533247154583,31817.0,31878.45,173.20508075688093,0,4,31437.595,23065.0,14140,-0.0180555555555556,0.1186708860759493,47.560000564,-0.79,-396.851373356,122.84,1758.0592640833604,0.0064134257504788,630.4,1581214.1,2.508271097715736,127800.0
2021-04-13,32117.0,0,32017.0,32117.0,31717.0,-0.0031136158420773663,31877.0,31853.45,181.659021245843,1,4,31486.455,23067.0,14140,-0.0180555555555556,0.1186708860759493,48.540000584,-0.79,-396.828050496,122.84,1758.0592640833604,0.0064134257504788,630.4,1581214.1,2.508271097715736,127800.0
2021-04-14,32117.0,0,32117.0,32017.0,32117.0,0.003123340725239787,31957.0,31873.45,181.659021245843,2,4,31581.461,23069.0,14140,-0.0180555555555556,0.1186708860759493,49.380000584,-0.79,-396.586634596,122.84,1758.0592640833604,0.0064134257504788,630.4,1581214.1,2.508271097715736,127800.0
2021-04-15,32517.0,0,32117.0,32117.0,32017.0,0.0,32017.0,31903.45,173.20508075688093,3,4,32101.498,23078.0,14140,-0.0180555555555556,0.1186708860759493,50.560000684,-0.79,-396.281916156,122.84,1758.0592640833604,0.0064134257504788,630.4,1581214.1,2.508271097715736,127800.0
2021-04-16,32417.0,0,32517.0,32117.0,32117.0,0.012454463368309687,32177.0,31947.0,194.93588689617323,4,4,32048.397,23073.0,14140,-0.0180555555555556,0.1186708860759493,51.680000704,-0.79,-395.910894336,122.84,1758.0592640833604,0.0064134257504788,630.4,1581214.1,2.508271097715736,127800.0
2021-04-19,32217.0,0,32417.0,32517.0,32117.0,-0.0030753144509025887,32237.0,32027.0,216.79483388678256,0,4,31832.46,23067.0,14140,-0.0180555555555556,0.1186708860759493,64.100000364,-0.79,-387.158318336,122.84,1758.0592640833604,0.0064134257504788,630.4,1581214.1,2.508271097715736,127800.0
2021-04-20,32317.0,0,32217.0,32417.0,32517.0,-0.006169602369127336,32277.0,32077.0,181.659021245843,1,4,31956.105,23073.0,14140,-0.0180555555555556,0.1186708860759493,69.500000144,-0.79,-381.406832896,122.84,1758.0592640833604,0.0064134257504788,630.4,1581214.1,2.508271097715736,127800.0
2021-04-21,32617.0,0,32317.0,32217.0,32417.0,0.003103951330043042,32317.0,32137.0,158.1138830084115,2,4,32257.452,23074.0,14140,-0.0180555555555556,0.1186708860759493,87.960000144,-0.79,-362.977317936,122.84,1758.0592640833604,0.0064134257504788,630.4,1581214.1,2.508271097715736,127800.0
2021-04-22,32517.0,0,32617.0,32317.0,32217.0,0.009283039886128108,32417.0,32217.0,158.1138830084115,3,4,32534.34,23074.0,14140,-0.0180555555555556,0.1186708860759493,105.240000744,-0.79,-344.961161456,122.84,1758.0592640833604,0.0064134257504788,630.4,1581214.1,2.508271097715736,127800.0
2021-04-23,32517.0,0,32517.0,32617.0,32317.0,-0.003065885887727271,32417.0,32297.0,158.1138830084115,4,4,32482.56,23070.0,14140,-0.0180555555555556,0.1186708860759493,117.300000944,-0.79,-332.990037396,122.84,1758.0592640833604,0.0064134257504788,630.4,1581214.1,2.508271097715736,127800.0
2021-04-26,32617.0,0,32517.0,32517.0,32617.0,0.0,32437.0,32337.0,164.31676725154267,0,4,32667.12,23070.0,14140,-0.0180555555555556,0.1186708860759493,125.760001064,-0.79,-323.825087196,122.84,1758.0592640833604,0.0064134257504788,630.4,1581214.1,2.508271097715736,127800.0
2021-04-27,32917.0,0,32617.0,32517.0,32517.0,0.0030753144509025887,32517.0,32397.0,122.47448713914928,1,4,33177.6,23040.0,14320,0.0056179775280897,0.098159509202454,127.660000964,-0.79,-322.101459376,122.84,1758.0592640833604,0.0064134257504788,630.4,1581214.1,2.508271097715736,127800.0
2021-04-28,33117.0,0,32917.0,32617.0,32517.0,0.009197657663181813,32637.0,32477.0,164.31676725154267,2,4,33664.362,23042.0,14320,0.0056179775280897,0.098159509202454,127.920000964,-0.79,-322.58131639600003,122.84,1758.0592640833604,0.0064134257504788,630.4,1581214.1,2.508271097715736,127800.0
2021-04-29,33117.0,0,33117.0,32917.0,32617.0,0.006075887839110505,32737.0,32577.0,268.32815729997037,3,4,33832.996,23047.0,14320,0.0056179775280897,0.098159509202454,128.000000964,-0.79,-323.41031339600005,122.84,1758.0592640833604,0.0064134257504788,630.4,1581214.1,2.508271097715736,127800.0
2021-04-30,32817.0,0,33117.0,33117.0,32917.0,0.0,32857.0,32637.0,279.28480087537463,4,4,33474.408,23054.0,14320,0.0056179775280897,0.098159509202454,130.640001004,-0.79,-320.86623383600005,122.84,1758.0592640833604,0.0064134257504788,630.4,1581214.1,2.508271097715736,127800.0
2021-05-03,32900.0,0,32817.0,33117.0,33117.0,-0.009058791557206236,32917.0,32677.0,212.1320343559587,0,5,33566.624,23054.0,14320,0.0056179775280897,0.098159509202454,137.580000964,-0.71,-316.184706576,122.84,1758.0592640833604,0.0064134257504788,630.4,1581214.1,2.508271097715736,127800.0
2021-05-04,32817.0,0,32900.0,32817.0,33117.0,0.0025291769509705464,32973.6,32745.3,136.26371490605123,1,5,33566.624,23054.0,14320,0.0056179775280897,0.098159509202454,137.640000964,-0.71,-317.563501056,122.84,1758.0592640833604,0.0064134257504788,630.4,1581214.1,2.508271097715736,127800.0
2021-05-05,33117.0,0,32817.0,32900.0,32817.0,-0.0025227963525835673,32953.6,32795.3,152.96339431379513,2,5,33975.7,23050.0,14320,0.0056179775280897,0.098159509202454,138.080000964,-0.71,-318.25308635600004,122.84,1758.0592640833604,0.0064134257504788,630.4,1581214.1,2.508271097715736,127800.0
2021-05-06,33817.0,0,33117.0,32817.0,32900.0,0.009141603437242907,32953.6,32845.3,152.96339431379513,3,5,35466.28,23060.0,14320,0.0056179775280897,0.098159509202454,138.300000944,-0.71,-318.69241193600004,169.63,1839.70995696516,0.0464436521281728,630.4,1581214.1,2.508271097715736,127800.0
2021-05-07,33867.0,0,33817.0,33117.0,32817.0,0.021137180300147884,33093.6,32975.3,422.59649785581263,4,5,35684.649,23067.0,14320,0.0056179775280897,0.098159509202454,138.920000944,-0.71,-318.85667859600005,169.63,1839.70995696516,0.0464436521281728,630.4,1581214.1,2.508271097715736,127800.0
2021-05-10,33067.0,0,33867.0,33817.0,33117.0,0.0014785462932844773,33303.6,33110.3,503.85791648042823,0,5,35489.34,23060.0,14320,0.0056179775280897,0.098159509202454,141.560000914,-0.71,-320.231386766,169.63,1839.70995696516,0.0464436521281728,630.4,1581214.1,2.508271097715736,127800.0
2021-05-11,32667.0,0,33067.0,33867.0,33817.0,-0.023621814745917846,33337.0,33155.3,475.1315607281823,1,5,35005.08,23060.0,14320,0.0056179775280897,0.098159509202454,138.40000067399998,-0.71,-324.881811866,169.63,1839.70995696516,0.0464436521281728,630.4,1581214.1,2.508271097715736,127800.0
2021-05-12,32967.0,0,32667.0,33067.0,33867.0,-0.01209665225148937,33307.0,33130.3,518.8930525647827,2,5,35320.26,23055.0,14770,0.0445544554455445,0.1326687116564417,141.700000614,-0.71,-321.336546146,169.63,1839.70995696516,0.0464436521281728,630.4,1581214.1,2.508271097715736,127800.0
2021-05-13,32567.0,0,32967.0,32667.0,33067.0,0.009183579759390215,33277.0,33115.3,536.656314599948,3,5,34902.242,23053.0,14770,0.0445544554455445,0.1326687116564417,146.100000534,-0.71,-316.817662786,169.63,1839.70995696516,0.0464436521281728,630.4,1581214.1,2.508271097715736,127800.0
2021-05-14,32267.0,0,32567.0,32967.0,32667.0,-0.012133345466678769,33027.0,33060.3,512.8352561983218,4,5,34444.8,23040.0,14770,0.0445544554455445,0.1326687116564417,155.780001134,-0.71,-306.43789518600005,169.63,1839.70995696516,0.0464436521281728,630.4,1581214.1,2.508271097715736,127800.0
2021-05-17,31967.0,0,32267.0,32567.0,32967.0,-0.009211778794485204,32707.0,33005.3,320.9361307176217,0,5,33650.08,23048.0,14770,0.0445544554455445,0.1326687116564417,165.980001544,-0.71,-294.749176776,169.63,1839.70995696516,0.0464436521281728,630.4,1581214.1,2.508271097715736,127800.0
2021-05-18,31967.0,0,31967.0,32267.0,32567.0,-0.009297424613382121,32487.0,32912.0,383.40579025361416,1,5,33624.114,23046.0,14770,0.0445544554455445,0.1326687116564417,176.16000172399998,-0.71,-283.579110456,169.63,1839.70995696516,0.0464436521281728,630.4,1581214.1,2.508271097715736,127800.0
2021-05-19,32667.0,0,31967.0,31967.0,32267.0,0.0,32347.0,32827.0,426.61458015402894,2,5,34905.6,23040.0,14770,0.0445544554455445,0.1326687116564417,204.900002784,-0.71,-254.45050423600003,169.63,1839.70995696516,0.0464436521281728,630.4,1581214.1,2.508271097715736,127800.0
2021-05-20,32267.0,0,32667.0,31967.0,31967.0,0.021897581881315187,32287.0,32782.0,327.10854467592003,3,5,34613.59,23045.0,14770,0.0445544554455445,0.1326687116564417,208.340002764,-0.71,-251.03393893600003,169.63,1839.70995696516,0.0464436521281728,630.4,1581214.1,2.508271097715736,127800.0
2021-05-21,32267.0,0,32267.0,32667.0,31967.0,-0.01224477301252025,32227.0,32627.0,288.0972058177558,4,5,34337.05,23045.0,14770,0.0445544554455445,0.1326687116564417,217.600002464,-0.71,-240.276450756,169.63,1839.70995696516,0.0464436521281728,630.4,1581214.1,2.508271097715736,127800.0
2021-05-24,32367.0,0,32267.0,32267.0,32667.0,0.0,32227.0,32467.0,288.0972058177558,0,5,34073.812,23054.0,14770,0.0445544554455445,0.1326687116564417,286.800001144,-0.71,-162.89869707600002,169.63,1839.70995696516,0.0464436521281728,630.4,1581214.1,2.508271097715736,127800.0
2021-05-25,32467.0,0,32367.0,32267.0,32267.0,0.0030991415377941145,32307.0,32397.0,250.9980079602194,1,5,34076.768,23056.0,14770,0.0445544554455445,0.1326687116564417,304.380002044,-0.71,-142.555091376,169.63,1839.70995696516,0.0464436521281728,630.4,1581214.1,2.508271097715736,127800.0
2021-05-26,32667.0,0,32467.0,32367.0,32267.0,0.0030895665338153133,32407.0,32377.0,167.33200530681023,2,5,34866.72,23060.0,14770,0.0445544554455445,0.1326687116564417,321.280003244,-0.71,-123.22623949600002,169.63,1839.70995696516,0.0464436521281728,630.4,1581214.1,2.508271097715736,127800.0
2021-05-27,33083.5,0,32667.0,32467.0,32367.0,0.0061601010256568944,32407.0,32347.0,167.33200530681023,3,5,35181.93,23055.0,14770,0.0314245810055866,0.0671965317919074,332.180003844,-0.71,-111.23247813600004,169.63,1839.70995696516,0.0464436521281728,630.4,1581214.1,2.508271097715736,127800.0
2021-05-28,33383.5,0,33083.5,32667.0,32467.0,0.012749869899286725,32570.3,32398.65,322.76841543124766,4,5,35443.21,23045.0,14770,0.0314245810055866,0.0671965317919074,333.180003924,-0.71,-109.99213625600002,169.63,1839.70995696516,0.0464436521281728,630.4,1581214.1,2.508271097715736,127800.0
2021-05-31,33917.0,0,33383.5,33083.5,32667.0,0.009067964393126404,32793.6,32510.3,429.15810023812764,0,5,36987.225,23045.0,14770,0.0314245810055866,0.0671965317919074,341.300003736,-0.71,-99.78032126400002,169.63,1839.70995696516,0.0464436521281728,630.4,1581214.1,2.508271097715736,127800.0
2021-06-01,34049.2,0,33917.0,33383.5,33083.5,0.015980948672248196,33103.6,32705.3,577.9806873936182,1,6,36979.2,23040.0,14770,0.0314245810055866,0.0671965317919074,346.080003756,-0.55,-93.90818226400002,169.63,1839.70995696516,0.0464436521281728,630.4,1581214.1,2.508271097715736,127800.0
2021-06-02,34267.0,0,34049.2,33917.0,33383.5,0.003897750390659427,33420.04,32913.520000000004,575.4292163246479,2,6,37216.06,23044.0,14770,0.0314245810055866,0.0671965317919074,348.160003776,-0.55,-90.05761322400002,169.63,1839.70995696516,0.0464436521281728,630.4,1581214.1,2.508271097715736,127800.0
2021-06-03,34067.0,0,34267.0,34049.2,33917.0,0.006396626058762012,33740.04,33073.520000000004,490.5983927817101,3,6,37486.08,23040.0,14770,0.0314245810055866,0.0671965317919074,351.720003636,-0.55,-83.94204662400003,169.63,1839.70995696516,0.0464436521281728,630.4,1581214.1,2.508271097715736,127800.0
2021-06-04,34383.5,0,34067.0,34267.0,34049.2,-0.005836519100008708,33936.740000000005,33253.520000000004,333.5980935197265,4,6,37234.256,23041.0,14770,0.0314245810055866,0.0671965317919074,354.58000369599995,-0.55,-79.28327666400003,169.63,1839.70995696516,0.0464436521281728,630.4,1581214.1,2.508271097715736,127800.0
2021-06-07,33867.0,0,34383.5,34067.0,34267.0,0.009290515748378247,34136.740000000005,33465.17,186.19260995000386,0,6,37746.072,23044.0,14770,0.0314245810055866,0.0671965317919074,379.120003236,-0.55,-45.80512996400003,132.12,1864.895549500454,0.0136899800101324,630.4,1581214.1,2.508271097715736,127800.0
2021-06-08,33967.0,0,33867.0,34383.5,34067.0,-0.015021740078816848,34126.740000000005,33615.17,201.64619510418333,1,6,37973.0,23000.0,14770,0.0314245810055866,0.0671965317919074,389.240002636,-0.55,-32.95862238400002,132.12,1864.895549500454,0.0136899800101324,630.4,1581214.1,2.508271097715736,127800.0
2021-06-09,33467.0,0,33967.0,33867.0,34383.5,0.0029527268432396614,34110.3,33765.17,212.60162275955085,2,6,37205.192,22952.0,14770,0.0314245810055866,0.0671965317919074,394.880002826,-0.55,-24.858932354000025,132.12,1864.895549500454,0.0136899800101324,630.4,1581214.1,2.508271097715736,127800.0
2021-06-10,33267.0,0,33467.0,33967.0,33867.0,-0.01472016957635347,33950.3,33845.17,332.4446570483498,3,6,36911.64,22955.0,14770,0.0314245810055866,0.0671965317919074,408.560004226,-0.55,-7.981079334000025,132.12,1864.895549500454,0.0136899800101324,630.4,1581214.1,2.508271097715736,127800.0
2021-06-11,33267.0,0,33267.0,33467.0,33967.0,-0.005976036095257986,33790.3,33863.520000000004,437.9948059052704,4,6,36967.617,22947.0,15440,0.0782122905027933,0.1156069364161849,418.300004826,-0.55,5.480371205999977,132.12,1864.895549500454,0.0136899800101324,630.4,1581214.1,2.508271097715736,127800.0
2021-06-14,33367.0,0,33267.0,33267.0,33467.0,0.0,33567.0,33851.87,331.66247903553403,0,6,37147.955,22945.0,15440,0.0782122905027933,0.1156069364161849,443.420005026,-0.55,39.80851893599998,132.12,1864.895549500454,0.0136899800101324,630.4,1581214.1,2.508271097715736,127800.0
2021-06-15,33067.0,0,33367.0,33267.0,33267.0,0.00300598190398893,33467.0,33796.87,291.5475947422583,1,6,36618.624,22944.0,15440,0.0782122905027933,0.1156069364161849,448.780004626,-0.55,47.71021347599998,132.12,1864.895549500454,0.0136899800101324,630.4,1581214.1,2.508271097715736,127800.0
2021-06-16,33167.0,0,33067.0,33367.0,33267.0,-0.008990919171636635,33287.0,33698.65,148.32396974190002,2,6,36715.2,22947.0,15440,0.0782122905027933,0.1156069364161849,458.340004678,-0.55,60.17375890799998,132.12,1864.895549500454,0.0136899800101324,630.4,1581214.1,2.508271097715736,127800.0
2021-06-17,33667.0,0,33167.0,33067.0,33367.0,0.0030241630628724536,33227.0,33588.65,114.01754250989657,3,6,37379.034,22946.0,15440,0.0782122905027933,0.1156069364161849,467.560004638,-0.55,71.07573156799998,132.12,1864.895549500454,0.0136899800101324,630.4,1581214.1,2.508271097715736,127800.0
2021-06-18,33167.0,0,33667.0,33167.0,33067.0,0.015075225374619361,33307.0,33548.65,230.21728866441822,4,6,36690.08,22960.0,15440,0.0782122905027933,0.1156069364161849,473.140004638,-0.55,77.37122476799998,132.12,1864.895549500454,0.0136899800101324,630.4,1581214.1,2.508271097715736,127800.0
2021-06-21,34167.0,0,33167.0,33667.0,33167.0,-0.014851338105563272,33287.0,33427.0,238.7467277262582,0,6,37159.92,22995.0,15440,0.0782122905027933,0.1156069364161849,488.840004838,-0.55,98.39154906799996,132.12,1864.895549500454,0.0136899800101324,630.4,1581214.1,2.508271097715736,127800.0
2021-06-22,34267.0,0,34167.0,33167.0,33667.0,0.030150450749238722,33447.0,33457.0,465.8325879540804,1,6,37213.638,23014.0,15440,0.0782122905027933,0.1156069364161849,496.820004938,-0.55,107.533948588,132.12,1864.895549500454,0.0136899800101324,630.4,1581214.1,2.508271097715736,127800.0
2021-06-23,33967.0,0,34267.0,34167.0,33167.0,0.0029268007141394214,33687.0,33487.0,526.3078946776269,2,6,36770.925,23025.0,15440,0.0782122905027933,0.1156069364161849,504.880005058,-0.55,117.435998208,132.12,1864.895549500454,0.0136899800101324,630.4,1581214.1,2.508271097715736,127800.0
2021-06-24,34367.0,0,33967.0,34267.0,34167.0,-0.008754778650013173,33847.0,33537.0,443.8468204234385,3,6,37361.46,23020.0,15440,0.0782122905027933,0.1156069364161849,509.800004866,-0.55,124.20513101599998,132.12,1864.895549500454,0.0136899800101324,630.4,1581214.1,2.508271097715736,127800.0
2021-06-25,34767.0,0,34367.0,33967.0,34267.0,0.01177613566108282,33987.0,33647.0,481.6637831516877,4,6,37954.95,23003.0,15440,0.0782122905027933,0.1156069364161849,515.0600049359999,-0.55,131.72389208599998,132.12,1864.895549500454,0.0136899800101324,630.4,1581214.1,2.508271097715736,127800.0
2021-06-28,35267.0,0,34767.0,34367.0,33967.0,0.011639072365932535,34307.0,33797.0,296.64793948381987,0,6,38650.58,23020.0,16110,0.0907244414353418,0.1187499999999999,522.300004896,-0.55,143.82786012599996,132.12,1864.895549500454,0.0136899800101324,630.4,1581214.1,2.508271097715736,127800.0
2021-06-29,35767.0,0,35267.0,34767.0,34367.0,0.014381453677337674,34527.0,33987.0,502.9910535983677,1,6,39387.22,23020.0,16110,0.0907244414353418,0.1187499999999999,524.160004846,-0.55,146.739880476,132.12,1864.895549500454,0.0136899800101324,630.4,1581214.1,2.508271097715736,127800.0
2021-06-30,35067.0,0,35767.0,35267.0,34767.0,0.014177559758414393,34827.0,34257.0,712.7411872482156,2,6,38558.5,23020.0,16110,0.0907244414353418,0.1187499999999999,526.400004806,-0.55,150.27572391599998,132.12,1864.895549500454,0.0136899800101324,630.4,1581214.1,2.508271097715736,127800.0
2021-07-01,35905.0,0,35067.0,35767.0,35267.0,-0.019571113037157195,35047.0,34447.0,526.3078946776269,3,7,39238.87,23014.0,16110,0.0907244414353418,0.1187499999999999,518.960004606,-0.39,142.681962536,132.12,1864.895549500454,0.0136899800101324,640.4,1668065.0,2.6047236102435978,127800.0
2021-07-02,35583.5,0,35905.0,35067.0,35767.0,0.023897111244189695,35354.6,34670.8,476.6222823158778,4,7,39140.01,23010.0,16110,0.0907244414353418,0.1187499999999999,522.780004826,-0.39,148.06143563599997,132.12,1864.895549500454,0.0136899800101324,640.4,1668065.0,2.6047236102435978,127800.0
2021-07-05,35567.0,0,35583.5,35905.0,35067.0,-0.008954184653947928,35517.9,34912.45,347.2974949520894,0,7,39257.586,22998.0,16110,0.0907244414353418,0.1187499999999999,541.6400047660001,-0.39,173.93048781599998,132.12,1864.895549500454,0.0136899800101324,640.4,1668065.0,2.6047236102435978,127800.0
2021-07-06,35167.0,0,35567.0,35583.5,35905.0,-0.0004636980623041742,35577.9,35052.45,317.774369639838,1,7,38794.252,22996.0,16110,0.0907244414353418,0.1187499999999999,559.240004766,-0.39,194.928029636,130.29,1869.2148284595903,0.0023160969847846,640.4,1668065.0,2.6047236102435978,127800.0
2021-07-07,35067.0,0,35167.0,35567.0,35583.5,-0.011246380071414541,35457.9,35142.45,340.9553489828201,2,7,38628.753,23007.0,16110,0.0907244414353418,0.1187499999999999,579.420004706,-0.39,216.920615916,130.29,1869.2148284595903,0.0023160969847846,640.4,1668065.0,2.6047236102435978,127800.0
2021-07-08,35467.0,0,35067.0,35167.0,35567.0,-0.0028435749424176038,35457.9,35252.45,340.9553489828201,3,7,39171.53,23015.0,16110,0.0907244414353418,0.1187499999999999,591.4600040979999,-0.39,232.656870168,130.29,1869.2148284595903,0.0023160969847846,640.4,1668065.0,2.6047236102435978,127800.0
2021-07-09,35567.0,0,35467.0,35067.0,35167.0,0.011406735677417457,35370.3,35362.45,238.12696193416812,4,7,39272.949,23007.0,16110,0.0907244414353418,0.1187499999999999,601.000004858,-0.39,244.292512348,130.29,1869.2148284595903,0.0023160969847846,640.4,1668065.0,2.6047236102435978,127800.0
2021-07-12,35867.0,0,35567.0,35467.0,35067.0,0.002819522372909944,35367.0,35442.45,234.52078799116495,0,7,40112.0,23000.0,16530,0.0705958549222798,0.1690240452616689,616.380004258,-0.39,261.039550308,130.29,1869.2148284595903,0.0023160969847846,640.4,1668065.0,2.6047236102435978,127800.0
2021-07-13,35867.0,0,35867.0,35567.0,35467.0,0.008434785053560878,35427.0,35502.45,320.9361307176195,1,7,40146.88,23020.0,16530,0.0705958549222798,0.1690240452616689,633.140004458,-0.39,278.473355548,130.29,1869.2148284595903,0.0023160969847846,640.4,1668065.0,2.6047236102435978,127800.0
2021-07-14,35367.0,0,35867.0,35867.0,35567.0,0.0,35567.0,35512.45,331.6624790355354,2,7,39508.17,23010.0,16530,0.0705958549222798,0.1690240452616689,641.740004498,-0.39,288.627239308,130.29,1869.2148284595903,0.0023160969847846,640.4,1668065.0,2.6047236102435978,127800.0
2021-07-15,35867.0,0,35367.0,35867.0,35867.0,-0.013940390888560472,35627.0,35542.45,230.21728866442012,3,7,40545.382,23011.0,16530,0.0705958549222798,0.1690240452616689,656.420004478,-0.39,305.013099088,130.29,1869.2148284595903,0.0023160969847846,640.4,1668065.0,2.6047236102435978,127800.0
2021-07-16,35767.0,0,35867.0,35367.0,35867.0,0.014137472785364924,35707.0,35538.65,230.21728866442012,4,7,40403.804,23009.0,16530,0.0705958549222798,0.1690240452616689,674.5200046980001,-0.39,325.96320338799995,130.29,1869.2148284595903,0.0023160969847846,640.4,1668065.0,2.6047236102435978,127800.0
2021-07-19,35867.0,0,35767.0,35867.0,35367.0,-0.0027880781777120944,35747.0,35557.0,216.79483388678094,0,7,40660.437,23011.0,16530,0.0705958549222798,0.1690240452616689,697.700006178,-0.39,353.985407808,130.29,1869.2148284595903,0.0023160969847846,640.4,1668065.0,2.6047236102435978,127800.0
2021-07-20,35467.0,0,35867.0,35767.0,35867.0,0.002795873291022488,35747.0,35587.0,216.79483388678094,1,7,39870.64,23020.0,16530,0.0705958549222798,0.1690240452616689,686.8600069779999,-0.39,343.331853708,130.29,1869.2148284595903,0.0023160969847846,640.4,1668065.0,2.6047236102435978,127800.0
2021-07-21,35750.0,0,35467.0,35867.0,35767.0,-0.011152312710848378,35667.0,35617.0,234.52078799116495,2,7,40548.786,23026.0,16530,0.0705958549222798,0.1690240452616689,676.600006118,-0.39,332.537630748,130.29,1869.2148284595903,0.0023160969847846,640.4,1668065.0,2.6047236102435978,127800.0
2021-07-22,36167.0,0,35750.0,35467.0,35867.0,0.007979248315335363,35743.6,35685.3,163.97499809421237,3,7,40956.138,23022.0,16530,0.0705958549222798,0.1690240452616689,673.520006078,-0.39,330.351020688,130.29,1869.2148284595903,0.0023160969847846,640.4,1668065.0,2.6047236102435978,127800.0
2021-07-23,37067.0,0,36167.0,35750.0,35467.0,0.011664335664335557,35803.6,35755.3,251.78919754428912,4,7,43465.89,23010.0,16530,0.0705958549222798,0.1690240452616689,687.1600068380001,-0.39,345.971252928,130.29,1869.2148284595903,0.0023160969847846,640.4,1668065.0,2.6047236102435978,127800.0
2021-07-26,37367.0,0,37067.0,36167.0,35750.0,0.024884563275914484,36063.6,35905.3,614.4980065061217,0,7,43686.495,23005.0,16530,0.0705958549222798,0.1690240452616689,715.780009538,-0.39,377.786391848,130.29,1869.2148284595903,0.0023160969847846,640.4,1668065.0,2.6047236102435978,127800.0
2021-07-27,38067.0,0,37367.0,37067.0,36167.0,0.00809345239701087,36363.6,36055.3,824.7167998773871,1,7,45187.712,23008.0,16370,0.016139044072005,0.1431564245810055,723.280009538,-0.39,387.065566308,130.29,1869.2148284595903,0.0023160969847846,640.4,1668065.0,2.6047236102435978,127800.0
2021-07-28,37567.0,0,38067.0,37367.0,37067.0,0.01873310675194695,36883.6,36275.3,930.9016059713288,2,7,44629.7,23005.0,16370,0.016139044072005,0.1431564245810055,731.140009618,-0.39,396.905000228,130.29,1869.2148284595903,0.0023160969847846,640.4,1668065.0,2.6047236102435978,127800.0
2021-07-29,37567.0,0,37567.0,38067.0,37367.0,-0.013134736123151303,37247.0,36495.3,704.9822692805824,3,7,44687.057,22999.0,16370,0.016139044072005,0.1431564245810055,739.300010338,-0.39,406.75761604799993,130.29,1869.2148284595903,0.0023160969847846,640.4,1668065.0,2.6047236102435978,127800.0
2021-07-30,37067.0,0,37567.0,37567.0,38067.0,0.0,37527.0,36665.3,364.69165057620876,4,7,43633.5,22965.0,16370,0.016139044072005,0.1431564245810055,739.800010418,-0.39,408.978329568,130.29,1869.2148284595903,0.0023160969847846,640.4,1668065.0,2.6047236102435978,127800.0
2021-08-02,36267.0,0,37067.0,37567.0,37567.0,-0.013309553597572354,37527.0,36795.3,364.69165057620876,0,8,41332.95,22950.0,16370,0.016139044072005,0.1431564245810055,760.2400111579999,-0.3,436.682303588,130.29,1869.2148284595903,0.0023160969847846,640.4,1668065.0,2.6047236102435978,127800.0
2021-08-03,36167.0,0,36267.0,37067.0,37567.0,-0.02158253972536217,37307.0,36835.3,680.4410334481597,1,8,40529.7,22950.0,16370,0.016139044072005,0.1431564245810055,768.960010778,-0.3,447.977191948,130.29,1869.2148284595903,0.0023160969847846,640.4,1668065.0,2.6047236102435978,127800.0
2021-08-04,36567.0,0,36167.0,36267.0,37067.0,-0.0027573275980918854,36927.0,36905.3,680.4410334481597,2,8,41011.65,22950.0,16370,0.016139044072005,0.1431564245810055,773.4200108179999,-0.3,454.990394448,130.29,1869.2148284595903,0.0023160969847846,640.4,1668065.0,2.6047236102435978,127800.0
2021-08-05,36567.0,0,36567.0,36167.0,36267.0,0.011059805900406339,36727.0,36987.0,585.6620185738525,3,8,41002.715,22945.0,16370,0.016139044072005,0.1431564245810055,782.100010118,-0.3,465.748355408,130.29,1869.2148284595903,0.0023160969847846,640.4,1668065.0,2.6047236102435978,127800.0
2021-08-06,36467.0,0,36567.0,36567.0,36167.0,0.0,36527.0,37027.0,350.713558335003,4,8,40871.952,22936.0,16370,0.016139044072005,0.1431564245810055,784.660010018,-0.3,471.146856188,128.04,1941.580756013746,0.0387146123882358,640.4,1668065.0,2.6047236102435978,127800.0
2021-08-09,36067.0,0,36467.0,36567.0,36567.0,-0.0027347061558236074,36407.0,36967.0,181.6590212458482,0,8,40213.958,22927.0,16370,0.016139044072005,0.1431564245810055,791.300010148,-0.3,481.725363598,128.04,1941.580756013746,0.0387146123882358,640.4,1668065.0,2.6047236102435978,127800.0
2021-08-10,36767.0,0,36067.0,36467.0,36567.0,-0.010968821125949435,36367.0,36837.0,234.5207879911705,1,8,41196.225,22925.0,16370,0.016139044072005,0.1431564245810055,791.940010248,-0.3,482.786022998,128.04,1941.580756013746,0.0387146123882358,640.4,1668065.0,2.6047236102435978,127800.0
2021-08-11,37367.0,0,36767.0,36067.0,36467.0,0.019408323398120153,36487.0,36707.0,258.8435821108948,2,8,42638.481,22887.0,16170,0.0037243947858474,0.1291899441340782,793.760010488,-0.3,485.208776798,128.04,1941.580756013746,0.0387146123882358,640.4,1668065.0,2.6047236102435978,127800.0
2021-08-12,37467.0,0,37367.0,36767.0,36067.0,0.016318981695542245,36647.0,36687.0,476.4451699828633,3,8,42515.976,22809.0,16170,0.0037243947858474,0.1291899441340782,787.9400096879999,-0.3,479.686399258,128.04,1941.580756013746,0.0387146123882358,640.4,1668065.0,2.6047236102435978,127800.0
2021-08-13,37367.0,0,37467.0,37367.0,36767.0,0.002676158107421056,36827.0,36677.0,594.1380311005175,4,8,42280.47,22805.0,16170,0.0037243947858474,0.1291899441340782,798.260009508,-0.3,491.715212238,128.04,1941.580756013746,0.0387146123882358,640.4,1668065.0,2.6047236102435978,127800.0
2021-08-16,37067.0,0,37367.0,37467.0,37367.0,-0.0026690154002189104,37007.0,36707.0,594.1380311005175,0,8,41915.88,22830.0,16170,0.0037243947858474,0.1291899441340782,793.2000092679999,-0.3,489.478640818,128.04,1941.580756013746,0.0387146123882358,640.4,1668065.0,2.6047236102435978,127800.0
2021-08-17,37467.0,0,37067.0,37367.0,37467.0,-0.008028474322262946,37207.0,36787.0,288.09720581775787,1,8,42303.99,22830.0,16170,0.0037243947858474,0.1291899441340782,766.500008188,-0.3,462.271186718,128.04,1941.580756013746,0.0387146123882358,640.4,1668065.0,2.6047236102435978,127800.0
2021-08-18,37367.0,0,37467.0,37067.0,37367.0,0.010791269862681085,37347.0,36917.0,164.3167672515484,2,8,42121.35,22830.0,16170,0.0037243947858474,0.1291899441340782,765.2000082879999,-0.3,460.971269898,128.04,1941.580756013746,0.0387146123882358,640.4,1668065.0,2.6047236102435978,127800.0
2021-08-19,37667.0,0,37367.0,37467.0,37067.0,-0.0026690154002189104,37347.0,36997.0,164.3167672515484,3,8,42808.739,22807.0,16170,0.0037243947858474,0.1291899441340782,762.140008408,-0.3,457.262333378,128.04,1941.580756013746,0.0387146123882358,640.4,1668065.0,2.6047236102435978,127800.0
2021-08-20,37367.0,0,37667.0,37367.0,37467.0,0.008028474322262946,37387.0,37107.0,216.79483388678693,4,8,42498.756,22812.0,16170,0.0037243947858474,0.1291899441340782,769.160008268,-0.3,463.199912438,128.04,1941.580756013746,0.0387146123882358,640.4,1668065.0,2.6047236102435978,127800.0
2021-08-23,39200.0,1,37367.0,37667.0,37367.0,-0.007964531287333765,37387.0,37197.0,216.79483388678693,0,8,42947.24,22820.0,16170,0.0037243947858474,0.1291899441340782,714.320009008,-0.3,404.039200958,128.04,1941.580756013746,0.0387146123882358,640.4,1668065.0,2.6047236102435978,127800.0
2021-08-24,39200.0,0,39200.0,37367.0,37667.0,0.049053978109026675,37813.6,37510.3,784.6386429433617,1,8,43641.4,22825.0,16170,0.0037243947858474,0.1291899441340782,710.280007968,-0.3,398.979628418,128.04,1941.580756013746,0.0387146123882358,640.4,1668065.0,2.6047236102435978,127800.0
2021-08-25,39200.0,0,39200.0,39200.0,37367.0,0.0,38160.2,37753.6,957.0719408696514,2,8,44978.22,22820.0,16170,0.0037243947858474,0.1291899441340782,707.260007428,-0.3,396.583674718,128.04,1941.580756013746,0.0387146123882358,640.4,1668065.0,2.6047236102435978,127800.0
2021-08-26,38350.0,0,39200.0,39200.0,39200.0,0.0,38526.8,37936.9,927.8990785640437,3,8,44964.67,22790.0,15660,-0.0526315789473684,0.0602572782667569,720.960006328,-0.3,411.860592558,128.04,1941.580756013746,0.0387146123882358,640.4,1668065.0,2.6047236102435978,127800.0
2021-08-27,39600.0,0,38350.0,39200.0,39200.0,-0.02168367346938771,38663.4,38025.2,812.8178147654005,4,8,45433.29,22785.0,15660,-0.0526315789473684,0.0602572782667569,734.040005888,-0.3,425.762176618,128.04,1941.580756013746,0.0387146123882358,640.4,1668065.0,2.6047236102435978,127800.0
2021-08-30,39450.0,0,39600.0,38350.0,39200.0,0.0325945241199479,39110.0,38248.5,458.8027898781787,0,8,45988.202,22789.0,15660,-0.0526315789473684,0.0602572782667569,763.040006888,-0.3,456.466471398,128.04,1941.580756013746,0.0387146123882358,640.4,1668065.0,2.6047236102435978,127800.0
2021-08-31,39450.0,0,39450.0,39600.0,38350.0,-0.0037878787878787845,39160.0,38486.8,483.9938016132027,1,8,45959.95,22775.0,15660,-0.0526315789473684,0.0602572782667569,768.2000067079999,-0.3,461.881183878,128.04,1941.580756013746,0.0387146123882358,640.4,1668065.0,2.6047236102435978,127800.0
2021-09-01,39647.8,0,39450.0,39450.0,39600.0,0.0,39210.0,38685.1,501.7469481720843,2,9,46142.15,22775.0,15660,-0.0526315789473684,0.0602572782667569,773.740006728,-0.35,467.332912938,128.04,1941.580756013746,0.0387146123882358,640.4,1668065.0,2.6047236102435978,127800.0
2021-09-02,39850.0,0,39647.8,39450.0,39450.0,0.005013941698352342,39299.56,38913.18,538.1597978296047,3,9,47022.16,22760.0,15660,-0.0526315789473684,0.0602572782667569,789.540005608,-0.35,483.923984218,128.04,1941.580756013746,0.0387146123882358,640.4,1668065.0,2.6047236102435978,127800.0
2021-09-03,39650.0,0,39850.0,39647.8,39450.0,0.005099904660536003,39599.56,39131.479999999996,165.6682468066913,4,9,46794.56,22760.0,15660,-0.0526315789473684,0.0602572782667569,787.180005808,-0.35,481.362510818,128.04,1941.580756013746,0.0387146123882358,640.4,1668065.0,2.6047236102435978,127800.0
2021-09-06,39600.0,0,39650.0,39850.0,39647.8,-0.005018820577164407,39609.56,39359.78,167.20337317172414,0,9,46862.84,22760.0,15660,-0.0526315789473684,0.0602572782667569,822.020006528,-0.35,516.370665798,122.3,1921.9950940310712,-0.0100874825432891,640.4,1668065.0,2.6047236102435978,127800.0
2021-09-07,39816.5,0,39600.0,39650.0,39850.0,-0.0012610340479193294,39639.56,39399.78,143.14317308206847,1,9,47386.32,22760.0,15660,-0.0526315789473684,0.0602572782667569,827.340006728,-0.35,521.702220538,122.3,1921.9950940310712,-0.0100874825432891,640.4,1668065.0,2.6047236102435978,127800.0
2021-09-08,39816.5,0,39816.5,39600.0,39650.0,0.005467171717171704,39712.86,39461.43,112.32785941164971,2,9,47837.316,22758.0,15660,-0.0526315789473684,0.0602572782667569,831.740004868,-0.35,525.4594591179999,122.3,1921.9950940310712,-0.0100874825432891,640.4,1668065.0,2.6047236102435978,127800.0
2021-09-09,39516.5,0,39816.5,39816.5,39600.0,0.0,39746.6,39523.08,113.23283534383245,3,9,47289.046,22757.0,15660,-0.0526315789473684,0.0602572782667569,835.3200042679999,-0.35,529.051991158,122.3,1921.9950940310712,-0.0100874825432891,640.4,1668065.0,2.6047236102435978,127800.0
2021-09-10,38666.5,0,39516.5,39816.5,39816.5,-0.007534564816093825,39679.9,39639.729999999996,133.50720954316847,4,9,46668.25,22765.0,16020,-0.0213805742211362,0.0846310088016248,831.820004488,-0.35,525.556860948,122.3,1921.9950940310712,-0.0100874825432891,640.4,1668065.0,2.6047236102435978,127800.0
2021-09-13,40516.5,1,38666.5,39516.5,39816.5,-0.021510002151000185,39483.2,39546.38,475.3755883509404,0,9,46606.336,22757.0,16020,-0.0213805742211362,0.0846310088016248,896.120005088,-0.35,594.49686322,122.3,1921.9950940310712,-0.0100874825432891,640.4,1668065.0,2.6047236102435978,127800.0
2021-09-14,39116.5,0,40516.5,38666.5,39516.5,0.047845033814800875,39666.5,39653.03,668.9544080129846,1,9,46815.263,22759.0,16020,-0.0213805742211362,0.0846310088016248,898.760005228,-0.35,596.93089312,122.3,1921.9950940310712,-0.0100874825432891,640.4,1668065.0,2.6047236102435978,127800.0
2021-09-15,39316.5,0,39116.5,40516.5,38666.5,-0.034553823750817614,39526.5,39619.68,702.1395872616803,2,9,46951.817,22759.0,16020,-0.0213805742211362,0.0846310088016248,897.180005068,-0.35,595.1712259000001,122.3,1921.9950940310712,-0.0100874825432891,640.4,1668065.0,2.6047236102435978,127800.0
2021-09-16,39716.5,0,39316.5,39116.5,40516.5,0.005112931882965022,39426.5,39586.55,685.9300255857027,3,9,47382.156,22758.0,16020,-0.0213805742211362,0.0846310088016248,893.920005088,-0.35,591.8399453999999,122.3,1921.9950940310712,-0.0100874825432891,640.4,1668065.0,2.6047236102435978,127800.0
2021-09-17,39816.5,0,39716.5,39316.5,39116.5,0.010173845586458619,39466.5,39573.2,698.212002188449,4,9,47940.571,22753.0,16020,-0.0213805742211362,0.0846310088016248,900.4200045480001,-0.35,598.32439382,122.3,1921.9950940310712,-0.0100874825432891,640.4,1668065.0,2.6047236102435978,127800.0
2021-09-20,40516.5,0,39816.5,39716.5,39316.5,0.002517845228053872,39696.5,39589.85,540.3702434442544,0,9,48978.27,22770.0,16020,-0.0213805742211362,0.0846310088016248,916.620005118,-0.35,617.29655913,122.3,1921.9950940310712,-0.0100874825432891,640.4,1668065.0,2.6047236102435978,127800.0
2021-09-21,40416.5,0,40516.5,39816.5,39716.5,0.01758065123755226,39696.5,39681.5,540.3702434442544,1,9,48998.888,22769.0,16020,-0.0213805742211362,0.0846310088016248,938.240001718,-0.35,639.6445861899999,122.3,1921.9950940310712,-0.0100874825432891,640.4,1668065.0,2.6047236102435978,127800.0
2021-09-22,40416.5,0,40416.5,40516.5,39816.5,-0.0024681302679155914,39956.5,39741.5,502.9910535983743,2,9,49150.8,22755.0,16020,-0.0213805742211362,0.0846310088016248,957.12000291,-0.35,659.518189622,122.3,1921.9950940310712,-0.0100874825432891,640.4,1668065.0,2.6047236102435978,127800.0
2021-09-23,40016.5,0,40416.5,40416.5,40516.5,0.0,40176.5,39801.5,378.15340802378427,3,9,48751.92,22760.0,16020,-0.0213805742211362,0.0846310088016248,1002.78000623,-0.35,707.468470102,122.3,1921.9950940310712,-0.0100874825432891,640.4,1668065.0,2.6047236102435978,127800.0
2021-09-24,40016.5,0,40016.5,40416.5,40416.5,-0.009896948028651709,40236.5,39851.5,303.3150177620664,4,9,48847.252,22762.0,16020,-0.0213805742211362,0.0846310088016248,1037.86000697,-0.35,745.0461450019999,122.3,1921.9950940310712,-0.0100874825432891,640.4,1668065.0,2.6047236102435978,127800.0
2021-09-27,40216.5,0,40016.5,40016.5,40416.5,0.0,40276.5,39986.5,240.83189157585147,0,9,48888.48,22760.0,16580,0.0253555967841683,0.0738341968911917,1054.34000827,-0.35,762.524299262,122.3,1921.9950940310712,-0.0100874825432891,640.4,1668065.0,2.6047236102435978,127800.0
2021-09-28,39816.5,0,40216.5,40016.5,40016.5,0.0049979383504303865,40216.5,39956.5,200.0000000000067,1,9,48150.09,22766.0,16580,0.0253555967841683,0.0738341968911917,1049.02000836,-0.35,756.156516052,122.3,1921.9950940310712,-0.0100874825432891,640.4,1668065.0,2.6047236102435978,127800.0
2021-09-29,40616.5,0,39816.5,40216.5,40016.5,-0.009946166374498078,40096.5,40026.5,228.03508501983347,2,9,48822.345,22761.0,16580,0.0253555967841683,0.0738341968911917,1050.56000836,-0.35,757.9783347319999,122.3,1921.9950940310712,-0.0100874825432891,640.4,1668065.0,2.6047236102435978,127800.0
2021-09-30,39716.5,0,40616.5,39816.5,40216.5,0.020092172842916867,40136.5,40156.5,303.3150177620664,3,9,48008.83,22753.0,16580,0.0253555967841683,0.0738341968911917,1076.20000814,-0.35,783.783359272,122.3,1921.9950940310712,-0.0100874825432891,640.4,1668065.0,2.6047236102435978,127800.0
2021-10-01,39883.2,0,39716.5,40616.5,39816.5,-0.022158482390161605,40076.5,40156.5,357.7708763999701,4,10,48207.25,22750.0,16580,0.0253555967841683,0.0738341968911917,1092.4400094,-0.45,801.234670352,122.3,1921.9950940310712,-0.0100874825432891,640.4,1668065.0,2.6047236102435978,127800.0
2021-10-04,40316.5,0,39883.2,39716.5,40616.5,0.004197247995165743,40049.840000000004,40163.17,368.17492853262394,0,10,49177.877,22757.0,16580,0.0253555967841683,0.0738341968911917,1106.34001018,-0.45,812.753417392,122.3,1921.9950940310712,-0.0100874825432891,640.4,1668065.0,2.6047236102435978,127800.0
2021-10-05,40016.5,0,40316.5,39883.2,39716.5,0.010864223532715656,40069.840000000004,40143.17,381.94996792774174,1,10,48699.98,22757.0,16580,0.0253555967841683,0.0738341968911917,1087.50001042,-0.45,792.816664012,122.3,1921.9950940310712,-0.0100874825432891,640.4,1668065.0,2.6047236102435978,127800.0
2021-10-06,39616.5,0,40016.5,40316.5,39883.2,-0.007441122121215837,40109.840000000004,40103.17,358.5411803405618,2,10,47988.186,22754.0,16580,0.0253555967841683,0.0738341968911917,1107.1200108199998,-0.45,813.5266235720001,111.7,2012.085944494181,0.0468736110424501,640.4,1668065.0,2.6047236102435978,127800.0
2021-10-07,39666.5,0,39616.5,40016.5,40316.5,-0.009995876700860884,39909.840000000004,40023.17,274.2658892388945,3,10,48139.0,22750.0,16580,0.0253555967841683,0.0738341968911917,1112.98001044,-0.45,820.790007586,111.7,2012.085944494181,0.0468736110424501,640.4,1668065.0,2.6047236102435978,127800.0
2021-10-08,39716.5,0,39666.5,39616.5,40016.5,0.0012621003874648817,39899.840000000004,39988.17,283.8226171396519,4,10,48139.0,22750.0,16580,0.0253555967841683,0.0738341968911917,1117.36001006,-0.45,827.3775026259999,111.7,2012.085944494181,0.0468736110424501,640.4,1668065.0,2.6047236102435978,127800.0
2021-10-11,39966.5,0,39716.5,39666.5,39616.5,0.0012605094979389886,39866.5,39958.17,295.80398915498324,0,10,48153.812,22757.0,17540,0.0948813982521847,0.0887647423960273,1114.84001056,-0.45,830.056016686,111.7,2012.085944494181,0.0468736110424501,640.4,1668065.0,2.6047236102435978,127800.0
2021-10-12,39466.5,0,39966.5,39716.5,39666.5,0.00629461307013468,39796.5,39933.17,182.34582528810864,1,10,47866.0,22750.0,17540,0.0948813982521847,0.0887647423960273,1122.22001152,-0.45,838.404076846,111.7,2012.085944494181,0.0468736110424501,640.4,1668065.0,2.6047236102435978,127800.0
2021-10-13,39866.5,0,39466.5,39966.5,39716.5,-0.012510477524927177,39686.5,39898.17,182.34582528810864,2,10,48950.307,22757.0,17540,0.0948813982521847,0.0887647423960273,1121.18001026,-0.45,839.116245286,111.7,2012.085944494181,0.0468736110424501,640.4,1668065.0,2.6047236102435978,127800.0
2021-10-14,40216.5,0,39866.5,39466.5,39966.5,0.01013517793571772,39736.5,39823.17,192.35384061671718,3,10,48768.251,22757.0,17540,0.0948813982521847,0.0887647423960273,1120.2600104199998,-0.45,838.683710026,111.7,2012.085944494181,0.0468736110424501,640.4,1668065.0,2.6047236102435978,127800.0
2021-10-15,40216.5,0,40216.5,39866.5,39466.5,0.008779300916809785,39846.5,39873.17,279.73201461398986,4,10,48813.765,22757.0,17540,0.0948813982521847,0.0887647423960273,1127.8000101399998,-0.45,847.3556886060001,111.7,2012.085944494181,0.0468736110424501,640.4,1668065.0,2.6047236102435978,127800.0
2021-10-18,40416.5,0,40216.5,40216.5,39866.5,0.0,39946.5,39906.5,309.43496893531835,0,10,48269.718,22758.0,17540,0.0948813982521847,0.0887647423960273,1145.04000568,-0.45,864.113866846,111.7,2012.085944494181,0.0468736110424501,640.4,1668065.0,2.6047236102435978,127800.0
2021-10-19,39816.5,0,40416.5,40216.5,40216.5,0.004973083187248983,40036.5,39916.5,375.1666296460833,1,10,48133.17,22758.0,17540,0.0948813982521847,0.0887647423960273,1140.8200057200002,-0.45,859.419295846,111.7,2012.085944494181,0.0468736110424501,640.4,1668065.0,2.6047236102435978,127800.0
2021-10-20,39800.0,0,39816.5,40416.5,40216.5,-0.014845422042977452,40106.5,39896.5,255.9296778413974,2,10,48240.6,22755.0,17540,0.0948813982521847,0.0887647423960273,1139.88000564,-0.45,857.479593906,111.7,2012.085944494181,0.0468736110424501,640.4,1668065.0,2.6047236102435978,127800.0
2021-10-21,39916.5,0,39800.0,39816.5,40416.5,-0.000414401064885106,40093.2,39914.85,272.69845984163754,3,10,48490.905,22755.0,17540,0.0948813982521847,0.0887647423960273,1127.78000484,-0.45,843.950123906,111.7,2012.085944494181,0.0468736110424501,640.4,1668065.0,2.6047236102435978,127800.0
2021-10-22,40116.5,0,39916.5,39800.0,39816.5,0.002927135678391979,40033.2,39939.85,271.78934857716735,4,10,48571.25,22750.0,17540,0.0948813982521847,0.0887647423960273,1119.82000426,-0.45,834.8946709659999,111.7,2012.085944494181,0.0468736110424501,640.4,1668065.0,2.6047236102435978,127800.0
2021-10-25,40416.5,0,40116.5,39916.5,39800.0,0.005010459333859352,40013.2,39979.85,258.2720464936167,0,10,48716.314,22754.0,17540,0.0948813982521847,0.0887647423960273,1104.28000232,-0.45,822.3052842860001,111.7,2012.085944494181,0.0468736110424501,640.4,1668065.0,2.6047236102435978,127800.0
2021-10-26,40383.5,0,40416.5,40116.5,39916.5,0.007478219685167042,40013.2,40024.85,258.2720464936167,1,10,49925.275,22745.0,18710,0.1284680337756332,0.1318814277071991,1103.92000222,-0.45,822.857543216,111.7,2012.085944494181,0.0468736110424501,640.4,1668065.0,2.6047236102435978,127800.0
2021-10-27,41916.5,0,40383.5,40416.5,40116.5,-0.0008164982123637365,40126.6,40116.55,274.29509656572645,2,10,51658.39,22757.0,18710,0.1284680337756332,0.1318814277071991,1131.59999986,-0.45,852.151567416,111.7,2012.085944494181,0.0468736110424501,640.4,1668065.0,2.6047236102435978,127800.0
2021-10-28,41883.0,0,41916.5,40383.5,40416.5,0.03796104844800485,40549.9,40321.55,790.9031546276705,3,10,49992.735,22755.0,18710,0.1284680337756332,0.1318814277071991,1128.339999856,-0.45,848.021589872,111.7,2012.085944494181,0.0468736110424501,640.4,1668065.0,2.6047236102435978,127800.0
2021-10-29,39800.0,0,41883.0,41916.5,40383.5,-0.0007992079491370152,40943.2,40488.2,881.0003972757341,4,10,49526.75,22750.0,18710,0.1284680337756332,0.1318814277071991,1125.879999936,-0.45,845.367448212,111.7,2012.085944494181,0.0468736110424501,640.4,1668065.0,2.6047236102435978,127800.0
2021-11-01,40943.5,0,39800.0,41883.0,41916.5,-0.049733782202803,40879.9,40446.55,962.8195183937655,0,11,50368.5,22750.0,18710,0.1284680337756332,0.1318814277071991,1111.719999546,-0.63,830.955173482,111.7,2012.085944494181,0.0468736110424501,640.4,1668065.0,2.6047236102435978,127800.0
2021-11-02,40916.5,0,40943.5,39800.0,41883.0,0.028731155778894513,40985.3,40499.25,927.610545972825,1,11,51619.75,22750.0,18710,0.1284680337756332,0.1318814277071991,1106.819999506,-0.63,824.4572111619999,111.7,2012.085944494181,0.0468736110424501,640.4,1668065.0,2.6047236102435978,127800.0
2021-11-03,41783.5,0,40916.5,40943.5,39800.0,-0.000659445333203057,41091.9,40609.25,869.9996695401683,2,11,50819.032,22748.0,18710,0.1284680337756332,0.1318814277071991,1097.600000206,-0.63,814.581656622,111.7,2012.085944494181,0.0468736110424501,640.4,1668065.0,2.6047236102435978,127800.0
2021-11-04,41316.5,0,41783.5,40916.5,40943.5,0.021189495680226766,41065.3,40807.6,840.0007886901069,3,11,50771.304,22747.0,18710,0.1284680337756332,0.1318814277071991,1095.080000326,-0.63,810.964094222,111.7,2012.085944494181,0.0468736110424501,640.4,1668065.0,2.6047236102435978,127800.0
2021-11-05,40616.5,0,41316.5,41783.5,40916.5,-0.011176660643555492,40952.0,40947.6,733.6022423629868,4,11,49986.72,22680.0,18710,0.1284680337756332,0.1318814277071991,1092.280000226,-0.63,808.0276000219999,111.7,2012.085944494181,0.0468736110424501,640.4,1668065.0,2.6047236102435978,127800.0
2021-11-08,40216.5,0,40616.5,41316.5,41783.5,-0.01694238379339974,41115.3,40997.6,448.55623950626625,0,11,49465.08,22680.0,18710,0.1284680337756332,0.1318814277071991,1084.960000266,-0.63,799.7106253019999,100.34,2093.0835160454453,0.0402555227687484,640.4,1668065.0,2.6047236102435978,127800.0
2021-11-09,40016.5,0,40216.5,40616.5,41316.5,-0.009848214395627441,40969.9,40977.6,607.7481386232319,1,11,49081.56,22660.0,18710,0.1284680337756332,0.1318814277071991,1079.360000126,-0.63,794.973935142,100.34,2093.0835160454453,0.0402555227687484,640.4,1668065.0,2.6047236102435978,127800.0
2021-11-10,40716.5,0,40016.5,40216.5,40616.5,-0.004973083187248983,40789.9,40940.9,745.2434501557215,2,11,50445.612,22662.0,18710,0.1284680337756332,0.142944410507025,1084.780000746,-0.63,802.099650702,100.34,2093.0835160454453,0.0402555227687484,640.4,1668065.0,2.6047236102435978,127800.0
2021-11-11,40416.5,0,40716.5,40016.5,40216.5,0.017492784226506464,40576.5,40820.9,502.9910535983754,3,11,50191.9,22660.0,18710,0.1284680337756332,0.142944410507025,1084.340000956,-0.63,803.141000822,100.34,2093.0835160454453,0.0402555227687484,640.4,1668065.0,2.6047236102435978,127800.0
2021-11-12,41316.5,0,40416.5,40716.5,40016.5,-0.007368020335736136,40396.5,40674.25,286.3564212655337,4,11,51902.34,22645.0,18710,0.1284680337756332,0.142944410507025,1087.220000896,-0.63,806.258275982,100.34,2093.0835160454453,0.0402555227687484,640.4,1668065.0,2.6047236102435978,127800.0
2021-11-15,40816.5,0,41316.5,40416.5,40716.5,0.02226813306446629,40536.5,40825.9,506.9516742254668,0,11,51551.28,22640.0,18710,0.1284680337756332,0.142944410507025,1106.900001916,-0.63,831.806027182,100.34,2093.0835160454453,0.0402555227687484,640.4,1668065.0,2.6047236102435978,127800.0
2021-11-16,40616.5,0,40816.5,41316.5,40416.5,-0.012101702709571227,40656.5,40813.2,482.7007354458907,1,11,51268.28,22645.0,18710,0.1284680337756332,0.142944410507025,1107.000001816,-0.63,834.127707082,100.34,2093.0835160454453,0.0402555227687484,640.4,1668065.0,2.6047236102435978,127800.0
2021-11-17,40316.5,0,40616.5,40816.5,41316.5,-0.0048999791750885535,40776.5,40783.2,336.15472627943785,2,11,50668.05,22650.0,18710,0.1284680337756332,0.142944410507025,1103.3600019859998,-0.63,831.427389232,100.34,2093.0835160454453,0.0402555227687484,640.4,1668065.0,2.6047236102435978,127800.0
2021-11-18,40716.5,0,40316.5,40616.5,40816.5,-0.007386160796720498,40696.5,40636.5,396.23225512318373,3,11,51093.888,22648.0,18710,0.1284680337756332,0.142944410507025,1089.780001846,-0.63,818.951141992,100.34,2093.0835160454453,0.0402555227687484,640.4,1668065.0,2.6047236102435978,127800.0
2021-11-19,40116.5,0,40716.5,40316.5,40616.5,0.00992149616162119,40756.5,40576.5,364.69165057621456,4,11,50101.8,22650.0,18710,0.1284680337756332,0.142944410507025,1088.0200018459998,-0.63,817.7301762919999,100.34,2093.0835160454453,0.0402555227687484,640.4,1668065.0,2.6047236102435978,127800.0
2021-11-22,40416.5,0,40116.5,40716.5,40316.5,-0.014736040671472272,40516.5,40526.5,291.5475947422715,0,11,50864.965,22657.0,18710,0.1284680337756332,0.142944410507025,1064.020001806,-0.63,794.955308592,100.34,2093.0835160454453,0.0402555227687484,640.4,1668065.0,2.6047236102435978,127800.0
2021-11-23,40766.5,0,40416.5,40116.5,40716.5,0.007478219685167042,40436.5,40546.5,238.74672772627437,1,11,51030.17,22670.0,18710,0.1284680337756332,0.142944410507025,1056.140001746,-0.63,787.153232652,100.34,2093.0835160454453,0.0402555227687484,640.4,1668065.0,2.6047236102435978,127800.0
2021-11-24,41416.5,0,40766.5,40416.5,40116.5,0.008659829525070162,40466.5,40621.5,273.86127875258995,2,11,52084.475,22675.0,18710,0.1284680337756332,0.142944410507025,1041.180002746,-0.63,771.573980052,100.34,2093.0835160454453,0.0402555227687484,640.4,1668065.0,2.6047236102435978,127800.0
2021-11-25,40966.5,0,41416.5,40766.5,40416.5,0.015944464204677766,40686.5,40691.5,484.252000512134,3,11,51733.08,22680.0,18380,0.047890535917902,0.1366728509585653,1024.060003346,-0.63,755.061466352,100.34,2093.0835160454453,0.0402555227687484,640.4,1668065.0,2.6047236102435978,127800.0
2021-11-26,40866.5,0,40966.5,41416.5,40766.5,-0.010865234870160445,40736.5,40746.5,500.74943834217504,4,11,50508.76,22670.0,18380,0.047890535917902,0.1366728509585653,1005.660003286,-0.63,736.830403292,100.34,2093.0835160454453,0.0402555227687484,640.4,1668065.0,2.6047236102435978,127800.0
2021-11-29,41133.0,0,40866.5,40966.5,41416.5,-0.0024410188812810096,40886.5,40701.5,361.5936946352961,0,11,50730.686,22678.0,18380,0.047890535917902,0.1366728509585653,1028.680002786,-0.63,766.1464556599999,100.34,2093.0835160454453,0.0402555227687484,640.4,1668065.0,2.6047236102435978,127800.0
2021-11-30,40366.5,0,41133.0,40866.5,40966.5,0.006521233773383983,41029.8,40733.15,255.04303558420037,1,11,49849.93,22690.0,18380,0.047890535917902,0.1366728509585653,1028.800003106,-0.63,767.8624674,100.34,2093.0835160454453,0.0402555227687484,640.4,1668065.0,2.6047236102435978,127800.0
2021-12-01,40751.5,0,40366.5,41133.0,40866.5,-0.01863467289038001,40949.8,40708.15,386.91982373613786,2,12,49913.6,22688.0,18380,0.047890535917902,0.1366728509585653,1010.240004166,-0.76,749.0493329999999,100.34,2093.0835160454453,0.0402555227687484,640.4,1668065.0,2.6047236102435978,219600.0
2021-12-02,40866.5,0,40751.5,40366.5,41133.0,0.009537611633408938,40816.8,40751.65,288.0524257839264,3,12,51165.63,22710.0,18380,0.047890535917902,0.1366728509585653,1002.080004166,-0.76,740.4844974,100.34,2093.0835160454453,0.0402555227687484,640.4,1668065.0,2.6047236102435978,219600.0
2021-12-03,41166.5,0,40866.5,40751.5,40366.5,0.002821982012932045,40796.8,40766.65,278.3688200930638,4,12,51483.45,22730.0,18380,0.047890535917902,0.1366728509585653,983.180003166,-0.76,720.61274592,100.34,2093.0835160454453,0.0402555227687484,640.4,1668065.0,2.6047236102435978,219600.0
2021-12-06,41566.5,0,41166.5,40866.5,40751.5,0.007340976105122854,40856.8,40871.65,325.49070647255706,0,12,52463.34,22830.0,18380,0.047890535917902,0.1366728509585653,931.000003896,-0.76,666.02311349,91.62,2188.495961580441,0.0455846337728857,640.4,1668065.0,2.6047236102435978,219600.0
2021-12-07,41866.5,0,41566.5,41166.5,40866.5,0.009716638528900923,40943.5,40986.65,450.9933480662487,1,12,53291.3,23020.0,18380,0.047890535917902,0.1366728509585653,912.920004356,-0.76,647.6352564099999,91.62,2188.495961580441,0.0455846337728857,640.4,1668065.0,2.6047236102435978,219600.0
2021-12-08,40916.5,0,41866.5,41566.5,41166.5,0.0072173505106274405,41243.5,41096.65,469.728645070752,2,12,52438.11,23070.0,18380,0.047890535917902,0.1366728509585653,899.800004356,-0.76,633.7734002699999,91.62,2188.495961580441,0.0455846337728857,640.4,1668065.0,2.6047236102435978,219600.0
2021-12-09,40966.5,0,40916.5,41866.5,41566.5,-0.022691173133650988,41276.5,41046.65,430.69710934716585,3,12,52601.4,22920.0,18380,0.047890535917902,0.1366728509585653,888.320004536,-0.76,620.08996425,91.62,2188.495961580441,0.0455846337728857,640.4,1668065.0,2.6047236102435978,219600.0
2021-12-10,41166.5,0,40966.5,40916.5,41866.5,0.0012220009042807067,41296.5,41046.65,408.65633483405657,4,12,52991.88,22980.0,17330,-0.073757349011224,0.0817727840199751,849.860004136,-0.76,578.878654198,91.62,2188.495961580441,0.0455846337728857,640.4,1668065.0,2.6047236102435978,219600.0
2021-12-13,41166.5,0,41166.5,40966.5,40916.5,0.004882037762562019,41296.5,41076.65,408.65633483405657,0,12,52750.275,23025.0,17330,-0.073757349011224,0.0817727840199751,796.160003536,-0.76,522.9985195979999,91.62,2188.495961580441,0.0455846337728857,640.4,1668065.0,2.6047236102435978,219600.0
2021-12-14,41166.5,0,41166.5,41166.5,40966.5,0.0,41216.5,41080.0,380.7886552932014,1,12,52543.825,22975.0,17330,-0.073757349011224,0.0817727840199751,788.3800037359999,-0.76,515.9816896379999,91.62,2188.495961580441,0.0455846337728857,640.4,1668065.0,2.6047236102435978,219600.0
2021-12-15,41466.5,0,41166.5,41166.5,41166.5,0.0,41076.5,41160.0,124.49899597990556,2,12,52831.0,23000.0,17330,-0.073757349011224,0.0817727840199751,784.7800037159999,-0.76,513.0416805379999,91.62,2188.495961580441,0.0455846337728857,640.4,1668065.0,2.6047236102435978,219600.0
2021-12-16,41466.5,0,41466.5,41166.5,41166.5,0.007287478896675692,41186.5,41231.5,178.88543819999586,3,12,53038.09,23030.0,17330,-0.073757349011224,0.0817727840199751,772.4200038959999,-0.76,500.689149618,91.62,2188.495961580441,0.0455846337728857,640.4,1668065.0,2.6047236102435978,219600.0
2021-12-17,40866.5,0,41466.5,41466.5,41166.5,0.0,41286.5,41291.5,164.31676725156365,4,12,52854.01,22990.0,17330,-0.073757349011224,0.0817727840199751,769.4600040659999,-0.76,497.355069408,91.62,2188.495961580441,0.0455846337728857,640.4,1668065.0,2.6047236102435978,219600.0
2021-12-20,41166.5,0,40866.5,41466.5,41466.5,-0.014469511533406476,41226.5,41261.5,250.99800796023172,0,12,53612.34,22980.0,17330,-0.073757349011224,0.0817727840199751,716.9200070740001,-0.76,444.460868116,91.62,2188.495961580441,0.0455846337728857,640.4,1668065.0,2.6047236102435978,219600.0
2021-12-21,40866.5,0,41166.5,40866.5,41466.5,0.007340976105122854,41226.5,41221.5,250.99800796023172,1,12,52917.824,22928.0,17330,-0.073757349011224,0.0817727840199751,693.4200060740001,-0.76,420.700198296,91.62,2188.495961580441,0.0455846337728857,640.4,1668065.0,2.6047236102435978,219600.0
2021-12-22,40866.5,0,40866.5,41166.5,40866.5,-0.007287478896675692,41166.5,41121.5,300.00000000000756,2,12,53135.761,22933.0,17330,-0.073757349011224,0.0817727840199751,643.840002614,-0.76,369.258428576,91.62,2188.495961580441,0.0455846337728857,640.4,1668065.0,2.6047236102435978,219600.0
2021-12-23,41266.5,0,40866.5,40866.5,41166.5,0.0,41046.5,41116.5,268.3281572999832,3,12,53691.745,22955.0,17330,-0.073757349011224,0.0817727840199751,609.560001814,-0.76,333.210229236,91.62,2188.495961580441,0.0455846337728857,640.4,1668065.0,2.6047236102435978,219600.0
2021-12-24,41416.5,0,41266.5,40866.5,40866.5,0.009787968140163805,41006.5,41146.5,194.93588689619094,4,12,54001.35,22950.0,17330,-0.073757349011224,0.0817727840199751,593.720000604,-0.76,316.596857246,91.62,2188.495961580441,0.0455846337728857,640.4,1668065.0,2.6047236102435978,219600.0
2021-12-27,41066.5,0,41416.5,41266.5,40866.5,0.0036349096724945795,41116.5,41171.5,244.94897427832709,0,12,53742.52,22840.0,17570,-0.0440696409140369,0.0597104945717732,590.040000624,-0.76,315.763667066,91.62,2188.495961580441,0.0455846337728857,640.4,1668065.0,2.6047236102435978,219600.0
2021-12-28,41166.5,0,41066.5,41416.5,41266.5,-0.008450738232346988,41096.5,41161.5,243.92621835301867,1,12,53671.93,22810.0,17570,-0.0440696409140369,0.0597104945717732,586.400000644,-0.76,313.276332766,91.62,2188.495961580441,0.0455846337728857,640.4,1668065.0,2.6047236102435978,219600.0
2021-12-29,40966.5,0,41166.5,41066.5,41416.5,0.002435074817673799,41156.5,41161.5,207.36441353328814,2,12,53502.405,22835.0,17570,-0.0440696409140369,0.0597104945717732,556.420000644,-0.76,283.647777626,91.62,2188.495961580441,0.0455846337728857,640.4,1668065.0,2.6047236102435978,219600.0
2021-12-30,41166.5,0,40966.5,41166.5,41066.5,-0.004858319264450461,41176.5,41111.5,174.6424919657428,3,12,53946.48,22820.0,17570,-0.0440696409140369,0.0597104945717732,538.239999364,-0.76,265.488068826,91.62,2188.495961580441,0.0455846337728857,640.4,1668065.0,2.6047236102435978,219600.0
2021-12-31,41166.5,0,41166.5,40966.5,41166.5,0.004882037762562019,41156.5,41081.5,167.33200530682868,4,12,54021.345,22765.0,17570,-0.0440696409140369,0.0597104945717732,510.459999524,-0.76,237.302099266,91.62,2188.495961580441,0.0455846337728857,640.4,1668065.0,2.6047236102435978,219600.0
2022-01-03,40966.5,0,41166.5,41166.5,40966.5,0.0,41106.5,41111.5,89.44271910001697,0,1,54095.25,22825.0,17570,-0.0440696409140369,0.0597104945717732,485.259998424,-0.91,212.392218146,91.62,2188.495961580441,0.0455846337728857,640.4,1668065.0,2.6047236102435978,219600.0
2022-01-04,40966.5,0,40966.5,41166.5,41166.5,-0.004858319264450461,41086.5,41091.5,109.54451150105395,1,1,54095.25,22825.0,17570,-0.0440696409140369,0.0597104945717732,455.939998824,-0.91,180.423794846,91.62,2188.495961580441,0.0455846337728857,640.4,1668065.0,2.6047236102435978,219600.0
2022-01-05,40916.5,0,40966.5,40966.5,41166.5,0.0,41046.5,41101.5,109.54451150105395,2,1,53444.448,22752.0,17570,-0.0440696409140369,0.0597104945717732,441.079998484,-0.91,163.756315372,91.62,2188.495961580441,0.0455846337728857,640.4,1668065.0,2.6047236102435978,219600.0
2022-01-06,40616.5,0,40916.5,40966.5,40966.5,-0.0012205094406405603,41036.5,41106.5,120.41594578794181,3,1,52814.355,22755.0,17570,-0.0440696409140369,0.0597104945717732,433.659998874,-0.91,154.76788618199998,88.55,2288.085827216262,0.0455060769515431,640.4,1668065.0,2.6047236102435978,219600.0
2022-01-07,39966.5,0,40616.5,40916.5,40966.5,-0.007332005425684018,40926.5,41041.5,198.11612756160096,4,1,52472.715,22745.0,17570,-0.0440696409140369,0.0597104945717732,426.479998914,-0.91,145.79444052199997,88.55,2288.085827216262,0.0455060769515431,640.4,1668065.0,2.6047236102435978,219600.0
2022-01-10,40366.5,0,39966.5,40616.5,40916.5,-0.016003348392894523,40686.5,40896.5,428.07709586008514,0,1,52538.46,22685.0,17570,-0.0440696409140369,0.0597104945717732,385.579997634,-0.91,101.02021278199996,88.55,2288.085827216262,0.0455060769515431,640.4,1668065.0,2.6047236102435978,219600.0
2022-01-11,39766.5,0,40366.5,39966.5,40616.5,0.010008382019941697,40566.5,40826.5,413.8236339311767,1,1,51290.7,22695.0,18230,0.0519330640507789,0.0393386545039908,370.819998894,-0.91,83.56503014199998,88.55,2288.085827216262,0.0455060769515431,640.4,1668065.0,2.6047236102435978,219600.0
2022-01-12,39800.0,0,39766.5,40366.5,39966.5,-0.014863810337780059,40326.5,40686.5,468.2413907377311,2,1,51479.064,22698.0,18230,0.0519330640507789,0.0393386545039908,353.139998494,-0.91,64.31332128199998,88.55,2288.085827216262,0.0455060769515431,640.4,1668065.0,2.6047236102435978,219600.0
2022-01-13,39966.5,0,39800.0,39766.5,40366.5,0.0008424176128147831,40103.2,40569.85,373.09107467212914,3,1,51796.836,22698.0,18230,0.0519330640507789,0.0393386545039908,337.65999849400004,-0.91,47.104977341999984,88.55,2288.085827216262,0.0455060769515431,640.4,1668065.0,2.6047236102435978,219600.0
2022-01-14,39466.5,0,39966.5,39800.0,39766.5,0.004183417085427132,39973.2,40449.85,238.48364723813623,4,1,50802.27,22710.0,18230,0.0519330640507789,0.0393386545039908,320.819998494,-0.91,28.480695781999984,88.55,2288.085827216262,0.0455060769515431,640.4,1668065.0,2.6047236102435978,219600.0
2022-01-17,39266.5,0,39466.5,39966.5,39800.0,-0.012510477524927177,39873.2,40279.85,329.4684355139403,0,1,50597.88,22710.0,18230,0.0519330640507789,0.0393386545039908,273.000001574,-0.91,-23.384801398000008,88.55,2288.085827216262,0.0455060769515431,640.4,1668065.0,2.6047236102435978,219600.0
2022-01-18,39266.5,0,39266.5,39466.5,39966.5,-0.00506758896785886,39653.2,40109.85,281.48614530737143,1,1,50392.96,22720.0,18230,0.0519330640507789,0.0393386545039908,264.480001494,-0.91,-32.61100487800001,88.55,2288.085827216262,0.0455060769515431,640.4,1668065.0,2.6047236102435978,219600.0
2022-01-19,39166.5,0,39266.5,39266.5,39466.5,0.0,39553.2,39939.85,317.6624781115992,2,1,49936.25,22750.0,18230,0.0519330640507789,0.0393386545039908,259.880001494,-0.91,-37.58863121800001,88.55,2288.085827216262,0.0455060769515431,640.4,1668065.0,2.6047236102435978,219600.0
2022-01-20,39566.5,0,39166.5,39266.5,39266.5,-0.0025467001133281375,39426.5,39764.85,320.9361307176274,3,1,50507.5,22700.0,18230,0.0519330640507789,0.0393386545039908,254.640001474,-0.91,-43.15438005800001,88.55,2288.085827216262,0.0455060769515431,640.4,1668065.0,2.6047236102435978,219600.0
2022-01-21,39766.5,0,39566.5,39166.5,39266.5,0.010212809416210389,39346.5,39659.85,164.31676725155603,4,1,50430.415,22645.0,18900,0.0905943450663588,0.0775370581527936,247.020001774,-0.91,-52.82529207800001,88.55,2288.085827216262,0.0455060769515431,640.4,1668065.0,2.6047236102435978,219600.0
2022-01-24,39466.5,0,39766.5,39566.5,39166.5,0.005054781191159208,39406.5,39639.85,250.99800796022672,0,1,50069.125,22625.0,18900,0.0905943450663588,0.0775370581527936,232.580001422,-0.91,-71.6164152,88.55,2288.085827216262,0.0455060769515431,640.4,1668065.0,2.6047236102435978,219600.0
2022-01-25,39366.5,0,39466.5,39766.5,39566.5,-0.007544038323714641,39446.5,39549.85,238.7467277262707,1,1,49816.975,22675.0,18900,0.0905943450663588,0.0775370581527936,194.940003042,-0.91,-112.02771438,88.55,2288.085827216262,0.0455060769515431,640.4,1668065.0,2.6047236102435978,219600.0
2022-01-26,39666.5,0,39366.5,39466.5,39766.5,-0.00253379448392943,39466.5,39509.85,223.6067977499835,2,1,50623.31,22630.0,18900,0.0905943450663588,0.0775370581527936,191.720003006,-0.91,-116.224678176,88.55,2288.085827216262,0.0455060769515431,640.4,1668065.0,2.6047236102435978,219600.0
2022-01-27,39666.5,0,39666.5,39366.5,39466.5,0.007620692720968325,39566.5,39496.5,158.1138830084254,3,1,49582.33,22630.0,18900,0.0905943450663588,0.0775370581527936,187.400002966,-0.91,-122.205619896,88.55,2288.085827216262,0.0455060769515431,640.4,1668065.0,2.6047236102435978,219600.0
2022-01-28,39366.5,0,39666.5,39666.5,39366.5,0.0,39586.5,39466.5,164.31676725155603,4,1,49197.62,22630.0,18900,0.0905943450663588,0.0775370581527936,185.140003016,-0.91,-125.56294638600002,88.55,2288.085827216262,0.0455060769515431,640.4,1668065.0,2.6047236102435978,219600.0
2022-01-31,39566.5,0,39366.5,39666.5,39666.5,-0.007563056987634376,39506.5,39456.5,151.65750888103773,0,1,49456.68,22645.0,18900,0.0905943450663588,0.0775370581527936,180.020003016,-0.91,-132.289930486,88.55,2288.085827216262,0.0455060769515431,640.4,1668065.0,2.6047236102435978,219600.0
2022-02-01,40113.2,0,39566.5,39366.5,39666.5,0.005080461813978809,39526.5,39486.5,151.65750888103773,1,2,49184.94,22645.0,18900,0.0905943450663588,0.0775370581527936,180.14000303600002,-0.87,-132.799582146,88.55,2288.085827216262,0.0455060769515431,640.4,1668065.0,2.6047236102435978,219600.0
2022-02-02,39466.5,0,40113.2,39566.5,39366.5,0.0138172443860336,39675.84,39571.17,273.45233222629827,2,2,49275.52,22645.0,18900,0.0905943450663588,0.0775370581527936,179.260003036,-0.87,-134.465939446,88.55,2288.085827216262,0.0455060769515431,640.4,1668065.0,2.6047236102435978,219600.0
2022-02-03,39866.5,0,39466.5,40113.2,39566.5,-0.016121875093485394,39635.840000000004,39601.17,289.32711245232696,3,2,49773.71,22645.0,18900,0.0905943450663588,0.0775370581527936,178.480003056,-0.87,-136.13473580600004,88.55,2288.085827216262,0.0455060769515431,640.4,1668065.0,2.6047236102435978,219600.0
2022-02-04,40366.5,0,39866.5,39466.5,40113.2,0.01013517793571772,39675.840000000004,39631.17,307.8573988066582,4,2,50271.9,22645.0,18900,0.0905943450663588,0.0775370581527936,177.440003096,-0.87,-137.542228146,88.55,2288.085827216262,0.0455060769515431,640.4,1668065.0,2.6047236102435978,219600.0
2022-02-07,40166.5,0,40366.5,39866.5,39466.5,0.012541858452585597,39875.840000000004,39691.17,374.30759810616127,0,2,50113.385,22645.0,18900,0.0905943450663588,0.0775370581527936,173.18000313599998,-0.87,-143.81509016600003,115.06,2348.339996523553,0.0263338763741209,640.4,1668065.0,2.6047236102435978,219600.0
2022-02-08,40366.5,0,40166.5,40366.5,39866.5,-0.004954603445926686,39995.840000000004,39761.17,345.40436882008976,1,2,50270.97,22665.0,18900,0.0905943450663588,0.0775370581527936,164.520002716,-0.87,-154.598698946,115.06,2348.339996523553,0.0263338763741209,640.4,1668065.0,2.6047236102435978,219600.0
2022-02-09,40666.5,0,40366.5,40166.5,40366.5,0.004979273772920179,40046.5,39861.17,383.40579025362234,2,2,50745.31,22715.0,18900,0.0905943450663588,0.0775370581527936,153.20000270600002,-0.87,-169.339311726,115.06,2348.339996523553,0.0263338763741209,640.4,1668065.0,2.6047236102435978,219600.0
2022-02-10,41066.5,0,40666.5,40366.5,40166.5,0.0074319051688900295,40286.5,39961.17,294.95762407506044,3,2,51234.12,22680.0,18900,0.0905943450663588,0.0775370581527936,145.780002694,-0.87,-178.966344738,115.06,2348.339996523553,0.0263338763741209,640.4,1668065.0,2.6047236102435978,219600.0
2022-02-11,41166.5,0,41066.5,40666.5,40366.5,0.009836105885679958,40526.5,40101.17,350.7135583350103,4,2,51324.84,22680.0,19860,0.0894130554031815,0.0614644575093532,138.12000277400003,-0.87,-188.816488578,115.06,2348.339996523553,0.0263338763741209,640.4,1668065.0,2.6047236102435978,219600.0
2022-02-14,41166.5,0,41166.5,41066.5,40666.5,0.002435074817673799,40686.5,40281.17,432.43496620879847,0,2,51494.95,22685.0,19860,0.0894130554031815,0.0614644575093532,121.340001424,-0.87,-210.765495368,115.06,2348.339996523553,0.0263338763741209,640.4,1668065.0,2.6047236102435978,219600.0
2022-02-15,41166.5,0,41166.5,41166.5,41066.5,0.0,40886.5,40441.17,356.37059362411577,1,2,50972.175,22725.0,19860,0.0894130554031815,0.0614644575093532,119.900001394,-0.87,-212.99568735800003,115.06,2348.339996523553,0.0263338763741209,640.4,1668065.0,2.6047236102435978,219600.0
2022-02-16,41116.5,0,41166.5,41166.5,41166.5,0.0,41046.5,40546.5,216.79483388679873,2,2,51528.75,22750.0,19860,0.0894130554031815,0.0614644575093532,120.840001654,-0.87,-212.64085147800003,115.06,2348.339996523553,0.0263338763741209,640.4,1668065.0,2.6047236102435978,219600.0
2022-02-17,41466.5,0,41116.5,41166.5,41166.5,-0.0012145798161126153,41136.5,40711.5,44.72135955004786,3,2,51733.5,22750.0,19860,0.0894130554031815,0.0614644575093532,124.060001874,-0.87,-209.614303818,115.06,2348.339996523553,0.0263338763741209,640.4,1668065.0,2.6047236102435978,219600.0
2022-02-18,41466.5,0,41466.5,41116.5,41166.5,0.00851239769922052,41216.5,40871.5,141.42135623732597,4,2,51813.09,22785.0,19860,0.0894130554031815,0.0614644575093532,120.860001414,-0.87,-213.684178178,115.06,2348.339996523553,0.0263338763741209,640.4,1668065.0,2.6047236102435978,219600.0
2022-02-21,41066.5,0,41466.5,41466.5,41116.5,0.0,41276.5,40981.5,174.64249196574315,0,2,51459.1,22820.0,20800,0.1005291005291004,0.111704970603955,126.720001574,-0.87,-208.33900043800003,115.06,2348.339996523553,0.0263338763741209,640.4,1668065.0,2.6047236102435978,219600.0
2022-02-22,41066.5,0,41066.5,41466.5,41466.5,-0.009646341022271021,41256.5,41071.5,194.93588689619122,1,2,50935.2,22800.0,20800,0.1005291005291004,0.111704970603955,127.180001574,-0.87,-209.07505857800004,115.06,2348.339996523553,0.0263338763741209,640.4,1668065.0,2.6047236102435978,219600.0
2022-02-23,41616.5,0,41066.5,41066.5,41466.5,0.0,41236.5,41141.5,210.9502310973009,2,2,51561.9,22815.0,20800,0.1005291005291004,0.111704970603955,127.060001574,-0.87,-211.00266345800003,115.06,2348.339996523553,0.0263338763741209,640.4,1668065.0,2.6047236102435978,219600.0
2022-02-24,41333.5,0,41616.5,41066.5,41066.5,0.013392911497205784,41336.5,41236.5,253.96850198401506,3,2,50991.05,22825.0,20800,0.1005291005291004,0.111704970603955,126.800001574,-0.87,-212.35226079800003,115.06,2348.339996523553,0.0263338763741209,640.4,1668065.0,2.6047236102435978,219600.0
2022-02-25,40466.5,0,41333.5,41616.5,41066.5,-0.006800187425660464,41309.9,41263.2,243.70638071253828,4,2,49768.36,22840.0,20800,0.1005291005291004,0.111704970603955,112.160001954,-0.87,-229.685032376,115.06,2348.339996523553,0.0263338763741209,640.4,1668065.0,2.6047236102435978,219600.0
2022-02-28,40666.5,0,40466.5,41333.5,41616.5,-0.02097572187208918,41109.9,41193.2,425.5499970626307,0,2,49701.96,22820.0,20800,0.1005291005291004,0.111704970603955,64.660001094,-0.87,-286.09371730600003,115.06,2348.339996523553,0.0263338763741209,640.4,1668065.0,2.6047236102435978,219600.0
2022-03-01,40296.8,0,40666.5,40466.5,41333.5,0.0049423597296529564,41029.9,41143.2,470.92759528403633,1,3,47662.45,22805.0,21310,0.1275132275132275,0.1594124047878129,64.660001094,-0.82,-287.683026986,115.06,2348.339996523553,0.0263338763741209,640.4,1668065.0,2.6047236102435978,219600.0
2022-03-02,39566.5,0,40296.8,40666.5,40466.5,-0.009091020864839483,40875.96,41056.229999999996,571.1172454058834,2,3,47546.46,22815.0,21310,0.1275132275132275,0.1594124047878129,65.340001094,-0.82,-288.52103178600004,115.06,2348.339996523553,0.0263338763741209,640.4,1668065.0,2.6047236102435978,219600.0
2022-03-03,39166.5,0,39566.5,40296.8,40666.5,-0.018123027138631453,40465.96,40901.229999999996,638.45235374302,3,3,46365.2,22840.0,21310,0.1275132275132275,0.1594124047878129,65.540001094,-0.82,-290.202016166,115.06,2348.339996523553,0.0263338763741209,640.4,1668065.0,2.6047236102435978,219600.0
2022-03-04,38966.5,0,39166.5,39566.5,40296.8,-0.010109562382318416,40032.56,40671.229999999996,637.8241277969972,4,3,45966.855,22835.0,21310,0.1275132275132275,0.1594124047878129,65.960001094,-0.82,-291.431232646,115.06,2348.339996523553,0.0263338763741209,640.4,1668065.0,2.6047236102435978,219600.0
2022-03-07,39366.5,0,38966.5,39166.5,39566.5,-0.005106404708105194,39732.56,40421.229999999996,728.9476099144564,0,3,46527.54,22830.0,21310,0.1275132275132275,0.1594124047878129,66.900001064,-0.82,-296.837422616,152.81,2272.691577776324,-0.0322135716545383,640.4,1668065.0,2.6047236102435978,219600.0
2022-03-08,39466.5,0,39366.5,38966.5,39166.5,0.010265227823899936,39472.56,40251.229999999996,512.1558532321943,1,3,46489.575,22845.0,21310,0.1275132275132275,0.1594124047878129,66.820001064,-0.82,-299.159608116,152.81,2272.691577776324,-0.0322135716545383,640.4,1668065.0,2.6047236102435978,219600.0
2022-03-09,40066.5,0,39466.5,39366.5,38966.5,0.0025402309069895157,39306.5,40091.229999999996,240.83189157583564,2,3,47837.43,22845.0,21310,0.1275132275132275,0.1594124047878129,67.020001064,-0.82,-300.746330676,152.81,2272.691577776324,-0.0322135716545383,640.4,1668065.0,2.6047236102435978,219600.0
2022-03-10,40750.0,0,40066.5,39466.5,39366.5,0.015202766903576359,39406.5,39936.229999999996,415.9326868617025,3,3,48341.695,22835.0,21310,0.1275132275132275,0.1594124047878129,67.020001064,-0.82,-302.528765656,152.81,2272.691577776324,-0.0322135716545383,640.4,1668065.0,2.6047236102435978,219600.0
2022-03-11,40466.5,0,40750.0,40066.5,39466.5,0.01705913918111146,39723.2,39877.88,696.0419886759678,4,3,47793.655,22835.0,25260,0.2719033232628398,0.4575879976918637,67.020001064,-0.82,-305.126808856,152.81,2272.691577776324,-0.0322135716545383,640.4,1668065.0,2.6047236102435978,219600.0
2022-03-14,40466.5,0,40466.5,40750.0,40066.5,-0.006957055214723895,40023.2,39877.88,605.7635264688665,0,3,47918.935,22873.0,25260,0.2719033232628398,0.4575879976918637,72.440001084,-0.82,-305.1205363760001,152.81,2272.691577776324,-0.0322135716545383,640.4,1668065.0,2.6047236102435978,219600.0
2022-03-15,40666.5,0,40466.5,40466.5,40750.0,0.0,40243.2,39857.88,497.75942984538017,1,3,48412.35,22890.0,25260,0.2719033232628398,0.4575879976918637,72.820001104,-0.82,-306.600341076,152.81,2272.691577776324,-0.0322135716545383,640.4,1668065.0,2.6047236102435978,219600.0
2022-03-16,40266.5,0,40666.5,40466.5,40466.5,0.0049423597296529564,40483.2,39894.85,264.09174542192494,2,3,47613.28,22880.0,25260,0.2719033232628398,0.4575879976918637,72.860001104,-0.82,-307.99827875600005,152.81,2272.691577776324,-0.0322135716545383,640.4,1668065.0,2.6047236102435978,219600.0
2022-03-17,40766.5,0,40266.5,40666.5,40466.5,-0.009836105885679847,40523.2,39964.85,189.93275125685656,3,3,49144.092,22879.0,25260,0.2719033232628398,0.4575879976918637,74.020001104,-0.82,-308.081378616,152.81,2272.691577776324,-0.0322135716545383,640.4,1668065.0,2.6047236102435978,219600.0
2022-03-18,41066.5,0,40766.5,40266.5,40666.5,0.01241726993903125,40526.5,40124.85,194.93588689617604,4,3,48908.235,22865.0,25260,0.2719033232628398,0.4575879976918637,81.700000836,-0.82,-301.25358240400004,152.81,2272.691577776324,-0.0322135716545383,640.4,1668065.0,2.6047236102435978,219600.0
2022-03-21,41466.5,0,41066.5,40766.5,40266.5,0.0073589834790821484,40646.5,40334.85,303.31501776205994,0,3,49537.62,22860.0,23630,0.1360576923076923,0.363531448355453,81.160000436,-0.82,-306.85654120400005,152.81,2272.691577776324,-0.0322135716545383,640.4,1668065.0,2.6047236102435978,219600.0
2022-03-22,41666.5,0,41466.5,41066.5,40766.5,0.009740299270695196,40846.5,40544.85,449.44410108488324,1,3,49720.5,22860.0,23630,0.1360576923076923,0.363531448355453,91.600000556,-0.82,-297.075906944,152.81,2272.691577776324,-0.0322135716545383,640.4,1668065.0,2.6047236102435978,219600.0
2022-03-23,41466.5,0,41666.5,41466.5,41066.5,0.004823170511135455,41046.5,40764.85,558.5696017507565,2,3,49627.9,22870.0,23630,0.1360576923076923,0.363531448355453,97.240000684,-0.82,-292.126521296,152.81,2272.691577776324,-0.0322135716545383,640.4,1668065.0,2.6047236102435978,219600.0
2022-03-24,41166.5,0,41466.5,41666.5,41466.5,-0.004800019200076777,41286.5,40904.85,363.3180424916972,3,3,48923.208,22872.0,23630,0.1360576923076923,0.363531448355453,101.100000624,-0.82,-289.06791417600004,152.81,2272.691577776324,-0.0322135716545383,640.4,1668065.0,2.6047236102435978,219600.0
2022-03-25,40766.5,0,41166.5,41466.5,41666.5,-0.007234755766703294,41366.5,40946.5,244.9489742783152,4,3,48848.184,22869.0,23630,0.1360576923076923,0.363531448355453,101.600000524,-0.82,-289.61613817600005,152.81,2272.691577776324,-0.0322135716545383,640.4,1668065.0,2.6047236102435978,219600.0
2022-03-28,41066.5,0,40766.5,41166.5,41466.5,-0.009716638528900923,41306.5,40976.5,350.71355833500184,0,3,49105.428,22861.0,23630,0.1360576923076923,0.363531448355453,107.920000384,-0.82,-287.494426496,152.81,2272.691577776324,-0.0322135716545383,640.4,1668065.0,2.6047236102435978,219600.0
2022-03-29,41066.5,0,41066.5,40766.5,41166.5,0.0073589834790821484,41226.5,41036.5,350.71355833500184,1,3,48554.64,22860.0,23630,0.1360576923076923,0.363531448355453,108.840000404,-0.82,-288.139589376,152.81,2272.691577776324,-0.0322135716545383,640.4,1668065.0,2.6047236102435978,219600.0
2022-03-30,41066.5,0,41066.5,41066.5,40766.5,0.0,41106.5,41076.5,250.99800796022012,2,3,48359.475,22865.0,23630,0.1360576923076923,0.363531448355453,118.920000744,-0.82,-278.031192976,152.81,2272.691577776324,-0.0322135716545383,640.4,1668065.0,2.6047236102435978,219600.0
2022-03-31,41266.5,0,41066.5,41066.5,41066.5,0.0,41026.5,41156.5,151.65750888102679,3,3,48907.56,22854.0,23630,0.1360576923076923,0.363531448355453,150.620000544,-0.82,-244.206359956,152.81,2272.691577776324,-0.0322135716545383,640.4,1668065.0,2.6047236102435978,219600.0
2022-04-01,41103.5,0,41266.5,41066.5,41066.5,0.004870149635347598,41046.5,41206.5,178.8854381999796,4,4,49147.376,22838.0,25080,0.1769122477709994,0.4274331246442799,164.580001144,-0.79,-229.597138616,152.81,2272.691577776324,-0.0322135716545383,640.4,1668065.0,2.6047236102435978,219600.0
2022-04-04,41166.5,0,41103.5,41266.5,41066.5,-0.0039499351774441305,41113.9,41210.2,86.79746540077495,0,4,48642.81,22837.0,25080,0.1769122477709994,0.4274331246442799,166.660000944,-0.79,-228.44562955600003,152.81,2272.691577776324,-0.0322135716545383,640.4,1668065.0,2.6047236102435978,219600.0
2022-04-05,41166.5,0,41166.5,41103.5,41266.5,0.001532716192051753,41133.9,41180.2,84.63923440106656,1,4,48479.212,22846.0,25080,0.1769122477709994,0.4274331246442799,165.420000904,-0.79,-229.758945036,152.81,2272.691577776324,-0.0322135716545383,640.4,1668065.0,2.6047236102435978,219600.0
2022-04-06,40966.5,0,41166.5,41166.5,41103.5,0.0,41153.9,41130.2,76.1170151805669,2,4,48262.03,22873.0,25080,0.1769122477709994,0.4274331246442799,165.74000089400002,-0.79,-230.32224078600004,106.45,2398.0272428370126,0.0551485587777476,640.4,1668065.0,2.6047236102435978,219600.0
2022-04-07,40566.5,0,40966.5,41166.5,41166.5,-0.004858319264450461,41133.9,41080.2,110.28961873176772,3,4,47789.94,22866.0,25080,0.1769122477709994,0.4274331246442799,165.860000894,-0.79,-230.98262922600003,106.45,2398.0272428370126,0.0551485587777476,640.4,1668065.0,2.6047236102435978,219600.0
2022-04-08,40366.5,0,40566.5,40966.5,41166.5,-0.00976407552512415,40993.9,41020.2,252.49514846824076,4,4,47226.694,22859.0,25080,0.1769122477709994,0.4274331246442799,165.740000914,-0.79,-232.27755296600003,106.45,2398.0272428370126,0.0551485587777476,640.4,1668065.0,2.6047236102435978,219600.0
2022-04-11,40966.5,0,40366.5,40566.5,40966.5,-0.004930176377059836,40846.5,40980.2,363.3180424916976,0,4,47914.56,22860.0,25080,0.1769122477709994,0.4274331246442799,165.54000088400002,-0.79,-235.68674735600004,106.45,2398.0272428370126,0.0551485587777476,640.4,1668065.0,2.6047236102435978,219600.0
2022-04-12,41166.5,0,40966.5,40366.5,40566.5,0.014863810337780059,40806.5,40970.2,328.63353450309813,1,4,48394.62,22860.0,24380,-0.0348376880443388,0.3373560065825562,166.98000091400002,-0.79,-234.951927346,106.45,2398.0272428370126,0.0551485587777476,640.4,1668065.0,2.6047236102435978,219600.0
2022-04-13,40866.5,0,41166.5,40966.5,40366.5,0.004882037762562019,40806.5,40980.2,328.63353450309813,2,4,48316.568,22888.0,24380,-0.0348376880443388,0.3373560065825562,169.560000914,-0.79,-232.806808586,106.45,2398.0272428370126,0.0551485587777476,640.4,1668065.0,2.6047236102435978,219600.0
2022-04-14,40766.5,0,40866.5,41166.5,40966.5,-0.007287478896675692,40786.5,40960.2,319.3743884534247,3,4,48177.135,22887.0,24380,-0.0348376880443388,0.3373560065825562,174.78000083400002,-0.79,-227.654559926,106.45,2398.0272428370126,0.0551485587777476,640.4,1668065.0,2.6047236102435978,219600.0
2022-04-15,40666.5,0,40766.5,40866.5,41166.5,-0.0024469920350409513,40826.5,40910.2,296.6479394838248,4,4,48067.1,22900.0,24380,-0.0348376880443388,0.3373560065825562,182.760000634,-0.79,-219.075338446,106.45,2398.0272428370126,0.0551485587777476,640.4,1668065.0,2.6047236102435978,219600.0
2022-04-18,40666.5,0,40666.5,40766.5,40866.5,-0.002452994493027383,40886.5,40866.5,192.3538406167108,0,4,48065.001,22899.0,24380,-0.0348376880443388,0.3373560065825562,197.960000834,-0.79,-204.982668406,106.45,2398.0272428370126,0.0551485587777476,640.4,1668065.0,2.6047236102435978,219600.0
2022-04-19,40666.5,0,40666.5,40666.5,40766.5,0.0,40826.5,40816.5,207.36441353327476,1,4,48046.11,22890.0,24380,-0.0348376880443388,0.3373560065825562,199.160000854,-0.79,-205.23888962600003,106.45,2398.0272428370126,0.0551485587777476,640.4,1668065.0,2.6047236102435978,219600.0
2022-04-20,40466.5,0,40666.5,40666.5,40666.5,0.0,40726.5,40766.5,89.4427190999859,2,4,47930.04,22955.0,24380,-0.0348376880443388,0.3373560065825562,203.760000834,-0.79,-200.698234986,106.45,2398.0272428370126,0.0551485587777476,640.4,1668065.0,2.6047236102435978,219600.0
2022-04-21,40566.5,0,40466.5,40666.5,40666.5,-0.004918052942839979,40646.5,40716.5,109.54451150102858,3,4,48036.504,22962.0,25350,0.0727888277613204,0.3412698412698411,207.440001034,-0.79,-197.511312846,106.45,2398.0272428370126,0.0551485587777476,640.4,1668065.0,2.6047236102435978,219600.0
2022-04-22,40966.5,0,40566.5,40466.5,40666.5,0.0024711798648264782,40606.5,40716.5,89.4427190999859,4,4,48541.668,22962.0,25350,0.0727888277613204,0.3412698412698411,207.860001034,-0.79,-197.431384966,106.45,2398.0272428370126,0.0551485587777476,640.4,1668065.0,2.6047236102435978,219600.0
2022-04-25,41166.5,0,40966.5,40566.5,40466.5,0.009860352754119672,40666.5,40776.5,187.08286933869434,0,4,48593.94,22965.0,25350,0.0727888277613204,0.3412698412698411,217.180001166,-0.79,-190.266668454,106.45,2398.0272428370126,0.0551485587777476,640.4,1668065.0,2.6047236102435978,219600.0
2022-04-26,40166.5,0,41166.5,40966.5,40566.5,0.004882037762562019,40766.5,40796.5,291.5475947422633,1,4,47482.878,22983.0,25350,0.0727888277613204,0.3412698412698411,220.320001226,-0.79,-186.512711014,106.45,2398.0272428370126,0.0551485587777476,640.4,1668065.0,2.6047236102435978,219600.0
2022-04-27,40166.5,0,40166.5,41166.5,40966.5,-0.024291596322252307,40666.5,40696.5,399.99999999999875,2,4,47180.38,22970.0,25350,0.0727888277613204,0.3412698412698411,221.560001246,-0.79,-185.118959834,106.45,2398.0272428370126,0.0551485587777476,640.4,1668065.0,2.6047236102435978,219600.0
2022-04-28,39766.5,0,40166.5,40166.5,41166.5,0.0,40606.5,40626.5,456.0701700396541,3,4,46664.88,22965.0,25350,0.0727888277613204,0.3412698412698411,221.820001246,-0.79,-185.91517233400003,106.45,2398.0272428370126,0.0551485587777476,640.4,1668065.0,2.6047236102435978,219600.0
2022-04-29,40816.5,0,39766.5,40166.5,40166.5,-0.009958547545840468,40446.5,40526.5,593.2958789676521,4,4,47955.084,22956.0,25350,0.0727888277613204,0.3412698412698411,235.320001526,-0.79,-170.93973462800002,106.45,2398.0272428370126,0.0551485587777476,640.4,1668065.0,2.6047236102435978,219600.0
2022-05-02,41366.5,0,40816.5,39766.5,40166.5,0.026404134133001467,40416.5,40541.5,563.4713834792313,0,5,48380.934,22962.0,25350,0.0727888277613204,0.3412698412698411,285.920000906,-0.86,-117.62598178800002,106.45,2398.0272428370126,0.0551485587777476,640.4,1668065.0,2.6047236102435978,219600.0
2022-05-03,41466.5,0,41366.5,40816.5,39766.5,0.0134749427314933,40456.5,40611.5,632.8506932918688,1,5,48380.934,22962.0,25350,0.0727888277613204,0.3412698412698411,298.800001426,-0.86,-103.269987828,106.45,2398.0272428370126,0.0551485587777476,640.4,1668065.0,2.6047236102435978,219600.0
2022-05-04,41566.5,0,41466.5,41366.5,40816.5,0.002417415058078465,40716.5,40691.5,741.6198487095656,2,5,48564.63,22962.0,25530,0.0179425837320574,0.3507936507936509,307.100001226,-0.86,-93.72186942800002,106.45,2398.0272428370126,0.0551485587777476,640.4,1668065.0,2.6047236102435978,219600.0
2022-05-05,41866.5,0,41566.5,41466.5,41366.5,0.0024115852555677275,40996.5,40801.5,746.324326281811,3,5,49078.342,22966.0,25530,0.0179425837320574,0.3507936507936509,311.720001466,-0.86,-89.17260610800001,106.45,2398.0272428370126,0.0551485587777476,640.4,1668065.0,2.6047236102435978,219600.0
2022-05-06,41766.5,0,41866.5,41566.5,41466.5,0.0072173505106274405,41416.5,40931.5,384.057287393429,4,5,49031.88,22955.0,25530,0.0179425837320574,0.3507936507936509,313.100001466,-0.86,-88.25522522800001,163.87,2323.183010923293,-0.0312107513112213,640.4,1668065.0,2.6047236102435978,219600.0
2022-05-09,40766.5,0,41766.5,41866.5,41566.5,-0.0023885445403842853,41606.5,41011.5,207.36441353327467,0,5,47815.265,22955.0,25530,0.0179425837320574,0.3507936507936509,319.600001652,-0.86,-82.64167440200002,163.87,2323.183010923293,-0.0312107513112213,640.4,1668065.0,2.6047236102435978,219600.0
2022-05-10,39716.5,0,40766.5,41766.5,41866.5,-0.02394263345025316,41486.5,40971.5,432.4349662087919,1,5,46359.0,22950.0,25530,0.0179425837320574,0.3507936507936509,320.400001672,-0.86,-81.775256822,163.87,2323.183010923293,-0.0312107513112213,640.4,1668065.0,2.6047236102435978,219600.0
2022-05-11,39716.5,0,39716.5,40766.5,41766.5,-0.025756442176787298,41136.5,40926.5,903.8805230781328,2,5,46088.469,22941.0,26650,0.0625996810207336,0.3418932527693856,324.380001784,-0.86,-77.57612095,163.87,2323.183010923293,-0.0312107513112213,640.4,1668065.0,2.6047236102435978,219600.0
2022-05-12,40766.5,0,39716.5,39716.5,40766.5,0.0,40766.5,40881.5,1050.5950694725343,3,5,47897.9,23050.0,26650,0.0625996810207336,0.3418932527693856,333.960001304,-0.86,-66.60317065000002,163.87,2323.183010923293,-0.0312107513112213,640.4,1668065.0,2.6047236102435978,219600.0
2022-05-13,40666.5,0,40766.5,39716.5,39716.5,0.026437374894565213,40546.5,40981.5,860.6683449505965,4,5,47531.568,23096.0,26650,0.0625996810207336,0.3418932527693856,337.780001404,-0.86,-63.00948375000001,163.87,2323.183010923293,-0.0312107513112213,640.4,1668065.0,2.6047236102435978,219600.0
2022-05-16,40466.5,0,40666.5,40766.5,39716.5,-0.002452994493027383,40326.5,40966.5,558.3457710057443,0,5,47095.44,23086.0,26650,0.0625996810207336,0.3418932527693856,355.340002884,-0.86,-44.880334950000005,163.87,2323.183010923293,-0.0312107513112213,640.4,1668065.0,2.6047236102435978,219600.0
2022-05-17,41366.5,0,40466.5,40666.5,40766.5,-0.004918052942839979,40266.5,40876.5,513.5659646043525,1,5,48199.265,23095.0,26650,0.0625996810207336,0.3418932527693856,362.880002684,-0.86,-36.54839947000001,163.87,2323.183010923293,-0.0312107513112213,640.4,1668065.0,2.6047236102435978,219600.0
2022-05-18,41666.5,0,41366.5,40466.5,40666.5,0.022240618783438082,40596.5,40866.5,595.399025864167,2,5,48644.48,23120.0,26650,0.0625996810207336,0.3418932527693856,366.760002464,-0.86,-32.33070267000001,163.87,2323.183010923293,-0.0312107513112213,640.4,1668065.0,2.6047236102435978,219600.0
2022-05-19,40866.5,0,41666.5,41366.5,40466.5,0.007252245174235172,40986.5,40876.5,506.9516742254621,3,5,47735.757,23139.0,26650,0.0625996810207336,0.3418932527693856,385.440003124,-0.86,-12.898945050000004,163.87,2323.183010923293,-0.0312107513112213,640.4,1668065.0,2.6047236102435978,219600.0
2022-05-20,41266.5,0,40866.5,41666.5,41366.5,-0.01920007680030722,41006.5,40776.5,497.99598391954834,4,5,48131.2,23140.0,26650,0.0625996810207336,0.3418932527693856,398.680004224,-0.86,0.3526910299999901,163.87,2323.183010923293,-0.0312107513112213,640.4,1668065.0,2.6047236102435978,219600.0
2022-05-23,40866.5,0,41266.5,40866.5,41666.5,0.009787968140163805,41126.5,40726.5,466.9047011971491,0,5,47616.96,23160.0,25550,0.0078895463510848,0.2283653846153845,432.300004744,-0.86,36.26685159,163.87,2323.183010923293,-0.0312107513112213,640.4,1668065.0,2.6047236102435978,219600.0
2022-05-24,40666.5,0,40866.5,41266.5,40866.5,-0.00969309245998573,41206.5,40736.5,343.511280746352,1,5,47289.97,23170.0,25550,0.0078895463510848,0.2283653846153845,435.080004764,-0.86,39.77154530999999,163.87,2323.183010923293,-0.0312107513112213,640.4,1668065.0,2.6047236102435978,219600.0
2022-05-25,40766.5,0,40666.5,40866.5,41266.5,-0.004893984070081903,41066.5,40831.5,399.99999999999886,2,5,47418.03,23210.0,25550,0.0078895463510848,0.2283653846153845,438.300004804,-0.86,43.69650950999999,163.87,2323.183010923293,-0.0312107513112213,640.4,1668065.0,2.6047236102435978,219600.0
2022-05-26,41366.5,0,40766.5,40666.5,40866.5,0.002459026471419934,40886.5,40936.5,228.03508501982554,3,5,48420.72,23190.0,25550,0.0078895463510848,0.2283653846153845,451.540004644,-0.86,58.58716693,163.87,2323.183010923293,-0.0312107513112213,640.4,1668065.0,2.6047236102435978,219600.0
2022-05-27,41766.5,0,41366.5,40766.5,40666.5,0.014717966958164075,40986.5,40996.5,311.4482300479472,4,5,48939.345,23205.0,25550,0.0078895463510848,0.2283653846153845,466.460004864,-0.86,75.30532588999999,163.87,2323.183010923293,-0.0312107513112213,640.4,1668065.0,2.6047236102435978,219600.0
2022-05-30,41666.5,0,41766.5,41366.5,40766.5,0.009669660232313637,41086.5,41106.5,465.83258795408364,0,5,48616.72,23195.0,25550,0.0078895463510848,0.2283653846153845,491.2400051240001,-0.86,105.17573293,163.87,2323.183010923293,-0.0312107513112213,640.4,1668065.0,2.6047236102435978,219600.0
2022-05-31,41766.5,0,41666.5,41766.5,41366.5,-0.002394263345025349,41246.5,41226.5,506.9516742254621,1,5,48808.656,23176.0,25550,0.0078895463510848,0.2283653846153845,497.740005004,-0.86,112.20879121,163.87,2323.183010923293,-0.0312107513112213,640.4,1668065.0,2.6047236102435978,219600.0
2022-06-01,42118.8,0,41766.5,41666.5,41766.5,0.0024000096000384996,41466.5,41266.5,424.2640687119274,2,6,48920.35,23185.0,26390,0.0410256410256411,0.2383857343969966,506.120004944,-0.95,121.95045649,163.87,2323.183010923293,-0.0312107513112213,640.4,1668065.0,2.6047236102435978,219600.0
2022-06-02,42766.5,0,42118.8,41766.5,41666.5,0.00843498976452417,41736.96000000001,41311.729999999996,269.14319237164403,3,6,49616.244,23196.0,26390,0.0410256410256411,0.2383857343969966,518.180005624,-0.95,135.84169971,163.87,2323.183010923293,-0.0312107513112213,640.4,1668065.0,2.6047236102435978,219600.0
2022-06-03,42766.5,0,42766.5,42118.8,41766.5,0.015377930995184919,42016.96,41501.729999999996,452.8974033928666,4,6,49609.827,23193.0,26390,0.0410256410256411,0.2383857343969966,522.420005584,-0.95,141.27075116999998,163.87,2323.183010923293,-0.0312107513112213,640.4,1668065.0,2.6047236102435978,219600.0
2022-06-06,42766.5,0,42766.5,42766.5,42118.8,0.0,42216.96,41651.729999999996,529.0425861875409,0,6,49596.993,23187.0,26390,0.0410256410256411,0.2383857343969966,533.8800054339999,-0.95,156.61132388,133.73,2345.4722201450686,0.0095942545709808,640.4,1668065.0,2.6047236102435978,219600.0
2022-06-07,42416.5,0,42766.5,42766.5,42766.5,0.0,42436.96,41841.729999999996,468.1165004568869,1,6,49605.2,23180.0,26390,0.0410256410256411,0.2383857343969966,539.7600052739999,-0.95,163.85123488,133.73,2345.4722201450686,0.0095942545709808,640.4,1668065.0,2.6047236102435978,219600.0
2022-06-08,42266.5,0,42416.5,42766.5,42766.5,-0.008183975775431729,42566.96,42016.729999999996,292.8029337284774,2,6,49175.385,23185.0,26390,0.0410256410256411,0.2383857343969966,543.0400051539999,-0.95,168.81255702,133.73,2345.4722201450686,0.0095942545709808,640.4,1668065.0,2.6047236102435978,219600.0
2022-06-09,42266.5,0,42266.5,42416.5,42766.5,-0.00353635967135435,42596.5,42166.729999999996,238.74672772627477,3,6,49086.879,23187.0,26390,0.0410256410256411,0.2383857343969966,546.880005174,-0.95,174.19234716,133.73,2345.4722201450686,0.0095942545709808,640.4,1668065.0,2.6047236102435978,219600.0
2022-06-10,42066.5,0,42266.5,42266.5,42416.5,0.0,42496.5,42256.729999999996,253.9685019840137,4,6,48810.74,23155.0,26390,0.0410256410256411,0.2383857343969966,554.0000047740001,-0.95,182.02996264,133.73,2345.4722201450686,0.0095942545709808,640.4,1668065.0,2.6047236102435978,219600.0
2022-06-13,41766.5,0,42066.5,42266.5,42266.5,-0.004731879857570398,42356.5,42286.729999999996,260.76809620811355,0,6,48555.815,23177.0,29020,0.0889305816135084,0.1488519398258114,564.400004532,-0.95,194.561710738,133.73,2345.4722201450686,0.0095942545709808,640.4,1668065.0,2.6047236102435978,219600.0
2022-06-14,41366.5,0,41766.5,42066.5,42266.5,-0.00713156549748617,42156.5,42296.729999999996,250.99800796023058,1,6,47665.725,23195.0,29020,0.0889305816135084,0.1488519398258114,565.6600044920001,-0.95,196.605951378,133.73,2345.4722201450686,0.0095942545709808,640.4,1668065.0,2.6047236102435978,219600.0
2022-06-15,41216.5,0,41366.5,41766.5,42066.5,-0.009577053380101286,41946.5,42256.729999999996,383.40579025362143,2,6,47650.13,23210.0,29020,0.0889305816135084,0.1488519398258114,568.640004432,-0.95,200.455811638,133.73,2345.4722201450686,0.0095942545709808,640.4,1668065.0,2.6047236102435978,219600.0
2022-06-16,41216.5,0,41216.5,41366.5,41766.5,-0.003626122587117586,41736.5,42166.5,446.6542286825503,3,6,47737.65,23230.0,29020,0.0889305816135084,0.1488519398258114,564.560004712,-0.95,196.452198398,133.73,2345.4722201450686,0.0095942545709808,640.4,1668065.0,2.6047236102435978,219600.0
2022-06-17,42416.5,0,41216.5,41216.5,41366.5,0.0,41526.5,42011.5,376.49701194033923,4,6,48880.128,23232.0,29020,0.0889305816135084,0.1488519398258114,568.920004952,-0.95,201.088496878,133.73,2345.4722201450686,0.0095942545709808,640.4,1668065.0,2.6047236102435978,219600.0
2022-06-20,42516.5,0,42416.5,41216.5,41216.5,0.029114553637499485,41596.5,41976.5,510.6368572674753,0,6,48274.38,23220.0,29020,0.0889305816135084,0.1488519398258114,562.140004552,-0.95,193.118489838,133.73,2345.4722201450686,0.0095942545709808,640.4,1668065.0,2.6047236102435978,219600.0
2022-06-21,42516.5,0,42516.5,42416.5,41216.5,0.0023575731142362333,41746.5,41951.5,661.0597552415394,1,6,48248.71,23230.0,30010,0.1260787992495309,0.2699957680914091,557.9400043840001,-0.95,188.45531287,133.73,2345.4722201450686,0.0095942545709808,640.4,1668065.0,2.6047236102435978,219600.0
2022-06-22,42966.5,0,42516.5,42516.5,42416.5,0.0,41976.5,41961.5,694.982014155765,2,6,48797.826,23226.0,30010,0.1260787992495309,0.2699957680914091,564.4200049140001,-0.95,195.48989574,133.73,2345.4722201450686,0.0095942545709808,640.4,1668065.0,2.6047236102435978,219600.0
2022-06-23,43366.5,0,42966.5,42516.5,42516.5,0.010584126162783924,42326.5,42031.5,656.124988092973,3,6,49095.555,23235.0,30010,0.1260787992495309,0.2699957680914091,572.780006154,-0.95,204.14296182,133.73,2345.4722201450686,0.0095942545709808,640.4,1668065.0,2.6047236102435978,219600.0
2022-06-24,43066.5,0,43366.5,42966.5,42516.5,0.009309578392468598,42756.5,42141.5,402.181551043809,4,6,48486.984,23244.0,30010,0.1260787992495309,0.2699957680914091,586.3800064740001,-0.95,218.55145606,133.73,2345.4722201450686,0.0095942545709808,640.4,1668065.0,2.6047236102435978,219600.0
2022-06-27,42716.5,0,43066.5,43366.5,42966.5,-0.00691778215903982,42886.5,42241.5,368.4426685388162,0,6,47516.868,23247.0,30010,0.1260787992495309,0.2699957680914091,598.580006154,-0.95,231.86211848,133.73,2345.4722201450686,0.0095942545709808,640.4,1668065.0,2.6047236102435978,219600.0
2022-06-28,42816.5,0,42716.5,43066.5,43366.5,-0.008126966435628602,42926.5,42336.5,326.7261850540969,1,6,47419.8,23245.0,30010,0.1260787992495309,0.2699957680914091,595.700005714,-0.95,228.62629496,133.73,2345.4722201450686,0.0095942545709808,640.4,1668065.0,2.6047236102435978,219600.0
2022-06-29,42316.5,0,42816.5,42716.5,43066.5,0.0023410157667411724,42986.5,42481.5,251.4955267991937,2,6,46905.335,23255.0,30010,0.1260787992495309,0.2699957680914091,572.400005534,-0.95,203.3893557,133.73,2345.4722201450686,0.0095942545709808,640.4,1668065.0,2.6047236102435978,219600.0
2022-06-30,42716.5,0,42316.5,42816.5,42716.5,-0.011677741057769753,42856.5,42591.5,392.7467377331147,3,6,47669.985,23265.0,30010,0.1260787992495309,0.2699957680914091,568.380005344,-0.95,199.24112849,133.73,2345.4722201450686,0.0095942545709808,640.4,1668065.0,2.6047236102435978,219600.0
2022-07-01,42409.8,0,42716.5,42316.5,42816.5,0.009452577599754264,42726.5,42741.5,270.18512172213326,4,7,47277.415,23255.0,29610,0.1220159151193633,0.180622009569378,577.820006524,-0.9,211.09448453,133.73,2345.4722201450686,0.0095942545709808,652.2,1742057.5,2.6710479914136767,219600.0
2022-07-04,42116.5,0,42409.8,42716.5,42316.5,-0.007179895356595134,42595.159999999996,42740.83,218.20169110252985,0,7,46739.8,23300.0,29610,0.1220159151193633,0.180622009569378,594.7600063240001,-0.9,228.45043371,133.73,2345.4722201450686,0.0095942545709808,652.2,1742057.5,2.6710479914136767,219600.0
2022-07-05,42116.5,0,42116.5,42409.8,42716.5,-0.006915854354418105,42475.159999999996,42700.83,288.46139776407676,1,7,46646.665,23335.0,29610,0.1220159151193633,0.180622009569378,600.940006304,-0.9,235.24941547,133.73,2345.4722201450686,0.0095942545709808,652.2,1742057.5,2.6710479914136767,219600.0
2022-07-06,41416.5,0,42116.5,42116.5,42409.8,0.0,42335.159999999996,42660.83,248.47731888445298,2,7,45808.96,23360.0,29610,0.1220159151193633,0.180622009569378,608.820006364,-0.9,244.14958969,125.64,2292.581980261064,-0.0225499323461327,652.2,1742057.5,2.6710479914136767,219600.0
2022-07-07,41516.5,0,41416.5,42116.5,42116.5,-0.0166205643868792,42155.159999999996,42505.83,481.80699247728614,3,7,45694.215,23373.0,29610,0.1220159151193633,0.180622009569378,613.960006244,-0.9,251.35403525,125.64,2292.581980261064,-0.0225499323461327,652.2,1742057.5,2.6710479914136767,219600.0
2022-07-08,41316.5,0,41516.5,41416.5,42116.5,0.002414496637813457,41915.159999999996,42320.83,428.1751720966663,4,7,45392.4,23350.0,29610,0.1220159151193633,0.180622009569378,632.740005824,-0.9,271.99605515,125.64,2292.581980261064,-0.0225499323461327,652.2,1742057.5,2.6710479914136767,219600.0
2022-07-11,41916.5,0,41316.5,41516.5,41416.5,-0.004817361771825679,41696.5,42145.83,389.8717737923708,0,7,46266.255,23355.0,26590,0.0075786282682834,0.0602073365231259,677.580006184,-0.9,325.91331041,125.64,2292.581980261064,-0.0225499323461327,652.2,1742057.5,2.6710479914136767,219600.0
2022-07-12,41566.5,0,41916.5,41316.5,41516.5,0.014522043251485428,41656.5,42065.83,343.5112807463672,1,7,45900.202,23347.0,26590,0.0075786282682834,0.0602073365231259,696.820006584,-0.9,346.88265207,125.64,2292.581980261064,-0.0225499323461327,652.2,1742057.5,2.6710479914136767,219600.0
2022-07-13,41416.5,0,41566.5,41916.5,41316.5,-0.00834993379695348,41546.5,41940.83,228.03508501984845,2,7,45702.106,23389.0,26590,0.0075786282682834,0.0602073365231259,703.760006864,-0.9,355.34416123,125.64,2292.581980261064,-0.0225499323461327,652.2,1742057.5,2.6710479914136767,219600.0
2022-07-14,42016.5,0,41416.5,41566.5,41916.5,-0.0036086752553137202,41546.5,41850.83,228.03508501984845,3,7,46331.628,23388.0,26590,0.0075786282682834,0.0602073365231259,706.6200084640001,-0.9,359.25570543,125.64,2292.581980261064,-0.0225499323461327,652.2,1742057.5,2.6710479914136767,219600.0
2022-07-15,41016.5,0,42016.5,41416.5,41566.5,0.01448697982688052,41646.5,41780.83,307.40852297880343,4,7,45190.95,23415.0,26590,0.0075786282682834,0.0602073365231259,699.680008184,-0.9,351.84164283,125.64,2292.581980261064,-0.0225499323461327,652.2,1742057.5,2.6710479914136767,219600.0
2022-07-18,41216.5,0,41016.5,42016.5,41416.5,-0.023800173741268305,41586.5,41641.5,402.492235949974,0,7,45094.35,23450.0,26590,0.0075786282682834,0.0602073365231259,719.120008524,-0.9,375.95445145,125.64,2292.581980261064,-0.0225499323461327,652.2,1742057.5,2.6710479914136767,219600.0
2022-07-19,42216.5,0,41216.5,41016.5,42016.5,0.004876086453012851,41446.5,41551.5,380.13155617497677,1,7,46692.48,23440.0,26590,0.0075786282682834,0.0602073365231259,725.560009284,-0.9,383.14729989,125.64,2292.581980261064,-0.0225499323461327,652.2,1742057.5,2.6710479914136767,219600.0
2022-07-20,42616.5,0,42216.5,41216.5,41016.5,0.024262128031249608,41576.5,41561.5,517.6871642218006,2,7,46777.176,23412.0,26590,0.0075786282682834,0.0602073365231259,741.600009084,-0.9,401.70644103,125.64,2292.581980261064,-0.0225499323461327,652.2,1742057.5,2.6710479914136767,219600.0
2022-07-21,42716.5,0,42616.5,42216.5,41216.5,0.009474968318074595,41816.5,41681.5,678.2329983125338,3,7,46773.18,23410.0,24850,-0.1719426857714094,-0.019723865877712,751.2200088239999,-0.9,413.07917211,125.64,2292.581980261064,-0.0225499323461327,652.2,1742057.5,2.6710479914136767,219600.0
2022-07-22,42516.5,0,42716.5,42616.5,42216.5,0.0023465089812630957,41956.5,41801.5,792.464510246364,4,7,46515.67,23410.0,24850,-0.1719426857714094,-0.019723865877712,758.600008764,-0.9,421.20923527,125.64,2292.581980261064,-0.0225499323461327,652.2,1742057.5,2.6710479914136767,219600.0
2022-07-25,42316.5,0,42516.5,42716.5,42616.5,-0.004682031533482345,42256.5,41921.5,610.7372593841067,0,7,45910.8,23400.0,24850,-0.1719426857714094,-0.019723865877712,758.960008464,-0.9,420.71668559,125.64,2292.581980261064,-0.0225499323461327,652.2,1742057.5,2.6710479914136767,219600.0
2022-07-26,42616.5,0,42316.5,42516.5,42716.5,-0.0047040560723483615,42476.5,41961.5,207.36441353330022,1,7,46138.605,23385.0,24850,-0.1719426857714094,-0.019723865877712,762.880008384,-0.9,425.24323343,125.64,2292.581980261064,-0.0225499323461327,652.2,1742057.5,2.6710479914136767,219600.0
2022-07-27,42716.5,0,42616.5,42316.5,42516.5,0.007089433199815698,42556.5,42066.5,151.65750888106248,2,7,46132.38,23370.0,24850,-0.1719426857714094,-0.019723865877712,768.2600083640001,-0.9,432.36906663,125.64,2292.581980261064,-0.0225499323461327,652.2,1742057.5,2.6710479914136767,219600.0
2022-07-28,43050.0,0,42716.5,42616.5,42316.5,0.0023465089812630957,42576.5,42196.5,167.33200530684363,3,7,46913.625,23375.0,24850,-0.1719426857714094,-0.019723865877712,760.160008404,-0.9,423.468371184,125.64,2292.581980261064,-0.0225499323461327,652.2,1742057.5,2.6710479914136767,219600.0
2022-07-29,43050.0,0,43050.0,42716.5,42616.5,0.007807287582081823,42643.2,42299.85,271.27375472022703,4,7,47043.012,23358.0,24850,-0.1719426857714094,-0.019723865877712,746.300008484,-0.9,409.131898204,125.64,2292.581980261064,-0.0225499323461327,652.2,1742057.5,2.6710479914136767,219600.0
2022-08-01,45567.2,0,43050.0,43050.0,42716.5,0.0,42749.9,42503.2,310.99304654607613,0,8,47323.38,23335.0,23900,-0.1928402566700439,-0.0571992110453648,726.840008424,-0.78,388.810514584,125.64,2292.581980261064,-0.0225499323461327,652.2,1742057.5,2.6710479914136767,219600.0
2022-08-02,44216.5,0,45567.2,43050.0,43050.0,0.05847154471544713,43400.04,42938.27,1227.0697139934657,1,8,47363.94,23355.0,23900,-0.1928402566700439,-0.0571992110453648,723.100008844,-0.78,385.109671504,125.64,2292.581980261064,-0.0225499323461327,652.2,1742057.5,2.6710479914136767,219600.0
2022-08-03,44116.5,0,44216.5,45567.2,43050.0,-0.02964193542723703,43720.04,43138.27,1179.3507039892775,2,8,47173.06,23353.0,23900,-0.1928402566700439,-0.0571992110453648,725.220008284,-0.78,388.667353584,125.64,2292.581980261064,-0.0225499323461327,652.2,1742057.5,2.6710479914136767,219600.0
2022-08-04,44216.5,0,44116.5,44216.5,45567.2,-0.0022615991767779287,44000.04,43288.27,1039.41814636844,3,8,47326.062,23394.0,23900,-0.1928402566700439,-0.0571992110453648,731.160008244,-0.78,396.410845604,125.64,2292.581980261064,-0.0225499323461327,652.2,1742057.5,2.6710479914136767,219600.0
2022-08-05,43700.0,0,44216.5,44116.5,44216.5,0.0022667256015322934,44233.340000000004,43438.27,893.545579699213,4,8,47745.113,23393.0,23900,-0.1928402566700439,-0.0571992110453648,733.240008214,-0.78,399.999498594,125.64,2292.581980261064,-0.0225499323461327,652.2,1742057.5,2.6710479914136767,219600.0
2022-08-08,44616.5,0,43700.0,44216.5,44116.5,-0.011681159748057834,44363.340000000004,43556.619999999995,705.9307352708208,0,8,47752.17,23385.0,23900,-0.1928402566700439,-0.0571992110453648,794.160008008,-0.78,467.697144636,120.37,2299.16092049514,0.0028696641126557,652.2,1742057.5,2.6710479914136767,219600.0
2022-08-09,44916.5,0,44616.5,43700.0,44216.5,0.02097254004576654,44173.2,43786.619999999995,326.87834128312306,1,8,48506.712,23388.0,23900,-0.1928402566700439,-0.0571992110453648,805.420007888,-0.78,481.694118262,120.37,2299.16092049514,0.0028696641126557,652.2,1742057.5,2.6710479914136767,219600.0
2022-08-10,45616.5,0,44916.5,44616.5,43700.0,0.00672396983178869,44313.2,44016.619999999995,469.04631967429833,2,8,49108.5,23385.0,23900,-0.1928402566700439,-0.0571992110453648,804.9200084280001,-0.78,481.920471662,120.37,2299.16092049514,0.0028696641126557,652.2,1742057.5,2.6710479914136767,219600.0
2022-08-11,44916.5,0,45616.5,44916.5,44616.5,0.015584473411775157,44613.2,44306.619999999995,722.8273998680462,3,8,50254.365,23385.0,22900,-0.1387739751786385,-0.1407129455909943,814.2600088480001,-0.78,493.017414122,120.37,2299.16092049514,0.0028696641126557,652.2,1742057.5,2.6710479914136767,219600.0
2022-08-12,48016.5,0,44916.5,45616.5,44916.5,-0.015345324608420197,44753.2,44493.27,693.9988832844031,4,8,51995.97,23390.0,22900,-0.1387739751786385,-0.1407129455909943,810.1400084280001,-0.78,488.981241762,120.37,2299.16092049514,0.0028696641126557,652.2,1742057.5,2.6710479914136767,219600.0
2022-08-15,48716.5,0,48016.5,44916.5,45616.5,0.06901695368071858,45616.5,44989.92,1391.0427743243504,0,8,52889.312,23392.0,22900,-0.1387739751786385,-0.1407129455909943,805.580007518,-0.78,483.691648072,120.37,2299.16092049514,0.0028696641126557,652.2,1742057.5,2.6710479914136767,219600.0
2022-08-16,48816.5,0,48716.5,48016.5,44916.5,0.01457832203513365,46436.5,45304.85,1801.9433953373707,1,8,53001.0,23400.0,22900,-0.1387739751786385,-0.1407129455909943,810.160007698,-0.78,487.998074852,120.37,2299.16092049514,0.0028696641126557,652.2,1742057.5,2.6710479914136767,219600.0
2022-08-17,48416.5,0,48816.5,48716.5,48016.5,0.0020526926195436612,47216.5,45764.85,1823.4582528810358,2,8,52141.884,23403.0,22900,-0.1387739751786385,-0.1407129455909943,791.5400071380001,-0.78,468.932288392,120.37,2299.16092049514,0.0028696641126557,652.2,1742057.5,2.6710479914136767,219600.0
2022-08-18,48116.5,0,48416.5,48816.5,48716.5,-0.008193950815810203,47776.5,46194.85,1628.8032416470537,3,8,52043.824,23401.0,22900,-0.1387739751786385,-0.1407129455909943,782.7400060379999,-0.78,459.587341952,120.37,2299.16092049514,0.0028696641126557,652.2,1742057.5,2.6710479914136767,219600.0
2022-08-19,48016.5,0,48116.5,48416.5,48816.5,-0.006196234754680785,48416.5,46584.85,353.55339059318857,4,8,51903.418,23401.0,22900,-0.1387739751786385,-0.1407129455909943,778.540005118,-0.78,455.801712692,120.37,2299.16092049514,0.0028696641126557,652.2,1742057.5,2.6710479914136767,219600.0
2022-08-22,48316.5,0,48016.5,48116.5,48416.5,-0.002078289152369739,48416.5,47016.5,353.55339059318857,0,8,52088.4,23400.0,23750,-0.0442655935613681,-0.1088180112570356,784.2600062380001,-0.78,461.352665292,120.37,2299.16092049514,0.0028696641126557,652.2,1742057.5,2.6710479914136767,219600.0
2022-08-23,48616.5,0,48316.5,48016.5,48116.5,0.006247852300771628,48336.5,47386.5,311.4482300478541,1,8,52508.63,23410.0,23750,-0.0442655935613681,-0.1088180112570356,796.140005998,-0.78,473.110409732,120.37,2299.16092049514,0.0028696641126557,652.2,1742057.5,2.6710479914136767,219600.0
2022-08-24,48916.5,0,48616.5,48316.5,48016.5,0.006209059017106,48296.5,47756.5,238.74672772614437,2,8,52904.94,23430.0,23750,-0.0442655935613681,-0.1088180112570356,786.700006138,-0.78,461.988580172,120.37,2299.16092049514,0.0028696641126557,652.2,1742057.5,2.6710479914136767,219600.0
2022-08-25,50416.5,0,48916.5,48616.5,48316.5,0.006170744500324066,48396.5,48086.5,370.13511046635404,3,8,55001.9,23425.0,23750,-0.0442655935613681,-0.1088180112570356,781.240006118,-0.78,456.422977112,120.37,2299.16092049514,0.0028696641126557,652.2,1742057.5,2.6710479914136767,219600.0
2022-08-26,49416.5,0,50416.5,48916.5,48616.5,0.030664499708687343,48856.5,48636.5,934.3446901438101,4,8,54153.976,23423.0,23750,-0.0442655935613681,-0.1088180112570356,774.200005898,-0.78,448.799947652,120.37,2299.16092049514,0.0028696641126557,652.2,1742057.5,2.6710479914136767,219600.0
2022-08-29,48566.5,0,49416.5,50416.5,48916.5,-0.0198347763133101,49136.5,48776.5,822.8000972289248,0,8,53355.948,23412.0,23750,-0.0442655935613681,-0.1088180112570356,771.860005798,-0.78,444.382182152,120.37,2299.16092049514,0.0028696641126557,652.2,1742057.5,2.6710479914136767,219600.0
2022-08-30,48466.5,0,48566.5,49416.5,50416.5,-0.01720073254884502,49186.5,48761.5,766.1592523750707,1,8,53396.97,23430.0,23750,-0.0442655935613681,-0.1088180112570356,774.440005878,-0.78,446.218356292,120.37,2299.16092049514,0.0028696641126557,652.2,1742057.5,2.6710479914136767,219600.0
2022-08-31,48166.5,0,48466.5,48566.5,49416.5,-0.002059032460646759,49156.5,48726.5,796.3981416351546,2,8,52941.315,23415.0,23750,-0.0442655935613681,-0.1088180112570356,766.900005398,-0.78,438.006293872,120.37,2299.16092049514,0.0028696641126557,652.2,1742057.5,2.6710479914136767,219600.0
2022-09-01,47875.5,0,48166.5,48466.5,48566.5,-0.006189842468509177,49006.5,48701.5,914.7404003322091,3,9,52762.5,23450.0,23750,-0.0442655935613681,-0.1088180112570356,766.520005798,-0.76,437.118977912,120.37,2299.16092049514,0.0028696641126557,652.2,1742057.5,2.6710479914136767,219600.0
2022-09-02,47766.5,0,47875.5,48166.5,48466.5,-0.006041543396343885,48498.3,48677.4,580.2423631552058,4,9,52246.6,23450.0,23750,-0.0442655935613681,-0.1088180112570356,769.360005698,-0.76,440.176868232,120.37,2299.16092049514,0.0028696641126557,652.2,1742057.5,2.6710479914136767,219600.0
2022-09-05,47566.5,0,47766.5,47875.5,48166.5,-0.0022767386241396848,48168.3,48652.4,351.662053682138,0,9,52129.35,23450.0,25180,0.0535564853556485,-0.0458507010231148,799.480006888,-0.76,473.021773822,120.37,2299.16092049514,0.0028696641126557,652.2,1742057.5,2.6710479914136767,219600.0
2022-09-06,47466.5,0,47566.5,47766.5,47875.5,-0.004187034846597548,47968.3,48577.4,352.93937156392684,1,9,52110.585,23505.0,25180,0.0535564853556485,-0.0458507010231148,807.760006768,-0.76,482.537665102,105.69,2291.1344498060366,-0.0034910434574431,652.2,1742057.5,2.6710479914136767,219600.0
2022-09-07,47766.5,0,47466.5,47566.5,47766.5,-0.0021023199100207446,47768.3,48462.4,274.71112099793186,2,9,53202.24,23520.0,25180,0.0535564853556485,-0.0458507010231148,818.620006748,-0.76,496.207308702,105.69,2291.1344498060366,-0.0034910434574431,652.2,1742057.5,2.6710479914136767,219600.0
2022-09-08,47766.5,0,47766.5,47466.5,47566.5,0.006320246910979321,47688.3,48347.4,166.8118700810606,3,9,52772.04,23580.0,25180,0.0535564853556485,-0.0458507010231148,813.180007708,-0.76,491.570558582,105.69,2291.1344498060366,-0.0034910434574431,652.2,1742057.5,2.6710479914136767,219600.0
2022-09-09,47766.5,0,47766.5,47766.5,47466.5,0.0,47666.5,48082.4,141.4213562371002,4,9,53581.592,23542.0,25180,0.0535564853556485,-0.0458507010231148,816.400007878,-0.76,495.469194252,105.69,2291.1344498060366,-0.0034910434574431,652.2,1742057.5,2.6710479914136767,219600.0
2022-09-12,48066.5,0,47766.5,47766.5,47766.5,0.0,47666.5,47917.4,141.4213562371002,0,9,53237.96,23515.0,24180,0.0558951965065501,-0.083743842364532,826.9200086999999,-0.76,507.182017094,105.69,2291.1344498060366,-0.0034910434574431,652.2,1742057.5,2.6710479914136767,219600.0
2022-09-13,47966.5,0,48066.5,47766.5,47766.5,0.006280552269896322,47766.5,47867.4,212.13203435582471,1,9,53225.76,23520.0,24180,0.0558951965065501,-0.083743842364532,828.0000088200001,-0.76,508.304259374,105.69,2291.1344498060366,-0.0034910434574431,652.2,1742057.5,2.6710479914136767,219600.0
2022-09-14,47466.5,0,47966.5,48066.5,47766.5,-0.0020804510417858912,47866.5,47817.4,141.4213562371002,2,9,52735.167,23553.0,24180,0.0558951965065501,-0.083743842364532,839.04000912,-0.76,520.046525394,105.69,2291.1344498060366,-0.0034910434574431,652.2,1742057.5,2.6710479914136767,219600.0
2022-09-15,47366.5,0,47466.5,47966.5,48066.5,-0.01042394170931793,47806.5,47747.4,230.2172886642982,3,9,52605.7,23590.0,24180,0.0558951965065501,-0.083743842364532,850.3800095199999,-0.76,532.659486294,105.69,2291.1344498060366,-0.0034910434574431,652.2,1742057.5,2.6710479914136767,219600.0
2022-09-16,47366.5,0,47366.5,47466.5,47966.5,-0.0021067489703264775,47726.5,47696.5,304.9590136394411,4,9,52578.12,23620.0,24180,0.0558951965065501,-0.083743842364532,859.66000928,-0.76,543.376017154,105.69,2291.1344498060366,-0.0034910434574431,652.2,1742057.5,2.6710479914136767,219600.0
2022-09-19,47166.5,0,47366.5,47366.5,47466.5,0.0,47646.5,47656.5,342.05262752965484,0,9,52077.3,23650.0,24180,0.0558951965065501,-0.083743842364532,873.720009508,-0.76,561.4516528620001,105.69,2291.1344498060366,-0.0034910434574431,652.2,1742057.5,2.6710479914136767,219600.0
2022-09-20,47166.5,0,47166.5,47366.5,47366.5,-0.004222393463734875,47466.5,47616.5,299.9999999999013,1,9,52121.34,23670.0,24180,0.0558951965065501,-0.083743842364532,880.280009448,-0.76,569.043659722,105.69,2291.1344498060366,-0.0034910434574431,652.2,1742057.5,2.6710479914136767,219600.0
2022-09-21,47466.5,0,47166.5,47166.5,47366.5,0.0,47306.5,47586.5,134.16407864976676,2,9,52926.12,23670.0,22530,-0.0161572052401747,-0.2492502499166944,882.900007888,-0.76,572.446197662,105.69,2291.1344498060366,-0.0034910434574431,652.2,1742057.5,2.6710479914136767,219600.0
2022-09-22,47466.5,0,47466.5,47166.5,47166.5,0.006360446503344441,47306.5,47556.5,134.16407864976676,3,9,52733.94,23690.0,22530,-0.0161572052401747,-0.2492502499166944,885.6000086079999,-0.76,576.156124162,105.69,2291.1344498060366,-0.0034910434574431,652.2,1742057.5,2.6710479914136767,219600.0
2022-09-23,47649.8,0,47466.5,47466.5,47166.5,0.0,47326.5,47526.5,151.65750888083585,4,9,53040.6,23700.0,22530,-0.0161572052401747,-0.2492502499166944,880.680009208,-0.76,572.578946582,105.69,2291.1344498060366,-0.0034910434574431,652.2,1742057.5,2.6710479914136767,219600.0
2022-09-26,47316.5,0,47649.8,47466.5,47466.5,0.0038616708626084684,47383.159999999996,47514.83,211.46578446628416,0,9,52898.4,23700.0,22530,-0.0161572052401747,-0.2492502499166944,892.080008148,-0.76,588.500760982,105.69,2291.1344498060366,-0.0034910434574431,652.2,1742057.5,2.6710479914136767,219600.0
2022-09-27,46866.5,1,47316.5,47649.8,47466.5,-0.006994782769287666,47413.159999999996,47439.83,181.57168832155713,1,9,52267.86,23715.0,22530,-0.0161572052401747,-0.2492502499166944,901.880008288,-0.76,600.6794252899999,105.69,2291.1344498060366,-0.0034910434574431,652.2,1742057.5,2.6710479914136767,219600.0
2022-09-28,46866.5,0,46866.5,47316.5,47649.8,-0.009510424481946056,47353.159999999996,47329.83,296.5927814359972,2,9,51683.94,23730.0,22530,-0.0161572052401747,-0.2492502499166944,925.320006978,-0.76,624.99229872,105.69,2291.1344498060366,-0.0034910434574431,652.2,1742057.5,2.6710479914136767,219600.0
2022-09-29,46816.5,0,46866.5,46866.5,47316.5,0.0,47233.159999999996,47269.83,354.9158745392241,3,9,52158.54,23730.0,22530,-0.0161572052401747,-0.2492502499166944,925.340006398,-0.76,623.78700004,105.69,2291.1344498060366,-0.0034910434574431,652.2,1742057.5,2.6710479914136767,219600.0
2022-09-30,46466.5,0,46816.5,46866.5,46866.5,-0.001066860123969171,47103.159999999996,47214.83,366.91930720519923,4,9,51808.5,23820.0,22530,-0.0161572052401747,-0.2492502499166944,919.840006538,-0.76,618.04915434,105.69,2291.1344498060366,-0.0034910434574431,652.2,1742057.5,2.6710479914136767,219600.0
2022-10-03,46466.5,0,46466.5,46816.5,46866.5,-0.007475996710561428,46866.5,47124.83,302.0761493397701,0,10,51192.83,23855.0,22200,-0.0652631578947368,-0.2502532928064843,921.940007568,-0.87,621.09994379,105.69,2291.1344498060366,-0.0034910434574431,652.2,1742057.5,2.6710479914136767,219600.0
2022-10-04,46666.5,0,46466.5,46466.5,46816.5,0.0,46696.5,47054.83,210.95023109715498,1,10,51652.44,23880.0,22200,-0.0652631578947368,-0.2502532928064843,916.600007498,-0.87,616.90240202,105.69,2291.1344498060366,-0.0034910434574431,652.2,1742057.5,2.6710479914136767,219600.0
2022-10-05,46666.5,0,46666.5,46466.5,46466.5,0.00430417612688716,46656.5,47004.83,188.41443681401668,2,10,51641.625,23875.0,22200,-0.0652631578947368,-0.2502532928064843,916.460007658,-0.87,616.37909498,105.69,2291.1344498060366,-0.0034910434574431,652.2,1742057.5,2.6710479914136767,219600.0
2022-10-06,46666.5,0,46666.5,46666.5,46466.5,0.0,46616.5,46924.83,149.99999999981029,3,10,51715.455,23865.0,22200,-0.0652631578947368,-0.2502532928064843,901.580008158,-0.87,601.3177689600001,100.4,2358.266932270916,0.0293009790283425,652.2,1742057.5,2.6710479914136767,219600.0
2022-10-07,46616.5,0,46666.5,46666.5,46666.5,0.0,46586.5,46844.83,109.54451150077345,4,10,51057.93,23870.0,22200,-0.0652631578947368,-0.2502532928064843,891.6200080179999,-0.87,589.30922826,100.4,2358.266932270916,0.0293009790283425,652.2,1742057.5,2.6710479914136767,219600.0
2022-10-10,46583.5,0,46616.5,46666.5,46666.5,-0.0010714323979728047,46616.5,46741.5,86.60254037811528,0,10,51426.75,23875.0,22200,-0.0652631578947368,-0.2502532928064843,864.200006878,-0.87,559.00014058,100.4,2358.266932270916,0.0293009790283425,652.2,1742057.5,2.6710479914136767,219600.0
2022-10-11,46683.5,0,46583.5,46616.5,46666.5,-0.0007079038537857185,46639.9,46668.2,38.24656847278084,1,10,51415.98,23870.0,24180,-0.039714058776807,-0.0906355772846935,866.680006718,-0.87,561.76702568,100.4,2358.266932270916,0.0293009790283425,652.2,1742057.5,2.6710479914136767,219600.0
2022-10-12,46533.5,0,46683.5,46583.5,46616.5,0.0021466828383440717,46643.3,46649.9,41.79354017002016,2,10,51678.0,23925.0,24180,-0.039714058776807,-0.0906355772846935,856.320005338,-0.87,550.4212118,100.4,2358.266932270916,0.0293009790283425,652.2,1742057.5,2.6710479914136767,219600.0
2022-10-13,45883.5,0,46533.5,46683.5,46583.5,-0.003213126693585533,46616.7,46616.6,61.16943681237415,3,10,51266.245,23945.0,24180,-0.039714058776807,-0.0906355772846935,854.4400052780001,-0.87,549.97814174,100.4,2358.266932270916,0.0293009790283425,652.2,1742057.5,2.6710479914136767,219600.0
2022-10-14,45083.5,0,45883.5,46533.5,46683.5,-0.013968431345159904,46460.1,46523.3,326.8987610865828,4,10,50579.64,24120.0,24180,-0.039714058776807,-0.0906355772846935,880.5600064180001,-0.87,578.891754568,100.4,2358.266932270916,0.0293009790283425,652.2,1742057.5,2.6710479914136767,219600.0
2022-10-17,44683.5,0,45083.5,45883.5,46533.5,-0.01743546154935871,46153.5,46385.0,676.0177512461804,0,10,49449.61,24110.0,24180,-0.039714058776807,-0.0906355772846935,868.4400061380001,-0.87,566.3113914679999,100.4,2358.266932270916,0.0293009790283425,652.2,1742057.5,2.6710479914136767,219600.0
2022-10-18,44583.5,0,44683.5,45083.5,45883.5,-0.008872425610256474,45773.5,46206.7,877.781293945105,1,10,49713.95,24310.0,24180,-0.039714058776807,-0.0906355772846935,850.0800061780001,-0.87,546.281002568,100.4,2358.266932270916,0.0293009790283425,652.2,1742057.5,2.6710479914136767,219600.0
2022-10-19,44533.5,0,44583.5,44683.5,45083.5,-0.0022379625588864194,45353.5,45998.4,834.8652585896377,2,10,49690.62,24430.0,24180,-0.039714058776807,-0.0906355772846935,842.700006248,-0.87,537.651498278,100.4,2358.266932270916,0.0293009790283425,652.2,1742057.5,2.6710479914136767,219600.0
2022-10-20,44266.5,0,44533.5,44583.5,44683.5,-0.0011214911346125733,44953.5,45785.1,563.0275304103191,3,10,48900.0,24450.0,24180,-0.039714058776807,-0.0906355772846935,838.040006508,-0.87,533.639179478,100.4,2358.266932270916,0.0293009790283425,652.2,1742057.5,2.6710479914136767,219600.0
2022-10-21,43716.5,0,44266.5,44533.5,44583.5,-0.005995486543837747,44630.1,45545.1,296.7032187219117,4,10,50065.73,24530.0,24780,0.099866844207723,-0.0028169014084507,831.6200065679999,-0.87,527.0865765379999,100.4,2358.266932270916,0.0293009790283425,652.2,1742057.5,2.6710479914136767,219600.0
2022-10-24,43066.5,0,43716.5,44266.5,44533.5,-0.012424745575096319,44356.7,45255.1,389.70719777794943,0,10,49540.72,24820.0,24780,0.099866844207723,-0.0028169014084507,832.780006488,-0.87,530.610233918,100.4,2358.266932270916,0.0293009790283425,652.2,1742057.5,2.6710479914136767,219600.0
2022-10-25,42616.5,0,43066.5,43716.5,44266.5,-0.014868527901364503,44033.3,44903.4,640.7742972372896,1,10,48492.99,24830.0,24780,0.099866844207723,-0.0028169014084507,830.9200065279999,-0.87,529.3225665179999,100.4,2358.266932270916,0.0293009790283425,652.2,1742057.5,2.6710479914136767,219600.0
2022-10-26,41866.5,0,42616.5,43066.5,43716.5,-0.010448956845808266,43639.9,44496.7,802.0522426874344,2,10,48388.32,24840.0,24780,0.099866844207723,-0.0028169014084507,831.4600060079999,-0.87,530.301377858,100.4,2358.266932270916,0.0293009790283425,652.2,1742057.5,2.6710479914136767,219600.0
2022-10-27,41233.5,0,41866.5,42616.5,43066.5,-0.01759881735947344,43106.5,44030.0,935.013368888351,3,10,46556.25,24830.0,24780,0.099866844207723,-0.0028169014084507,830.440006228,-0.87,531.1490287979999,100.4,2358.266932270916,0.0293009790283425,652.2,1742057.5,2.6710479914136767,219600.0
2022-10-28,40966.5,0,41233.5,41866.5,42616.5,-0.015119486940632698,42499.9,43565.0,977.2040728527201,4,10,46630.74,24830.0,24780,0.099866844207723,-0.0028169014084507,819.260006228,-0.87,519.735406898,100.4,2358.266932270916,0.0293009790283425,652.2,1742057.5,2.6710479914136767,219600.0
2022-10-31,40716.5,0,40966.5,41233.5,41866.5,-0.006475317399687097,41949.9,43153.3,891.4049584784376,0,10,45892.18,24820.0,24780,0.099866844207723,-0.0028169014084507,799.280005888,-0.87,498.911607758,100.4,2358.266932270916,0.0293009790283425,652.2,1742057.5,2.6710479914136767,219600.0
2022-11-01,40766.5,0,40716.5,40966.5,41233.5,-0.00610254720320258,41479.9,42756.6,766.2230745676784,1,11,46028.52,24840.0,25070,0.1127385707944961,0.0489539748953975,792.660006208,-0.97,491.290134798,100.4,2358.266932270916,0.0293009790283425,652.2,1742057.5,2.6710479914136767,219600.0
2022-11-02,40966.5,0,40766.5,40716.5,40966.5,0.0012280033892893005,41109.9,42374.9,469.30033027896616,2,11,45699.15,24850.0,25070,0.1127385707944961,0.0489539748953975,785.420006248,-0.97,483.086793398,100.4,2358.266932270916,0.0293009790283425,652.2,1742057.5,2.6710479914136767,219600.0
2022-11-03,40816.5,0,40966.5,40766.5,40716.5,0.004905988986054766,40929.9,42018.2,204.38395240318414,3,11,46739.47,24835.0,25070,0.1127385707944961,0.0489539748953975,784.700006878,-0.97,482.443236988,100.4,2358.266932270916,0.0293009790283425,652.2,1742057.5,2.6710479914136767,219600.0
2022-11-04,40716.5,0,40816.5,40966.5,40766.5,-0.00366152832192157,40846.5,41673.2,115.10864433198395,4,11,45792.12,24860.0,25070,0.1127385707944961,0.0489539748953975,783.6600070579999,-0.97,481.256165168,100.4,2358.266932270916,0.0293009790283425,652.2,1742057.5,2.6710479914136767,219600.0
2022-11-07,40966.5,0,40716.5,40816.5,40966.5,-0.0024499895875442768,40796.5,41373.2,103.68220676638389,0,11,46482.03,24870.0,25070,0.1127385707944961,0.0489539748953975,713.1000070580001,-0.97,403.664191554,84.74,2438.635827236252,0.0340796429214838,652.2,1742057.5,2.6710479914136767,219600.0
2022-11-08,40566.5,0,40966.5,40716.5,40816.5,0.006140016946446725,40846.5,41163.2,115.10864433198395,1,11,46034.37,24870.0,25070,0.1127385707944961,0.0489539748953975,704.040006998,-0.97,392.743301534,84.74,2438.635827236252,0.0340796429214838,652.2,1742057.5,2.6710479914136767,219600.0
2022-11-09,40066.5,0,40566.5,40966.5,40716.5,-0.00976407552512415,40806.5,40958.2,171.02631376471626,2,11,45538.801,24871.0,25070,0.1127385707944961,0.0489539748953975,690.440006478,-0.97,377.488252154,84.74,2438.635827236252,0.0340796429214838,652.2,1742057.5,2.6710479914136767,219600.0
2022-11-10,40066.5,0,40066.5,40566.5,40966.5,-0.012325440942649757,40626.5,40778.2,345.32593299656367,3,11,45223.978,24862.0,25070,0.1127385707944961,0.0489539748953975,688.6000064579999,-0.97,375.730790234,84.74,2438.635827236252,0.0340796429214838,652.2,1742057.5,2.6710479914136767,219600.0
2022-11-11,40266.5,0,40066.5,40066.5,40566.5,0.0,40476.5,40661.5,400.6245124801367,4,11,45428.355,24865.0,24980,0.033085194375517,0.0908296943231441,684.9800062280001,-0.97,372.027340524,84.74,2438.635827236252,0.0340796429214838,652.2,1742057.5,2.6710479914136767,219600.0
2022-11-14,40066.5,0,40266.5,40066.5,40066.5,0.00499170129659432,40386.5,40591.5,383.40579025354737,0,11,45541.98,24805.0,24980,0.033085194375517,0.0908296943231441,654.360006468,-0.97,341.339468844,84.74,2438.635827236252,0.0340796429214838,652.2,1742057.5,2.6710479914136767,219600.0
2022-11-15,39566.5,0,40066.5,40266.5,40066.5,-0.0049669079756125,40206.5,40526.5,219.0890230019459,1,11,45116.64,24735.0,24980,0.033085194375517,0.0908296943231441,652.540006428,-0.97,339.141380204,84.74,2438.635827236252,0.0340796429214838,652.2,1742057.5,2.6710479914136767,219600.0
2022-11-16,39250.0,0,39566.5,40066.5,40266.5,-0.012479253241486021,40006.5,40406.5,260.7680962080047,2,11,44626.53,24765.0,24980,0.033085194375517,0.0908296943231441,646.480006528,-0.97,332.929569944,84.74,2438.635827236252,0.0340796429214838,652.2,1742057.5,2.6710479914136767,219600.0
2022-11-17,39266.5,0,39250.0,39566.5,40066.5,-0.007999191235009362,39843.2,40234.85,420.5228293445513,3,11,44396.8,24775.0,24980,0.033085194375517,0.0908296943231441,635.800006518,-0.97,321.094584674,84.74,2438.635827236252,0.0340796429214838,652.2,1742057.5,2.6710479914136767,219600.0
2022-11-18,39316.5,0,39266.5,39250.0,39566.5,0.0004203821656050266,39683.2,40079.85,464.24072419375926,4,11,45095.49,24805.0,24980,0.033085194375517,0.0908296943231441,622.1600055179999,-0.97,305.511968254,84.74,2438.635827236252,0.0340796429214838,652.2,1742057.5,2.6710479914136767,219600.0
2022-11-21,39266.5,0,39316.5,39266.5,39250.0,0.0012733500566641798,39493.2,39939.85,344.89411418570967,0,11,44912.8,24800.0,24800,0.0008071025020177,0.0829694323144105,653.840005078,-0.97,344.373052422,84.74,2438.635827236252,0.0340796429214838,652.2,1742057.5,2.6710479914136767,219600.0
2022-11-22,39616.5,0,39266.5,39316.5,39266.5,-0.0012717306983073273,39333.2,39769.85,132.78535310773088,1,11,45001.02,24835.0,24800,0.0008071025020177,0.0829694323144105,664.600006058,-0.97,356.858594722,84.74,2438.635827236252,0.0340796429214838,652.2,1742057.5,2.6710479914136767,219600.0
2022-11-23,39666.5,0,39616.5,39266.5,39316.5,0.008913450396648592,39343.2,39674.85,154.80455419639569,2,11,45574.9,24850.0,24800,0.0008071025020177,0.0829694323144105,664.580006198,-0.97,356.559810862,84.74,2438.635827236252,0.0340796429214838,652.2,1742057.5,2.6710479914136767,219600.0
2022-11-24,39666.5,0,39666.5,39616.5,39266.5,0.0012621003874648817,39426.5,39634.85,198.1161275614504,3,11,45067.016,24844.0,24800,0.0008071025020177,0.0829694323144105,664.460006498,-0.97,356.589841902,84.74,2438.635827236252,0.0340796429214838,652.2,1742057.5,2.6710479914136767,219600.0
2022-11-25,40066.5,0,39666.5,39666.5,39616.5,0.0,39506.5,39594.85,198.1161275614504,4,11,45742.386,24833.0,24800,0.0008071025020177,0.0829694323144105,660.4000063780001,-0.97,353.207492762,84.74,2438.635827236252,0.0340796429214838,652.2,1742057.5,2.6710479914136767,219600.0
2022-11-28,40216.5,0,40066.5,39666.5,39666.5,0.010084075983512575,39656.5,39574.85,283.72521918212504,0,11,45087.96,24760.0,24800,0.0008071025020177,0.0829694323144105,653.8400068779999,-0.97,350.264989682,84.74,2438.635827236252,0.0340796429214838,652.2,1742057.5,2.6710479914136767,219600.0
2022-11-29,40316.5,0,40216.5,40066.5,39666.5,0.0037437759724459063,39846.5,39589.85,275.22717889035755,1,11,45230.02,24770.0,24800,0.0008071025020177,0.0829694323144105,648.920006678,-0.97,345.497062702,84.74,2438.635827236252,0.0340796429214838,652.2,1742057.5,2.6710479914136767,219600.0
2022-11-30,40566.5,0,40316.5,40216.5,40066.5,0.0024865415936246027,39986.5,39664.85,305.3686296919592,2,11,45366.75,24750.0,24800,0.0008071025020177,0.0829694323144105,644.080006338,-0.97,341.101063062,84.74,2438.635827236252,0.0340796429214838,652.2,1742057.5,2.6710479914136767,219600.0
2022-12-01,40766.5,0,40566.5,40316.5,40216.5,0.006200935101013272,40166.5,39796.5,333.5416016030757,3,12,45540.87,24630.0,23210,-0.0741922616673315,-0.0227368421052631,635.600006358,-0.94,332.126640222,84.74,2438.635827236252,0.0340796429214838,652.2,1742057.5,2.6710479914136767,214800.0
2022-12-02,40766.5,0,40766.5,40566.5,40316.5,0.004930176377059947,40386.5,39946.5,279.7320146138888,4,12,45447.5,24500.0,23210,-0.0741922616673315,-0.0227368421052631,621.2800067779999,-0.94,318.259718722,84.74,2438.635827236252,0.0340796429214838,652.2,1742057.5,2.6710479914136767,214800.0
2022-12-05,40716.5,0,40766.5,40766.5,40566.5,0.0,40526.5,40091.5,253.4758371126228,0,12,44950.1,24350.0,23210,-0.0741922616673315,-0.0227368421052631,588.100005678,-0.94,285.922334502,84.74,2438.635827236252,0.0340796429214838,652.2,1742057.5,2.6710479914136767,214800.0
2022-12-06,40816.5,0,40716.5,40766.5,40766.5,-0.0012264972465136914,40626.5,40236.5,191.7028951266644,1,12,44506.88,23980.0,23210,-0.0741922616673315,-0.0227368421052631,573.980005678,-0.94,270.099440762,74.17,2592.2879870567613,0.0630074232915069,652.2,1742057.5,2.6710479914136767,214800.0
2022-12-07,41066.5,0,40816.5,40716.5,40766.5,0.002456006778578601,40726.5,40356.5,96.17692030807024,2,12,45010.46,23980.0,23210,-0.0741922616673315,-0.0227368421052631,569.000005086,-0.94,265.62550114999993,74.17,2592.2879870567613,0.0630074232915069,652.2,1742057.5,2.6710479914136767,214800.0
2022-12-08,40966.5,0,41066.5,40816.5,40716.5,0.006124973968860692,40826.5,40496.5,138.74436925491747,3,12,44645.2,23900.0,23210,-0.0741922616673315,-0.0227368421052631,562.060004886,-0.94,258.81528285,74.17,2592.2879870567613,0.0630074232915069,652.2,1742057.5,2.6710479914136767,214800.0
2022-12-09,40566.5,0,40966.5,41066.5,40816.5,-0.002435074817673799,40866.5,40626.5,145.7737973709435,4,12,44611.28,23780.0,23210,-0.0741922616673315,-0.0227368421052631,560.180004876,-0.94,258.06427236,74.17,2592.2879870567613,0.0630074232915069,652.2,1742057.5,2.6710479914136767,214800.0
2022-12-12,40516.5,0,40566.5,40966.5,41066.5,-0.00976407552512415,40826.5,40676.5,198.1161275614504,0,12,43897.2,23550.0,21670,-0.1325060048038431,-0.1038047973531844,536.560004276,-0.94,235.39974622,74.17,2592.2879870567613,0.0630074232915069,652.2,1742057.5,2.6710479914136767,214800.0
2022-12-13,40616.5,0,40516.5,40566.5,40966.5,-0.0012325440942649868,40786.5,40706.5,241.35036772282925,1,12,44613.12,23680.0,21670,-0.1325060048038431,-0.1038047973531844,521.620003956,-0.94,220.14006704,74.17,2592.2879870567613,0.0630074232915069,652.2,1742057.5,2.6710479914136767,214800.0
2022-12-14,40566.5,0,40616.5,40516.5,40566.5,0.0024681302679154804,40746.5,40736.5,251.49552679907626,2,12,44179.2,23600.0,21670,-0.1325060048038431,-0.1038047973531844,504.860003356,-0.94,202.89091002,74.17,2592.2879870567613,0.0630074232915069,652.2,1742057.5,2.6710479914136767,214800.0
2022-12-15,40766.5,0,40566.5,40616.5,40516.5,-0.0012310267994534163,40646.5,40736.5,182.34582528795357,3,12,44147.04,23520.0,21670,-0.1325060048038431,-0.1038047973531844,490.960003656,-0.94,187.94374124,74.17,2592.2879870567613,0.0630074232915069,652.2,1742057.5,2.6710479914136767,214800.0
2022-12-16,40666.5,0,40766.5,40566.5,40616.5,0.004930176377059947,40606.5,40736.5,96.17692030807024,4,12,44133.0,23500.0,21670,-0.1325060048038431,-0.1038047973531844,483.860003636,-0.94,180.6319576,74.17,2592.2879870567613,0.0630074232915069,652.2,1742057.5,2.6710479914136767,214800.0
2022-12-19,40316.5,0,40666.5,40766.5,40566.5,-0.002452994493027383,40626.5,40726.5,96.17692030807024,0,12,44000.28,23580.0,21670,-0.1325060048038431,-0.1038047973531844,447.880003386,-0.94,143.94392012999998,74.17,2592.2879870567613,0.0630074232915069,652.2,1742057.5,2.6710479914136767,214800.0
2022-12-20,40316.5,0,40316.5,40666.5,40766.5,-0.00860659264996988,40586.5,40686.5,168.07736313955218,1,12,44034.6,23700.0,21670,-0.1325060048038431,-0.1038047973531844,434.620003806,-0.94,130.17959098999998,74.17,2592.2879870567613,0.0630074232915069,652.2,1742057.5,2.6710479914136767,214800.0
2022-12-21,40466.5,0,40316.5,40316.5,40666.5,0.0,40526.5,40636.5,204.32816741689064,2,12,44327.64,23730.0,21600,-0.1290322580645161,-0.0412782956058588,417.280002746,-0.94,112.08016567,74.17,2592.2879870567613,0.0630074232915069,652.2,1742057.5,2.6710479914136767,214800.0
2022-12-22,40516.5,0,40466.5,40316.5,40316.5,0.0037205610606079187,40506.5,40576.5,204.32816741689064,3,12,44532.3,23700.0,21600,-0.1290322580645161,-0.0412782956058588,410.100002826,-0.94,103.81682986999998,74.17,2592.2879870567613,0.0630074232915069,652.2,1742057.5,2.6710479914136767,214800.0
2022-12-23,40416.5,0,40516.5,40466.5,40316.5,0.0012355899324132391,40456.5,40531.5,147.47881203733942,4,12,44377.14,23630.0,21600,-0.1290322580645161,-0.0412782956058588,403.280003026,-0.94,95.62109469,74.17,2592.2879870567613,0.0630074232915069,652.2,1742057.5,2.6710479914136767,214800.0
2022-12-26,40366.5,0,40416.5,40516.5,40466.5,-0.0024681302679155914,40406.5,40516.5,89.44271909968353,0,12,44175.0,23560.0,21600,-0.1290322580645161,-0.0412782956058588,363.280004006,-0.94,51.56183392199999,74.17,2592.2879870567613,0.0630074232915069,652.2,1742057.5,2.6710479914136767,214800.0
2022-12-27,40366.5,0,40366.5,40416.5,40516.5,-0.0012371185035814358,40416.5,40501.5,79.05694150386095,1,12,44231.25,23590.0,21600,-0.1290322580645161,-0.0412782956058588,329.940004906,-0.94,16.936130841999983,74.17,2592.2879870567613,0.0630074232915069,652.2,1742057.5,2.6710479914136767,214800.0
2022-12-28,40266.5,0,40366.5,40366.5,40416.5,0.0,40426.5,40476.5,65.19202405160382,2,12,44212.5,23580.0,21600,-0.1290322580645161,-0.0412782956058588,317.340004306,-0.94,3.2373537419999807,74.17,2592.2879870567613,0.0630074232915069,652.2,1742057.5,2.6710479914136767,214800.0
2022-12-29,39766.5,0,40266.5,40366.5,40366.5,-0.002477301722963343,40386.5,40446.5,90.82951062262138,3,12,44145.78,23620.0,21600,-0.1290322580645161,-0.0412782956058588,312.860004146,-0.94,-1.9553722580000188,74.17,2592.2879870567613,0.0630074232915069,652.2,1742057.5,2.6710479914136767,214800.0
2022-12-30,39116.5,0,39766.5,40266.5,40366.5,-0.01241726993903125,40236.5,40346.5,268.3281572998721,4,12,43046.4,23600.0,21600,-0.1290322580645161,-0.0412782956058588,302.760003346,-0.94,-12.750050218000018,74.17,2592.2879870567613,0.0630074232915069,652.2,1742057.5,2.6710479914136767,214800.0
2023-01-02,38866.5,0,39116.5,39766.5,40266.5,-0.016345416368048538,39976.5,40191.5,541.2947441089234,0,1,42474.39,23610.0,22150,-0.0456699698405859,-0.0168664003550821,293.720003394,-0.85,-20.45568653000002,74.17,2592.2879870567613,0.0630074232915069,652.2,1742057.5,2.6710479914136767,214800.0
2023-01-03,39266.5,0,38866.5,39116.5,39766.5,-0.006391164853706277,39676.5,40046.5,671.1929677819523,1,1,42474.39,23610.0,22150,-0.0456699698405859,-0.0022522522522522,288.540003364,-0.85,-25.28619910000001,74.17,2592.2879870567613,0.0630074232915069,652.2,1742057.5,2.6710479914136767,214800.0
2023-01-04,39766.5,0,39266.5,38866.5,39116.5,0.010291639329499613,39456.5,39941.5,559.4640292279253,2,1,43549.78,23515.0,22150,-0.0456699698405859,-0.0022522522522522,285.100003324,-0.85,-27.884919240000016,74.17,2592.2879870567613,0.0630074232915069,652.2,1742057.5,2.6710479914136767,214800.0
2023-01-05,39566.5,0,39766.5,39266.5,38866.5,0.012733500566640688,39356.5,39871.5,400.6245124801338,3,1,44034.23,23510.0,22150,-0.0456699698405859,-0.0022522522522522,285.220003884,-0.85,-25.535718010000014,74.17,2592.2879870567613,0.0630074232915069,652.2,1742057.5,2.6710479914136767,214800.0
2023-01-06,39166.5,0,39566.5,39766.5,39266.5,-0.0050293588824764646,39316.5,39776.5,357.07142142706533,4,1,43006.2,23475.0,22150,-0.0456699698405859,-0.0022522522522522,279.940004064,-0.85,-29.54620308200002,110.36,2396.5204784342154,-0.0755191975582993,652.2,1742057.5,2.6710479914136767,214800.0
2023-01-09,39316.5,0,39166.5,39566.5,39766.5,-0.010109562382318416,39326.5,39651.5,350.71355833492504,0,1,42814.5,23460.0,22150,-0.0456699698405859,-0.0022522522522522,270.680004444,-0.85,-36.11013708200002,110.36,2396.5204784342154,-0.0755191975582993,652.2,1742057.5,2.6710479914136767,214800.0
2023-01-10,39366.5,0,39316.5,39166.5,39566.5,0.003829803531078868,39416.5,39546.5,244.9489742782053,1,1,43611.42,23447.0,22150,-0.0456699698405859,-0.0022522522522522,273.360004224,-0.85,-32.33806356200002,110.36,2396.5204784342154,-0.0755191975582993,652.2,1742057.5,2.6710479914136767,214800.0
2023-01-11,38966.5,0,39366.5,39316.5,39166.5,0.0012717306983072163,39436.5,39446.5,233.45235059845697,2,1,43138.8,23445.0,21630,-0.0680741059887979,-0.1054590570719603,272.920004344,-0.85,-33.41489014200002,110.36,2396.5204784342154,-0.0755191975582993,652.2,1742057.5,2.6710479914136767,214800.0
2023-01-12,39216.5,0,38966.5,39366.5,39316.5,-0.01016092362795773,39276.5,39316.5,224.72205054231966,3,1,42449.84,23440.0,21630,-0.0680741059887979,-0.1054590570719603,240.020003134,-0.85,-68.45854540000002,110.36,2396.5204784342154,-0.0755191975582993,652.2,1742057.5,2.6710479914136767,214800.0
2023-01-13,40216.5,0,39216.5,38966.5,39366.5,0.006415767389937432,39206.5,39261.5,155.7241150237974,4,1,44086.878,23438.0,21630,-0.0680741059887979,-0.1054590570719603,241.300003094,-0.85,-66.48303276000001,110.36,2396.5204784342154,-0.0755191975582993,652.2,1742057.5,2.6710479914136767,214800.0
2023-01-16,40666.5,0,40216.5,39216.5,38966.5,0.025499470885979036,39416.5,39371.5,473.0221982105543,0,1,44901.46,23435.0,21630,-0.0680741059887979,-0.1054590570719603,228.200002374,-0.85,-81.22092398000002,110.36,2396.5204784342154,-0.0755191975582993,652.2,1742057.5,2.6710479914136767,214800.0
2023-01-17,40616.5,0,40666.5,40216.5,39216.5,0.011189437171310379,39686.5,39551.5,721.6300991504892,1,1,44709.615,23445.0,21630,-0.0680741059887979,-0.1054590570719603,225.400002564,-0.85,-83.70976415000001,110.36,2396.5204784342154,-0.0755191975582993,652.2,1742057.5,2.6710479914136767,214800.0
2023-01-18,40666.5,0,40616.5,40666.5,40216.5,-0.001229513235709967,39936.5,39686.5,795.7700672932759,2,1,44394.165,23427.0,21630,-0.0680741059887979,-0.1054590570719603,218.500002364,-0.85,-90.70832373000002,110.36,2396.5204784342154,-0.0755191975582993,652.2,1742057.5,2.6710479914136767,214800.0
2023-01-19,40766.5,0,40666.5,40616.5,40666.5,0.0012310267994535273,40276.5,39776.5,621.8922736294003,3,1,44577.174,23437.0,21630,-0.0680741059887979,-0.1054590570719603,218.320002364,-0.85,-90.07084735000001,110.36,2396.5204784342154,-0.0755191975582993,652.2,1742057.5,2.6710479914136767,214800.0
2023-01-20,40816.5,0,40766.5,40666.5,40616.5,0.002459026471419934,40586.5,39896.5,213.89249636194538,4,1,44957.92,23440.0,21630,-0.0680741059887979,-0.1054590570719603,218.200002364,-0.85,-89.59935483000001,110.36,2396.5204784342154,-0.0755191975582993,652.2,1742057.5,2.6710479914136767,214800.0
2023-01-23,40816.5,0,40816.5,40766.5,40666.5,0.0012264972465136914,40706.5,40061.5,82.1583836254391,0,1,45567.36,23440.0,21630,-0.0680741059887979,-0.1054590570719603,204.880002494,-0.85,-103.21948694,110.36,2396.5204784342154,-0.0755191975582993,652.2,1742057.5,2.6710479914136767,214800.0
2023-01-24,40766.5,0,40816.5,40816.5,40766.5,0.0,40736.5,40211.5,90.82951062262099,1,1,45497.04,23440.0,21630,-0.0680741059887979,-0.1054590570719603,199.200002702,-0.85,-109.631742032,110.36,2396.5204784342154,-0.0755191975582993,652.2,1742057.5,2.6710479914136767,214800.0
2023-01-25,41066.5,0,40766.5,40816.5,40816.5,-0.0012249947937721384,40766.5,40351.5,61.2372435691289,2,1,45543.92,23440.0,21630,-0.0680741059887979,-0.1054590570719603,194.540002602,-0.85,-115.87759779200002,110.36,2396.5204784342154,-0.0755191975582993,652.2,1742057.5,2.6710479914136767,214800.0
2023-01-26,41516.5,0,41066.5,40766.5,40816.5,0.0073589834790821484,40846.5,40561.5,125.49900397989148,3,1,46176.8,23440.0,21630,-0.0680741059887979,-0.1054590570719603,194.380002602,-0.85,-115.913514252,110.36,2396.5204784342154,-0.0755191975582993,652.2,1742057.5,2.6710479914136767,214800.0
2023-01-27,42066.5,0,41516.5,41066.5,40766.5,0.010957836679531985,40996.5,40791.5,313.4485603730616,4,1,45989.28,23440.0,21630,-0.0680741059887979,-0.1054590570719603,194.120002612,-0.85,-116.776877622,110.36,2396.5204784342154,-0.0755191975582993,652.2,1742057.5,2.6710479914136767,214800.0
2023-01-30,42316.5,0,42066.5,41516.5,41066.5,0.013247744872520562,41246.5,40976.5,546.1226968364754,0,1,47295.36,23460.0,22520,0.0425925925925925,-0.0912025827280064,194.020002612,-0.85,-116.70070792200002,110.36,2396.5204784342154,-0.0755191975582993,652.2,1742057.5,2.6710479914136767,214800.0
2023-01-31,42166.5,0,42316.5,42066.5,41516.5,0.0059429712479051044,41546.5,41141.5,652.4952107103506,1,1,47174.7,23470.0,22520,0.0425925925925925,-0.0912025827280064,194.12000262,-0.85,-117.064164634,110.36,2396.5204784342154,-0.0755191975582993,652.2,1742057.5,2.6710479914136767,214800.0
2023-02-01,42766.5,0,42166.5,42316.5,42066.5,-0.003544716599907849,41826.5,41296.5,521.2964607590817,2,2,48718.71,23445.0,22520,0.0425925925925925,-0.0912025827280064,193.28000222,-0.71,-118.35158531400002,110.36,2396.5204784342154,-0.0755191975582993,652.2,1742057.5,2.6710479914136767,214800.0
2023-02-02,43016.5,0,42766.5,42166.5,42316.5,0.014229305254170876,42166.5,41506.5,451.3867521316336,3,2,47864.48,23440.0,22520,0.0425925925925925,-0.0912025827280064,186.46000182,-0.71,-125.43964465400002,110.36,2396.5204784342154,-0.0755191975582993,652.2,1742057.5,2.6710479914136767,214800.0
2023-02-03,42766.5,0,43016.5,42766.5,42166.5,0.005845696982451187,42466.5,41731.5,407.7376607574346,4,2,47929.756,23449.0,22520,0.0425925925925925,-0.0912025827280064,184.96000182,-0.71,-127.069964394,110.36,2396.5204784342154,-0.0755191975582993,652.2,1742057.5,2.6710479914136767,214800.0
2023-02-06,42766.5,0,42766.5,43016.5,42766.5,-0.00581172340845959,42606.5,41926.5,352.4911346402131,0,2,47583.2,23440.0,22520,0.0425925925925925,-0.0912025827280064,183.68000182,-0.71,-129.625641174,148.1,2244.9696151249154,-0.0632378753584934,652.2,1742057.5,2.6710479914136767,214800.0
2023-02-07,43266.5,0,42766.5,42766.5,43016.5,0.0,42696.5,42121.5,315.4362059116626,1,2,47899.2,23480.0,22520,0.0425925925925925,-0.0912025827280064,183.52000182,-0.71,-130.079468934,148.1,2244.9696151249154,-0.0632378753584934,652.2,1742057.5,2.6710479914136767,214800.0
2023-02-08,43416.5,0,43266.5,42766.5,42766.5,0.011691393964902375,42916.5,42371.5,223.6067977498556,2,2,48970.0,23600.0,22520,0.0425925925925925,-0.0912025827280064,183.96000184,-0.71,-130.003050754,148.1,2244.9696151249154,-0.0632378753584934,652.2,1742057.5,2.6710479914136767,214800.0
2023-02-09,43416.5,0,43416.5,43266.5,42766.5,0.003466885465660541,43046.5,42606.5,292.8310092868322,3,2,48524.63,23590.0,22520,0.0425925925925925,-0.0912025827280064,183.86000184,-0.71,-130.62881751400002,148.1,2244.9696151249154,-0.0632378753584934,652.2,1742057.5,2.6710479914136767,214800.0
2023-02-10,43666.5,0,43416.5,43416.5,43266.5,0.0,43126.5,42796.5,334.29029300885304,4,2,47873.92,23560.0,22520,0.0425925925925925,-0.0912025827280064,180.8400017,-0.71,-135.64898515400003,148.1,2244.9696151249154,-0.0632378753584934,652.2,1742057.5,2.6710479914136767,214800.0
2023-02-13,43916.5,0,43666.5,43416.5,43416.5,0.005758179493971172,43306.5,42956.5,334.29029300885304,0,2,48049.035,23565.0,21560,-0.0032362459546925,-0.1369095276220976,179.4000017,-0.71,-140.17643823400002,148.1,2244.9696151249154,-0.0632378753584934,652.2,1742057.5,2.6710479914136767,214800.0
2023-02-14,44266.5,0,43916.5,43666.5,43416.5,0.005725212691651604,43536.5,43116.5,256.4176280990541,1,2,48228.18,23595.0,21560,-0.0032362459546925,-0.1369095276220976,178.2400017,-0.71,-141.90842655400002,148.1,2244.9696151249154,-0.0632378753584934,652.2,1742057.5,2.6710479914136767,214800.0
2023-02-15,44516.5,0,44266.5,43916.5,43666.5,0.0079696697141165,43736.5,43326.5,361.5936946352146,2,2,48852.0,23600.0,21560,-0.0032362459546925,-0.1369095276220976,177.56000169,-0.71,-143.146021084,148.1,2244.9696151249154,-0.0632378753584934,652.2,1742057.5,2.6710479914136767,214800.0
2023-02-16,44516.5,0,44516.5,44266.5,43916.5,0.00564761162504368,43956.5,43501.5,443.5651023242753,3,2,48387.135,23615.0,21560,-0.0032362459546925,-0.1369095276220976,176.12000168999998,-0.71,-145.071569684,148.1,2244.9696151249154,-0.0632378753584934,652.2,1742057.5,2.6710479914136767,214800.0
2023-02-17,44916.5,0,44516.5,44516.5,44266.5,0.0,44176.5,43651.5,376.49701194026073,4,2,49064.96,23680.0,21560,-0.0032362459546925,-0.1369095276220976,148.00000119,-0.71,-175.85029709800003,148.1,2244.9696151249154,-0.0632378753584934,652.2,1742057.5,2.6710479914136767,214800.0
2023-02-20,45366.5,0,44916.5,44516.5,44516.5,0.008985432367773827,44426.5,43866.5,368.1032463860443,0,2,49953.38,23810.0,21560,-0.0032362459546925,-0.1369095276220976,101.02000149799998,-0.71,-229.691749244,148.1,2244.9696151249154,-0.0632378753584934,652.2,1742057.5,2.6710479914136767,214800.0
2023-02-21,45666.5,0,45366.5,44916.5,44516.5,0.010018590050426823,44716.5,44126.5,431.5669125407378,1,2,50225.825,23725.0,20800,-0.0383726306056403,-0.1612903225806451,91.700001168,-0.71,-240.555170294,148.1,2244.9696151249154,-0.0632378753584934,652.2,1742057.5,2.6710479914136767,214800.0
2023-02-22,46266.5,0,45666.5,45366.5,44916.5,0.006612809011054432,44996.5,44366.5,513.0789412945583,2,2,50562.765,23705.0,20800,-0.0383726306056403,-0.1612903225806451,87.18000102799999,-0.71,-245.955797334,148.1,2244.9696151249154,-0.0632378753584934,652.2,1742057.5,2.6710479914136767,214800.0
2023-02-23,46866.5,0,46266.5,45666.5,45366.5,0.01313873408297117,45346.5,44651.5,675.0925862427648,3,2,52434.9,23780.0,20800,-0.0383726306056403,-0.1612903225806451,84.360000828,-0.71,-249.783325154,148.1,2244.9696151249154,-0.0632378753584934,652.2,1742057.5,2.6710479914136767,214800.0
2023-02-24,47016.5,0,46866.5,46266.5,45666.5,0.012968346427761013,45816.5,44996.5,764.8529270388816,4,2,51464.215,23815.0,20800,-0.0383726306056403,-0.1612903225806451,75.940000548,-0.71,-260.83149687400004,148.1,2244.9696151249154,-0.0632378753584934,652.2,1742057.5,2.6710479914136767,214800.0
2023-02-27,46966.5,0,47016.5,46866.5,46266.5,0.003200580371907513,46236.5,45331.5,722.4956747274996,0,2,51150.78,23780.0,20800,-0.0383726306056403,-0.1612903225806451,68.480000648,-0.71,-270.689816094,148.1,2244.9696151249154,-0.0632378753584934,652.2,1742057.5,2.6710479914136767,214800.0
2023-02-28,47266.5,0,46966.5,47016.5,46866.5,-0.0010634564461412532,46556.5,45636.5,581.3776741498979,1,2,50776.065,23805.0,20800,-0.0383726306056403,-0.1612903225806451,68.340000648,-0.71,-270.914573594,148.1,2244.9696151249154,-0.0632378753584934,652.2,1742057.5,2.6710479914136767,214800.0
2023-03-01,47616.5,0,47266.5,46966.5,47016.5,0.0063875315384369635,46876.5,45936.5,371.4835124200599,2,3,50803.6,23740.0,20250,-0.1007992895204262,-0.1275312365359758,68.340000648,-0.54,-271.39438913400005,148.1,2244.9696151249154,-0.0632378753584934,652.2,1742057.5,2.6710479914136767,214800.0
2023-03-02,47800.0,0,47616.5,47266.5,46966.5,0.007404821596691091,47146.5,46246.5,301.2474066277498,3,3,51616.67,23710.0,20250,-0.1007992895204262,-0.1275312365359758,67.540000648,-0.54,-274.17214689400004,148.1,2244.9696151249154,-0.0632378753584934,652.2,1742057.5,2.6710479914136767,214800.0
2023-03-03,47816.5,0,47800.0,47616.5,47266.5,0.0038537061732801803,47333.2,46574.85,366.53028524249567,4,3,51666.0,23700.0,20250,-0.1007992895204262,-0.1275312365359758,65.10000052800001,-0.54,-279.71317379400006,148.1,2244.9696151249154,-0.0632378753584934,652.2,1742057.5,2.6710479914136767,214800.0
2023-03-06,47666.5,0,47816.5,47800.0,47616.5,0.0003451882845189047,47493.2,46864.85,368.32655348202337,0,3,51261.02,23710.0,20250,-0.1007992895204262,-0.1275312365359758,61.500000768,-0.54,-288.85129505400005,114.54,2235.812816483324,-0.0040788073833604,652.2,1742057.5,2.6710479914136767,214800.0
2023-03-07,47616.5,0,47666.5,47816.5,47800.0,-0.0031369924607614896,47633.2,47094.85,222.0798279897261,1,3,50918.45,23650.0,20250,-0.1007992895204262,-0.1275312365359758,60.5600008,-0.54,-292.245490162,114.54,2235.812816483324,-0.0040788073833604,652.2,1742057.5,2.6710479914136767,214800.0
2023-03-08,47716.5,0,47616.5,47666.5,47816.5,-0.001048954716624917,47703.2,47289.85,98.21888820357614,2,3,50873.28,23640.0,20250,-0.1007992895204262,-0.1275312365359758,60.4800008,-0.54,-294.39963848200006,114.54,2235.812816483324,-0.0040788073833604,652.2,1742057.5,2.6710479914136767,214800.0
2023-03-09,47866.5,0,47716.5,47616.5,47666.5,0.0021001123560111523,47723.2,47434.85,85.50994094224752,3,3,51189.89,23710.0,20250,-0.1007992895204262,-0.1275312365359758,60.4800008,-0.54,-296.698140742,114.54,2235.812816483324,-0.0040788073833604,652.2,1742057.5,2.6710479914136767,214800.0
2023-03-10,47766.5,0,47866.5,47716.5,47616.5,0.0031435666907673188,47736.5,47534.85,103.68220676638104,4,3,51338.24,23680.0,20250,-0.1007992895204262,-0.1275312365359758,60.4800008,-0.54,-298.59127094200005,114.54,2235.812816483324,-0.0040788073833604,652.2,1742057.5,2.6710479914136767,214800.0
2023-03-13,47366.5,0,47766.5,47866.5,47716.5,-0.0020891437644281474,47726.5,47609.85,96.17692030807906,0,3,50632.4,23660.0,20500,-0.049165120593692,-0.0539916935856021,60.4800008,-0.54,-303.947120082,114.54,2235.812816483324,-0.0040788073833604,652.2,1742057.5,2.6710479914136767,214800.0
2023-03-14,46916.5,0,47366.5,47766.5,47866.5,-0.008374069693194985,47666.5,47649.85,190.39432764645747,1,3,49803.41,23570.0,20500,-0.049165120593692,-0.0539916935856021,60.4600008,-0.54,-305.177656362,114.54,2235.812816483324,-0.0040788073833604,652.2,1742057.5,2.6710479914136767,214800.0
2023-03-15,46566.5,0,46916.5,47366.5,47766.5,-0.00950038529340358,47526.5,47614.85,389.55102361558056,2,3,49025.6,23570.0,20500,-0.049165120593692,-0.0539916935856021,60.3400008,-0.54,-307.11274318200003,114.54,2235.812816483324,-0.0040788073833604,652.2,1742057.5,2.6710479914136767,214800.0
2023-03-16,46716.5,0,46566.5,46916.5,47366.5,-0.007460062025087089,47296.5,47509.85,554.0758070877545,3,3,48755.985,23565.0,20500,-0.049165120593692,-0.0539916935856021,60.040000792,-0.54,-309.49116969,114.54,2235.812816483324,-0.0040788073833604,652.2,1742057.5,2.6710479914136767,214800.0
2023-03-17,46566.5,0,46716.5,46566.5,46916.5,0.003221199789548379,47066.5,47401.5,493.7104414532334,4,3,49570.24,23560.0,20500,-0.049165120593692,-0.0539916935856021,59.780000782,-0.54,-311.91264316,114.54,2235.812816483324,-0.0040788073833604,652.2,1742057.5,2.6710479914136767,214800.0
2023-03-20,46366.5,0,46566.5,46716.5,46566.5,-0.003210856977727383,46826.5,47276.5,334.29029300885566,0,3,48648.48,23570.0,20500,-0.049165120593692,-0.0539916935856021,60.26000077,-0.54,-318.219090492,114.54,2235.812816483324,-0.0040788073833604,652.2,1742057.5,2.6710479914136767,214800.0
2023-03-21,46866.5,0,46366.5,46566.5,46716.5,-0.004294933052730987,46626.5,47146.5,204.32816741689473,1,3,49190.59,23570.0,19300,-0.0721153846153845,-0.1064814814814815,60.38000077,-0.54,-319.989007872,114.54,2235.812816483324,-0.0040788073833604,652.2,1742057.5,2.6710479914136767,214800.0
2023-03-22,47016.5,0,46866.5,46366.5,46566.5,0.010783647676663177,46616.5,47071.5,187.08286933855425,2,3,50204.1,23570.0,19300,-0.0721153846153845,-0.1064814814814815,60.44000077,-0.54,-321.77809879200004,114.54,2235.812816483324,-0.0040788073833604,652.2,1742057.5,2.6710479914136767,214800.0
2023-03-23,47016.5,0,47016.5,46866.5,46366.5,0.003200580371907513,46706.5,47001.5,253.47583711262612,3,3,49653.12,23510.0,19300,-0.0721153846153845,-0.1064814814814815,60.44000077,-0.54,-323.15219299200004,114.54,2235.812816483324,-0.0040788073833604,652.2,1742057.5,2.6710479914136767,214800.0
2023-03-24,47666.5,0,47016.5,47016.5,46866.5,0.0,46766.5,46916.5,289.3959225696633,4,3,49892.76,23490.0,19300,-0.0721153846153845,-0.1064814814814815,60.48000077,-0.54,-325.230267732,114.54,2235.812816483324,-0.0040788073833604,652.2,1742057.5,2.6710479914136767,214800.0
2023-03-27,48366.5,0,47666.5,47016.5,47016.5,0.013824933799836181,46986.5,46906.5,464.48896649968617,0,3,51463.39,23510.0,19300,-0.0721153846153845,-0.1064814814814815,61.92000075999999,-0.54,-329.420439642,114.54,2235.812816483324,-0.0040788073833604,652.2,1742057.5,2.6710479914136767,214800.0
2023-03-28,48316.5,0,48366.5,47666.5,47016.5,0.014685366032748393,47386.5,47006.5,629.0866395020216,1,3,52029.0,23500.0,19300,-0.0721153846153845,-0.1064814814814815,63.42000075999999,-0.54,-329.214725582,114.54,2235.812816483324,-0.0040788073833604,652.2,1742057.5,2.6710479914136767,214800.0
2023-03-29,47916.5,0,48316.5,48366.5,47666.5,-0.0010337733762004753,47676.5,47146.5,662.7593831851395,2,3,50294.16,23480.0,19300,-0.0721153846153845,-0.1064814814814815,64.52000072,-0.54,-329.58085390200006,114.54,2235.812816483324,-0.0040788073833604,652.2,1742057.5,2.6710479914136767,214800.0
2023-03-30,47766.5,0,47916.5,48316.5,48366.5,-0.00827874535614126,47856.5,47281.5,551.588614820816,3,3,50082.84,23480.0,19300,-0.0721153846153845,-0.1064814814814815,65.620000808,-0.54,-330.096847814,114.54,2235.812816483324,-0.0040788073833604,652.2,1742057.5,2.6710479914136767,214800.0
2023-03-31,48066.5,0,47766.5,47916.5,48316.5,-0.0031304456711154227,48006.5,47386.5,318.98275815464785,4,3,50953.37,23470.0,19300,-0.0721153846153845,-0.1064814814814815,67.36000080000001,-0.54,-329.90070060200003,114.54,2235.812816483324,-0.0040788073833604,652.2,1742057.5,2.6710479914136767,214800.0
2023-04-03,48566.5,0,48066.5,47766.5,47916.5,0.006280552269896322,48086.5,47536.5,256.4176280990575,0,4,50956.85,23450.0,19430,-0.0404938271604938,-0.1227990970654627,71.82000069,-0.29,-330.604520492,114.54,2235.812816483324,-0.0040788073833604,652.2,1742057.5,2.6710479914136767,214800.0
2023-04-04,48966.5,0,48566.5,48066.5,47766.5,0.010402255208929345,48126.5,47756.5,318.98275815464785,1,4,51516.65,23470.0,19430,-0.0404938271604938,-0.1227990970654627,72.280000658,-0.29,-332.29580696400006,114.54,2235.812816483324,-0.0040788073833604,652.2,1742057.5,2.6710479914136767,214800.0
2023-04-05,49466.5,0,48966.5,48566.5,48066.5,0.008236129842587037,48256.5,47966.5,497.99598391949564,2,4,52057.74,23460.0,19430,-0.0404938271604938,-0.1227990970654627,68.79999985799999,-0.29,-338.125295394,114.54,2235.812816483324,-0.0040788073833604,652.2,1742057.5,2.6710479914136767,214800.0
2023-04-06,49766.5,0,49466.5,48966.5,48566.5,0.010211062665291593,48566.5,48211.5,681.9090848492536,3,4,53359.41,23465.0,19430,-0.0404938271604938,-0.1227990970654627,65.579999798,-0.29,-343.994185022,152.45,2226.6972777959986,-0.0040770580703903,652.2,1742057.5,2.6710479914136767,214800.0
2023-04-07,49566.5,0,49766.5,49466.5,48966.5,0.006064710460614853,48966.5,48486.5,681.9090848492536,4,4,52905.456,23451.0,19430,-0.0404938271604938,-0.1227990970654627,60.799999958,-0.29,-353.208618522,152.45,2226.6972777959986,-0.0040770580703903,652.2,1742057.5,2.6710479914136767,214800.0
2023-04-10,49766.5,0,49566.5,49766.5,49466.5,-0.004018767644901722,49266.5,48676.5,489.89794855658107,0,4,52885.152,23442.0,19430,-0.0404938271604938,-0.1227990970654627,44.300000218,-0.29,-379.611181502,152.45,2226.6972777959986,-0.0040770580703903,652.2,1742057.5,2.6710479914136767,214800.0
2023-04-11,50166.5,0,49766.5,49566.5,49766.5,0.004034983305256645,49506.5,48816.5,328.6335345030184,1,4,52880.64,23440.0,20140,-0.005432098765432,-0.0688858067498844,43.660000098000005,-0.29,-381.547727382,152.45,2226.6972777959986,-0.0040770580703903,652.2,1742057.5,2.6710479914136767,214800.0
2023-04-12,50516.5,0,50166.5,49766.5,49566.5,0.008037535289803444,49746.5,49001.5,268.3281572998752,2,4,54462.735,23445.0,20140,-0.005432098765432,-0.0688858067498844,42.100000136,-0.29,-384.935913264,152.45,2226.6972777959986,-0.0040770580703903,652.2,1742057.5,2.6710479914136767,214800.0
2023-04-13,50666.5,0,50516.5,50166.5,49766.5,0.006976767364675673,49956.5,49261.5,381.44462245514296,3,4,54666.744,23442.0,20140,-0.005432098765432,-0.0688858067498844,40.760000116,-0.29,-388.51331522400005,152.45,2226.6972777959986,-0.0040770580703903,652.2,1742057.5,2.6710479914136767,214800.0
2023-04-14,50266.5,0,50666.5,50516.5,50166.5,0.0029693268536021833,50136.5,49551.5,471.16875957553316,4,4,55834.08,23440.0,20140,-0.005432098765432,-0.0688858067498844,42.540000196,-0.29,-387.420844204,152.45,2226.6972777959986,-0.0040770580703903,652.2,1742057.5,2.6710479914136767,214800.0
2023-04-17,50116.5,0,50266.5,50666.5,50516.5,-0.007894762811719747,50276.5,49771.5,347.13109915411866,0,4,54943.36,23440.0,20140,-0.005432098765432,-0.0688858067498844,57.560000376,-0.29,-372.466139704,152.45,2226.6972777959986,-0.0040770580703903,652.2,1742057.5,2.6710479914136767,214800.0
2023-04-18,50416.5,0,50116.5,50266.5,50666.5,-0.0029840947748500657,50346.5,49926.5,236.11437906223875,1,4,55659.45,23485.0,20140,-0.005432098765432,-0.0688858067498844,58.800000376,-0.29,-372.724154184,152.45,2226.6972777959986,-0.0040770580703903,652.2,1742057.5,2.6710479914136767,214800.0
2023-04-19,50766.5,0,50416.5,50116.5,50266.5,0.005986052497680472,50396.5,50071.5,213.89249636194947,2,4,55918.395,23505.0,20140,-0.005432098765432,-0.0688858067498844,60.540000396,-0.29,-372.611688264,152.45,2226.6972777959986,-0.0040770580703903,652.2,1742057.5,2.6710479914136767,214800.0
2023-04-20,50716.5,0,50766.5,50416.5,50116.5,0.006942171709658496,50446.5,50201.5,270.6473720543884,3,4,56097.246,23511.0,20140,-0.005432098765432,-0.0688858067498844,65.320000216,-0.29,-369.110491624,152.45,2226.6972777959986,-0.0040770580703903,652.2,1742057.5,2.6710479914136767,214800.0
2023-04-21,50666.5,0,50716.5,50766.5,50416.5,-0.0009849014606088113,50456.5,50296.5,281.51376520509007,4,4,55760.512,23488.0,19390,0.0046632124352332,-0.1035598705501618,68.400000216,-0.29,-367.25811524400007,152.45,2226.6972777959986,-0.0040770580703903,652.2,1742057.5,2.6710479914136767,214800.0
2023-04-24,51066.5,0,50666.5,50716.5,50766.5,-0.0009858724478226666,50536.5,50406.5,270.6473720543884,0,4,55941.27,23485.0,19390,0.0046632124352332,-0.1035598705501618,68.80000019799999,-0.29,-371.2944572020001,152.45,2226.6972777959986,-0.0040770580703903,652.2,1742057.5,2.6710479914136767,214800.0
2023-04-25,51366.5,0,51066.5,50666.5,50716.5,0.007894762811719858,50726.5,50536.5,232.91629397692762,1,4,57419.336,23494.0,19390,0.0046632124352332,-0.1035598705501618,69.120000208,-0.29,-373.397602312,152.45,2226.6972777959986,-0.0040770580703903,652.2,1742057.5,2.6710479914136767,214800.0
2023-04-26,51316.5,0,51366.5,51066.5,50666.5,0.0058746928025221745,50916.5,50656.5,295.8039891548905,2,4,56781.187,23473.0,19390,0.0046632124352332,-0.1035598705501618,69.640000228,-0.29,-374.912133792,152.45,2226.6972777959986,-0.0040770580703903,652.2,1742057.5,2.6710479914136767,214800.0
2023-04-27,51216.5,0,51316.5,51366.5,51066.5,-0.0009733970583940543,51026.5,50736.5,326.726185054009,3,4,56621.045,23465.0,19390,0.0046632124352332,-0.1035598705501618,70.72000023800001,-0.29,-375.496962142,152.45,2226.6972777959986,-0.0040770580703903,652.2,1742057.5,2.6710479914136767,214800.0
2023-04-28,51166.5,0,51216.5,51316.5,51366.5,-0.0019486909668430252,51126.5,50791.5,281.51376520509007,4,4,56385.225,23445.0,19390,0.0046632124352332,-0.1035598705501618,71.800000258,-0.29,-376.043044202,152.45,2226.6972777959986,-0.0040770580703903,652.2,1742057.5,2.6710479914136767,214800.0
2023-05-01,51166.5,0,51166.5,51216.5,51316.5,-0.0009762478888639681,51226.5,50881.5,119.3733638629094,0,5,56491.05,23450.0,19390,0.0046632124352332,-0.1035598705501618,74.48000068,-0.02,-378.00277268,152.45,2226.6972777959986,-0.0040770580703903,652.2,1742057.5,2.6710479914136767,214800.0
2023-05-02,51266.5,0,51166.5,51166.5,51216.5,0.0,51246.5,50986.5,90.82951062263061,1,5,56491.05,23450.0,19390,0.0046632124352332,-0.1035598705501618,72.40000065000001,-0.02,-382.23928017,152.45,2226.6972777959986,-0.0040770580703903,652.2,1742057.5,2.6710479914136767,214800.0
2023-05-03,51816.5,0,51266.5,51166.5,51166.5,0.0019544037602727826,51226.5,51071.5,65.19202405161666,2,5,56842.8,23450.0,19390,0.0046632124352332,-0.1035598705501618,72.04000067,-0.02,-384.38261387000006,152.45,2226.6972777959986,-0.0040770580703903,652.2,1742057.5,2.6710479914136767,214800.0
2023-05-04,52066.5,0,51816.5,51266.5,51166.5,0.010728253342826122,51326.5,51176.5,277.03790354380493,3,5,56842.8,23450.0,18250,-0.060730828615543,-0.1896092362344582,72.06000067000001,-0.02,-386.07620143,152.45,2226.6972777959986,-0.0040770580703903,652.2,1742057.5,2.6710479914136767,214800.0
2023-05-05,52716.5,0,52066.5,51816.5,51266.5,0.0048247179952332075,51496.5,51311.5,417.7319714840445,4,5,56549.34,23445.0,18250,-0.060730828615543,-0.1896092362344582,72.66000067,-0.02,-386.72130973,152.45,2226.6972777959986,-0.0040770580703903,652.2,1742057.5,2.6710479914136767,214800.0
2023-05-08,53516.5,0,52716.5,52066.5,51816.5,0.012484034840060332,51806.5,51516.5,631.8623267769226,0,5,57920.24,23440.0,18250,-0.060730828615543,-0.1896092362344582,97.24000089,-0.02,-361.97683151000007,174.71,2324.4805677980653,0.0439140474895864,652.2,1742057.5,2.6710479914136767,214800.0
2023-05-09,53466.5,0,53516.5,52716.5,52066.5,0.015175514307664617,52276.5,51761.5,867.0351780636969,1,5,57927.653,23443.0,18250,-0.060730828615543,-0.1896092362344582,114.12000167,-0.02,-343.46682159000005,174.71,2324.4805677980653,0.0439140474895864,652.2,1742057.5,2.6710479914136767,214800.0
2023-05-10,53716.5,0,53466.5,53516.5,52716.5,-0.0009342912933394398,52716.5,51971.5,780.2243267163275,2,5,57828.9,23460.0,18250,-0.060730828615543,-0.1896092362344582,124.32000221,-0.02,-332.64424789000003,174.71,2324.4805677980653,0.0439140474895864,652.2,1742057.5,2.6710479914136767,214800.0
2023-05-11,53466.5,0,53716.5,53466.5,53516.5,0.004675825049329951,53096.5,52211.5,689.7463301822972,3,5,58216.665,23465.0,17653,-0.1234856007944389,-0.2161190053285968,131.78000207000002,-0.02,-323.45684915000004,174.71,2324.4805677980653,0.0439140474895864,652.2,1742057.5,2.6710479914136767,214800.0
2023-05-12,54016.5,0,53466.5,53716.5,53466.5,-0.004654063462809388,53376.5,52436.5,383.07962618748934,4,5,56151.745,23465.0,17653,-0.1234856007944389,-0.2161190053285968,147.66000247,-0.02,-306.31728847000005,174.71,2324.4805677980653,0.0439140474895864,652.2,1742057.5,2.6710479914136767,214800.0
2023-05-15,55566.5,0,54016.5,53466.5,53716.5,0.010286815108525804,53636.5,52721.5,236.11437906223875,0,5,57030.4,23450.0,17653,-0.1234856007944389,-0.2161190053285968,161.72000263,-0.02,-290.50295975,174.71,2324.4805677980653,0.0439140474895864,652.2,1742057.5,2.6710479914136767,214800.0
2023-05-16,56066.5,0,55566.5,54016.5,53466.5,0.028694935806651722,54046.5,53161.5,879.3463481472738,1,5,58363.504,23458.0,17653,-0.1234856007944389,-0.2161190053285968,168.48000257,-0.02,-283.32648049000005,174.71,2324.4805677980653,0.0439140474895864,652.2,1742057.5,2.6710479914136767,214800.0
2023-05-17,56666.5,0,56066.5,55566.5,54016.5,0.008998227349212184,54566.5,53641.5,1171.003842863014,2,5,58882.95,23450.0,17653,-0.1234856007944389,-0.2161190053285968,172.40000255,-0.02,-278.89179697000003,174.71,2324.4805677980653,0.0439140474895864,652.2,1742057.5,2.6710479914136767,214800.0
2023-05-18,57216.5,0,56666.5,56066.5,55566.5,0.010701577590896516,55156.5,54126.5,1363.0847369110793,3,5,60547.9,23450.0,17653,-0.1234856007944389,-0.2161190053285968,175.80000257,-0.02,-275.77699779,174.71,2324.4805677980653,0.0439140474895864,652.2,1742057.5,2.6710479914136767,214800.0
2023-05-19,57466.5,0,57216.5,56666.5,56066.5,0.009705910899737935,55906.5,54641.5,1225.4590976446118,4,5,59563.0,23450.0,17653,-0.1234856007944389,-0.2161190053285968,175.720002558,-0.02,-277.269214542,174.71,2324.4805677980653,0.0439140474895864,652.2,1742057.5,2.6710479914136767,214800.0
2023-05-22,59416.5,0,57466.5,57216.5,56666.5,0.004369368975732479,56596.5,55116.5,788.6697661251802,0,5,60714.48,23460.0,17954,-0.0740587931923671,-0.1368269230769231,195.500002868,-0.02,-257.77127689200006,174.71,2324.4805677980653,0.0439140474895864,652.2,1742057.5,2.6710479914136767,214800.0
2023-05-23,60866.5,0,59416.5,57466.5,57216.5,0.033932813030200126,57366.5,55706.5,1266.3925141913728,1,5,61618.502,23438.0,17954,-0.0740587931923671,-0.1368269230769231,201.400002828,-0.02,-252.343319512,174.71,2324.4805677980653,0.0439140474895864,652.2,1742057.5,2.6710479914136767,214800.0
2023-05-24,60066.5,0,60866.5,59416.5,57466.5,0.024403995523128996,58326.5,56446.5,1758.3372827759601,2,5,60012.79,23470.0,17954,-0.0740587931923671,-0.1368269230769231,207.240003068,-0.02,-246.067276072,174.71,2324.4805677980653,0.0439140474895864,652.2,1742057.5,2.6710479914136767,214800.0
2023-05-25,60066.5,0,60066.5,60866.5,59416.5,-0.013143519012921767,59006.5,57081.5,1606.7824992823225,3,5,60388.31,23470.0,17954,-0.0740587931923671,-0.1368269230769231,213.600003168,-0.02,-237.588708312,174.71,2324.4805677980653,0.0439140474895864,652.2,1742057.5,2.6710479914136767,214800.0
2023-05-26,60225.0,0,60066.5,60066.5,60866.5,0.0,59576.5,57741.5,1286.662348870109,4,5,58862.76,23470.0,17954,-0.0740587931923671,-0.1368269230769231,218.340003328,-0.02,-231.874085252,174.71,2324.4805677980653,0.0439140474895864,652.2,1742057.5,2.6710479914136767,214800.0
2023-05-29,60766.5,0,60225.0,60066.5,60066.5,0.0026387420608824375,60128.2,58362.35,516.862602632408,0,5,59344.8,23475.0,17954,-0.0740587931923671,-0.1368269230769231,257.120004068,-0.02,-192.270162912,174.71,2324.4805677980653,0.0439140474895864,652.2,1742057.5,2.6710479914136767,214800.0
2023-05-30,60766.5,0,60766.5,60225.0,60066.5,0.008991282689912783,60398.2,58882.35,388.90802254510965,1,5,59319.52,23465.0,17954,-0.0740587931923671,-0.1368269230769231,263.820004328,-0.02,-184.601053332,174.71,2324.4805677980653,0.0439140474895864,652.2,1742057.5,2.6710479914136767,214800.0
2023-05-31,60366.5,0,60766.5,60766.5,60225.0,0.0,60378.2,59352.35,360.3254778668134,2,5,59169.6,23480.0,17954,-0.0740587931923671,-0.1368269230769231,269.900004088,-0.02,-176.644284652,174.71,2324.4805677980653,0.0439140474895864,652.2,1742057.5,2.6710479914136767,214800.0
2023-06-01,60366.5,0,60366.5,60766.5,60766.5,-0.006582574280236675,60438.2,59722.35,317.92994511361724,3,6,59182.2,23485.0,17943,-0.0746260959257348,-0.1139259259259258,279.500004348,0.27,-165.05342915200004,174.71,2324.4805677980653,0.0439140474895864,652.2,1742057.5,2.6710479914136767,214800.0
2023-06-02,61066.5,0,60366.5,60366.5,60766.5,0.0,60498.2,60037.35,251.64349782966354,4,6,60285.995,23485.0,17943,-0.0746260959257348,-0.1139259259259258,285.560004348,0.27,-157.72746577200002,174.71,2324.4805677980653,0.0439140474895864,652.2,1742057.5,2.6710479914136767,214800.0
2023-06-05,60916.5,0,61066.5,60366.5,60366.5,0.011595835438529711,60666.5,60397.35,299.99999999991354,0,6,59673.45,23475.0,17943,-0.0746260959257348,-0.1139259259259258,314.100004488,0.27,-124.22791871200003,174.71,2324.4805677980653,0.0439140474895864,652.2,1742057.5,2.6710479914136767,214800.0
2023-06-06,61416.5,0,60916.5,61066.5,60366.5,-0.002456338581710127,60696.5,60547.35,319.37438845334503,1,6,60476.13,23495.0,17943,-0.0746260959257348,-0.1139259259259258,330.560004448,0.27,-104.78131627200004,146.64,2458.8788870703765,0.0578186460812724,652.2,1742057.5,2.6710479914136767,214800.0
2023-06-07,61516.5,0,61416.5,60916.5,61066.5,0.00820795679331554,60826.5,60602.35,457.4385204592505,2,6,60661.755,23485.0,17943,-0.0746260959257348,-0.1139259259259258,338.520005056,0.27,-93.89275294400002,146.64,2458.8788870703765,0.0578186460812724,652.2,1742057.5,2.6710479914136767,214800.0
2023-06-08,62516.5,0,61516.5,61416.5,60916.5,0.0016282269422711604,61056.5,60747.35,457.4385204592505,3,6,61906.46,23485.0,17943,-0.0746260959257348,-0.1139259259259258,343.060004876,0.27,-86.80533472400002,146.64,2458.8788870703765,0.0578186460812724,652.2,1742057.5,2.6710479914136767,214800.0
2023-06-09,64766.5,0,62516.5,61516.5,61416.5,0.016255801289084992,61486.5,60992.35,626.0990336998997,4,6,64033.74,23490.0,17943,-0.0746260959257348,-0.1139259259259258,350.940005796,0.27,-76.89647264400001,146.64,2458.8788870703765,0.0578186460812724,652.2,1742057.5,2.6710479914136767,214800.0
2023-06-12,64666.5,0,64766.5,62516.5,61516.5,0.035990498508393864,62226.5,61446.5,1533.9491516996084,0,6,63415.94,23470.0,18028,0.0212428482410922,-0.1097283950617283,378.6600057760001,0.27,-43.46807516400002,146.64,2458.8788870703765,0.0578186460812724,652.2,1742057.5,2.6710479914136767,214800.0
2023-06-13,64266.5,0,64666.5,64766.5,62516.5,-0.0015440080906024,62976.5,61836.5,1645.9799512752118,1,6,62949.88,23480.0,18028,0.0212428482410922,-0.1097283950617283,384.100005816,0.27,-34.63699362400002,146.64,2458.8788870703765,0.0578186460812724,652.2,1742057.5,2.6710479914136767,214800.0
2023-06-14,64466.5,0,64266.5,64666.5,64766.5,-0.006185582952533353,63546.5,62186.5,1452.8420423431958,2,6,63178.055,23495.0,18028,0.0212428482410922,-0.1097283950617283,387.800006036,0.27,-28.743654264000025,146.64,2458.8788870703765,0.0578186460812724,652.2,1742057.5,2.6710479914136767,214800.0
2023-06-15,64566.5,0,64466.5,64266.5,64666.5,0.0031120412656671093,64136.5,62596.5,925.7429448826215,3,6,63309.0,23500.0,18028,0.0212428482410922,-0.1097283950617283,389.600006036,0.27,-24.70475152400002,146.64,2458.8788870703765,0.0578186460812724,652.2,1742057.5,2.6710479914136767,214800.0
2023-06-16,66366.5,0,64566.5,64466.5,64266.5,0.0015511932554117536,64546.5,63016.5,192.35384061657908,4,6,64858.425,23525.0,18028,0.0212428482410922,-0.1097283950617283,399.300005936,0.27,-13.09206728400002,146.64,2458.8788870703765,0.0578186460812724,652.2,1742057.5,2.6710479914136767,214800.0
2023-06-19,66216.5,0,66366.5,64566.5,64466.5,0.027878234068750896,64866.5,63546.5,851.4693182962897,0,6,64609.44,23520.0,18028,0.0212428482410922,-0.1097283950617283,427.500005368,0.27,20.46900142799998,146.64,2458.8788870703765,0.0578186460812724,652.2,1742057.5,2.6710479914136767,214800.0
2023-06-20,66716.5,0,66216.5,66366.5,64566.5,-0.0022601764444410977,65176.5,64076.5,1024.93902257644,1,6,65456.16,23520.0,18028,0.0212428482410922,-0.1097283950617283,435.420005568,0.27,29.77839536799998,146.64,2458.8788870703765,0.0578186460812724,652.2,1742057.5,2.6710479914136767,214800.0
2023-06-21,66100.0,0,66716.5,66216.5,66366.5,0.007550988046785889,65666.5,64606.5,1065.9502802663678,2,6,65150.4,23520.0,18174,0.0295133971562906,-0.0583419689119171,446.520005568,0.27,42.45069174799998,146.64,2458.8788870703765,0.0578186460812724,652.2,1742057.5,2.6710479914136767,214800.0
2023-06-22,65716.5,0,66100.0,66716.5,66216.5,-0.009240592656988955,65993.2,65064.85,830.550690806978,3,6,64074.63,23505.0,18174,0.0295133971562906,-0.0583419689119171,452.920005728,0.27,50.66297460799999,146.64,2458.8788870703765,0.0578186460812724,652.2,1742057.5,2.6710479914136767,214800.0
2023-06-23,66016.5,0,65716.5,66100.0,66716.5,-0.0058018154311648695,66223.2,65384.85,366.0081283249721,4,6,64642.735,23515.0,18174,0.0295133971562906,-0.0583419689119171,463.020006128,0.27,62.294695347999976,146.64,2458.8788870703765,0.0578186460812724,652.2,1742057.5,2.6710479914136767,214800.0
2023-06-26,65666.5,0,66016.5,65716.5,66100.0,0.004565063568510164,66153.2,65509.85,365.21835934129734,0,6,62926.14,23515.0,18174,0.0295133971562906,-0.0583419689119171,486.020007018,0.27,88.94437129799998,146.64,2458.8788870703765,0.0578186460812724,652.2,1742057.5,2.6710479914136767,214800.0
2023-06-27,66166.5,0,65666.5,66016.5,65716.5,-0.005301704876811142,66043.2,65609.85,420.09159715465455,1,6,63766.3,23530.0,18174,0.0295133971562906,-0.0583419689119171,494.300007078,0.27,98.65661419799996,146.64,2458.8788870703765,0.0578186460812724,652.2,1742057.5,2.6710479914136767,214800.0
2023-06-28,66416.5,0,66166.5,65666.5,66016.5,0.00761423252343274,65933.2,65799.85,227.63885872132678,2,6,63856.8,23520.0,18174,0.0295133971562906,-0.0583419689119171,514.60000779,0.27,119.65957118999998,146.64,2458.8788870703765,0.0578186460812724,652.2,1742057.5,2.6710479914136767,214800.0
2023-06-29,65666.5,0,66416.5,66166.5,65666.5,0.003778347048733144,65996.5,65994.85,313.44856037306664,3,6,61619.88,23555.0,18174,0.0295133971562906,-0.0583419689119171,522.26000759,0.27,128.34234966999998,146.64,2458.8788870703765,0.0578186460812724,652.2,1742057.5,2.6710479914136767,214800.0
2023-06-30,65166.5,0,65666.5,66416.5,66166.5,-0.01129237463582089,65986.5,66104.85,325.19225083010207,4,6,60572.33,23569.0,18174,0.0295133971562906,-0.0583419689119171,537.0200075099999,0.27,144.73945515,146.64,2458.8788870703765,0.0578186460812724,652.2,1742057.5,2.6710479914136767,214800.0
2023-07-03,64316.5,0,65166.5,65666.5,66416.5,-0.007614232523432851,65816.5,65984.85,487.33971724039486,0,7,58725.325,23575.0,18169,0.0125954411190993,-0.0648996397323726,555.0000087220001,0.57,166.35257632199998,146.64,2458.8788870703765,0.0578186460812724,657.9,1802782.4,2.7402073263413893,214800.0
2023-07-04,64966.5,0,64316.5,65166.5,65666.5,-0.013043511620234316,65546.5,65794.85,838.6000238492413,1,7,60137.91,23695.0,18169,0.0125954411190993,-0.0648996397323726,558.420008662,0.57,170.31898902199998,146.64,2458.8788870703765,0.0578186460812724,657.9,1802782.4,2.7402073263413893,214800.0
2023-07-05,64866.5,0,64966.5,64316.5,65166.5,0.010106271330063032,65306.5,65619.85,786.9243928103564,2,7,59889.9,23700.0,18169,0.0125954411190993,-0.0648996397323726,564.9800085219999,0.57,177.469606022,146.64,2458.8788870703765,0.0578186460812724,657.9,1802782.4,2.7402073263413893,214800.0
2023-07-06,64666.5,0,64866.5,64966.5,64316.5,-0.001539254846728677,64996.5,65496.5,489.3873721296332,3,7,59647.44,23745.0,18169,0.0125954411190993,-0.0648996397323726,570.860008542,0.57,184.747317322,130.29,2582.623378616932,0.0503255740643615,657.9,1802782.4,2.7402073263413893,214800.0
2023-07-07,64616.5,0,64666.5,64866.5,64966.5,-0.003083255609598212,64796.5,65391.5,323.26459750481195,4,7,59512.1,23710.0,18169,0.0125954411190993,-0.0648996397323726,573.9600083619999,0.57,189.814988382,130.29,2582.623378616932,0.0503255740643615,657.9,1802782.4,2.7402073263413893,214800.0
2023-07-10,66466.5,0,64616.5,64666.5,64866.5,-0.0007731978690667107,64686.5,65251.5,251.4955267990826,0,7,61947.335,23635.0,18169,0.0125954411190993,-0.0648996397323726,583.740008742,0.57,201.375127462,130.29,2582.623378616932,0.0503255740643615,657.9,1802782.4,2.7402073263413893,214800.0
2023-07-11,65816.5,0,66466.5,64616.5,64666.5,0.028630458164710326,65116.5,65331.5,768.114574786827,1,7,60896.64,23640.0,18616,0.0375076631555482,-0.0756703078450844,589.960008334,0.57,208.23260907399995,130.29,2582.623378616932,0.0503255740643615,657.9,1802782.4,2.7402073263413893,214800.0
2023-07-12,65716.5,0,65816.5,66466.5,64616.5,-0.009779362536014413,65286.5,65296.5,818.9932844657202,2,7,60883.3,23690.0,18616,0.0375076631555482,-0.0756703078450844,598.920008394,0.57,218.146114894,130.29,2582.623378616932,0.0503255740643615,657.9,1802782.4,2.7402073263413893,214800.0
2023-07-13,64966.5,0,65716.5,65816.5,66466.5,-0.0015193758404047353,65456.5,65226.5,797.9661646961906,3,7,59954.44,23660.0,18616,0.0375076631555482,-0.0756703078450844,616.720008034,0.57,236.663130014,130.29,2582.623378616932,0.0503255740643615,657.9,1802782.4,2.7402073263413893,214800.0
2023-07-14,64816.5,0,64966.5,65716.5,65816.5,-0.01141265892127552,65516.5,65156.5,732.2909257938051,4,7,59754.125,23665.0,18616,0.0375076631555482,-0.0756703078450844,620.540007824,0.57,241.154372744,130.29,2582.623378616932,0.0503255740643615,657.9,1802782.4,2.7402073263413893,214800.0
2023-07-17,65116.5,0,64816.5,64966.5,65716.5,-0.002308882270093071,65556.5,65121.5,673.980711890146,0,7,60020.2,23630.0,18616,0.0375076631555482,-0.0756703078450844,667.4200083439999,0.57,294.208953884,130.29,2582.623378616932,0.0503255740643615,657.9,1802782.4,2.7402073263413893,214800.0
2023-07-18,65316.5,0,65116.5,64816.5,64966.5,0.004628451088843022,65286.5,65201.5,452.2167621837431,1,7,60303.76,23630.0,18616,0.0375076631555482,-0.0756703078450844,682.6400083240001,0.57,311.498950844,130.29,2582.623378616932,0.0503255740643615,657.9,1802782.4,2.7402073263413893,214800.0
2023-07-19,65066.5,0,65316.5,65116.5,64816.5,0.0030714181505455684,65186.5,65236.5,349.2849839313853,2,7,59843.82,23635.0,18616,0.0375076631555482,-0.0756703078450844,683.480008564,0.57,313.966761504,130.29,2582.623378616932,0.0503255740643615,657.9,1802782.4,2.7402073263413893,214800.0
2023-07-20,66366.5,0,65066.5,65316.5,65116.5,-0.0038275167836611113,65056.5,65256.5,185.0675552330772,3,7,61532.52,23630.0,18616,0.0375076631555482,-0.0756703078450844,691.840008724,0.57,323.922130124,130.29,2582.623378616932,0.0503255740643615,657.9,1802782.4,2.7402073263413893,214800.0
2023-07-21,65366.5,0,66366.5,65066.5,65316.5,0.019979559373871414,65336.5,65426.5,602.7022482121234,4,7,59968.792,23647.0,19500,0.0729613733905578,0.0056730273336771,703.7200086639999,0.57,337.58875056399995,130.29,2582.623378616932,0.0503255740643615,657.9,1802782.4,2.7402073263413893,214800.0
2023-07-24,66416.5,0,65366.5,66366.5,65066.5,-0.015067842962940614,65446.5,65501.5,529.8584716695092,0,7,61552.912,23656.0,19500,0.0729613733905578,0.0056730273336771,749.220009854,0.57,389.877113434,130.29,2582.623378616932,0.0503255740643615,657.9,1802782.4,2.7402073263413893,214800.0
2023-07-25,67216.5,0,66416.5,65366.5,66366.5,0.01606327400120855,65706.5,65496.5,635.8065743604324,1,7,62688.585,23665.0,19500,0.0729613733905578,0.0056730273336771,763.180009354,0.57,406.396767374,130.29,2582.623378616932,0.0503255740643615,657.9,1802782.4,2.7402073263413893,214800.0
2023-07-26,66616.5,0,67216.5,66416.5,65366.5,0.012045199611542268,66086.5,65636.5,869.3388292259515,2,7,62165.34,23655.0,19500,0.0729613733905578,0.0056730273336771,773.740009934,0.57,419.321336254,130.29,2582.623378616932,0.0503255740643615,657.9,1802782.4,2.7402073263413893,214800.0
2023-07-27,66916.5,0,66616.5,67216.5,66416.5,-0.008926379683559804,66396.5,65726.5,667.6451153119807,3,7,58689.2,23665.0,19500,0.0729613733905578,0.0056730273336771,794.240010514,0.57,442.393844354,130.29,2582.623378616932,0.0503255740643615,657.9,1802782.4,2.7402073263413893,214800.0
2023-07-28,67316.5,0,66916.5,66616.5,67216.5,0.004503388800072061,66506.5,65921.5,705.6911505750572,4,7,59128.839,23661.0,19500,0.0729613733905578,0.0056730273336771,806.240010914,0.57,457.231340974,130.29,2582.623378616932,0.0503255740643615,657.9,1802782.4,2.7402073263413893,214800.0
2023-07-31,67316.5,0,67316.5,66916.5,66616.5,0.005977598947942475,66896.5,66171.5,383.40579025354856,0,7,57720.345,23685.0,19500,0.0729613733905578,0.0056730273336771,844.700011314,0.57,505.492224734,130.29,2582.623378616932,0.0503255740643615,657.9,1802782.4,2.7402073263413893,214800.0
2023-08-01,66616.5,0,67316.5,67316.5,66916.5,0.0,67076.5,66391.5,304.959013639453,1,8,58631.68,23680.0,20612,0.1341476835039066,0.063022176379577,851.460011894,0.84,515.5399095539999,130.29,2582.623378616932,0.0503255740643615,657.9,1802782.4,2.7402073263413893,214800.0
2023-08-02,67266.5,0,66616.5,67316.5,67316.5,-0.010398639263776377,66956.5,66521.5,350.71355833492964,2,8,59057.92,23680.0,20612,0.1341476835039066,0.063022176379577,859.300011714,0.84,527.238054054,130.29,2582.623378616932,0.0503255740643615,657.9,1802782.4,2.7402073263413893,214800.0
2023-08-03,66916.5,0,67266.5,66616.5,67316.5,0.009757342400156022,67086.5,66741.5,311.44823004786537,3,8,60097.02,23735.0,20612,0.1341476835039066,0.063022176379577,866.580011714,0.84,537.278182094,130.29,2582.623378616932,0.0503255740643615,657.9,1802782.4,2.7402073263413893,214800.0
2023-08-04,66416.5,0,66916.5,67266.5,66616.5,-0.005203184348821499,67086.5,66796.5,311.44823004786537,4,8,59755.0,23750.0,20612,0.1341476835039066,0.063022176379577,872.740011614,0.84,545.963898654,130.29,2582.623378616932,0.0503255740643615,657.9,1802782.4,2.7402073263413893,214800.0
2023-08-07,66416.5,0,66416.5,66916.5,67266.5,-0.007471998684928205,66906.5,66901.5,394.3348830625412,0,8,59027.8,23725.0,20612,0.1341476835039066,0.063022176379577,841.0400102839999,0.84,513.203136564,125.04,2704.97440818938,0.0473747084400553,657.9,1802782.4,2.7402073263413893,214800.0
2023-08-08,67416.5,0,66416.5,66416.5,66916.5,0.0,66726.5,66901.5,364.6916505761382,1,8,60580.88,23720.0,20612,0.1341476835039066,0.063022176379577,834.140009964,0.84,505.978608304,125.04,2704.97440818938,0.0473747084400553,657.9,1802782.4,2.7402073263413893,214800.0
2023-08-09,67466.5,0,67416.5,66416.5,66416.5,0.015056499514428001,66886.5,66921.5,465.8325879540289,2,8,60725.07,23730.0,20612,0.1341476835039066,0.063022176379577,828.620010214,0.84,499.380346414,125.04,2704.97440818938,0.0473747084400553,657.9,1802782.4,2.7402073263413893,214800.0
2023-08-10,67266.5,0,67466.5,67416.5,66416.5,0.0007416581994021954,66926.5,67006.5,512.8352561982728,3,8,60358.105,23735.0,20612,0.1341476835039066,0.063022176379577,815.480009874,0.84,485.268572494,125.04,2704.97440818938,0.0473747084400553,657.9,1802782.4,2.7402073263413893,214800.0
2023-08-11,67166.5,0,67266.5,67466.5,67416.5,-0.0029644342006773794,66996.5,67041.5,534.5558904361153,4,8,60157.16,23740.0,22425,0.204608938547486,0.2703223248173114,813.560009774,0.84,483.287258134,125.04,2704.97440818938,0.0473747084400553,657.9,1802782.4,2.7402073263413893,214800.0
2023-08-14,66916.5,0,67166.5,67266.5,67466.5,-0.0014866240996632696,67146.5,67026.5,425.1470333895652,0,8,59778.75,23750.0,22425,0.204608938547486,0.2703223248173114,816.880009594,0.84,487.308642194,125.04,2704.97440818938,0.0473747084400553,657.9,1802782.4,2.7402073263413893,214800.0
2023-08-15,65266.5,0,66916.5,67166.5,67266.5,-0.003722093603209964,67246.5,66986.5,219.65882636476977,1,8,57989.525,23815.0,22425,0.204608938547486,0.2703223248173114,823.140009554,0.84,494.188753194,125.04,2704.97440818938,0.0473747084400553,657.9,1802782.4,2.7402073263413893,214800.0
2023-08-16,65266.5,0,65266.5,66916.5,67166.5,-0.024657595660263154,66816.5,66851.5,888.8194417315297,2,8,58306.845,23965.0,22425,0.204608938547486,0.2703223248173114,825.580009334,0.84,496.760313194,125.04,2704.97440818938,0.0473747084400553,657.9,1802782.4,2.7402073263413893,214800.0
2023-08-17,64166.5,0,65266.5,65266.5,66916.5,0.0,66376.5,66651.5,1021.2737145349174,3,8,56917.43,23935.0,22425,0.204608938547486,0.2703223248173114,834.080009526,0.84,506.265115306,125.04,2704.97440818938,0.0473747084400553,657.9,1802782.4,2.7402073263413893,214800.0
2023-08-18,64366.5,0,64166.5,65266.5,65266.5,-0.016853975623022488,65756.5,66376.5,1259.1663909110455,4,8,57025.35,23850.0,22425,0.204608938547486,0.2703223248173114,840.0400102780001,0.84,512.903143978,125.04,2704.97440818938,0.0473747084400553,657.9,1802782.4,2.7402073263413893,214800.0
2023-08-21,63916.5,0,64366.5,64166.5,65266.5,0.00311689121270442,65196.5,66171.5,1086.0478810807322,0,8,56251.215,23805.0,22354,0.1463589743589743,0.2663003455503314,844.880010558,0.84,520.1621335579999,125.04,2704.97440818938,0.0473747084400553,657.9,1802782.4,2.7402073263413893,214800.0
2023-08-22,64016.5,0,63916.5,64366.5,64166.5,-0.006991214373936794,64596.5,65921.5,632.0601237223782,1,8,56322.63,23805.0,22354,0.1463589743589743,0.2663003455503314,844.400010298,0.84,519.641881698,125.04,2704.97440818938,0.0473747084400553,657.9,1802782.4,2.7402073263413893,214800.0
2023-08-23,64416.5,0,64016.5,63916.5,64366.5,0.001564541237395689,64346.5,65581.5,541.5256226624443,2,8,56786.08,23920.0,22354,0.1463589743589743,0.2663003455503314,840.6000099979999,0.84,515.025599918,125.04,2704.97440818938,0.0473747084400553,657.9,1802782.4,2.7402073263413893,214800.0
2023-08-24,64716.5,0,64416.5,64016.5,63916.5,0.0062483890871884995,64176.5,65276.5,216.21748310427645,3,8,57611.97,23985.0,22354,0.1463589743589743,0.2663003455503314,838.920009878,0.84,513.044586538,125.04,2704.97440818938,0.0473747084400553,657.9,1802782.4,2.7402073263413893,214800.0
2023-08-25,64816.5,0,64716.5,64416.5,64016.5,0.004657191868542965,64286.5,65021.5,323.26459750481195,4,8,57731.97,23995.0,22354,0.1463589743589743,0.2663003455503314,827.380010078,0.84,500.823036898,125.04,2704.97440818938,0.0473747084400553,657.9,1802782.4,2.7402073263413893,214800.0
2023-08-28,65216.5,0,64816.5,64716.5,64416.5,0.0015452009920189358,64376.5,64786.5,403.7325847636627,0,8,58546.488,24024.0,22354,0.1463589743589743,0.2663003455503314,822.3600093379999,0.84,496.283449198,125.04,2704.97440818938,0.0473747084400553,657.9,1802782.4,2.7402073263413893,214800.0
2023-08-29,65316.5,0,65216.5,64816.5,64716.5,0.006171268118457585,64636.5,64616.5,449.44410108482685,1,8,58682.96,24080.0,22354,0.1463589743589743,0.2663003455503314,822.880009398,0.84,496.557672798,125.04,2704.97440818938,0.0473747084400553,657.9,1802782.4,2.7402073263413893,214800.0
2023-08-30,65416.5,0,65316.5,65216.5,64816.5,0.0015333542891753371,64896.5,64621.5,370.13511046636484,2,8,59216.82,24180.0,22354,0.1463589743589743,0.2663003455503314,820.4800088779999,0.84,494.444604478,125.04,2704.97440818938,0.0473747084400553,657.9,1802782.4,2.7402073263413893,214800.0
2023-08-31,66166.5,0,65416.5,65316.5,65216.5,0.0015310067134644,65096.5,64636.5,311.44823004786537,3,8,60178.56,24110.0,22354,0.1463589743589743,0.2663003455503314,830.3000082780001,0.84,505.685260698,125.04,2704.97440818938,0.0473747084400553,657.9,1802782.4,2.7402073263413893,214800.0
2023-09-01,66166.5,0,66166.5,65416.5,65316.5,0.011464997363050511,65386.5,64836.5,491.93495504990096,4,9,59885.34,24060.0,22354,0.1463589743589743,0.2663003455503314,838.120009078,1.12,513.853215818,125.04,2704.97440818938,0.0473747084400553,657.9,1802782.4,2.7402073263413893,214800.0
2023-09-04,66016.5,0,66166.5,66166.5,65416.5,0.0,65656.5,65016.5,470.903387118789,0,9,59716.92,24060.0,22354,0.1463589743589743,0.2663003455503314,828.7800079179999,1.12,504.628121858,125.04,2704.97440818938,0.0473747084400553,657.9,1802782.4,2.7402073263413893,214800.0
2023-09-05,66116.5,0,66016.5,66166.5,66166.5,-0.002267008229239864,65816.5,65226.5,416.83330001326436,1,9,59740.98,24060.0,22640,0.0983892877935184,0.2617733935239368,842.4400073099999,1.12,518.15542579,125.04,2704.97440818938,0.0473747084400553,657.9,1802782.4,2.7402073263413893,214800.0
2023-09-06,65616.5,0,66116.5,66016.5,66166.5,0.0015147728219460088,65976.5,65436.5,318.98275815465024,2,9,58994.65,24050.0,22640,0.0983892877935184,0.2617733935239368,842.58000731,1.12,518.2148546499999,97.85,2853.5513541134387,0.0549273018902651,657.9,1802782.4,2.7402073263413893,214800.0
2023-09-07,65666.5,0,65616.5,66116.5,66016.5,-0.007562408778444163,66016.5,65556.5,231.8404623872806,3,9,59079.08,24055.0,22640,0.0983892877935184,0.2617733935239368,844.02000627,1.12,519.49259763,97.85,2853.5513541134387,0.0549273018902651,657.9,1802782.4,2.7402073263413893,214800.0
2023-09-08,64866.5,0,65666.5,65616.5,66116.5,0.0007620034594957303,65916.5,65651.5,257.39075352457417,4,9,57912.42,24060.0,22640,0.0983892877935184,0.2617733935239368,841.08000607,1.12,516.62752915,97.85,2853.5513541134387,0.0549273018902651,657.9,1802782.4,2.7402073263413893,214800.0
2023-09-11,64866.5,0,64866.5,65666.5,65616.5,-0.012182772037492517,65656.5,65656.5,491.68079075752803,0,9,57900.385,24055.0,23055,0.0280936454849498,0.2849021902691857,846.68000659,1.12,520.41830919,97.85,2853.5513541134387,0.0549273018902651,657.9,1802782.4,2.7402073263413893,214800.0
2023-09-12,64866.5,0,64866.5,64866.5,65666.5,0.0,65426.5,65621.5,547.0374758642666,1,9,58718.925,24075.0,23055,0.0280936454849498,0.2849021902691857,851.5600067299999,1.12,525.15887405,97.85,2853.5513541134387,0.0549273018902651,657.9,1802782.4,2.7402073263413893,214800.0
2023-09-13,65483.5,0,64866.5,64866.5,64866.5,0.0,65176.5,65576.5,424.85291572489893,2,9,58563.0,24100.0,23055,0.0280936454849498,0.2849021902691857,856.30000777,1.12,530.55543447,97.85,2853.5513541134387,0.0549273018902651,657.9,1802782.4,2.7402073263413893,214800.0
2023-09-14,65916.5,0,65483.5,64866.5,64866.5,0.0095118435556103,65149.9,65583.2,393.4180982109846,3,9,59880.245,24155.0,23055,0.0280936454849498,0.2849021902691857,856.24000769,1.12,531.03182929,97.85,2853.5513541134387,0.0549273018902651,657.9,1802782.4,2.7402073263413893,214800.0
2023-09-15,66216.5,0,65916.5,65483.5,64866.5,0.006612352730076987,65199.9,65558.2,481.5109552231889,4,9,60428.9,24220.0,23055,0.0280936454849498,0.2849021902691857,843.88000799,1.12,518.7308858099999,97.85,2853.5513541134387,0.0549273018902651,657.9,1802782.4,2.7402073263413893,214800.0
2023-09-18,67466.5,0,66216.5,65916.5,65483.5,0.004551212518868475,65469.9,65563.2,609.3503097561758,0,9,61983.0,24250.0,23055,0.0280936454849498,0.2849021902691857,857.0800078499999,1.12,534.11471027,97.85,2853.5513541134387,0.0549273018902651,657.9,1802782.4,2.7402073263413893,214800.0
2023-09-19,67766.5,0,67466.5,66216.5,65916.5,0.018877470116964723,65989.9,65708.2,968.9622283659718,1,9,62533.42,24370.0,23055,0.0280936454849498,0.2849021902691857,857.36000785,1.12,534.2436325499999,97.85,2853.5513541134387,0.0549273018902651,657.9,1802782.4,2.7402073263413893,214800.0
2023-09-20,67566.5,0,67766.5,67466.5,66216.5,0.004446651301015958,66569.9,65873.2,995.9707827039676,2,9,61899.8,24370.0,23055,0.0280936454849498,0.2849021902691857,856.84000783,1.12,533.07405975,97.85,2853.5513541134387,0.0549273018902651,657.9,1802782.4,2.7402073263413893,214800.0
2023-09-21,67066.5,0,67566.5,67766.5,67466.5,-0.0029513107508872816,66986.5,66068.2,853.3756499924028,3,9,60869.16,24270.0,23594,0.0554710566341594,0.2982282381424013,852.82000759,1.12,529.5155275899999,97.85,2853.5513541134387,0.0549273018902651,657.9,1802782.4,2.7402073263413893,214800.0
2023-09-22,67066.5,0,67066.5,67566.5,67766.5,-0.007400116921847388,67216.5,66208.2,614.4102863721896,4,9,59899.84,24310.0,23594,0.0554710566341594,0.2982282381424013,856.06000733,1.12,532.38009181,97.85,2853.5513541134387,0.0549273018902651,657.9,1802782.4,2.7402073263413893,214800.0
2023-09-25,66316.5,0,67066.5,67066.5,67566.5,0.0,67386.5,66428.2,311.4482300478781,0,9,59949.96,24360.0,23594,0.0554710566341594,0.2982282381424013,855.8400078699999,1.12,536.26222556,97.85,2853.5513541134387,0.0549273018902651,657.9,1802782.4,2.7402073263413893,214800.0
2023-09-26,66016.5,0,66316.5,67066.5,67066.5,-0.01118293037507545,67156.5,66573.2,561.6938667993055,1,9,59560.34,24380.0,23594,0.0554710566341594,0.2982282381424013,844.94000667,1.12,526.4948111799999,97.85,2853.5513541134387,0.0549273018902651,657.9,1802782.4,2.7402073263413893,214800.0
2023-09-27,66316.5,0,66016.5,66316.5,67066.5,-0.004523761054941122,66806.5,66688.2,627.8933030379891,2,9,57341.76,24380.0,23594,0.0554710566341594,0.2982282381424013,851.8600070699999,1.12,534.18705788,97.85,2853.5513541134387,0.0549273018902651,657.9,1802782.4,2.7402073263413893,214800.0
2023-09-28,66316.5,0,66316.5,66016.5,66316.5,0.0045443184658380265,66556.5,66771.5,481.4041960763907,3,9,57207.21,24385.0,23594,0.0554710566341594,0.2982282381424013,845.62000721,1.12,528.07293408,97.85,2853.5513541134387,0.0549273018902651,657.9,1802782.4,2.7402073263413893,214800.0
2023-09-29,66266.5,0,66316.5,66316.5,66016.5,0.0,66406.5,66811.5,391.1521443121027,4,9,57841.22,24385.0,23594,0.0554710566341594,0.2982282381424013,852.70000673,1.12,534.90081338,97.85,2853.5513541134387,0.0549273018902651,657.9,1802782.4,2.7402073263413893,214800.0
2023-10-02,66316.5,0,66266.5,66316.5,66316.5,-0.0007539601758235204,66246.5,66816.5,130.38404810388423,0,10,57519.32,24280.0,23594,0.0554710566341594,0.2982282381424013,872.42000825,1.37,555.6591800399999,97.85,2853.5513541134387,0.0549273018902651,657.9,1802782.4,2.7402073263413893,214800.0
2023-10-03,66266.5,0,66316.5,66266.5,66316.5,0.0007545290606867372,66246.5,66701.5,130.38404810388423,1,10,57783.16,24340.0,23594,0.0554710566341594,0.2982282381424013,871.78000847,1.37,556.0377215,97.85,2853.5513541134387,0.0549273018902651,657.9,1802782.4,2.7402073263413893,214800.0
2023-10-04,65066.5,0,66266.5,66316.5,66266.5,-0.0007539601758235204,66296.5,66551.5,27.38612787445489,2,10,56865.82,24385.0,23594,0.0554710566341594,0.2982282381424013,873.38000871,1.37,558.71582188,97.85,2853.5513541134387,0.0549273018902651,657.9,1802782.4,2.7402073263413893,214800.0
2023-10-05,65066.5,0,65066.5,66266.5,66316.5,-0.01810869745648258,66046.5,66301.5,548.4067833278104,3,10,56532.3,24420.0,23594,0.0554710566341594,0.2982282381424013,876.6600090300001,1.37,562.5321694,97.85,2853.5513541134387,0.0549273018902651,657.9,1802782.4,2.7402073263413893,214800.0
2023-10-06,64216.5,0,65066.5,65066.5,66266.5,0.0,65796.5,66101.5,666.7083320312984,4,10,56122.76,24380.0,23594,0.0554710566341594,0.2982282381424013,880.24000901,1.37,567.4980839599999,73.62,3107.5794621026894,0.0890217404439086,657.9,1802782.4,2.7402073263413893,214800.0
2023-10-09,63933.5,0,64216.5,65066.5,65066.5,-0.013063558052146651,65386.5,65816.5,896.2421547773548,0,10,55540.8,24360.0,23594,0.0554710566341594,0.2982282381424013,879.14000919,1.37,570.90403352,73.62,3107.5794621026894,0.0890217404439086,657.9,1802782.4,2.7402073263413893,214800.0
2023-10-10,63933.5,0,63933.5,64216.5,65066.5,-0.004406967056753364,64909.9,65578.2,911.5332138764646,1,10,54661.91,24370.0,23594,0.0554710566341594,0.2982282381424013,877.4000091300001,1.37,570.07649966,73.62,3107.5794621026894,0.0890217404439086,657.9,1802782.4,2.7402073263413893,214800.0
2023-10-11,63616.5,0,63933.5,63933.5,64216.5,0.0,64443.3,65369.9,580.5141686470345,2,10,54755.55,24390.0,22410,-0.0279765777488614,0.2038031800601634,865.74000917,1.37,558.76596226,73.62,3107.5794621026894,0.0890217404439086,657.9,1802782.4,2.7402073263413893,214800.0
2023-10-12,63616.5,0,63616.5,63933.5,63933.5,-0.0049582769596533405,64153.3,65099.9,552.8803668063813,3,10,54623.4,24440.0,22410,-0.0279765777488614,0.2038031800601634,871.1600095599999,1.37,563.96805957,73.62,3107.5794621026894,0.0890217404439086,657.9,1802782.4,2.7402073263413893,214800.0
2023-10-13,63116.5,0,63616.5,63616.5,63933.5,0.0,63863.3,64829.9,253.19300938209122,4,10,55100.925,24435.0,22410,-0.0279765777488614,0.2038031800601634,866.3400098,1.37,558.98213091,73.62,3107.5794621026894,0.0890217404439086,657.9,1802782.4,2.7402073263413893,214800.0
2023-10-16,63416.5,0,63116.5,63616.5,63616.5,-0.007859596173948602,63643.3,64514.9,334.4348965044775,0,10,55820.96,24440.0,22410,-0.0279765777488614,0.2038031800601634,845.70000954,1.37,537.8597997100001,73.62,3107.5794621026894,0.0890217404439086,657.9,1802782.4,2.7402073263413893,214800.0
2023-10-17,63616.5,0,63416.5,63116.5,63616.5,0.004753115270967223,63539.9,64224.9,300.4792838116479,1,10,56160.16,24460.0,22410,-0.0279765777488614,0.2038031800601634,868.64001078,1.37,561.7578309099999,73.62,3107.5794621026894,0.0890217404439086,657.9,1802782.4,2.7402073263413893,214800.0
2023-10-18,63816.5,0,63616.5,63416.5,63116.5,0.0031537533607184365,63476.5,63959.9,219.08902300197755,2,10,56816.8,24490.0,22410,-0.0279765777488614,0.2038031800601634,862.2600103799999,1.37,555.4207844099999,73.62,3107.5794621026894,0.0890217404439086,657.9,1802782.4,2.7402073263413893,214800.0
2023-10-19,56766.5,1,63816.5,63616.5,63416.5,0.003143838469579441,63516.5,63834.9,264.57513110638547,3,10,57335.925,24555.0,22410,-0.0279765777488614,0.2038031800601634,856.46001084,1.37,549.8004071099999,73.62,3107.5794621026894,0.0890217404439086,657.9,1802782.4,2.7402073263413893,214800.0
2023-10-20,57766.5,0,56766.5,63816.5,63616.5,-0.1104729967954996,62146.5,63004.9,3018.608951156138,4,10,58969.1,24550.0,22410,-0.0279765777488614,0.2038031800601634,847.60000984,1.37,539.98014055,73.62,3107.5794621026894,0.0890217404439086,657.9,1802782.4,2.7402073263413893,214800.0
2023-10-23,59466.5,0,57766.5,56766.5,63816.5,0.017616023535007352,61076.5,62359.9,3498.821230071631,0,10,60785.08,24520.0,22490,-0.046791557175553,0.1533333333333333,831.6400095399999,1.37,524.13972399,73.62,3107.5794621026894,0.0890217404439086,657.9,1802782.4,2.7402073263413893,214800.0
2023-10-24,60816.5,0,59466.5,57766.5,56766.5,0.029428821202600153,60286.5,61913.2,3277.308346799239,1,10,62114.34,24590.0,22490,-0.046791557175553,0.1533333333333333,829.90000888,1.37,522.2046732700001,73.62,3107.5794621026894,0.0890217404439086,657.9,1802782.4,2.7402073263413893,214800.0
2023-10-25,60566.5,0,60816.5,59466.5,57766.5,0.022701857348254917,59726.5,61601.5,2765.2757547846763,2,10,61203.15,24550.0,22490,-0.046791557175553,0.1533333333333333,813.94000848,1.37,506.17290247,73.62,3107.5794621026894,0.0890217404439086,657.9,1802782.4,2.7402073263413893,214800.0
2023-10-26,59766.5,0,60566.5,60816.5,59466.5,-0.0041107265298069295,59076.5,61296.5,1764.3695757975313,3,10,60589.52,24560.0,22490,-0.046791557175553,0.1533333333333333,804.5400080000001,1.37,495.87474431,73.62,3107.5794621026894,0.0890217404439086,657.9,1802782.4,2.7402073263413893,214800.0
2023-10-27,59366.5,0,59766.5,60566.5,60816.5,-0.01320862192796346,59676.5,60911.5,1203.3287165192896,4,10,59507.8,24590.0,22490,-0.046791557175553,0.1533333333333333,796.24000758,1.37,486.53277349,73.62,3107.5794621026894,0.0890217404439086,657.9,1802782.4,2.7402073263413893,214800.0
2023-10-30,59066.5,0,59366.5,59766.5,60566.5,-0.006692712472706308,59996.5,60536.5,657.2670690061695,0,10,58550.31,24570.0,22490,-0.046791557175553,0.1533333333333333,769.52000692,1.37,455.25363821,73.62,3107.5794621026894,0.0890217404439086,657.9,1802782.4,2.7402073263413893,214800.0
2023-10-31,58166.5,0,59066.5,59366.5,59766.5,-0.005053355006611526,59916.5,60101.5,754.9834435270491,1,10,56827.212,24558.0,22490,-0.046791557175553,0.1533333333333333,762.960007118,1.37,447.099308088,73.62,3107.5794621026894,0.0890217404439086,657.9,1802782.4,2.7402073263413893,214800.0
2023-11-01,59166.5,0,58166.5,59066.5,59366.5,-0.015237063309998078,59386.5,59556.5,884.3076387773436,2,11,58108.96,24560.0,21940,-0.0701025684496058,0.0644284882592665,756.140007158,1.6,439.242459288,73.62,3107.5794621026894,0.0890217404439086,657.9,1802782.4,2.7402073263413893,214800.0
2023-11-02,57316.5,0,59166.5,58166.5,59066.5,0.017192026338184396,59106.5,59091.5,589.9152481500719,3,11,56840.52,24585.0,21940,-0.0701025684496058,0.0644284882592665,752.500007138,1.6,435.214771188,73.62,3107.5794621026894,0.0890217404439086,657.9,1802782.4,2.7402073263413893,214800.0
2023-11-03,57416.5,0,57316.5,59166.5,58166.5,-0.03126769371181326,58616.5,59146.5,860.23252670424,4,11,57198.96,24570.0,21940,-0.0701025684496058,0.0644284882592665,751.4600073979999,1.6,434.588229308,73.62,3107.5794621026894,0.0890217404439086,657.9,1802782.4,2.7402073263413893,214800.0
2023-11-06,57666.5,0,57416.5,57316.5,59166.5,0.0017446982980469095,58226.5,59111.5,877.068982463729,0,11,58161.44,24520.0,21940,-0.0701025684496058,0.0644284882592665,745.580007418,1.6,429.723932768,45.92,3362.5871080139373,0.0820598954977973,657.9,1802782.4,2.7402073263413893,214800.0
2023-11-07,58066.5,0,57666.5,57416.5,57316.5,0.004354149068647617,57946.5,58931.5,757.1327492586494,1,11,58939.37,24335.0,21940,-0.0701025684496058,0.0644284882592665,748.540007228,1.6,434.716879258,45.92,3362.5871080139373,0.0820598954977973,657.9,1802782.4,2.7402073263413893,214800.0
2023-11-08,57016.5,0,58066.5,57666.5,57416.5,0.006936436232474641,57926.5,58656.5,751.1657606680172,2,11,57322.98,24310.0,21940,-0.0701025684496058,0.0644284882592665,753.020007068,1.6,440.369934798,45.92,3362.5871080139373,0.0820598954977973,657.9,1802782.4,2.7402073263413893,214800.0
2023-11-09,57316.5,0,57016.5,58066.5,57666.5,-0.01808271550722018,57496.5,58301.5,394.65174521337275,3,11,58634.22,24370.0,21940,-0.0701025684496058,0.0644284882592665,752.5800069879999,1.6,440.425632538,45.92,3362.5871080139373,0.0820598954977973,657.9,1802782.4,2.7402073263413893,214800.0
2023-11-10,58116.5,0,57316.5,57016.5,58066.5,0.005261634789929248,57496.5,58056.5,394.65174521337275,4,11,59146.2,24340.0,21940,-0.0701025684496058,0.0644284882592665,748.8000072680001,1.6,437.219283958,45.92,3362.5871080139373,0.0820598954977973,657.9,1802782.4,2.7402073263413893,214800.0
2023-11-13,57916.5,0,58116.5,57316.5,57016.5,0.013957586384374387,57636.5,57931.5,475.13156072814286,0,11,58866.615,24315.0,20880,-0.0682730923694778,-0.0688963210702341,727.440007108,1.6,417.144859086,45.92,3362.5871080139373,0.0820598954977973,657.9,1802782.4,2.7402073263413893,214800.0
2023-11-14,59016.5,0,57916.5,58116.5,57316.5,-0.0034413634682061156,57686.5,57816.5,491.934955049914,1,11,61030.649,24383.0,20880,-0.0682730923694778,-0.0688963210702341,723.5800071479999,1.6,413.870681686,45.92,3362.5871080139373,0.0820598954977973,657.9,1802782.4,2.7402073263413893,214800.0
2023-11-15,58816.5,0,59016.5,57916.5,58116.5,0.018992860411109147,57876.5,57901.5,776.5307463326619,2,11,60254.27,24355.0,20880,-0.0682730923694778,-0.0688963210702341,713.760006976,1.6,404.638696934,45.92,3362.5871080139373,0.0820598954977973,657.9,1802782.4,2.7402073263413893,214800.0
2023-11-16,59616.5,0,58816.5,59016.5,57916.5,-0.0033888827700727653,58236.5,57866.5,690.6518659932519,3,11,61915.21,24290.0,20880,-0.0682730923694778,-0.0688963210702341,703.360006476,1.6,395.224994994,45.92,3362.5871080139373,0.0820598954977973,657.9,1802782.4,2.7402073263413893,214800.0
2023-11-17,59816.5,0,59616.5,58816.5,59016.5,0.013601625394234595,58696.5,58096.5,690.6518659932519,4,11,62323.008,24288.0,20880,-0.0682730923694778,-0.0688963210702341,693.7400060660001,1.6,385.936686084,45.92,3362.5871080139373,0.0820598954977973,657.9,1802782.4,2.7402073263413893,214800.0
2023-11-20,57416.5,0,59816.5,59616.5,58816.5,0.0033547759429017887,59036.5,58336.5,749.6665925596263,0,11,61134.25,24250.0,20880,-0.0682730923694778,-0.0688963210702341,672.3600054860001,1.6,364.541090564,45.92,3362.5871080139373,0.0820598954977973,657.9,1802782.4,2.7402073263413893,214800.0
2023-11-21,57916.5,0,57416.5,59816.5,59616.5,-0.040122708617187586,58936.5,58311.5,944.4575162493869,1,11,60545.85,24170.0,20880,-0.0682730923694778,-0.0688963210702341,669.9600057060001,1.6,362.109357824,45.92,3362.5871080139373,0.0820598954977973,657.9,1802782.4,2.7402073263413893,214800.0
2023-11-22,57416.5,0,57916.5,57416.5,59816.5,0.008708298137295012,58716.5,58296.5,1044.0306508910362,2,11,59890.66,24130.0,20880,-0.0682730923694778,-0.0688963210702341,667.120005674,1.6,359.962720852,45.92,3362.5871080139373,0.0820598954977973,657.9,1802782.4,2.7402073263413893,214800.0
2023-11-23,57516.5,0,57416.5,57916.5,57416.5,-0.008633118368685966,58436.5,58336.5,1188.2760622010194,3,11,60875.575,24205.0,20280,-0.0982658959537572,-0.0927798156929409,665.1000056739999,1.6,358.582914852,45.92,3362.5871080139373,0.0820598954977973,657.9,1802782.4,2.7402073263413893,214800.0
2023-11-24,57316.5,0,57516.5,57416.5,57916.5,0.0017416596274590912,58016.5,58356.5,1027.1319292086878,4,11,60381.84,24240.0,20280,-0.0982658959537572,-0.0927798156929409,658.720005634,1.6,353.170601712,45.92,3362.5871080139373,0.0820598954977973,657.9,1802782.4,2.7402073263413893,214800.0
2023-11-27,58066.5,0,57316.5,57516.5,57416.5,-0.003477263046256285,57516.5,58276.5,234.52078799108807,0,11,61741.7,24260.0,20280,-0.0982658959537572,-0.0927798156929409,632.900005354,1.6,328.236723292,45.92,3362.5871080139373,0.0820598954977973,657.9,1802782.4,2.7402073263413893,214800.0
2023-11-28,58066.5,0,58066.5,57316.5,57516.5,0.013085237235351155,57646.5,58291.5,327.10854467586273,1,11,60041.94,24230.0,20280,-0.0982658959537572,-0.0927798156929409,625.700005614,1.6,320.474498032,45.92,3362.5871080139373,0.0820598954977973,657.9,1802782.4,2.7402073263413893,214800.0
2023-11-29,58316.5,0,58066.5,58066.5,57316.5,0.0,57676.5,58196.5,362.9738282575768,2,11,60114.63,24230.0,20280,-0.0982658959537572,-0.0927798156929409,609.8200062139999,1.6,303.202830112,45.92,3362.5871080139373,0.0820598954977973,657.9,1802782.4,2.7402073263413893,214800.0
2023-11-30,58316.5,0,58316.5,58066.5,58066.5,0.004305408454100101,57856.5,58146.5,420.41646019151165,3,11,59873.68,24260.0,20196,-0.1020008892841263,-0.0965375324326742,597.680005394,1.6,290.368311052,45.92,3362.5871080139373,0.0820598954977973,657.9,1802782.4,2.7402073263413893,214800.0
2023-12-01,59116.5,0,58316.5,58316.5,58066.5,0.0,58016.5,58016.5,410.791918128827,4,12,61740.5,24250.0,20196,-0.1020008892841263,-0.0965375324326742,586.520005994,1.83,278.491472612,45.92,3362.5871080139373,0.0820598954977973,657.9,1802782.4,2.7402073263413893,102600.0
2023-12-04,58966.5,0,59116.5,58316.5,58316.5,0.013718244407671998,58376.5,57946.5,432.14580872659275,0,12,61405.12,24290.0,20196,-0.1020008892841263,-0.0965375324326742,549.040006434,1.83,240.765724592,45.92,3362.5871080139373,0.0820598954977973,657.9,1802782.4,2.7402073263413893,102600.0
2023-12-05,59166.5,0,58966.5,59116.5,58316.5,-0.002537362665245735,58556.5,58101.5,457.43852045926445,1,12,60940.25,24250.0,20196,-0.1020008892841263,-0.0965375324326742,544.760006634,1.83,235.953005412,45.92,3362.5871080139373,0.0820598954977973,657.9,1802782.4,2.7402073263413893,102600.0
2023-12-06,59566.5,0,59166.5,58966.5,59116.5,0.003391756336224905,58776.5,58226.5,426.32147494579823,2,12,61951.098,24266.0,20196,-0.1020008892841263,-0.0965375324326742,535.460006754,1.83,226.567669292,39.62,3659.767794043412,0.0883785836569748,657.9,1802782.4,2.7402073263413893,102600.0
2023-12-07,59466.5,0,59566.5,59166.5,58966.5,0.006760582424175876,59026.5,58441.5,454.6977017755433,3,12,60976.288,24274.0,19720,-0.1011850501367365,-0.1289752650176678,529.800006754,1.83,220.588145072,39.62,3659.767794043412,0.0883785836569748,657.9,1802782.4,2.7402073263413893,102600.0
2023-12-08,59916.5,0,59466.5,59566.5,59166.5,-0.0016787959675320652,59256.5,58636.5,250.99800796014475,4,12,61682.775,24275.0,19720,-0.1011850501367365,-0.1289752650176678,520.560006614,1.83,211.577475732,39.62,3659.767794043412,0.0883785836569748,657.9,1802782.4,2.7402073263413893,102600.0
2023-12-11,60116.5,0,59916.5,59466.5,59566.5,0.007567285782751565,59416.5,58896.5,367.4234614174235,0,12,61179.72,24220.0,19720,-0.1011850501367365,-0.1289752650176678,491.220006064,1.83,179.206017522,39.62,3659.767794043412,0.0883785836569748,657.9,1802782.4,2.7402073263413893,102600.0
2023-12-12,61116.5,0,60116.5,59916.5,59466.5,0.003337978687006027,59646.5,59101.5,375.16662964602926,1,12,63583.5,24250.0,19720,-0.1011850501367365,-0.1289752650176678,484.660005024,1.83,171.34065712199998,39.62,3659.767794043412,0.0883785836569748,657.9,1802782.4,2.7402073263413893,102600.0
2023-12-13,63366.5,0,61116.5,60116.5,59916.5,0.01663436826827902,60036.5,59406.5,658.2172893505311,2,12,66084.24,24260.0,19720,-0.1011850501367365,-0.1289752650176678,474.720005184,1.83,160.70780008199998,39.62,3659.767794043412,0.0883785836569748,657.9,1802782.4,2.7402073263413893,102600.0
2023-12-14,63966.5,0,63366.5,61116.5,60116.5,0.03681493541024117,60796.5,59911.5,1558.2843129544624,3,12,67228.551,24279.0,19000,-0.0900383141762452,-0.17588375623509,467.160005364,1.83,152.08967522199998,39.62,3659.767794043412,0.0883785836569748,657.9,1802782.4,2.7402073263413893,102600.0
2023-12-15,65466.5,0,63966.5,63366.5,61116.5,0.009468725588441806,61696.5,60476.5,1867.0163362970236,4,12,67813.265,24245.0,19000,-0.0900383141762452,-0.17588375623509,453.340005164,1.83,137.374797662,39.62,3659.767794043412,0.0883785836569748,657.9,1802782.4,2.7402073263413893,102600.0
2023-12-18,66916.5,0,65466.5,63966.5,63366.5,0.02344977449133534,62806.5,61111.5,2169.5045517352482,0,12,68534.5,24260.0,19000,-0.0900383141762452,-0.17588375623509,426.720005364,1.83,110.42955218199998,39.62,3659.767794043412,0.0883785836569748,657.9,1802782.4,2.7402073263413893,102600.0
2023-12-19,66316.5,0,66916.5,65466.5,63966.5,0.022148732557873085,64166.5,61906.5,2192.88622595883,1,12,68082.6,24350.0,19000,-0.0900383141762452,-0.17588375623509,420.860005224,1.83,105.11248784199998,39.62,3659.767794043412,0.0883785836569748,657.9,1802782.4,2.7402073263413893,102600.0
2023-12-20,68016.5,0,66316.5,66916.5,65466.5,-0.008966398421913824,65206.5,62621.5,1512.2003835470882,2,12,71394.2,24350.0,19000,-0.0900383141762452,-0.17588375623509,414.900005084,1.83,99.745300622,39.62,3659.767794043412,0.0883785836569748,657.9,1802782.4,2.7402073263413893,102600.0
2023-12-21,68016.5,0,68016.5,66316.5,66916.5,0.02563464597799947,66136.5,63466.5,1527.4979541721032,3,12,69841.45,24335.0,19524,-0.0649425287356322,-0.1725014834279902,407.300005104,1.83,92.83074354199998,39.62,3659.767794043412,0.0883785836569748,657.9,1802782.4,2.7402073263413893,102600.0
2023-12-22,68016.5,0,68016.5,68016.5,66316.5,0.0,66946.5,64321.5,1104.3097391583399,4,12,72084.48,24320.0,19524,-0.0649425287356322,-0.1725014834279902,402.820005184,1.83,89.58652088799998,39.62,3659.767794043412,0.0883785836569748,657.9,1802782.4,2.7402073263413893,102600.0
2023-12-25,67566.5,0,68016.5,68016.5,68016.5,0.0,67456.5,65131.5,795.6129712366188,0,12,68754.695,24235.0,19524,-0.0649425287356322,-0.1725014834279902,367.760004424,1.83,52.62050271799999,39.62,3659.767794043412,0.0883785836569748,657.9,1802782.4,2.7402073263413893,102600.0
2023-12-26,67566.5,0,67566.5,68016.5,68016.5,-0.006616041695765018,67586.5,65876.5,736.2064927722118,1,12,68740.51,24230.0,19524,-0.0649425287356322,-0.1725014834279902,351.22000422400004,1.83,35.33262303799999,39.62,3659.767794043412,0.0883785836569748,657.9,1802782.4,2.7402073263413893,102600.0
2023-12-27,67566.5,0,67566.5,67566.5,68016.5,0.0,67836.5,66521.5,246.4751508772454,2,12,69010.025,24325.0,19524,-0.0649425287356322,-0.1725014834279902,342.680004164,1.83,26.57073519799999,39.62,3659.767794043412,0.0883785836569748,657.9,1802782.4,2.7402073263413893,102600.0
2023-12-28,67766.5,0,67566.5,67566.5,67566.5,0.0,67746.5,66941.5,246.4751508772454,3,12,69845.805,24345.0,19780,-0.02465483234714,-0.1616512672713401,324.700003564,1.83,8.940846897999986,39.62,3659.767794043412,0.0883785836569748,657.9,1802782.4,2.7402073263413893,102600.0
2023-12-29,69466.5,0,67766.5,67566.5,67566.5,0.0029600467687389553,67696.5,67321.5,198.7460691434195,4,12,71153.96,24235.0,19780,-0.02465483234714,-0.1616512672713401,309.700002964,1.83,-6.3011576620000165,39.62,3659.767794043412,0.0883785836569748,657.9,1802782.4,2.7402073263413893,102600.0
2024-01-01,67916.5,0,69466.5,67766.5,67566.5,0.025086141382541616,67986.5,67721.5,831.8653737233933,0,1,68922.66,24260.0,19780,-0.02465483234714,-0.1616512672713401,279.080001904,1.99,-39.171161882000014,39.62,3659.767794043412,0.0883785836569748,657.9,1802782.4,2.7402073263413893,102600.0
2024-01-02,67816.5,0,67916.5,69466.5,67766.5,-0.022312913418698233,68056.5,67821.5,801.8728078691538,1,1,68922.66,24260.0,19780,-0.02465483234714,-0.1616512672713401,271.580001644,1.99,-47.05566534200001,39.62,3659.767794043412,0.0883785836569748,657.9,1802782.4,2.7402073263413893,102600.0
2024-01-03,67716.5,0,67816.5,67916.5,69466.5,-0.001472396251279151,68106.5,67971.5,770.8761249383463,2,1,68207.3,24325.0,19780,-0.02465483234714,-0.1616512672713401,265.200001504,1.99,-53.941926662000014,39.62,3659.767794043412,0.0883785836569748,657.9,1802782.4,2.7402073263413893,102600.0
2024-01-04,66916.5,0,67716.5,67816.5,67916.5,-0.0014745673987893726,68136.5,67941.5,747.1612945006995,3,1,67139.35,24370.0,19368,-0.0409982174688057,-0.1791133338984487,255.960001364,1.99,-64.63183858200001,39.62,3659.767794043412,0.0883785836569748,657.9,1802782.4,2.7402073263413893,102600.0
2024-01-05,67316.5,0,66916.5,67716.5,67816.5,-0.011813959670095131,67966.5,67831.5,927.3618495495493,4,1,67866.96,24360.0,19368,-0.0409982174688057,-0.1791133338984487,254.300001284,1.99,-67.88094422200002,39.62,3659.767794043412,0.0883785836569748,657.9,1802782.4,2.7402073263413893,102600.0
2024-01-08,67666.5,0,67316.5,66916.5,67716.5,0.005977598947942475,67536.5,67761.5,414.7288270665073,0,1,68114.15,24370.0,19368,-0.0409982174688057,-0.1791133338984487,232.560001464,1.99,-93.11551758200002,109.48,2991.5052977712826,-0.1825969662227708,657.9,1802782.4,2.7402073263413893,102600.0
2024-01-09,69066.5,0,67666.5,67316.5,66916.5,0.005199319631888244,67486.5,67771.5,370.1351104663821,1,1,70192.05,24330.0,19368,-0.0409982174688057,-0.1791133338984487,224.800001704,1.99,-101.49757736200002,109.48,2991.5052977712826,-0.1825969662227708,657.9,1802782.4,2.7402073263413893,102600.0
2024-01-10,70016.5,0,69066.5,67666.5,67316.5,0.02068970613228105,67736.5,67921.5,809.7839217964017,2,1,71423.52,24360.0,19368,-0.0409982174688057,-0.1791133338984487,212.340001384,1.99,-114.60319188200002,109.48,2991.5052977712826,-0.1825969662227708,657.9,1802782.4,2.7402073263413893,102600.0
2024-01-11,70216.5,0,70016.5,69066.5,67666.5,0.01375485944705468,68196.5,68166.5,1300.288429541677,3,1,71994.75,24405.0,19700,-0.0010141987829614,-0.1209281570727354,202.020000984,1.99,-126.03966660200004,109.48,2991.5052977712826,-0.1825969662227708,657.9,1802782.4,2.7402073263413893,102600.0
2024-01-12,70266.5,0,70216.5,70016.5,69066.5,0.0028564695464641243,68856.5,68411.5,1325.4244603144914,4,1,71907.55,24475.0,19700,-0.0010141987829614,-0.1209281570727354,190.040001144,1.99,-139.35577846200002,109.48,2991.5052977712826,-0.1825969662227708,657.9,1802782.4,2.7402073263413893,102600.0
2024-01-15,70266.5,0,70266.5,70216.5,70016.5,0.0007120833422342709,69446.5,68491.5,1107.1359446788642,0,1,71976.11,24490.0,19700,-0.0010141987829614,-0.1209281570727354,132.25999954399998,1.99,-203.097732762,109.48,2991.5052977712826,-0.1825969662227708,657.9,1802782.4,2.7402073263413893,102600.0
2024-01-16,70866.5,0,70266.5,70266.5,70216.5,0.0,69966.5,68726.5,513.5659646043154,1,1,73091.89,24470.0,19700,-0.0010141987829614,-0.1209281570727354,127.399999784,1.99,-209.196929362,109.48,2991.5052977712826,-0.1825969662227708,657.9,1802782.4,2.7402073263413893,102600.0
2024-01-17,72366.5,0,70866.5,70266.5,70266.5,0.008538919684344615,70326.5,69031.5,318.9827581546703,2,1,77665.0,24500.0,19700,-0.0010141987829614,-0.1209281570727354,121.199999384,1.99,-216.140011002,109.48,2991.5052977712826,-0.1825969662227708,657.9,1802782.4,2.7402073263413893,102600.0
2024-01-18,72016.5,0,72366.5,70866.5,70266.5,0.021166559657948447,70796.5,69496.5,917.6055797563357,3,1,77416.68,24530.0,20194,0.0628421052631578,-0.0988844265952699,117.619999384,1.99,-220.109024642,109.48,2991.5052977712826,-0.1825969662227708,657.9,1802782.4,2.7402073263413893,102600.0
2024-01-19,70666.5,0,72016.5,72366.5,70866.5,-0.004836492023242767,71156.5,70006.5,983.8699100998875,4,1,75181.335,24545.0,20194,0.0628421052631578,-0.0988844265952699,110.459999384,1.99,-228.481658262,109.48,2991.5052977712826,-0.1825969662227708,657.9,1802782.4,2.7402073263413893,102600.0
2024-01-22,72116.5,0,70666.5,72016.5,72366.5,-0.01874570410947496,71236.5,70341.5,906.6421565314294,0,1,76761.12,24540.0,20194,0.0628421052631578,-0.0988844265952699,74.580000024,1.99,-267.74711780200005,109.48,2991.5052977712826,-0.1825969662227708,657.9,1802782.4,2.7402073263413893,102600.0
2024-01-23,74016.5,0,72116.5,70666.5,72016.5,0.02051891631819891,71606.5,70786.5,780.5446816166009,1,1,79051.0,24550.0,20194,0.0628421052631578,-0.0988844265952699,68.899999824,1.99,-274.815715102,109.48,2991.5052977712826,-0.1825969662227708,657.9,1802782.4,2.7402073263413893,102600.0
2024-01-24,73416.5,0,74016.5,72116.5,70666.5,0.026346259177858045,72236.5,71281.5,1195.0941385514202,2,1,78165.83,24565.0,20194,0.0628421052631578,-0.0988844265952699,66.039999904,1.99,-278.000125742,109.48,2991.5052977712826,-0.1825969662227708,657.9,1802782.4,2.7402073263413893,102600.0
2024-01-25,74166.5,0,73416.5,74016.5,72116.5,-0.008106300622158558,72446.5,71621.5,1310.3434664239605,3,1,78892.2,24600.0,20370,0.0433312845728335,-0.0942641173855046,62.559999864,1.99,-282.037891662,109.48,2991.5052977712826,-0.1825969662227708,657.9,1802782.4,2.7402073263413893,102600.0
2024-01-26,75200.0,0,74166.5,73416.5,74016.5,0.010215687209278679,72876.5,72016.5,1476.2283021267276,4,1,79990.855,24605.0,20370,0.0433312845728335,-0.0942641173855046,57.35999992399999,1.99,-287.647963302,109.48,2991.5052977712826,-0.1825969662227708,657.9,1802782.4,2.7402073263413893,102600.0
2024-01-29,76316.5,0,75200.0,74166.5,73416.5,0.013934862774972467,73783.2,72509.85,1131.4844011297557,0,1,76539.64,24595.0,20370,0.0433312845728335,-0.0942641173855046,49.419999586,1.99,-298.50631866000003,109.48,2991.5052977712826,-0.1825969662227708,657.9,1802782.4,2.7402073263413893,102600.0
2024-01-30,77216.5,0,76316.5,75200.0,74166.5,0.014847074468085086,74623.2,73114.85,1143.7600054207023,1,1,76582.66,24530.0,20370,0.0433312845728335,-0.0942641173855046,48.279999546,1.99,-300.4878762,109.48,2991.5052977712826,-0.1825969662227708,657.9,1802782.4,2.7402073263413893,102600.0
2024-01-31,78416.5,0,77216.5,76316.5,75200.0,0.011792993651438488,75263.2,73749.85,1544.49569439347,2,1,77600.495,24395.0,20370,0.0433312845728335,-0.0942641173855046,44.959999646,1.99,-305.13531554,109.48,2991.5052977712826,-0.1825969662227708,657.9,1802782.4,2.7402073263413893,102600.0
2024-02-01,78266.5,0,78416.5,77216.5,76316.5,0.015540719923850421,76263.2,74354.85,1663.946198048474,3,2,77346.72,24415.0,20990,0.0611729019211324,-0.0432999088422971,42.879999446,2.06,-308.17795142000006,109.48,2991.5052977712826,-0.1825969662227708,657.9,1802782.4,2.7402073263413893,102600.0
2024-02-02,78266.5,0,78266.5,78416.5,77216.5,-0.001912862726594522,77083.2,74979.85,1353.691970132044,4,2,76884.4,24400.0,20990,0.0611729019211324,-0.0432999088422971,42.459999446,2.06,-309.2091778,109.48,2991.5052977712826,-0.1825969662227708,657.9,1802782.4,2.7402073263413893,102600.0
2024-02-05,78066.5,0,78266.5,78266.5,78416.5,0.0,77696.5,75739.85,908.7078738516444,0,2,75827.86,24335.0,20990,0.0611729019211324,-0.0432999088422971,34.459999566,2.06,-321.88261768,109.48,2991.5052977712826,-0.1825969662227708,657.9,1802782.4,2.7402073263413893,102600.0
2024-02-06,77866.5,0,78066.5,78266.5,78266.5,-0.0025553717107574814,78046.5,76334.85,480.36444497899305,1,2,74767.16,24370.0,20990,0.0611729019211324,-0.0432999088422971,27.279999666,2.06,-330.49221552,175.08,2916.381082933516,-0.0251125127185083,657.9,1802782.4,2.7402073263413893,102600.0
2024-02-07,77966.5,0,77866.5,78066.5,78266.5,-0.002561918364471283,78176.5,76719.85,213.3072900769592,2,2,75403.08,24355.0,20990,0.0611729019211324,-0.0432999088422971,24.199999726,2.06,-334.40612972,175.08,2916.381082933516,-0.0251125127185083,657.9,1802782.4,2.7402073263413893,102600.0
2024-02-08,78566.5,0,77966.5,77866.5,78066.5,0.001284249324163822,78086.5,77174.85,178.88543819991614,3,2,76006.0,24400.0,20707,0.0691346551011977,-0.0561987237921604,24.119999734,2.06,-335.656952792,175.08,2916.381082933516,-0.0251125127185083,657.9,1802782.4,2.7402073263413893,102600.0
2024-02-09,78566.5,0,78566.5,77966.5,77866.5,0.007695612859369039,78146.5,77614.85,277.48873851018897,4,2,75859.6,24400.0,20707,0.0691346551011977,-0.0561987237921604,23.839999734,2.06,-336.617838252,175.08,2916.381082933516,-0.0251125127185083,657.9,1802782.4,2.7402073263413893,102600.0
2024-02-12,79266.5,0,78566.5,78566.5,77966.5,0.0,78206.5,77951.5,336.1547262793965,0,2,78494.8,24400.0,20707,0.0691346551011977,-0.0561987237921604,17.620000034,2.06,-347.58314288,175.08,2916.381082933516,-0.0251125127185083,657.9,1802782.4,2.7402073263413893,102600.0
2024-02-13,79066.5,0,79266.5,78566.5,78566.5,0.008909649787123053,78446.5,78246.5,563.0275304103486,1,2,77884.8,24400.0,20707,0.0691346551011977,-0.0561987237921604,16.760000006,2.06,-350.152424428,175.08,2916.381082933516,-0.0251125127185083,657.9,1802782.4,2.7402073263413893,102600.0
2024-02-14,78233.5,0,79066.5,79266.5,78566.5,-0.00252313398472237,78686.5,78431.5,506.9516742254394,2,2,77177.2,24400.0,20707,0.0691346551011977,-0.0561987237921604,14.920000166,2.06,-353.800619948,175.08,2916.381082933516,-0.0251125127185083,657.9,1802782.4,2.7402073263413893,102600.0
2024-02-15,77366.5,0,78233.5,79066.5,79266.5,-0.010535435361373024,78739.9,78413.2,418.49468335926935,3,2,75396.0,24400.0,21361,0.0843147208121828,0.0230363984674328,14.800000156,2.06,-355.08238621800007,175.08,2916.381082933516,-0.0251125127185083,657.9,1802782.4,2.7402073263413893,102600.0
2024-02-16,78066.5,0,77366.5,78233.5,79066.5,-0.011082209028101753,78499.9,78323.2,753.1120766525879,4,2,75990.6,24450.0,21361,0.0843147208121828,0.0230363984674328,14.800000156,2.06,-356.504883058,175.08,2916.381082933516,-0.0251125127185083,657.9,1802782.4,2.7402073263413893,102600.0
2024-02-19,79816.5,0,78066.5,77366.5,78233.5,0.00904784370496281,78399.9,78303.2,774.9372877852585,0,2,76985.91,24510.0,21361,0.0843147208121828,0.0230363984674328,14.760000136,2.06,-360.151227658,175.08,2916.381082933516,-0.0251125127185083,657.9,1802782.4,2.7402073263413893,102600.0
2024-02-20,81616.5,0,79816.5,78066.5,77366.5,0.022416785689123975,78509.9,78478.2,948.3368599817121,1,2,77809.16,24530.0,21361,0.0843147208121828,0.0230363984674328,14.540000128,2.06,-361.785324706,175.08,2916.381082933516,-0.0251125127185083,657.9,1802782.4,2.7402073263413893,102600.0
2024-02-21,81216.5,0,81616.5,79816.5,78066.5,0.02255172802616001,79019.9,78853.2,1705.7279384473884,2,2,77155.65,24525.0,21361,0.0843147208121828,0.0230363984674328,14.540000128,2.06,-363.318259526,175.08,2916.381082933516,-0.0251125127185083,657.9,1802782.4,2.7402073263413893,102600.0
2024-02-22,82116.5,0,81216.5,81616.5,79816.5,-0.004900969779395137,79616.5,79178.2,1875.166659259912,3,2,77915.925,24525.0,20910,0.0354560760621966,0.0014367816091953,14.200000188,2.06,-366.156170346,175.08,2916.381082933516,-0.0251125127185083,657.9,1802782.4,2.7402073263413893,102600.0
2024-02-23,82116.5,0,82116.5,81216.5,81616.5,0.011081492061342235,80566.5,79533.2,1638.5969608173875,4,2,76548.67,24590.0,20910,0.0354560760621966,0.0014367816091953,13.840000168,2.06,-369.010029866,175.08,2916.381082933516,-0.0251125127185083,657.9,1802782.4,2.7402073263413893,102600.0
2024-02-26,81766.5,0,82116.5,82116.5,81216.5,0.0,81376.5,79888.2,950.263121456357,0,2,74628.9,24630.0,20910,0.0354560760621966,0.0014367816091953,13.700000188,2.06,-375.037156306,175.08,2916.381082933516,-0.0251125127185083,657.9,1802782.4,2.7402073263413893,102600.0
2024-02-27,81916.5,0,81766.5,82116.5,82116.5,-0.004262237187410589,81766.5,80138.2,377.4917217635097,1,2,74473.2,24660.0,20910,0.0354560760621966,0.0014367816091953,14.800000148,2.06,-375.060666366,175.08,2916.381082933516,-0.0251125127185083,657.9,1802782.4,2.7402073263413893,102600.0
2024-02-28,83166.5,0,81916.5,81766.5,82116.5,0.0018344921208564013,81826.5,80423.2,371.48351242010597,2,2,75771.125,24625.0,20910,0.0354560760621966,0.0014367816091953,13.440000128,2.06,-378.02451070600006,175.08,2916.381082933516,-0.0251125127185083,657.9,1802782.4,2.7402073263413893,102600.0
2024-02-29,83066.5,0,83166.5,81916.5,81766.5,0.015259441016156616,82216.5,80916.5,551.1351921261961,3,2,74943.28,24620.0,20770,0.0196367206676484,0.0241617357001973,13.240000128,2.06,-379.715057866,175.08,2916.381082933516,-0.0251125127185083,657.9,1802782.4,2.7402073263413893,102600.0
2024-03-01,84066.5,0,83066.5,83166.5,81916.5,-0.00120240721925291,82406.5,81486.5,660.8706378709671,4,3,76260.8,24640.0,20770,0.0196367206676484,0.0241617357001973,13.220000128,1.92,-381.832991466,175.08,2916.381082933516,-0.0251125127185083,657.9,1802782.4,2.7402073263413893,102600.0
2024-03-04,85416.5,0,84066.5,83066.5,83166.5,0.012038547428867341,82796.5,82086.5,956.2949335848115,0,3,77443.52,24640.0,20770,0.0196367206676484,0.0241617357001973,12.180000178,1.92,-388.408813836,175.08,2916.381082933516,-0.0251125127185083,657.9,1802782.4,2.7402073263413893,102600.0
2024-03-05,86566.5,0,85416.5,84066.5,83066.5,0.01605871542171977,83526.5,82646.5,1303.552837440807,1,3,78691.764,24676.0,20770,0.0196367206676484,0.0241617357001973,12.620000198,1.92,-389.3478965160001,175.08,2916.381082933516,-0.0251125127185083,657.9,1802782.4,2.7402073263413893,102600.0
2024-03-06,86366.5,0,86566.5,85416.5,84066.5,0.01346344090427487,84456.5,83141.5,1510.132444522658,2,3,78514.2,24690.0,20770,0.0196367206676484,0.0241617357001973,13.280000198,1.92,-390.461783856,194.06,3075.285994022467,0.0544870188669281,657.9,1802782.4,2.7402073263413893,102600.0
2024-03-07,88216.5,0,86366.5,86566.5,85416.5,-0.0023103625536436967,85096.5,83656.5,1504.8255712872435,3,3,81616.485,24665.0,20470,-0.0247737017627441,0.0380324543610548,13.520000198000002,1.92,-392.205855136,194.06,3075.285994022467,0.0544870188669281,657.9,1802782.4,2.7402073263413893,102600.0
2024-03-08,91016.5,0,88216.5,86366.5,86566.5,0.021420342378121182,86126.5,84266.5,1530.2777525665003,4,3,83443.08,24680.0,20470,-0.0247737017627441,0.0380324543610548,13.380000188,1.92,-394.329909286,194.06,3075.285994022467,0.0544870188669281,657.9,1802782.4,2.7402073263413893,102600.0
2024-03-11,90216.5,0,91016.5,88216.5,86366.5,0.03174009397334965,87516.5,85156.5,2200.8521077073715,0,3,81238.08,24640.0,20470,-0.0247737017627441,0.0380324543610548,13.380000188,1.92,-398.99005574600005,194.06,3075.285994022467,0.0544870188669281,657.9,1802782.4,2.7402073263413893,102600.0
2024-03-12,90616.5,0,90216.5,91016.5,88216.5,-0.008789615069795031,88476.5,86001.5,2100.4166253388826,1,3,80778.165,24635.0,20470,-0.0247737017627441,0.0380324543610548,13.520000208,1.92,-400.492457426,194.06,3075.285994022467,0.0544870188669281,657.9,1802782.4,2.7402073263413893,102600.0
2024-03-13,91066.5,0,90616.5,90216.5,91016.5,0.004433778743356154,89286.5,86871.5,1955.6328898850059,2,3,81501.015,24645.0,20470,-0.0247737017627441,0.0380324543610548,13.600000208,1.92,-401.770720626,194.06,3075.285994022467,0.0544870188669281,657.9,1802782.4,2.7402073263413893,102600.0
2024-03-14,90566.5,0,91066.5,90616.5,90216.5,0.004965983016337994,90226.5,87661.5,1174.946807306603,3,3,80440.5,24675.0,20540,-0.0080649055874825,0.0810526315789472,13.660000218,1.92,-403.227779696,194.06,3075.285994022467,0.0544870188669281,657.9,1802782.4,2.7402073263413893,102600.0
2024-03-15,91066.5,0,90566.5,91066.5,90616.5,-0.005490493211005143,90696.5,88411.5,351.06979363081,4,3,80909.13,24690.0,20540,-0.0080649055874825,0.0810526315789472,13.320000218,1.92,-405.798089656,194.06,3075.285994022467,0.0544870188669281,657.9,1802782.4,2.7402073263413893,102600.0
2024-03-18,91900.0,0,91066.5,90566.5,91066.5,0.005520805154223707,90706.5,89111.5,362.9738282576025,0,3,81740.68,24710.0,20540,-0.0080649055874825,0.0810526315789472,12.780000218,1.92,-413.451486236,194.06,3075.285994022467,0.0544870188669281,657.9,1802782.4,2.7402073263413893,102600.0
2024-03-19,92700.0,0,91900.0,91066.5,90566.5,0.009152652182745635,91043.2,89759.85,534.9083566368919,1,3,82622.245,24715.0,20540,-0.0080649055874825,0.0810526315789472,12.600000198,1.92,-416.788425116,194.06,3075.285994022467,0.0544870188669281,657.9,1802782.4,2.7402073263413893,102600.0
2024-03-20,93500.0,0,92700.0,91900.0,91066.5,0.008705114254624613,91459.9,90373.2,842.5002522254714,2,3,82977.96,24740.0,20540,-0.0080649055874825,0.0810526315789472,12.640000198,1.92,-418.858933516,194.06,3075.285994022467,0.0544870188669281,657.9,1802782.4,2.7402073263413893,102600.0
2024-03-21,93800.0,0,93500.0,92700.0,91900.0,0.008629989212513456,91946.6,91086.55,1189.7569814882283,3,3,82129.125,24775.0,21014,-0.0162445578390524,0.076316328621184,12.340000198,1.92,-421.5611309620001,194.06,3075.285994022467,0.0544870188669281,657.9,1802782.4,2.7402073263413893,102600.0
2024-03-22,93950.0,0,93800.0,93500.0,92700.0,0.0032085561497325887,92593.3,91644.9,1129.3137075232803,4,3,83897.225,24785.0,21014,-0.0162445578390524,0.076316328621184,11.420000118,1.92,-425.28495092200006,194.06,3075.285994022467,0.0544870188669281,657.9,1802782.4,2.7402073263413893,102600.0
2024-03-25,94566.5,0,93950.0,93800.0,93500.0,0.0015991471215350828,93170.0,91938.25,858.487041253376,0,3,83170.944,24768.0,21014,-0.0162445578390524,0.076316328621184,12.000000118,1.92,-430.398748462,194.06,3075.285994022467,0.0544870188669281,657.9,1802782.4,2.7402073263413893,102600.0
2024-03-26,96166.5,0,94566.5,93950.0,93800.0,0.0065620010643958615,93703.3,92373.25,682.5078387828048,1,3,82285.24,24740.0,21014,-0.0162445578390524,0.076316328621184,11.920000118,1.92,-433.495664862,194.06,3075.285994022467,0.0544870188669281,657.9,1802782.4,2.7402073263413893,102600.0
2024-03-27,97366.5,0,96166.5,94566.5,93950.0,0.01691931074957842,94396.6,92928.25,1063.0953273342757,2,3,83598.75,24770.0,21014,-0.0162445578390524,0.076316328621184,12.600000128,1.92,-434.989515092,194.06,3075.285994022467,0.0544870188669281,657.9,1802782.4,2.7402073263413893,102600.0
2024-03-28,97266.5,0,97366.5,96166.5,94566.5,0.012478357848107136,95169.9,93558.25,1544.922061140941,3,3,85929.595,24785.0,20690,-0.010521281683405,0.0460060667340749,19.140000108,1.92,-428.990669292,194.06,3075.285994022467,0.0544870188669281,657.9,1802782.4,2.7402073263413893,102600.0
2024-03-29,98366.5,0,97266.5,97366.5,96166.5,-0.001027047290392491,95863.2,94228.25,1554.261705762571,4,3,84186.84,24790.0,20690,-0.010521281683405,0.0460060667340749,20.659999908,1.92,-428.550380772,194.06,3075.285994022467,0.0544870188669281,657.9,1802782.4,2.7402073263413893,102600.0
2024-04-01,98316.5,0,98366.5,97266.5,97366.5,0.011309135210992416,96746.5,94958.25,1446.3747785411563,0,4,84254.76,24810.0,20690,-0.010521281683405,0.0460060667340749,34.560000688,1.62,-417.625024352,194.06,3075.285994022467,0.0544870188669281,657.9,1802782.4,2.7402073263413893,102600.0
2024-04-02,98316.5,0,98316.5,98366.5,97266.5,-0.0005083031316556186,97496.5,95599.9,903.8805230781215,1,4,84203.82,24795.0,20690,-0.010521281683405,0.0460060667340749,37.420000666,1.62,-415.416619354,194.06,3075.285994022467,0.0544870188669281,657.9,1802782.4,2.7402073263413893,102600.0
2024-04-03,99816.5,0,98316.5,98316.5,98366.5,0.0,97926.5,96161.55,558.345771005726,2,4,89142.0,24900.0,20690,-0.010521281683405,0.0460060667340749,37.780000676,1.62,-415.722504224,194.06,3075.285994022467,0.0544870188669281,657.9,1802782.4,2.7402073263413893,102600.0
2024-04-04,102850.0,0,99816.5,98316.5,98316.5,0.015256849053821187,98416.5,96793.2,908.9829481348803,3,4,93175.0,25000.0,20980,0.0101107366393837,0.0832300702189177,38.240000696,1.62,-416.09537528400006,194.06,3075.285994022467,0.0544870188669281,657.9,1802782.4,2.7402073263413893,102600.0
2024-04-05,101816.5,0,102850.0,99816.5,98316.5,0.030390767057550505,99533.2,97698.2,1962.3536760737045,4,4,92209.63,24935.0,20980,0.0101107366393837,0.0832300702189177,37.980000686,1.62,-417.874147114,194.06,3075.285994022467,0.0544870188669281,657.9,1802782.4,2.7402073263413893,102600.0
2024-04-08,103116.5,0,101816.5,102850.0,99816.5,-0.010048614487117136,100223.2,98484.85,2053.9655425542037,0,4,91791.05,24950.0,20980,0.0101107366393837,0.0832300702189177,38.080000686,1.62,-423.073163554,136.53,3344.2466857101003,0.0874587574002616,657.9,1802782.4,2.7402073263413893,102600.0
2024-04-09,104183.5,0,103116.5,101816.5,102850.0,0.012768068043981007,101183.2,99339.85,2061.7212347938766,1,4,91927.68,24960.0,20980,0.0101107366393837,0.0832300702189177,38.080000686,1.62,-425.32939839400007,136.53,3344.2466857101003,0.0874587574002616,657.9,1802782.4,2.7402073263413893,102600.0
2024-04-10,104183.5,0,104183.5,103116.5,101816.5,0.01034751955312685,102356.6,100141.55,1650.929374625089,2,4,91622.985,24945.0,20980,0.0101107366393837,0.0832300702189177,38.100000686,1.62,-427.606778094,136.53,3344.2466857101003,0.0874587574002616,657.9,1802782.4,2.7402073263413893,102600.0
2024-04-11,105366.5,0,104183.5,104183.5,103116.5,0.0,103230.0,100823.25,996.6931573959874,3,4,92633.525,24935.0,21610,0.0556912554958475,0.0969543147208122,38.100000686,1.62,-429.729840354,136.53,3344.2466857101003,0.0874587574002616,657.9,1802782.4,2.7402073263413893,102600.0
2024-04-12,107566.5,0,105366.5,104183.5,104183.5,0.011354965037649878,103733.3,101633.25,1334.8470698922708,4,4,94674.2,24980.0,21610,0.0556912554958475,0.0969543147208122,38.360000686,1.62,-431.18416669400006,136.53,3344.2466857101003,0.0874587574002616,657.9,1802782.4,2.7402073263413893,102600.0
2024-04-15,110016.5,0,107566.5,105366.5,104183.5,0.020879501549353918,104883.3,102553.25,1698.0920764198793,0,4,96357.78,25015.0,21610,0.0556912554958475,0.0969543147208122,38.580000686,1.62,-436.802429034,136.53,3344.2466857101003,0.0874587574002616,657.9,1802782.4,2.7402073263413893,102600.0
2024-04-16,113266.5,0,110016.5,107566.5,105366.5,0.022776607958797657,106263.3,103723.25,2511.9826233475364,1,4,99435.82,25180.0,21610,0.0556912554958475,0.0969543147208122,38.580000686,1.62,-439.074736874,136.53,3344.2466857101003,0.0874587574002616,657.9,1802782.4,2.7402073263413893,102600.0
2024-04-17,115216.5,0,113266.5,110016.5,107566.5,0.029541023391945753,108079.9,105218.25,3655.793046658957,2,4,100538.56,25280.0,21610,0.0556912554958475,0.0969543147208122,38.900000686,1.62,-440.254106254,136.53,3344.2466857101003,0.0874587574002616,657.9,1802782.4,2.7402073263413893,102600.0
2024-04-18,119216.5,0,115216.5,113266.5,110016.5,0.017216034749903963,110286.5,106758.25,4026.8784436583114,3,4,106553.0,25400.0,21440,0.0438169425511196,0.0617014954937109,39.640000706,1.62,-439.978111714,136.53,3344.2466857101003,0.0874587574002616,657.9,1802782.4,2.7402073263413893,102600.0
2024-04-19,119800.0,0,119216.5,115216.5,113266.5,0.03471724969947876,113056.5,108394.9,4528.7139454816515,4,4,103174.8,25400.0,21440,0.0438169425511196,0.0617014954937109,40.100000736,1.62,-440.712640004,136.53,3344.2466857101003,0.0874587574002616,657.9,1802782.4,2.7402073263413893,102600.0
2024-04-22,122966.5,0,119800.0,119216.5,115216.5,0.004894456723691709,115503.2,110193.25,4106.092662130262,0,4,103795.2,25440.0,21440,0.0438169425511196,0.0617014954937109,45.840000956,1.62,-436.887868464,136.53,3344.2466857101003,0.0874587574002616,657.9,1802782.4,2.7402073263413893,102600.0
2024-04-23,127466.5,0,122966.5,119800.0,119216.5,0.02643155258764618,118093.2,112178.25,3856.697350065208,1,4,105205.515,25455.0,21440,0.0438169425511196,0.0617014954937109,46.480000976,1.62,-437.457838684,136.53,3344.2466857101003,0.0874587574002616,657.9,1802782.4,2.7402073263413893,102600.0
2024-04-24,129866.5,0,127466.5,122966.5,119800.0,0.03659533287521399,120933.2,114506.55,4575.209771147112,2,4,104736.48,25440.0,21440,0.0438169425511196,0.0617014954937109,46.800000976,1.62,-438.477749464,136.53,3344.2466857101003,0.0874587574002616,657.9,1802782.4,2.7402073263413893,102600.0
2024-04-25,130966.5,0,129866.5,127466.5,122966.5,0.018828476501669078,123863.2,117074.85,4688.519697089905,3,4,108377.73,25405.0,20710,-0.0144665461121157,0.0166912125675011,47.320000976,1.62,-439.300086744,136.53,3344.2466857101003,0.0874587574002616,657.9,1802782.4,2.7402073263413893,102600.0
2024-04-26,132916.5,0,130966.5,129866.5,127466.5,0.008470236743116866,126213.2,119634.85,4721.795680670652,4,4,109106.4,25350.0,20710,-0.0144665461121157,0.0166912125675011,48.320001016,1.62,-438.838802884,136.53,3344.2466857101003,0.0874587574002616,657.9,1802782.4,2.7402073263413893,102600.0
2024-04-29,133716.5,0,132916.5,130966.5,129866.5,0.014889303753249816,128836.5,122169.85,3826.8132956808895,0,4,105144.83,25330.0,20710,-0.0144665461121157,0.0166912125675011,49.220001056,1.62,-441.702332444,136.53,3344.2466857101003,0.0874587574002616,657.9,1802782.4,2.7402073263413893,102600.0
2024-04-30,133916.5,0,133716.5,132916.5,130966.5,0.006018816324534493,130986.5,124539.85,2491.1342798010774,1,4,105474.12,25330.0,20710,-0.0144665461121157,0.0166912125675011,49.700001056,1.62,-442.711891564,136.53,3344.2466857101003,0.0874587574002616,657.9,1802782.4,2.7402073263413893,102600.0
2024-05-01,132916.5,0,133916.5,133716.5,132916.5,0.0014957017271615136,132276.5,126604.85,1781.6425006156628,2,5,101851.93,25330.0,20710,-0.0144665461121157,0.0166912125675011,50.640001136,1.26,-442.80121226400007,136.53,3344.2466857101003,0.0874587574002616,657.9,1802782.4,2.7402073263413893,102600.0
2024-05-02,132216.5,0,132916.5,133916.5,133716.5,-0.007467339722887045,132886.5,128374.85,1165.9759860306008,3,5,100762.74,25330.0,20600,-0.0043499275012083,-0.0185802763220581,53.820001116,1.26,-439.953327144,136.53,3344.2466857101003,0.0874587574002616,657.9,1802782.4,2.7402073263413893,102600.0
2024-05-03,130216.5,0,132216.5,132916.5,133916.5,-0.005266464283967709,133136.5,129674.85,687.0225614927298,4,5,93435.2,25390.0,20600,-0.0043499275012083,-0.0185802763220581,56.100001116,1.26,-437.063607264,136.53,3344.2466857101003,0.0874587574002616,657.9,1802782.4,2.7402073263413893,102600.0
2024-05-06,130216.5,0,130216.5,132216.5,132916.5,-0.015126705063286394,132596.5,130716.5,1492.3136399564376,0,5,89941.4,25400.0,20600,-0.0043499275012083,-0.0185802763220581,66.860001466,1.26,-424.966354714,162.05,3577.722925023141,0.0698142993788946,657.9,1802782.4,2.7402073263413893,102600.0
2024-05-07,130216.5,0,130216.5,130216.5,132216.5,0.0,131896.5,131441.5,1648.3324907311728,1,5,89835.17,25370.0,20600,-0.0043499275012083,-0.0185802763220581,68.720001466,1.26,-423.749316634,162.05,3577.722925023141,0.0698142993788946,657.9,1802782.4,2.7402073263413893,102600.0
2024-05-08,99000.0,1,130216.5,130216.5,130216.5,0.0,131156.5,131716.5,1310.7249902248875,2,5,85801.2,25400.0,20600,-0.0043499275012083,-0.0185802763220581,69.660001498,1.26,-423.899505202,162.05,3577.722925023141,0.0698142993788946,657.9,1802782.4,2.7402073263413893,102600.0
2024-05-09,97466.5,0,99000.0,130216.5,130216.5,-0.23972768427964197,124373.2,128629.85,14210.46355507096,3,5,86800.95,25425.0,19840,-0.0543374642516683,-0.041869899067948,70.84000151800001,1.26,-423.702783182,162.05,3577.722925023141,0.0698142993788946,657.9,1802782.4,2.7402073263413893,102600.0
2024-05-10,95966.5,0,97466.5,99000.0,130216.5,-0.015489898989898943,117423.2,125279.85,17526.335525431434,4,5,87488.16,25440.0,19840,-0.0543374642516683,-0.041869899067948,71.420001518,1.26,-424.426614522,162.05,3577.722925023141,0.0698142993788946,657.9,1802782.4,2.7402073263413893,102600.0
2024-05-13,100200.0,0,95966.5,97466.5,99000.0,-0.01538990319750888,110573.2,121584.85,17963.843532217707,0,5,87548.0,25450.0,19840,-0.0543374642516683,-0.041869899067948,77.080001546,1.26,-420.758579114,162.05,3577.722925023141,0.0698142993788946,657.9,1802782.4,2.7402073263413893,102600.0
2024-05-14,100466.5,0,100200.0,95966.5,97466.5,0.044114352404224455,104569.9,118233.2,14425.192257817567,1,5,86514.747,25453.0,19840,-0.0543374642516683,-0.041869899067948,82.56000174600001,1.26,-415.66870279400007,162.05,3577.722925023141,0.0698142993788946,657.9,1802782.4,2.7402073263413893,102600.0
2024-05-15,99466.5,0,100466.5,100200.0,95966.5,0.0026596806387224614,98619.9,114888.2,1898.8145446567062,2,5,87369.85,25450.0,19840,-0.0543374642516683,-0.041869899067948,86.060001546,1.26,-412.1432814740001,162.05,3577.722925023141,0.0698142993788946,657.9,1802782.4,2.7402073263413893,102600.0
2024-05-16,101216.5,0,99466.5,100466.5,100200.0,-0.00995356661175617,98713.2,111543.2,1933.3079035683515,3,5,86563.89,25445.0,19870,-0.0805182785747339,-0.069800102991433,92.460001886,1.26,-405.424378234,162.05,3577.722925023141,0.0698142993788946,657.9,1802782.4,2.7402073263413893,102600.0
2024-05-17,100416.5,0,101216.5,99466.5,100466.5,0.017593863260494835,99463.2,108443.2,2052.4660654928884,4,5,86974.02,25431.0,19870,-0.0805182785747339,-0.069800102991433,108.140002486,1.26,-388.456018554,162.05,3577.722925023141,0.0698142993788946,657.9,1802782.4,2.7402073263413893,102600.0
2024-05-20,103666.5,0,100416.5,101216.5,99466.5,-0.007903849668779328,100353.2,105463.2,626.8647780820525,0,5,89526.064,25448.0,19870,-0.0805182785747339,-0.069800102991433,137.840003526,1.26,-355.009954674,162.05,3577.722925023141,0.0698142993788946,657.9,1802782.4,2.7402073263413893,102600.0
2024-05-21,103266.5,0,103666.5,100416.5,101216.5,0.03236519894638823,101046.5,102808.2,1590.833115068913,1,5,89056.548,25452.0,19870,-0.0805182785747339,-0.069800102991433,142.040003406,1.26,-348.379935654,162.05,3577.722925023141,0.0698142993788946,657.9,1802782.4,2.7402073263413893,102600.0
2024-05-22,108216.5,0,103266.5,103666.5,100416.5,-0.0038585271037413493,101606.5,100113.2,1812.9396018620866,2,5,95071.374,25461.0,19870,-0.0805182785747339,-0.069800102991433,145.200003426,1.26,-344.451729614,162.05,3577.722925023141,0.0698142993788946,657.9,1802782.4,2.7402073263413893,102600.0
2024-05-23,109466.5,0,108216.5,103266.5,103666.5,0.047934228428386794,103356.5,101034.85,3039.2021979460105,3,5,99742.488,25464.0,19837,-0.0747667910447761,-0.0513151602104255,156.04000462599998,1.26,-331.731711054,162.05,3577.722925023141,0.0698142993788946,657.9,1802782.4,2.7402073263413893,102600.0
2024-05-24,114500.0,0,109466.5,108216.5,103266.5,0.011550918760078188,105006.5,102234.85,3744.562724805109,4,5,97266.111,25469.0,19837,-0.0747667910447761,-0.0513151602104255,157.540004636,1.26,-329.443258124,162.05,3577.722925023141,0.0698142993788946,657.9,1802782.4,2.7402073263413893,102600.0
2024-05-27,115000.0,0,114500.0,109466.5,108216.5,0.04598210411404402,107823.2,104088.2,4622.673679809107,0,5,99109.78,25465.0,19837,-0.0747667910447761,-0.0513151602104255,164.780004776,1.26,-320.959964644,162.05,3577.722925023141,0.0698142993788946,657.9,1802782.4,2.7402073263413893,102600.0
2024-05-28,115966.5,0,115000.0,114500.0,109466.5,0.004366812227074135,110089.9,105568.2,4848.069376050624,1,5,99031.94,25445.0,19837,-0.0747667910447761,-0.0513151602104255,171.860004436,1.26,-312.27054760400006,162.05,3577.722925023141,0.0698142993788946,657.9,1802782.4,2.7402073263413893,102600.0
2024-05-29,118966.5,0,115966.5,115000.0,114500.0,0.0084043478260869,112629.9,107118.2,3526.0724148831514,2,5,102428.2,25448.0,19837,-0.0747667910447761,-0.0513151602104255,178.300004116,1.26,-303.454787124,162.05,3577.722925023141,0.0698142993788946,657.9,1802782.4,2.7402073263413893,102600.0
2024-05-30,121316.5,0,118966.5,115966.5,115000.0,0.025869539910232664,114779.9,109068.2,3438.5551725979203,3,5,102868.9,25450.0,19747,-0.0464992757122163,-0.0492537313432835,189.660004536,1.26,-289.379384184,162.05,3577.722925023141,0.0698142993788946,657.9,1802782.4,2.7402073263413893,102600.0
2024-05-31,124316.5,0,121316.5,118966.5,115966.5,0.019753460007649215,117149.9,111078.2,2902.8032442795593,4,5,105133.95,25450.0,19747,-0.0464992757122163,-0.0492537313432835,191.720004596,1.26,-285.225305584,162.05,3577.722925023141,0.0698142993788946,657.9,1802782.4,2.7402073263413893,102600.0
2024-06-03,123300.0,0,124316.5,121316.5,118966.5,0.02472870549348194,119113.2,113468.2,3833.0965876168507,0,6,101429.28,25440.0,19747,-0.0464992757122163,-0.0492537313432835,202.380004686,0.82,-271.47837367400007,162.05,3577.722925023141,0.0698142993788946,657.9,1802782.4,2.7402073263413893,102600.0
2024-06-04,119466.5,0,123300.0,124316.5,121316.5,-0.008176710251656005,120773.2,115431.55,3376.514393572157,1,6,104525.52,25432.0,19747,-0.0464992757122163,-0.0492537313432835,204.640004886,0.82,-268.404170934,162.05,3577.722925023141,0.0698142993788946,657.9,1802782.4,2.7402073263413893,102600.0
2024-06-05,122000.0,0,119466.5,123300.0,124316.5,-0.031090835360908398,121473.2,117051.55,2332.193055902524,2,6,106442.49,25410.0,19747,-0.0464992757122163,-0.0492537313432835,213.680004846,0.82,-257.250930174,162.05,3577.722925023141,0.0698142993788946,657.9,1802782.4,2.7402073263413893,102600.0
2024-06-06,123966.5,0,122000.0,119466.5,123300.0,0.021206781817497022,122079.9,118429.9,1864.808750247584,3,6,109843.63,25415.0,19422,-0.0571844660194175,-0.0649012999518536,217.400004856,0.82,-251.85310338400004,135.92,3845.938787522072,0.0749683159148484,657.9,1802782.4,2.7402073263413893,102600.0
2024-06-07,125966.5,0,123966.5,122000.0,119466.5,0.016118852459016342,122609.9,119879.9,1967.360331764357,4,6,109153.48,25420.0,19422,-0.0571844660194175,-0.0649012999518536,222.580004976,0.82,-244.790851464,135.92,3845.938787522072,0.0749683159148484,657.9,1802782.4,2.7402073263413893,102600.0
2024-06-10,123250.0,0,125966.5,123966.5,122000.0,0.016133390875760822,122939.9,121026.55,2413.0792931439205,0,6,104851.2,25400.0,19422,-0.0571844660194175,-0.0649012999518536,247.520005016,0.82,-214.203888144,135.92,3845.938787522072,0.0749683159148484,657.9,1802782.4,2.7402073263413893,102600.0
2024-06-11,123466.5,0,123250.0,125966.5,123966.5,-0.02156525742955473,122929.9,121851.55,2411.316896428166,1,6,103744.03,25415.0,19422,-0.0571844660194175,-0.0649012999518536,249.680004836,0.82,-211.20515908400003,135.92,3845.938787522072,0.0749683159148484,657.9,1802782.4,2.7402073263413893,102600.0
2024-06-12,122666.5,0,123466.5,123250.0,125966.5,0.001756592292089243,123729.9,122601.55,1444.8699508952245,2,6,103088.055,25435.0,19422,-0.0571844660194175,-0.0649012999518536,250.720004866,0.82,-209.47049161400005,135.92,3845.938787522072,0.0749683159148484,657.9,1802782.4,2.7402073263413893,102600.0
2024-06-13,120866.5,0,122666.5,123466.5,123250.0,-0.006479490388080933,123863.2,122971.55,1264.9128230830654,3,6,103927.41,25435.0,19640,-0.0100806451612903,-0.0405471421592574,254.280004896,0.82,-204.25539202400003,135.92,3845.938787522072,0.0749683159148484,657.9,1802782.4,2.7402073263413893,102600.0
2024-06-14,121966.5,0,120866.5,122666.5,123466.5,-0.01467393298088715,123243.2,122926.55,1833.545595287984,4,6,104105.455,25435.0,19640,-0.0100806451612903,-0.0405471421592574,259.220004976,0.82,-197.862634784,135.92,3845.938787522072,0.0749683159148484,657.9,1802782.4,2.7402073263413893,102600.0
2024-06-17,120650.0,0,121966.5,120866.5,122666.5,0.00910095022193902,122443.2,122691.55,1056.0726537506616,0,6,102029.05,25450.0,19640,-0.0100806451612903,-0.0405471421592574,270.400005296,0.82,-181.18651416400004,135.92,3845.938787522072,0.0749683159148484,657.9,1802782.4,2.7402073263413893,102600.0
2024-06-18,122150.0,0,120650.0,121966.5,120866.5,-0.010793947518375924,121923.2,122426.55,1190.9867547542094,1,6,103250.65,25450.0,19640,-0.0100806451612903,-0.0405471421592574,273.980005576,0.82,-176.365818044,135.92,3845.938787522072,0.0749683159148484,657.9,1802782.4,2.7402073263413893,102600.0
2024-06-19,119466.5,0,122150.0,120650.0,121966.5,0.012432656444260282,121659.9,122694.9,865.5672561967456,2,6,101627.33,25445.0,19640,-0.0100806451612903,-0.0405471421592574,283.500005796,0.82,-165.63575246400003,135.92,3845.938787522072,0.0749683159148484,657.9,1802782.4,2.7402073263413893,102600.0
2024-06-20,120466.5,0,119466.5,122150.0,120650.0,-0.021968890708145672,121019.9,122441.55,1089.333133159897,3,6,103327.0,25450.0,20360,0.0246602918973326,-0.0087633885102239,295.900006256,0.82,-150.46088038400003,135.92,3845.938787522072,0.0749683159148484,657.9,1802782.4,2.7402073263413893,102600.0
2024-06-21,119466.5,0,120466.5,119466.5,122150.0,0.008370547391946648,120939.9,122091.55,1117.7328280944232,4,6,106279.2,25450.0,20360,0.0246602918973326,-0.0087633885102239,309.200005316,0.82,-134.47059222400003,135.92,3845.938787522072,0.0749683159148484,657.9,1802782.4,2.7402073263413893,102600.0
2024-06-24,119300.0,0,119466.5,120466.5,119466.5,-0.008301062951110882,120439.9,121441.55,1102.7586658013408,0,6,104446.8,25450.0,20360,0.0246602918973326,-0.0087633885102239,352.080006836,0.82,-82.14437504400001,135.92,3845.938787522072,0.0749683159148484,657.9,1802782.4,2.7402073263413893,102600.0
2024-06-25,121033.2,0,119300.0,119466.5,120466.5,-0.0013936961407591264,120169.9,121046.55,1199.4828781603978,1,6,108234.66,25455.0,20360,0.0246602918973326,-0.0087633885102239,357.560006886,0.82,-74.30788981400002,135.92,3845.938787522072,0.0749683159148484,657.9,1802782.4,2.7402073263413893,102600.0
2024-06-26,120966.5,0,121033.2,119300.0,119466.5,0.014528080469404792,119946.54,120803.22,763.2298362878305,2,6,104798.235,25455.0,20360,0.0246602918973326,-0.0087633885102239,358.800006886,0.82,-72.31188651400001,135.92,3845.938787522072,0.0749683159148484,657.9,1802782.4,2.7402073263413893,102600.0
2024-06-27,123366.5,0,120966.5,121033.2,119300.0,-0.0005510884616782841,120246.54,120633.22,820.0547439043045,3,6,103362.435,25465.0,20680,0.0424963452134898,-0.0158941657942324,362.740007306,0.82,-67.67269587400001,135.92,3845.938787522072,0.0749683159148484,657.9,1802782.4,2.7402073263413893,102600.0
2024-06-28,121616.5,0,123366.5,120966.5,121033.2,0.019840203692757852,120826.54,120883.22,1635.063235168587,4,6,103016.385,25455.0,20680,0.0424963452134898,-0.0158941657942324,372.980007086,0.82,-56.33796389400002,135.92,3845.938787522072,0.0749683159148484,657.9,1802782.4,2.7402073263413893,102600.0
2024-07-01,118666.5,0,121616.5,123366.5,120966.5,-0.014185374473621337,121256.54,120848.22,1461.4680232560595,0,7,102059.895,25445.0,20680,0.0424963452134898,-0.0158941657942324,370.760006696,0.49,-57.38749386400002,135.92,3845.938787522072,0.0749683159148484,666.5999999999999,1821964.8,2.7332205220522057,102600.0
2024-07-02,120166.5,0,118666.5,121616.5,123366.5,-0.02425657702696593,121129.84,120649.87,1684.0092867914873,1,7,103505.15,25450.0,20680,0.0424963452134898,-0.0158941657942324,380.180006486,0.49,-47.02132699400002,135.92,3845.938787522072,0.0749683159148484,666.5999999999999,1821964.8,2.7332205220522057,102600.0
2024-07-03,121466.5,0,120166.5,118666.5,121616.5,0.012640467191667337,120956.5,120451.51999999999,1740.114938732489,2,7,104141.4,25450.0,20680,0.0424963452134898,-0.0158941657942324,397.760007066,0.49,-27.929433194000016,135.92,3845.938787522072,0.0749683159148484,666.5999999999999,1821964.8,2.7332205220522057,102600.0
2024-07-04,120466.5,0,121466.5,120166.5,118666.5,0.010818322910295386,121056.5,120651.51999999999,1755.1353224181814,3,7,103276.1,25450.0,21170,0.0720615789740213,0.0090562440419446,405.700007416,0.49,-17.408600944000014,135.92,3845.938787522072,0.0749683159148484,666.5999999999999,1821964.8,2.7332205220522057,102600.0
2024-07-05,122966.5,0,120466.5,121466.5,120166.5,-0.008232722602528275,120476.5,120651.51999999999,1188.696765369526,4,7,105693.85,25450.0,21170,0.0720615789740213,0.0090562440419446,408.360007396,0.49,-12.44851728400002,135.92,3845.938787522072,0.0749683159148484,666.5999999999999,1821964.8,2.7332205220522057,102600.0
2024-07-08,123216.5,0,122966.5,120466.5,121466.5,0.020752657377777206,120746.5,121001.51999999999,1595.9323293924383,0,7,106349.22,25412.0,21170,0.0720615789740213,0.0090562440419446,443.420006956,0.49,28.492615155999975,68.23,4330.499780155357,0.1259929030086011,666.5999999999999,1821964.8,2.7332205220522057,102600.0
2024-07-09,126216.5,0,123216.5,122966.5,120466.5,0.0020330740486229626,121656.5,121393.17,1398.39193361517,1,7,110504.42,25415.0,21170,0.0720615789740213,0.0090562440419446,457.620007356,0.49,46.11061401599999,68.23,4330.499780155357,0.1259929030086011,666.5999999999999,1821964.8,2.7332205220522057,102600.0
2024-07-10,128400.0,0,126216.5,123216.5,122966.5,0.024347388539684323,122866.5,121911.5,2183.74678019224,2,7,117763.842,25413.0,21170,0.0720615789740213,0.0090562440419446,465.9600075560001,0.49,57.01542167599998,68.23,4330.499780155357,0.1259929030086011,666.5999999999999,1821964.8,2.7332205220522057,102600.0
2024-07-11,127400.0,0,128400.0,126216.5,123216.5,0.017299639904449826,124253.2,122654.85,3087.067289516051,3,7,113782.955,25415.0,20830,0.072495108639687,-0.0360944007403979,474.180007796,0.49,67.65175635599998,68.23,4330.499780155357,0.1259929030086011,666.5999999999999,1821964.8,2.7332205220522057,102600.0
2024-07-12,126866.5,0,127400.0,128400.0,126216.5,-0.007788161993769416,125639.9,123058.2,2452.98321946971,4,7,116335.648,25423.0,20830,0.072495108639687,-0.0360944007403979,485.160007556,0.49,81.63304337599997,68.23,4330.499780155357,0.1259929030086011,666.5999999999999,1821964.8,2.7332205220522057,102600.0
2024-07-15,128166.5,0,126866.5,127400.0,128400.0,-0.004187598116169533,126419.9,123583.2,1961.1212800334379,0,7,117317.97,25410.0,20830,0.072495108639687,-0.0360944007403979,527.3800083360001,0.49,136.384498256,68.23,4330.499780155357,0.1259929030086011,666.5999999999999,1821964.8,2.7332205220522057,102600.0
2024-07-16,127750.0,0,128166.5,126866.5,127400.0,0.010246991916699866,127409.9,124533.2,904.4786758127561,1,7,116224.88,25360.0,20830,0.072495108639687,-0.0360944007403979,534.460008376,0.49,146.323961756,68.23,4330.499780155357,0.1259929030086011,666.5999999999999,1821964.8,2.7332205220522057,102600.0
2024-07-17,127366.5,0,127750.0,128166.5,126866.5,-0.0032496791283214144,127716.6,125291.55,611.0373761072221,2,7,116014.5,25375.0,20830,0.072495108639687,-0.0360944007403979,550.300008356,0.49,164.79913461599998,68.23,4330.499780155357,0.1259929030086011,666.5999999999999,1821964.8,2.7332205220522057,102600.0
2024-07-18,127216.5,0,127366.5,127750.0,128166.5,-0.003001956947162432,127509.9,125881.55,483.57437380407146,3,7,115689.55,25315.0,20500,0.0437881873727088,-0.0438432835820895,568.480008526,0.49,186.161502966,68.23,4330.499780155357,0.1259929030086011,666.5999999999999,1821964.8,2.7332205220522057,102600.0
2024-07-19,125766.5,0,127216.5,127366.5,127750.0,-0.001177703713299838,127473.2,126556.55,500.6615124013427,4,7,113363.49,25310.0,20500,0.0437881873727088,-0.0438432835820895,578.920008566,0.49,199.520970906,68.23,4330.499780155357,0.1259929030086011,666.5999999999999,1821964.8,2.7332205220522057,102600.0
2024-07-22,126266.5,0,125766.5,127216.5,127366.5,-0.01139789256896706,127253.2,126836.55,909.0362754037922,0,7,114676.95,25315.0,20500,0.0437881873727088,-0.0438432835820895,625.0400089460001,0.49,255.007700346,68.23,4330.499780155357,0.1259929030086011,666.5999999999999,1821964.8,2.7332205220522057,102600.0
2024-07-23,127516.5,0,126266.5,125766.5,127216.5,0.003975621489029191,126873.2,127141.55,825.0526952867905,1,7,116013.825,25325.0,20500,0.0437881873727088,-0.0438432835820895,640.060008546,0.49,272.738237826,68.23,4330.499780155357,0.1259929030086011,666.5999999999999,1821964.8,2.7332205220522057,102600.0
2024-07-24,126216.5,0,127516.5,126266.5,125766.5,0.009899696277318126,126826.5,127271.55,767.6262111210096,2,7,113615.755,25355.0,20500,0.0437881873727088,-0.0438432835820895,647.560008696,0.49,282.642712296,68.23,4330.499780155357,0.1259929030086011,666.5999999999999,1821964.8,2.7332205220522057,102600.0
2024-07-25,124216.5,0,126216.5,127516.5,126266.5,-0.010194759109605434,126596.5,127053.2,737.0549504616307,3,7,109689.45,25350.0,20190,-0.0083497053045186,-0.0251086431675519,660.1400079360001,0.49,297.170792796,68.23,4330.499780155357,0.1259929030086011,666.5999999999999,1821964.8,2.7332205220522057,102600.0
2024-07-26,123116.5,0,124216.5,126216.5,127516.5,-0.015845788783558357,125996.5,126734.85,1188.8019178988552,4,7,111127.575,25285.0,20190,-0.0083497053045186,-0.0251086431675519,675.9000077960001,0.49,316.628464176,68.23,4330.499780155357,0.1259929030086011,666.5999999999999,1821964.8,2.7332205220522057,102600.0
2024-07-29,123566.5,0,123116.5,124216.5,126216.5,-0.008855506313573458,125466.5,126359.85,1767.0597047072283,0,7,104995.0,25300.0,20190,-0.0083497053045186,-0.0251086431675519,702.460007176,0.49,352.600072196,68.23,4330.499780155357,0.1259929030086011,666.5999999999999,1821964.8,2.7332205220522057,102600.0
2024-07-30,123566.5,0,123566.5,123116.5,124216.5,0.003655074665052993,124926.5,125899.85,1870.9623192357446,1,7,104183.55,25275.0,20190,-0.0083497053045186,-0.0251086431675519,706.660007176,0.49,359.023146976,68.23,4330.499780155357,0.1259929030086011,666.5999999999999,1821964.8,2.7332205220522057,102600.0
2024-07-31,123216.5,0,123566.5,123566.5,123116.5,0.0,124136.5,125481.5,1227.0900537450366,2,7,104082.45,25275.0,20190,-0.0083497053045186,-0.0251086431675519,713.200007216,0.49,366.641427896,68.23,4330.499780155357,0.1259929030086011,666.5999999999999,1821964.8,2.7332205220522057,102600.0
2024-08-01,123216.5,0,123216.5,123566.5,123566.5,-0.002832482914058465,123536.5,125066.5,430.9872387901952,3,8,103867.26,25235.0,19870,-0.0391682785299806,-0.0405601158860453,716.7600073360001,0.22,370.701036496,68.23,4330.499780155357,0.1259929030086011,666.5999999999999,1821964.8,2.7332205220522057,102600.0
2024-08-02,122750.0,0,123216.5,123216.5,123566.5,0.0,123336.5,124666.5,213.89249636206677,4,8,102952.845,25215.0,19870,-0.0391682785299806,-0.0405601158860453,716.9000072440001,0.22,370.643988224,68.23,4330.499780155357,0.1259929030086011,666.5999999999999,1821964.8,2.7332205220522057,102600.0
2024-08-05,122916.5,0,122750.0,123216.5,123216.5,-0.0037860189179208525,123263.2,124364.85,336.04977309915904,0,8,103038.04,25205.0,19870,-0.0391682785299806,-0.0405601158860453,742.440007824,0.22,399.153158184,68.23,4330.499780155357,0.1259929030086011,666.5999999999999,1821964.8,2.7332205220522057,102600.0
2024-08-06,121716.5,0,122916.5,122750.0,123216.5,0.0013564154786149807,123133.2,124029.85,314.4152509023629,1,8,101047.32,25080.0,19870,-0.0391682785299806,-0.0405601158860453,749.040008184,0.22,407.510620104,66.21,4574.988672405981,0.0564574309346466,666.5999999999999,1821964.8,2.7332205220522057,102600.0
2024-08-07,122216.5,0,121716.5,122916.5,122750.0,-0.009762725102000158,122763.2,123449.85,618.5098624920984,2,8,105294.7,25130.0,19870,-0.0391682785299806,-0.0405601158860453,757.2200079639999,0.22,417.242803104,66.21,4574.988672405981,0.0564574309346466,666.5999999999999,1821964.8,2.7332205220522057,102600.0
2024-08-08,121716.5,0,122216.5,121716.5,122916.5,0.004107906487616608,122563.2,123049.85,596.5772791516566,3,8,107814.33,25155.0,19140,-0.0958904109589041,-0.0708737864077669,759.8800080440001,0.22,421.795788084,66.21,4574.988672405981,0.0564574309346466,666.5999999999999,1821964.8,2.7332205220522057,102600.0
2024-08-09,121616.5,0,121716.5,122216.5,121716.5,-0.004091100628802136,122263.2,122799.85,562.0760179904428,4,8,106899.155,25135.0,19140,-0.0958904109589041,-0.0708737864077669,762.140008084,0.22,425.372798864,66.21,4574.988672405981,0.0564574309346466,666.5999999999999,1821964.8,2.7332205220522057,102600.0
2024-08-12,118916.5,0,121616.5,121716.5,122216.5,-0.0008215812975232994,122036.5,122649.85,544.9770637375412,0,8,104424.58,25090.0,19140,-0.0958904109589041,-0.0708737864077669,763.240007996,0.22,430.439121236,66.21,4574.988672405981,0.0564574309346466,666.5999999999999,1821964.8,2.7332205220522057,102600.0
2024-08-13,120466.5,0,118916.5,121616.5,121716.5,-0.022200934906036585,121236.5,122184.85,1317.9529581893248,1,8,109498.08,25120.0,19140,-0.0958904109589041,-0.0708737864077669,761.520008274,0.22,429.542411074,66.21,4574.988672405981,0.0564574309346466,666.5999999999999,1821964.8,2.7332205220522057,102600.0
2024-08-14,118216.5,0,120466.5,118916.5,121616.5,0.013034356039742123,120986.5,121874.85,1322.6866597951278,2,8,105156.505,25115.0,19140,-0.0958904109589041,-0.0708737864077669,757.500007954,0.22,426.291321874,66.21,4574.988672405981,0.0564574309346466,666.5999999999999,1821964.8,2.7332205220522057,102600.0
2024-08-15,117216.5,0,118216.5,120466.5,118916.5,-0.018677391639999485,120186.5,121374.85,1577.8149447891512,3,8,107385.84,25020.0,19230,-0.0768122899663946,-0.0307459677419354,746.300007274,0.22,414.859468494,66.21,4574.988672405981,0.0564574309346466,666.5999999999999,1821964.8,2.7332205220522057,102600.0
2024-08-16,118716.5,0,117216.5,118216.5,120466.5,-0.008459056053934932,119286.5,120774.85,1759.8295371995528,4,8,109603.23,25035.0,19230,-0.0768122899663946,-0.0307459677419354,736.940006434,0.22,405.291103714,66.21,4574.988672405981,0.0564574309346466,666.5999999999999,1821964.8,2.7332205220522057,102600.0
2024-08-19,117666.5,0,118716.5,117216.5,118216.5,0.01279683321034164,118706.5,120371.5,1183.4272263219198,0,8,111522.6,25050.0,19230,-0.0768122899663946,-0.0307459677419354,721.720006384,0.22,386.414808644,66.21,4574.988672405981,0.0564574309346466,666.5999999999999,1821964.8,2.7332205220522057,102600.0
2024-08-20,117966.5,0,117666.5,118716.5,117216.5,-0.008844600371473166,118456.5,119846.5,1257.6764289752718,1,8,111720.96,24960.0,19230,-0.0768122899663946,-0.0307459677419354,720.040006364,0.22,384.914423484,66.21,4574.988672405981,0.0564574309346466,666.5999999999999,1821964.8,2.7332205220522057,102600.0
2024-08-21,118266.5,0,117966.5,117666.5,118716.5,0.0025495786821227995,117956.5,119471.5,565.0221234606589,2,8,115082.385,24915.0,19230,-0.0768122899663946,-0.0307459677419354,711.880005192,0.22,375.945579132,66.21,4574.988672405981,0.0564574309346466,666.5999999999999,1821964.8,2.7332205220522057,102600.0
2024-08-22,119316.5,0,118266.5,117966.5,117666.5,0.00254309486167692,117966.5,119076.5,571.1829829397861,3,8,115475.76,24930.0,18770,-0.0843902439024389,-0.0553598389531957,712.660005102,0.22,376.740758862,66.21,4574.988672405981,0.0564574309346466,666.5999999999999,1821964.8,2.7332205220522057,102600.0
2024-08-23,119316.5,0,119316.5,118266.5,117966.5,0.008878253774314837,118386.5,118836.5,648.6524493131835,4,8,114167.04,24960.0,18770,-0.0843902439024389,-0.0553598389531957,715.840005022,0.22,380.377766902,66.21,4574.988672405981,0.0564574309346466,666.5999999999999,1821964.8,2.7332205220522057,102600.0
2024-08-26,119000.0,0,119316.5,119316.5,118266.5,0.0,118506.5,118606.5,769.2528842974799,0,8,117709.975,24965.0,18770,-0.0843902439024389,-0.0553598389531957,739.3800049820001,0.22,405.145556622,66.21,4574.988672405981,0.0564574309346466,666.5999999999999,1821964.8,2.7332205220522057,102600.0
2024-08-27,119200.0,0,119000.0,119316.5,119316.5,-0.0026526088177243334,118773.2,118614.85,622.3539587726524,1,8,117214.9,24860.0,18770,-0.0843902439024389,-0.0553598389531957,745.260005862,0.22,410.2415997220001,66.21,4574.988672405981,0.0564574309346466,666.5999999999999,1821964.8,2.7332205220522057,102600.0
2024-08-28,120700.0,0,119200.0,119000.0,119316.5,0.001680672268907557,119019.9,118488.2,440.5640418826681,2,8,120277.72,24820.0,18770,-0.0843902439024389,-0.0553598389531957,747.480004962,0.22,411.572730182,66.21,4574.988672405981,0.0564574309346466,666.5999999999999,1821964.8,2.7332205220522057,102600.0
2024-08-29,121200.0,0,120700.0,119200.0,119000.0,0.012583892617449743,119506.6,118736.55,679.5451971723386,3,8,122435.73,24855.0,18470,-0.0851906884596335,-0.0689116297827292,758.1200051220001,0.22,422.079160742,66.21,4574.988672405981,0.0564574309346466,666.5999999999999,1821964.8,2.7332205220522057,102600.0
2024-08-30,120600.0,0,121200.0,120700.0,119200.0,0.0041425020712511085,119883.3,119134.9,996.1272258100323,4,8,121887.87,24870.0,18470,-0.0851906884596335,-0.0689116297827292,771.3400052220001,0.22,436.235395622,66.21,4574.988672405981,0.0564574309346466,666.5999999999999,1821964.8,2.7332205220522057,102600.0
2024-09-02,113433.5,1,120600.0,121200.0,120700.0,-0.004950495049504955,120140.0,119323.25,978.7747442593677,0,9,123007.28,24860.0,18470,-0.0851906884596335,-0.0689116297827292,793.780006042,0.08,461.391983002,66.21,4574.988672405981,0.0564574309346466,666.5999999999999,1821964.8,2.7332205220522057,102600.0
2024-09-03,117416.5,1,113433.5,120600.0,121200.0,-0.05942371475953567,119026.7,118899.95,3213.734502101875,1,9,116842.0,24860.0,18470,-0.0851906884596335,-0.0689116297827292,794.600005482,0.08,462.881609222,66.21,4574.988672405981,0.0564574309346466,666.5999999999999,1821964.8,2.7332205220522057,102600.0
2024-09-04,117616.5,0,117416.5,113433.5,120600.0,0.035113083877337914,118670.0,118844.95,3287.8144146225754,2,9,117090.6,24860.0,18470,-0.0851906884596335,-0.0689116297827292,814.920005072,0.08,484.911352352,66.21,4574.988672405981,0.0564574309346466,666.5999999999999,1821964.8,2.7332205220522057,102600.0
2024-09-05,119766.5,0,117616.5,117416.5,113433.5,0.0017033381168745088,118053.3,118779.95,3095.4104049382513,3,9,122073.024,24852.0,18090,-0.0895822848515349,-0.0839114802248442,823.840006552,0.08,495.180040932,66.21,4574.988672405981,0.0564574309346466,666.5999999999999,1821964.8,2.7332205220522057,102600.0
2024-09-06,120116.5,0,119766.5,117616.5,117416.5,0.018279748164585774,117766.6,118824.95,2781.573799128829,4,9,121449.03,24730.0,18090,-0.0895822848515349,-0.0839114802248442,830.0800061919999,0.08,502.583786112,68.51,5026.273536709969,0.0986417446289891,666.5999999999999,1821964.8,2.7332205220522057,102600.0
2024-09-09,113433.5,1,120116.5,119766.5,117616.5,0.002922353078699036,117669.9,118904.95,2664.3822548575863,0,9,117342.0,24600.0,18090,-0.0895822848515349,-0.0839114802248442,830.720006812,0.08,505.054396672,68.51,5026.273536709969,0.0986417446289891,666.5999999999999,1821964.8,2.7332205220522057,102600.0
2024-09-10,117416.5,0,113433.5,120116.5,119766.5,-0.05563765177973046,117669.9,118348.3,2664.3822548575863,1,9,120709.88,24680.0,18090,-0.0895822848515349,-0.0839114802248442,839.400006972,0.08,515.534140932,68.51,5026.273536709969,0.0986417446289891,666.5999999999999,1821964.8,2.7332205220522057,102600.0
2024-09-11,117616.5,0,117416.5,113433.5,120116.5,0.035113083877337914,117669.9,118169.95,2664.3822548575863,2,9,120760.02,24660.0,18090,-0.0895822848515349,-0.0839114802248442,841.8400066620001,0.08,519.4970058419999,68.51,5026.273536709969,0.0986417446289891,666.5999999999999,1821964.8,2.7332205220522057,102600.0
2024-09-12,119766.5,0,117616.5,117416.5,113433.5,0.0017033381168745088,117669.9,117861.6,2664.3822548575863,3,9,122946.4,24550.0,17160,-0.1034482758620689,-0.1164658634538152,843.6000065220001,0.08,521.853898522,68.51,5026.273536709969,0.0986417446289891,666.5999999999999,1821964.8,2.7332205220522057,102600.0
2024-09-13,120116.5,0,119766.5,117616.5,117416.5,0.018279748164585774,117669.9,117718.25,2664.3822548575863,4,9,124767.275,24575.0,17160,-0.1034482758620689,-0.1164658634538152,851.2800060019999,0.08,531.140535022,68.51,5026.273536709969,0.0986417446289891,666.5999999999999,1821964.8,2.7332205220522057,102600.0
2024-09-16,120116.5,0,120116.5,119766.5,117616.5,0.002922353078699036,117669.9,117669.9,2664.3822548575863,0,9,129199.51,24530.0,17160,-0.1034482758620689,-0.1164658634538152,892.540007762,0.08,578.5934624419999,68.51,5026.273536709969,0.0986417446289891,666.5999999999999,1821964.8,2.7332205220522057,102600.0
2024-09-17,120116.5,0,120116.5,120116.5,119766.5,0.0,119006.5,118338.2,1369.4889557787624,1,9,128684.38,24530.0,17160,-0.1034482758620689,-0.1164658634538152,903.240006882,0.08,590.752098542,68.51,5026.273536709969,0.0986417446289891,666.5999999999999,1821964.8,2.7332205220522057,102600.0
2024-09-18,120116.5,0,120116.5,120116.5,120116.5,0.0,119546.5,118608.2,1089.49529599719,2,9,130559.86,24620.0,17160,-0.1034482758620689,-0.1164658634538152,913.560007222,0.08,602.1912008620001,68.51,5026.273536709969,0.0986417446289891,666.5999999999999,1821964.8,2.7332205220522057,102600.0
2024-09-19,,0,120116.5,120116.5,120116.5,0.0,120046.5,118858.2,156.52475842500016,3,9,131216.4,24600.0,17040,-0.1138845553822153,-0.1323828920570264,908.280008282,0.08,596.343660722,68.51,5026.273536709969,0.0986417446289891,666.5999999999999,1821964.8,2.7332205220522057,102600.0
2024-09-20,,0,,120116.5,120116.5,,120116.5,118757.27777777778,0.0,4,9,128917.12,24565.0,17040,-0.1138845553822153,-0.1323828920570264,910.260008882,0.08,598.508414382,68.51,5026.273536709969,0.0986417446289891,666.5999999999999,1821964.8,2.7332205220522057,102600.0
2024-09-23,119716.5,0,,,120116.5,,120116.5,118587.375,0.0,0,9,124400.81,24590.0,17040,-0.1138845553822153,-0.1323828920570264,931.380007682,0.08,621.125235902,68.51,5026.273536709969,0.0986417446289891,666.5999999999999,1821964.8,2.7332205220522057,102600.0
2024-09-24,121216.5,0,119716.5,,,,119983.16666666667,119372.75,230.9401076758524,1,9,129868.74,24615.0,17040,-0.1138845553822153,-0.1323828920570264,928.860007962,0.08,619.241376522,68.51,5026.273536709969,0.0986417446289891,666.5999999999999,1821964.8,2.7332205220522057,102600.0
2024-09-25,120316.5,0,121216.5,119716.5,,0.012529601182794448,120349.83333333333,119847.75,776.7453465154058,2,9,130622.08,24590.0,17040,-0.1138845553822153,-0.1323828920570264,930.180007762,0.08,620.624702222,68.51,5026.273536709969,0.0986417446289891,666.5999999999999,1821964.8,2.7332205220522057,102600.0
2024-09-26,121466.5,0,120316.5,121216.5,119716.5,-0.007424731781564442,120416.5,120185.25,754.9834435270786,3,9,126636.16,24580.0,17500,-0.0676611614278103,-0.1404715127701374,925.020008442,0.08,615.372431242,68.51,5026.273536709969,0.0986417446289891,666.5999999999999,1821964.8,2.7332205220522057,102600.0
2024-09-27,122066.5,0,121466.5,120316.5,121216.5,0.009558123781858718,120679.0,120397.75,809.7067370350845,4,9,129031.83,24615.0,17500,-0.0676611614278103,-0.1404715127701374,930.380008634,0.08,621.391756014,68.51,5026.273536709969,0.0986417446289891,666.5999999999999,1821964.8,2.7332205220522057,102600.0
2024-09-30,121400.0,0,122066.5,121466.5,120316.5,0.004939633561517054,120956.5,120641.5,936.3492938001303,0,9,127941.77,24590.0,17500,-0.0676611614278103,-0.1404715127701374,924.020008694,0.08,616.095976534,68.51,5026.273536709969,0.0986417446289891,666.5999999999999,1821964.8,2.7332205220522057,102600.0
2024-10-01,121600.0,0,121400.0,122066.5,121466.5,-0.005460138531046654,121293.2,120801.9375,632.3088248632964,1,10,128299.875,24555.0,17500,-0.0676611614278103,-0.1404715127701374,909.540008154,-0.07,601.243327154,68.51,5026.273536709969,0.0986417446289891,666.5999999999999,1821964.8,2.7332205220522057,102600.0
2024-10-02,121600.0,0,121600.0,121400.0,122066.5,0.0016474464579900872,121369.9,120987.375,643.8335770989296,2,10,127377.505,24595.0,17500,-0.0676611614278103,-0.1404715127701374,912.080007994,-0.07,603.2168768939999,68.51,5026.273536709969,0.0986417446289891,666.5999999999999,1821964.8,2.7332205220522057,102600.0
2024-10-03,121600.0,0,121600.0,121600.0,121400.0,0.0,121626.6,121172.8125,260.72336872632894,3,10,119858.024,24652.0,17400,-0.0579317812669193,-0.1586073500967117,915.520008034,-0.07,606.9381093339999,68.51,5026.273536709969,0.0986417446289891,666.5999999999999,1821964.8,2.7332205220522057,102600.0
2024-10-04,121600.0,0,121600.0,121600.0,121600.0,0.0,121653.3,121220.27777777778,246.6869473644786,4,10,116796.4,24745.0,17400,-0.0579317812669193,-0.1586073500967117,910.660008494,-0.07,602.2975118339999,68.51,5026.273536709969,0.0986417446289891,666.5999999999999,1821964.8,2.7332205220522057,102600.0
2024-10-07,115816.5,1,121600.0,121600.0,121600.0,0.0,121560.0,121258.25,89.44271910002185,0,10,120284.545,24755.0,17400,-0.0579317812669193,-0.1586073500967117,889.760007954,-0.07,582.886910614,69.43,5329.108454558548,0.0602503854270541,666.5999999999999,1821964.8,2.7332205220522057,102600.0
2024-10-08,114766.5,0,115816.5,121600.0,121600.0,-0.047561677631578925,120443.3,120868.25,2586.4598295740084,1,10,115754.4,24840.0,17400,-0.0579317812669193,-0.1586073500967117,890.8800078940001,-0.07,584.712941334,69.43,5329.108454558548,0.0602503854270541,666.5999999999999,1821964.8,2.7332205220522057,102600.0
2024-10-09,112916.5,0,114766.5,115816.5,121600.0,-0.009066065716024974,119076.6,120223.25,3475.1926817084573,2,10,116327.14,24835.0,17400,-0.0579317812669193,-0.1586073500967117,885.7000076740001,-0.07,579.2811177140001,69.43,5329.108454558548,0.0602503854270541,666.5999999999999,1821964.8,2.7332205220522057,102600.0
2024-10-10,113116.5,0,112916.5,114766.5,115816.5,-0.01611968649388107,117339.9,119483.25,4025.124429753696,3,10,116725.83,24830.0,18500,0.0226644555002764,-0.1261218705715635,877.0400079140001,-0.07,569.556668714,69.43,5329.108454558548,0.0602503854270541,666.5999999999999,1821964.8,2.7332205220522057,102600.0
2024-10-11,113616.5,0,113116.5,112916.5,114766.5,0.0017712203265245474,115643.2,118648.25,3539.110333120459,4,10,117743.86,24830.0,18500,0.0226644555002764,-0.1261218705715635,868.960008074,-0.07,560.629093194,69.43,5329.108454558548,0.0602503854270541,666.5999999999999,1821964.8,2.7332205220522057,102600.0
2024-10-14,113466.5,0,113616.5,113116.5,112916.5,0.004420221629912513,114046.5,117803.25,1222.4974437601086,0,10,116037.79,24805.0,18500,0.0226644555002764,-0.1261218705715635,849.180006404,-0.07,535.668017244,69.43,5329.108454558548,0.0602503854270541,666.5999999999999,1821964.8,2.7332205220522057,102600.0
2024-10-15,114266.5,0,113466.5,113616.5,113116.5,-0.0013202307763396925,113576.5,117009.9,720.5900360121558,1,10,120300.12,24840.0,18500,0.0226644555002764,-0.1261218705715635,847.600005604,-0.07,533.0345250439999,69.43,5329.108454558548,0.0602503854270541,666.5999999999999,1821964.8,2.7332205220522057,102600.0
2024-10-16,113466.5,0,114266.5,113466.5,113616.5,0.007050539145915247,113476.5,116276.55,521.2964607591347,2,10,119091.65,24925.0,18500,0.0226644555002764,-0.1261218705715635,841.2000058039999,-0.07,525.696719084,69.43,5329.108454558548,0.0602503854270541,666.5999999999999,1821964.8,2.7332205220522057,102600.0
2024-10-17,112866.5,0,113466.5,114266.5,113466.5,-0.0070011770728953815,113586.5,115463.2,422.196636651691,3,10,118657.44,24970.0,18320,0.0675990675990676,-0.1204992798847816,839.540006144,-0.07,523.477746304,69.43,5329.108454558548,0.0602503854270541,666.5999999999999,1821964.8,2.7332205220522057,102600.0
2024-10-18,111866.5,0,112866.5,113466.5,114266.5,-0.0052879043594364905,113536.5,114589.85,499.49974974968706,4,10,115777.64,25180.0,18320,0.0675990675990676,-0.1204992798847816,824.080005304,-0.07,506.757857664,69.43,5329.108454558548,0.0602503854270541,666.5999999999999,1821964.8,2.7332205220522057,102600.0
2024-10-21,111266.5,0,111866.5,112866.5,113466.5,-0.008860024896669927,113186.5,113616.5,889.9438184514795,0,10,116067.25,25150.0,18320,0.0675990675990676,-0.1204992798847816,803.500006194,-0.07,483.454290434,69.43,5329.108454558548,0.0602503854270541,666.5999999999999,1821964.8,2.7332205220522057,102600.0
2024-10-22,111166.5,0,111266.5,111866.5,112866.5,-0.005363536000500546,112746.5,113161.5,1204.9896265113655,1,10,113858.355,25285.0,18320,0.0675990675990676,-0.1204992798847816,801.4000063240001,-0.07,481.616146924,69.43,5329.108454558548,0.0602503854270541,666.5999999999999,1821964.8,2.7332205220522057,102600.0
2024-10-23,110866.5,0,111166.5,111266.5,111866.5,-0.000898743107763833,112126.5,112801.5,1008.9598604503551,2,10,112350.75,25390.0,18320,0.0675990675990676,-0.1204992798847816,788.420007052,-0.07,468.017892692,69.43,5329.108454558548,0.0602503854270541,666.5999999999999,1821964.8,2.7332205220522057,102600.0
2024-10-24,109466.5,0,110866.5,111166.5,111266.5,-0.002698654720621807,111606.5,112596.5,792.4645102463579,3,10,112852.2,25400.0,18050,0.0592723004694835,-0.1195121951219512,772.8600071999999,-0.07,450.41371882,69.43,5329.108454558548,0.0602503854270541,666.5999999999999,1821964.8,2.7332205220522057,102600.0
2024-10-25,108550.0,0,109466.5,110866.5,111166.5,-0.012627800101924436,110926.5,112231.5,893.3084573650917,4,10,110094.745,25385.0,18050,0.0592723004694835,-0.1195121951219512,766.32000716,-0.07,442.42947592,69.43,5329.108454558548,0.0602503854270541,666.5999999999999,1821964.8,2.7332205220522057,102600.0
2024-10-28,109566.5,0,108550.0,109466.5,110866.5,-0.00837242444035391,110263.2,111724.85,1199.616376180318,0,10,111840.905,25355.0,18050,0.0592723004694835,-0.1195121951219512,785.8800075,-0.07,465.884124074,69.43,5329.108454558548,0.0602503854270541,666.5999999999999,1821964.8,2.7332205220522057,102600.0
2024-10-29,109716.5,0,109566.5,108550.0,109466.5,0.009364348226623687,109923.2,111334.85,1079.0155003520558,1,10,114103.19,25345.0,18050,0.0592723004694835,-0.1195121951219512,779.86000746,-0.07,461.705717614,69.43,5329.108454558548,0.0602503854270541,666.5999999999999,1821964.8,2.7332205220522057,102600.0
2024-10-30,109216.5,0,109716.5,109566.5,108550.0,0.0013690315926857544,109633.2,110879.85,826.669190184318,2,10,111247.41,25295.0,18050,0.0592723004694835,-0.1195121951219512,776.48000736,-0.07,459.173221034,69.43,5329.108454558548,0.0602503854270541,666.5999999999999,1821964.8,2.7332205220522057,102600.0
2024-10-31,109216.5,0,109216.5,109716.5,109566.5,-0.004557199691933356,109303.2,110454.85,458.7040985210345,3,10,112571.84,25280.0,18140,0.0365714285714284,-0.1015354135710747,780.5000072519999,-0.07,463.779568446,69.43,5329.108454558548,0.0602503854270541,666.5999999999999,1821964.8,2.7332205220522057,102600.0
2024-11-01,107966.5,0,109216.5,109216.5,109716.5,0.0,109253.2,110089.85,449.9966110983445,4,11,110404.63,25270.0,18140,0.0365714285714284,-0.1015354135710747,785.980006372,-0.17,470.599219346,69.43,5329.108454558548,0.0602503854270541,666.5999999999999,1821964.8,2.7332205220522057,102600.0
2024-11-04,107966.5,0,107966.5,109216.5,109216.5,-0.011445157096226288,109136.5,109699.85,689.7463301823326,0,11,108173.12,25280.0,18140,0.0365714285714284,-0.1015354135710747,780.7600055319999,-0.17,467.286944466,69.43,5329.108454558548,0.0602503854270541,666.5999999999999,1821964.8,2.7332205220522057,102600.0
2024-11-05,107966.5,0,107966.5,107966.5,109216.5,0.0,108816.5,109369.85,802.3403267940578,1,11,109288.58,25310.0,18140,0.0365714285714284,-0.1015354135710747,774.020005812,-0.17,461.296501206,69.43,5329.108454558548,0.0602503854270541,666.5999999999999,1821964.8,2.7332205220522057,102600.0
2024-11-06,107966.5,0,107966.5,107966.5,107966.5,0.0,108466.5,109049.85,684.6531968814543,2,11,110742.76,25330.0,18140,0.0365714285714284,-0.1015354135710747,772.600005672,-0.17,460.785682766,45.76,5597.246503496504,0.0503157425344924,666.5999999999999,1821964.8,2.7332205220522057,102600.0
2024-11-07,,0,107966.5,107966.5,107966.5,0.0,108216.5,108759.85,559.0169943749432,3,11,109268.59,25370.0,18910,0.0867816091954023,-0.0483140412682435,770.000005632,-0.17,459.249651126,45.76,5597.246503496504,0.0503157425344924,666.5999999999999,1821964.8,2.7332205220522057,102600.0
2024-11-08,,0,,107966.5,107966.5,,107966.5,108681.33333333333,0.0,4,11,113720.1,25350.0,18910,0.0867816091954023,-0.0483140412682435,767.240005622,-0.17,456.976345196,45.76,5597.246503496504,0.0503157425344924,666.5999999999999,1821964.8,2.7332205220522057,102600.0
2024-11-11,107016.5,0,,,107966.5,,107966.5,108697.75,0.0,0,11,110537.76,25260.0,18910,0.0867816091954023,-0.0483140412682435,759.380005544,-0.17,449.2865824379999,45.76,5597.246503496504,0.0503157425344924,666.5999999999999,1821964.8,2.7332205220522057,102600.0
2024-11-12,108216.5,0,107016.5,,,,107649.83333333333,108379.0,548.4827557301423,1,11,113287.56,25310.0,18910,0.0867816091954023,-0.0483140412682435,785.760007724,-0.17,477.433870538,45.76,5597.246503496504,0.0503157425344924,666.5999999999999,1821964.8,2.7332205220522057,102600.0
2024-11-13,110766.5,0,108216.5,107016.5,,0.011213224128989507,107733.16666666667,108191.5,633.1139971074152,2,11,114967.58,25340.0,18910,0.0867816091954023,-0.0483140412682435,785.060007764,-0.17,477.634121858,45.76,5597.246503496504,0.0503157425344924,666.5999999999999,1821964.8,2.7332205220522057,102600.0
2024-11-14,111166.5,0,110766.5,108216.5,107016.5,0.023563874270559504,108666.5,108385.25,1915.0718002205547,3,11,117328.56,25330.0,18570,0.0037837837837837,-0.0297805642633228,782.300007804,-0.17,474.974384678,45.76,5597.246503496504,0.0503157425344924,666.5999999999999,1821964.8,2.7332205220522057,102600.0
2024-11-15,111866.5,0,111166.5,110766.5,108216.5,0.003611200137225712,109291.5,108629.0,2001.8741219167598,4,11,121288.03,25390.0,18570,0.0037837837837837,-0.0297805642633228,780.800007784,-0.17,473.857859838,45.76,5597.246503496504,0.0503157425344924,666.5999999999999,1821964.8,2.7332205220522057,102600.0
2024-11-18,112966.5,0,111866.5,111166.5,110766.5,0.006296861014784216,109806.5,109116.5,2081.285660355156,0,11,121138.74,25380.0,18570,0.0037837837837837,-0.0297805642633228,775.9000077540001,-0.17,469.353224668,45.76,5597.246503496504,0.0503157425344924,666.5999999999999,1821964.8,2.7332205220522057,102600.0
2024-11-19,113266.5,0,112966.5,111866.5,111166.5,0.009833149334251168,110996.5,109741.5,1764.086165695995,1,11,120292.675,25405.0,18570,0.0037837837837837,-0.0297805642633228,774.3200077460001,-0.17,468.28571848,45.76,5597.246503496504,0.0503157425344924,666.5999999999999,1821964.8,2.7332205220522057,102600.0
2024-11-20,113166.5,0,113266.5,112966.5,111866.5,0.002655654552455866,112006.5,110404.0,1092.245393673051,2,11,118239.12,25395.0,18570,0.0037837837837837,-0.0297805642633228,772.140007826,-0.17,466.90368304,45.76,5597.246503496504,0.0503157425344924,666.5999999999999,1821964.8,2.7332205220522057,102600.0
2024-11-21,114716.5,0,113166.5,113266.5,112966.5,-0.0008828735769181861,112486.5,111054.0,925.7429448826483,3,11,121941.17,25415.0,18500,0.009825327510917,-0.0379615184607384,767.120007886,-0.17,462.56253632,45.76,5597.246503496504,0.0503157425344924,666.5999999999999,1821964.8,2.7332205220522057,102600.0
2024-11-22,114666.5,0,114716.5,113166.5,113266.5,0.013696632837456368,113196.5,111460.94444444444,1017.1037311896944,4,11,121661.605,25415.0,18500,0.009825327510917,-0.0379615184607384,760.840007806,-0.17,456.73349442,45.76,5597.246503496504,0.0503157425344924,666.5999999999999,1821964.8,2.7332205220522057,102600.0
2024-11-25,118466.5,0,114666.5,114716.5,113166.5,-0.00043585709117699434,113756.5,111781.5,860.5230967266353,0,11,126703.745,25417.0,18500,0.009825327510917,-0.0379615184607384,718.900007606,-0.17,415.25174672,45.76,5597.246503496504,0.0503157425344924,666.5999999999999,1821964.8,2.7332205220522057,102600.0
2024-11-26,121400.0,0,118466.5,114666.5,114716.5,0.0331395830517196,114856.5,112926.5,2148.9532335534896,1,11,129845.1,25410.0,18500,0.009825327510917,-0.0379615184607384,705.320008086,-0.17,401.18926534,45.76,5597.246503496504,0.0503157425344924,666.5999999999999,1821964.8,2.7332205220522057,102600.0
2024-11-27,122066.5,0,121400.0,118466.5,114666.5,0.024762274567071696,116483.2,114244.85,3373.815636634581,2,11,129921.17,25405.0,18500,0.009825327510917,-0.0379615184607384,692.6200078659999,-0.17,387.78925028,45.76,5597.246503496504,0.0503157425344924,666.5999999999999,1821964.8,2.7332205220522057,102600.0
2024-11-28,127216.5,0,122066.5,121400.0,118466.5,0.005490115321252098,118263.2,115374.85,3530.6255748804647,3,11,139461.0,25375.0,18770,0.0398891966759002,0.0,678.0600076559999,-0.17,372.52970201,45.76,5597.246503496504,0.0503157425344924,666.5999999999999,1821964.8,2.7332205220522057,102600.0
2024-11-29,128216.5,0,127216.5,122066.5,121400.0,0.0421901176817554,120763.2,116979.85,4642.029938507508,4,11,140179.024,25358.0,18770,0.0398891966759002,0.0,667.000007256,-0.17,360.79546477,45.76,5597.246503496504,0.0503157425344924,666.5999999999999,1821964.8,2.7332205220522057,102600.0
2024-12-02,129816.5,0,128216.5,127216.5,122066.5,0.007860615564804885,123473.2,118614.85,4118.713324571161,0,12,136274.688,25344.0,18770,0.0398891966759002,0.0,631.780007256,-0.21,325.38359685,45.76,5597.246503496504,0.0503157425344924,666.5999999999999,1821964.8,2.7332205220522057,159600.0
2024-12-03,127916.5,0,129816.5,128216.5,127216.5,0.01247889312217998,125743.2,120299.85,3783.55348184746,1,12,121947.444,25374.0,18770,0.0398891966759002,0.0,609.6800076559999,-0.21,302.78676986999994,45.76,5597.246503496504,0.0503157425344924,666.5999999999999,1821964.8,2.7332205220522057,159600.0
2024-12-04,108466.5,1,127916.5,129816.5,128216.5,-0.014636043954350919,127046.5,121764.85,2942.2780290108617,2,12,116918.58,25395.0,18770,0.0398891966759002,0.0,596.680006036,-0.21,289.77271994999995,45.76,5597.246503496504,0.0503157425344924,666.5999999999999,1821964.8,2.7332205220522057,159600.0
2024-12-05,107516.5,0,108466.5,127916.5,129816.5,-0.15205231537760966,124326.5,121294.85,8917.00622406422,3,12,120675.4,25400.0,18380,0.0132304299889747,0.0160309563294638,582.720006056,-0.21,274.85477690999994,45.76,5597.246503496504,0.0503157425344924,666.5999999999999,1821964.8,2.7332205220522057,159600.0
2024-12-06,118433.2,1,107516.5,108466.5,127916.5,-0.008758464595059356,120386.5,120574.85,11343.037512059987,4,12,123676.74,25380.0,18380,0.0132304299889747,0.0160309563294638,578.1400057359999,-0.21,270.09794413,39.77,5869.751068644707,0.0486854679310575,666.5999999999999,1821964.8,2.7332205220522057,159600.0
2024-12-09,118700.0,0,118433.2,107516.5,108466.5,0.10153511321518094,118429.84,120951.51999999999,10464.486240518454,0,12,129818.5,25375.0,18380,0.0132304299889747,0.0160309563294638,554.460005616,-0.21,246.04650085,39.77,5869.751068644707,0.0486854679310575,666.5999999999999,1821964.8,2.7332205220522057,159600.0
2024-12-10,123466.5,1,118700.0,118433.2,107516.5,0.0022527466960278186,116206.54,120974.87,8422.04748164008,1,12,131924.0,25370.0,18380,0.0132304299889747,0.0160309563294638,552.240005956,-0.21,244.89177939,39.77,5869.751068644707,0.0486854679310575,666.5999999999999,1821964.8,2.7332205220522057,159600.0
2024-12-11,123466.5,0,123466.5,118700.0,118433.2,0.0401558550968828,115316.54,121181.51999999999,6988.327609879205,2,12,132683.52,25360.0,18380,0.0132304299889747,0.0160309563294638,555.240006236,-0.21,250.45684267,39.77,5869.751068644707,0.0486854679310575,666.5999999999999,1821964.8,2.7332205220522057,159600.0
2024-12-12,124416.5,0,123466.5,123466.5,118700.0,0.0,118316.54,121321.51999999999,6516.242996006215,3,12,129463.38,25380.0,18250,-0.034902168164992,0.0635198135198136,546.8600064560001,-0.21,242.74598305,39.77,5869.751068644707,0.0486854679310575,666.5999999999999,1821964.8,2.7332205220522057,159600.0
2024-12-13,124616.5,0,124416.5,123466.5,123466.5,0.007694394835846108,121696.54,121041.51999999999,2884.975698857813,4,12,130829.888,25394.0,18250,-0.034902168164992,0.0635198135198136,531.540004416,-0.21,227.06223535,39.77,5869.751068644707,0.0486854679310575,666.5999999999999,1821964.8,2.7332205220522057,159600.0
2024-12-16,124616.5,0,124616.5,124416.5,123466.5,0.0016075038278684506,122933.2,120681.51999999999,2424.9988556698595,0,12,131673.6,25400.0,18250,-0.034902168164992,0.0635198135198136,491.080006576,-0.21,186.70004965,39.77,5869.751068644707,0.0486854679310575,666.5999999999999,1821964.8,2.7332205220522057,159600.0
2024-12-17,124216.5,0,124616.5,124616.5,124416.5,0.0,124116.5,120161.51999999999,598.9574275356566,1,12,132078.155,25385.0,18250,-0.034902168164992,0.0635198135198136,468.360005776,-0.21,162.12344969,39.77,5869.751068644707,0.0486854679310575,666.5999999999999,1821964.8,2.7332205220522057,159600.0
2024-12-18,124216.5,0,124216.5,124616.5,124616.5,-0.0032098478130905272,124266.5,119791.51999999999,476.96960070861047,2,12,131422.24,25430.0,18250,-0.034902168164992,0.0635198135198136,460.4600056640001,-0.21,153.799035918,39.77,5869.751068644707,0.0486854679310575,666.5999999999999,1821964.8,2.7332205220522057,159600.0
2024-12-19,124216.5,0,124216.5,124216.5,124616.5,0.0,124416.5,121366.51999999999,200.0000000003283,3,12,130761.855,25445.0,18730,0.0086160473882606,0.0991784037558685,444.000004464,-0.21,136.45662063799998,39.77,5869.751068644707,0.0486854679310575,666.5999999999999,1821964.8,2.7332205220522057,159600.0
2024-12-20,124216.5,0,124216.5,124216.5,124216.5,0.0,124376.5,123036.51999999999,219.08902300236613,4,12,128420.7,25450.0,18730,0.0086160473882606,0.0991784037558685,417.4800044640001,-0.21,108.614933058,39.77,5869.751068644707,0.0486854679310575,666.5999999999999,1821964.8,2.7332205220522057,159600.0
2024-12-23,,0,124216.5,124216.5,124216.5,0.0,124296.5,123614.85,178.88543820035022,0,12,127275.89,25445.0,18730,0.0086160473882606,0.0991784037558685,381.400004404,-0.21,70.460778158,39.77,5869.751068644707,0.0486854679310575,666.5999999999999,1821964.8,2.7332205220522057,159600.0
2024-12-24,,0,,124216.5,124216.5,,124216.5,124160.94444444444,0.00041843594973150903,1,12,127403.52,25440.0,18730,0.0086160473882606,0.0991784037558685,375.600004384,-0.21,66.75219516799999,39.77,5869.751068644707,0.0486854679310575,666.5999999999999,1821964.8,2.7332205220522057,159600.0
2024-12-25,,0,,,124216.5,,124216.5,124247.75,0.0005124772834395344,2,12,128167.425,25425.0,18730,0.0086160473882606,0.0991784037558685,373.260004144,-0.21,66.563410928,39.77,5869.751068644707,0.0486854679310575,666.5999999999999,1821964.8,2.7332205220522057,159600.0
2024-12-26,,0,,,,,,124359.35714285714,,3,12,128142.22,25420.0,18630,0.0070270270270269,0.0645714285714285,367.160003944,-0.21,61.33470708799998,39.77,5869.751068644707,0.0486854679310575,666.5999999999999,1821964.8,2.7332205220522057,159600.0
2024-12-27,,0,,,,,,124349.83333333333,,4,12,128167.425,25425.0,18630,0.0070270270270269,0.0645714285714285,367.960003924,-0.21,63.52671998799998,39.77,5869.751068644707,0.0486854679310575,666.5999999999999,1821964.8,2.7332205220522057,159600.0
2024-12-30,120516.5,0,,,,,,124296.5,,0,12,126029.085,25445.0,18630,0.0070270270270269,0.0645714285714285,348.800003634,-0.21,44.98481055799999,39.77,5869.751068644707,0.0486854679310575,666.5999999999999,1821964.8,2.7332205220522057,159600.0
2024-12-31,120716.5,0,120516.5,,,,,123476.5,,1,12,125367.396,25476.0,18630,0.0070270270270269,0.0645714285714285,338.300003454,-0.21,36.09386235799998,39.77,5869.751068644707,0.0486854679310575,666.5999999999999,1821964.8,2.7332205220522057,159600.0
2025-01-01,120716.5,0,120716.5,120516.5,,0.0016595237996457346,,122776.5,,2,1,124215.0,25480.0,18630,0.0070270270270269,0.0645714285714285,332.760003434,-0.3,31.130944537999987,39.77,5869.751068644707,0.0486854679310575,666.5999999999999,1821964.8,2.7332205220522057,159600.0
2025-01-02,119016.5,1,120716.5,120716.5,120516.5,0.0,120649.83333333333,122076.5,115.4700538379262,3,1,124215.0,25480.0,18750,-0.0010655301012253,0.0714285714285714,328.98000337400003,-0.3,28.164358897999985,39.77,5869.751068644707,0.0486854679310575,666.5999999999999,1821964.8,2.7332205220522057,159600.0
2025-01-03,119016.5,0,119016.5,120716.5,120716.5,-0.014082581917136405,120241.5,121036.5,822.0908303425672,4,1,128675.2,25450.0,18750,-0.0010655301012253,0.0714285714285714,327.080003454,-0.3,27.15387790599998,39.77,5869.751068644707,0.0486854679310575,666.5999999999999,1821964.8,2.7332205220522057,159600.0
2025-01-06,120116.5,0,119016.5,119016.5,120716.5,0.0,119996.5,119996.5,898.3317872590275,0,1,126187.2,25400.0,18750,-0.0010655301012253,0.0714285714285714,299.76000341400004,-0.3,-2.5796646140000163,56.27,5676.559445530478,-0.0329130862373752,666.5999999999999,1821964.8,2.7332205220522057,159600.0
2025-01-07,120516.5,0,120116.5,119016.5,119016.5,0.009242415967533946,119916.5,120016.5,857.3214099741115,1,1,126444.08,25370.0,18750,-0.0010655301012253,0.0714285714285714,296.460003394,-0.3,-6.013151234000016,56.27,5676.559445530478,-0.0329130862373752,666.5999999999999,1821964.8,2.7332205220522057,159600.0
2025-01-08,121216.5,0,120516.5,120116.5,119016.5,0.003330100360899646,119876.5,120087.92857142857,814.2481194328905,2,1,127281.84,25360.0,18750,-0.0010655301012253,0.0714285714285714,294.00000339400003,-0.3,-8.434075634000017,56.27,5676.559445530478,-0.0329130862373752,666.5999999999999,1821964.8,2.7332205220522057,159600.0
2025-01-09,120999.8,0,121216.5,120516.5,120116.5,0.00580833329875996,119976.5,120229.0,960.7288899580352,3,1,125733.72,25370.0,19240,0.0467899891186072,0.1057471264367815,287.26000355400004,-0.3,-15.817575814000016,56.27,5676.559445530478,-0.0329130862373752,666.5999999999999,1821964.8,2.7332205220522057,159600.0
2025-01-10,117141.5,1,120999.8,121216.5,120516.5,-0.001787710418961086,120373.16,120314.64444444445,870.46641405628,4,1,126342.125,25375.0,19240,0.0467899891186072,0.1057471264367815,282.020003894,-0.3,-21.366918914000017,56.27,5676.559445530478,-0.0329130862373752,666.5999999999999,1821964.8,2.7332205220522057,159600.0
2025-01-13,117141.5,0,117141.5,120999.8,121216.5,-0.031886829565007546,119998.16,119997.33,1653.0896914565783,0,1,125937.76,25360.0,19240,0.0467899891186072,0.1057471264367815,256.960004884,-0.3,-46.36550308400002,56.27,5676.559445530478,-0.0329130862373752,666.5999999999999,1821964.8,2.7332205220522057,159600.0
2025-01-14,117141.5,0,117141.5,117141.5,120999.8,0.0,119403.16,119659.83,2080.096098260851,1,1,124461.78,25390.0,19240,0.0467899891186072,0.1057471264367815,245.720004494,-0.3,-57.45237983400002,56.27,5676.559445530478,-0.0329130862373752,666.5999999999999,1821964.8,2.7332205220522057,159600.0
2025-01-15,117141.5,0,117141.5,117141.5,117141.5,0.0,118728.16,119302.33,2173.9741323208113,2,1,123422.94,25380.0,19240,0.0467899891186072,0.1057471264367815,235.820004094,-0.3,-67.73723029400001,56.27,5676.559445530478,-0.0329130862373752,666.5999999999999,1821964.8,2.7332205220522057,159600.0
2025-01-16,,0,117141.5,117141.5,117141.5,0.0,117913.16,118944.83,1725.4842155174988,3,1,124642.0,25375.0,19780,0.0838356164383562,0.0691891891891891,230.020004334,-0.3,-73.94886115400001,56.27,5676.559445530478,-0.0329130862373752,666.5999999999999,1821964.8,2.7332205220522057,159600.0
2025-01-17,,0,,117141.5,117141.5,,117141.5,118936.86666666667,0.0,4,1,124033.93,25370.0,19780,0.0838356164383562,0.0691891891891891,225.200004044,-0.3,-79.054588824,56.27,5676.559445530478,-0.0329130862373752,666.5999999999999,1821964.8,2.7332205220522057,159600.0
2025-01-20,119683.5,0,,,117141.5,,117141.5,118926.9125,0.0,0,1,126726.89,25315.0,19780,0.0838356164383562,0.0691891891891891,199.280003564,-0.3,-108.40978644400002,56.27,5676.559445530478,-0.0329130862373752,666.5999999999999,1821964.8,2.7332205220522057,159600.0
2025-01-21,118633.5,0,119683.5,,,,117988.83333333333,118872.7875,1467.6243842800309,1,1,130195.045,25315.0,19780,0.0838356164383562,0.0691891891891891,198.680003556,-0.3,-109.539008732,56.27,5676.559445530478,-0.0329130862373752,666.5999999999999,1821964.8,2.7332205220522057,159600.0
2025-01-22,120683.5,1,118633.5,119683.5,,-0.008773139154520049,118486.16666666667,118637.4125,1277.3884817600879,2,1,132943.38,25260.0,19780,0.0838356164383562,0.0691891891891891,198.360003548,-0.3,-110.18562780000002,56.27,5676.559445530478,-0.0329130862373752,666.5999999999999,1821964.8,2.7332205220522057,159600.0
2025-01-23,123883.5,1,120683.5,118633.5,119683.5,0.017280110592707842,119666.83333333333,118570.7875,1025.101620978789,3,1,136572.6,25050.0,20190,0.0779498131340095,0.1020742358078603,198.220003548,-0.3,-110.62214826000002,56.27,5676.559445530478,-0.0329130862373752,666.5999999999999,1821964.8,2.7332205220522057,159600.0
2025-01-24,123883.5,0,123883.5,120683.5,118633.5,0.026515638011824327,120721.0,118931.25,2268.397011107185,4,1,137488.56,25080.0,20190,0.0779498131340095,0.1020742358078603,192.920003548,-0.3,-117.80630764,56.27,5676.559445530478,-0.0329130862373752,666.5999999999999,1821964.8,2.7332205220522057,159600.0
2025-01-27,123883.5,0,123883.5,123883.5,120683.5,0.0,121353.5,119774.0,2420.640411130907,0,1,138932.64,25060.0,20190,0.0779498131340095,0.1020742358078603,148.060003768,-0.3,-171.925905774,56.27,5676.559445530478,-0.0329130862373752,666.5999999999999,1821964.8,2.7332205220522057,159600.0
2025-01-28,123883.5,0,123883.5,123883.5,123883.5,0.0,122193.5,120616.75,2424.9742266671633,1,1,135825.2,25060.0,20190,0.0779498131340095,0.1020742358078603,145.600003748,-0.3,-175.66181779400003,56.27,5676.559445530478,-0.0329130862373752,666.5999999999999,1821964.8,2.7332205220522057,159600.0
2025-01-29,123883.5,0,123883.5,123883.5,123883.5,0.0,123243.5,121459.5,1431.083505599868,2,1,136401.58,25060.0,20190,0.0779498131340095,0.1020742358078603,135.800003948,-0.3,-186.42610963400003,56.27,5676.559445530478,-0.0329130862373752,666.5999999999999,1821964.8,2.7332205220522057,159600.0
2025-01-30,,0,123883.5,123883.5,123883.5,0.0,123883.5,122302.25,0.0,3,1,138105.66,25060.0,20190,0.0779498131340095,0.1020742358078603,119.300004328,-0.3,-204.266997514,56.27,5676.559445530478,-0.0329130862373752,666.5999999999999,1821964.8,2.7332205220522057,159600.0
2025-01-31,,0,,123883.5,123883.5,,123883.5,122302.25,0.0,4,1,140962.5,25060.0,20190,0.0779498131340095,0.1020742358078603,109.760004528,-0.3,-214.917411954,56.27,5676.559445530478,-0.0329130862373752,666.5999999999999,1821964.8,2.7332205220522057,159600.0
2025-02-03,128266.5,0,,,123883.5,,123883.5,122302.25,0.0,0,2,140787.08,25060.0,19240,0.0327428878153515,0.0606394707828004,91.540004248,-0.42,-238.926503734,56.27,5676.559445530478,-0.0329130862373752,666.5999999999999,1821964.8,2.7332205220522057,159600.0
2025-02-04,130066.5,0,128266.5,,,,125344.5,123375.125,2530.5262298581297,1,2,137851.84,25280.0,19240,0.0327428878153515,0.0606394707828004,89.720004308,-0.42,-241.90224031400004,56.27,5676.559445530478,-0.0329130862373752,666.5999999999999,1821964.8,2.7332205220522057,159600.0
2025-02-05,127966.5,0,130066.5,128266.5,,0.014033282267778446,127405.5,124804.25,3180.151411489711,2,2,137901.96,25160.0,19240,0.0327428878153515,0.0606394707828004,89.180004308,-0.42,-243.861870354,56.27,5676.559445530478,-0.0329130862373752,666.5999999999999,1821964.8,2.7332205220522057,159600.0
2025-02-06,130116.5,0,127966.5,130066.5,128266.5,-0.016145587065078293,128766.5,125714.625,1135.7816691600547,3,2,140309.1,25145.0,19050,0.016,0.0501653803748622,89.040004298,-0.42,-245.472794984,112.34,5450.329357308172,-0.0398533813295008,666.5999999999999,1821964.8,2.7332205220522057,159600.0
2025-02-07,130116.5,0,130116.5,127966.5,130066.5,0.016801272207960682,129104.0,126493.75,1147.0069746954462,4,2,141481.26,25260.0,19050,0.016,0.0501653803748622,88.560004298,-0.42,-246.542882844,112.34,5450.329357308172,-0.0398533813295008,666.5999999999999,1821964.8,2.7332205220522057,159600.0
2025-02-10,122783.2,0,130116.5,130116.5,127966.5,0.0,129306.5,127272.875,1091.6730279712876,0,2,139524.93,25290.0,19050,0.016,0.0501653803748622,57.840001978,-0.42,-279.317909724,112.34,5450.329357308172,-0.0398533813295008,666.5999999999999,1821964.8,2.7332205220522057,159600.0
2025-02-11,130500.0,0,122783.2,130116.5,130116.5,-0.05635949322338063,128209.84,127135.3375,3171.179871593537,1,2,143295.48,25380.0,19050,0.016,0.0501653803748622,57.380001818,-0.42,-279.957026064,112.34,5450.329357308172,-0.0398533813295008,666.5999999999999,1821964.8,2.7332205220522057,159600.0
2025-02-12,130500.0,0,130500.0,122783.2,130116.5,0.06284898911251702,128296.54,127962.4,3239.814390208181,2,2,143248.83,25530.0,19050,0.016,0.0501653803748622,58.380001846,-0.42,-279.134888956,112.34,5450.329357308172,-0.0398533813295008,666.5999999999999,1821964.8,2.7332205220522057,159600.0
2025-02-13,131500.0,0,130500.0,130500.0,122783.2,0.0,128803.23999999999,128789.4625,3370.763053523641,3,2,147295.75,25550.0,19070,-0.0088357588357588,0.0084611316763616,58.380001846,-0.42,-279.45273187600003,112.34,5450.329357308172,-0.0398533813295008,666.5999999999999,1821964.8,2.7332205220522057,159600.0
2025-02-14,131650.0,0,131500.0,130500.0,130500.0,0.00766283524904221,129079.93999999999,129090.63333333333,3557.148523466518,4,2,146025.6,25440.0,19070,-0.0088357588357588,0.0084611316763616,58.260001834,-0.42,-280.04722906800004,112.34,5450.329357308172,-0.0398533813295008,666.5999999999999,1821964.8,2.7332205220522057,159600.0
2025-02-17,130516.8,0,131650.0,131500.0,130500.0,0.0011406844106462977,129386.63999999998,129346.56999999999,3730.7388608692568,0,2,143949.38,25370.0,19070,-0.0088357588357588,0.0084611316763616,58.520001814,-0.42,-281.283449748,112.34,5450.329357308172,-0.0398533813295008,666.5999999999999,1821964.8,2.7332205220522057,159600.0
2025-02-18,129883.5,0,130516.8,131650.0,131500.0,-0.00860767185719713,130933.36000000002,129571.6,588.1704242820085,1,2,143497.98,25470.0,19070,-0.0088357588357588,0.0084611316763616,60.520001814,-0.42,-279.926120728,112.34,5450.329357308172,-0.0398533813295008,666.5999999999999,1821964.8,2.7332205220522057,159600.0
2025-02-19,131116.5,0,129883.5,130516.8,131650.0,-0.004852248905887979,130810.06000000001,129553.3,745.3469782591682,2,2,144789.0,25500.0,19070,-0.0088357588357588,0.0084611316763616,61.200001814,-0.42,-279.584334348,112.34,5450.329357308172,-0.0398533813295008,666.5999999999999,1821964.8,2.7332205220522057,159600.0
2025-02-20,132716.5,0,131116.5,129883.5,130516.8,0.009493122683019717,130933.36000000002,129868.3,732.1069409588175,3,2,145461.015,25515.0,19060,-0.0364004044489383,0.0263866451265482,61.600001854000006,-0.42,-279.910879908,112.34,5450.329357308172,-0.0398533813295008,666.5999999999999,1821964.8,2.7332205220522057,159600.0
2025-02-21,131216.5,0,132716.5,131116.5,129883.5,0.012202888271117596,131176.66,130128.3,1084.718305828795,4,2,143055.0,25500.0,19060,-0.0364004044489383,0.0263866451265482,61.880001854,-0.42,-280.542668368,112.34,5450.329357308172,-0.0398533813295008,666.5999999999999,1821964.8,2.7332205220522057,159600.0
2025-02-24,133366.5,0,131216.5,132716.5,131116.5,-0.011302287206187644,131089.96000000002,130238.3,1054.325285668558,0,2,144641.7,25510.0,19060,-0.0364004044489383,0.0263866451265482,64.02000186400001,-0.42,-277.567681178,112.34,5450.329357308172,-0.0398533813295008,666.5999999999999,1821964.8,2.7332205220522057,159600.0
2025-02-25,131366.5,0,133366.5,131216.5,132716.5,0.016385134491470277,131659.9,131296.63,1385.313249774269,1,2,140226.808,25468.0,19060,-0.0364004044489383,0.0263866451265482,64.100001864,-0.42,-277.682204398,112.34,5450.329357308172,-0.0398533813295008,666.5999999999999,1821964.8,2.7332205220522057,159600.0
2025-02-26,128966.5,0,131366.5,133366.5,131216.5,-0.014996269677917673,131956.5,131383.28,1020.6615501723243,2,2,137016.88,25520.0,19060,-0.0364004044489383,0.0263866451265482,64.040001854,-0.42,-277.637966068,112.34,5450.329357308172,-0.0398533813295008,666.5999999999999,1821964.8,2.7332205220522057,159600.0
2025-02-27,129266.5,0,128966.5,131366.5,133366.5,-0.018269497931360013,131526.5,131229.93,1693.8860646454693,3,2,137199.555,25535.0,18950,-0.0614165428429915,0.0243243243243242,64.460001854,-0.42,-278.59403026800004,112.34,5450.329357308172,-0.0398533813295008,666.5999999999999,1821964.8,2.7332205220522057,159600.0
2025-02-28,129466.5,0,129266.5,128966.5,131366.5,0.002326185482276477,130836.5,131006.58,1788.015659886689,4,2,136200.24,25520.0,18950,-0.0614165428429915,0.0243243243243242,64.320001854,-0.42,-280.553248608,112.34,5450.329357308172,-0.0398533813295008,666.5999999999999,1821964.8,2.7332205220522057,159600.0
2025-03-03,128500.0,0,129466.5,129266.5,128966.5,0.00154719126765257,130486.5,130788.23000000001,1864.6715528478446,0,3,135053.7,25530.0,18950,-0.0614165428429915,0.0243243243243242,61.880001834,-0.45,-288.950005208,112.34,5450.329357308172,-0.0398533813295008,666.5999999999999,1821964.8,2.7332205220522057,159600.0
2025-03-04,131966.5,0,128500.0,129466.5,129266.5,-0.007465251628799741,129513.2,130586.55,1098.0912758053776,1,3,139230.3,25575.0,18950,-0.0614165428429915,0.0243243243243242,61.460001874,-0.45,-291.30635888800003,112.34,5450.329357308172,-0.0398533813295008,666.5999999999999,1821964.8,2.7332205220522057,159600.0
2025-03-05,133966.5,0,131966.5,128500.0,129466.5,0.026976653696498154,129633.2,130794.85,1354.1766686809724,2,3,142998.46,25540.0,18950,-0.0614165428429915,0.0243243243243242,64.100001674,-0.45,-289.840735008,112.34,5450.329357308172,-0.0398533813295008,666.5999999999999,1821964.8,2.7332205220522057,159600.0
2025-03-06,133966.5,0,133966.5,131966.5,128500.0,0.015155361398536682,130633.2,131079.85,2273.1133825658612,3,3,142820.47,25490.0,18330,-0.0377952755905511,-0.0027203482045702,63.600001772,-0.45,-292.19030877,124.2,5445.73268921095,-0.0008433743716896,666.5999999999999,1821964.8,2.7332205220522057,159600.0
2025-03-07,131466.5,0,133966.5,133966.5,131966.5,0.0,131573.2,131204.85,2524.539453048837,4,3,137262.21,25485.0,18330,-0.0377952755905511,-0.0027203482045702,63.800001792,-0.45,-293.28685599,124.2,5445.73268921095,-0.0008433743716896,666.5999999999999,1821964.8,2.7332205220522057,159600.0
2025-03-10,129366.5,0,131466.5,133966.5,133966.5,-0.018661381763351303,131973.2,131229.85,2250.910804541168,0,3,135502.64,25480.0,18330,-0.0377952755905511,-0.0027203482045702,61.800001682,-0.45,-298.28674948,124.2,5445.73268921095,-0.0008433743716896,666.5999999999999,1821964.8,2.7332205220522057,159600.0
2025-03-11,132366.5,0,129366.5,131466.5,133966.5,-0.015973651082214824,132146.5,130829.85,1926.6551326068136,1,3,136354.55,25525.0,18330,-0.0377952755905511,-0.0027203482045702,52.200001462,-0.45,-311.04594960000003,124.2,5445.73268921095,-0.0008433743716896,666.5999999999999,1821964.8,2.7332205220522057,159600.0
2025-03-12,132366.5,0,132366.5,129366.5,131466.5,0.023189929386665087,132226.5,130929.85,1925.6167843057947,2,3,140305.85,25450.0,18330,-0.0377952755905511,-0.0027203482045702,51.280001642,-0.45,-314.60328508000003,124.2,5445.73268921095,-0.0008433743716896,666.5999999999999,1821964.8,2.7332205220522057,159600.0
2025-03-13,132216.5,0,132366.5,132366.5,129366.5,0.0,131906.5,131269.85,1681.6658407662765,3,3,139540.38,25445.0,17890,-0.0618772941793392,-0.0197260273972602,47.300001622,-0.45,-321.17307766000005,124.2,5445.73268921095,-0.0008433743716896,666.5999999999999,1821964.8,2.7332205220522057,159600.0
2025-03-14,132516.5,0,132216.5,132366.5,132366.5,-0.0011332172415225994,131556.5,131564.85,1279.8437404621322,4,3,140347.94,25490.0,17890,-0.0618772941793392,-0.0197260273972602,45.620001542,-0.45,-325.23393604000006,124.2,5445.73268921095,-0.0008433743716896,666.5999999999999,1821964.8,2.7332205220522057,159600.0
2025-03-17,131841.8,0,132516.5,132216.5,132366.5,0.002269005759492959,131766.5,131869.85,1345.8268833695251,0,3,137113.5,25500.0,17890,-0.0618772941793392,-0.0197260273972602,36.279999942,-0.45,-342.54967858000003,124.2,5445.73268921095,-0.0008433743716896,666.5999999999999,1821964.8,2.7332205220522057,159600.0
2025-03-18,133316.8,0,131841.8,132516.5,132216.5,-0.005091441443141109,132261.56,132204.02999999997,257.5111997568195,1,3,139055.01,25510.0,17890,-0.0618772941793392,-0.0197260273972602,36.119999934,-0.45,-344.563728848,124.2,5445.73268921095,-0.0008433743716896,666.5999999999999,1821964.8,2.7332205220522057,159600.0
2025-03-19,133283.5,0,133316.8,131841.8,132516.5,0.01118765065404137,132451.62,132339.06,544.7827796472833,2,3,139080.52,25510.0,17890,-0.0618772941793392,-0.0197260273972602,36.119999934,-0.45,-345.90472246800005,124.2,5445.73268921095,-0.0008433743716896,666.5999999999999,1821964.8,2.7332205220522057,159600.0
2025-03-20,134483.5,0,133283.5,133316.8,131841.8,-0.0002497809728405631,132635.02,132270.75999999998,652.6396838993572,3,3,140672.315,25535.0,17890,-0.0613850996852046,-0.0448478376935397,36.119999934,-0.45,-347.146057368,124.2,5445.73268921095,-0.0008433743716896,666.5999999999999,1821964.8,2.7332205220522057,159600.0
2025-03-21,131983.5,0,134483.5,133283.5,133316.8,0.009003365007671515,133088.41999999998,132322.46,989.6483905914952,4,3,140037.69,25545.0,17890,-0.0613850996852046,-0.0448478376935397,36.119999934,-0.45,-348.75883382800004,124.2,5445.73268921095,-0.0008433743716896,666.5999999999999,1821964.8,2.7332205220522057,159600.0
2025-03-24,133233.5,0,131983.5,134483.5,133283.5,-0.018589641108388788,132981.82,132374.15999999997,1090.246952300402,0,3,140819.84,25585.0,17890,-0.0613850996852046,-0.0448478376935397,34.619999934,-0.45,-359.66850911800003,124.2,5445.73268921095,-0.0008433743716896,666.5999999999999,1821964.8,2.7332205220522057,159600.0
2025-03-25,133458.5,0,133233.5,131983.5,134483.5,0.009470880829800743,133260.16,132760.86,884.7153655274473,1,3,140705.04,25620.0,17890,-0.0613850996852046,-0.0448478376935397,31.279999754,-0.45,-366.445146678,124.2,5445.73268921095,-0.0008433743716896,666.5999999999999,1821964.8,2.7332205220522057,159600.0
2025-03-26,134708.5,0,133458.5,133233.5,131983.5,0.0016887644623913012,133288.5,132870.06,889.2412496057362,2,3,142822.4,25600.0,17890,-0.0613850996852046,-0.0448478376935397,30.739999754000003,-0.45,-369.619075498,124.2,5445.73268921095,-0.0008433743716896,666.5999999999999,1821964.8,2.7332205220522057,159600.0
2025-03-27,133408.5,0,134708.5,133458.5,133233.5,0.009366207472734978,133573.5,133104.25999999998,1092.3884382400042,3,3,138175.885,25555.0,18210,-0.0390501319261213,-0.0225442834138486,29.479999754,-0.45,-372.9768608380001,124.2,5445.73268921095,-0.0008433743716896,666.5999999999999,1821964.8,2.7332205220522057,159600.0
2025-03-28,133708.5,0,133408.5,134708.5,133458.5,-0.009650467490915582,133358.5,133223.46,967.1155566944351,4,3,136158.12,25560.0,18210,-0.0390501319261213,-0.0225442834138486,31.879999704,-0.45,-371.758929928,124.2,5445.73268921095,-0.0008433743716896,666.5999999999999,1821964.8,2.7332205220522057,159600.0
2025-03-31,132483.5,0,133708.5,133408.5,134708.5,0.0022487322771787,133703.5,133342.65999999997,586.9412236335636,0,3,135772.7,25550.0,18210,-0.0390501319261213,-0.0225442834138486,34.039999714000004,-0.45,-375.617263778,124.2,5445.73268921095,-0.0008433743716896,666.5999999999999,1821964.8,2.7332205220522057,159600.0
2025-04-01,131733.5,0,132483.5,133708.5,133408.5,-0.00916172120695391,133553.5,133406.83,795.7700672935813,1,4,134548.595,25565.0,18210,-0.0390501319261213,-0.0225442834138486,33.579999714,-0.24,-377.422272338,124.2,5445.73268921095,-0.0008433743716896,666.5999999999999,1821964.8,2.7332205220522057,159600.0
2025-04-02,132883.5,0,131733.5,132483.5,133708.5,-0.005661082323459188,133208.5,133248.5,1144.6888223444628,2,4,137681.88,25620.0,18210,-0.0390501319261213,-0.0225442834138486,38.579999714,-0.24,-374.065510458,124.2,5445.73268921095,-0.0008433743716896,666.5999999999999,1821964.8,2.7332205220522057,159600.0
2025-04-03,132983.5,0,132883.5,131733.5,132483.5,0.008729746040301078,132843.5,133208.5,779.5431354327167,3,4,137472.0,25600.0,18470,-0.02532981530343,-0.0149333333333333,38.559999714,-0.24,-376.578664086,124.2,5445.73268921095,-0.0008433743716896,666.5999999999999,1821964.8,2.7332205220522057,159600.0
2025-04-04,132258.5,0,132983.5,132883.5,131733.5,0.0007525388780398323,132758.5,133058.5,723.7057413066802,4,4,137383.33,25790.0,18470,-0.02532981530343,-0.0149333333333333,38.619999714,-0.24,-378.332364146,124.2,5445.73268921095,-0.0008433743716896,666.5999999999999,1821964.8,2.7332205220522057,159600.0
2025-04-07,126483.5,0,132258.5,132983.5,132883.5,-0.0054518041711941745,132468.5,133086.0,505.4700782441887,0,4,131013.96,25780.0,18470,-0.02532981530343,-0.0149333333333333,39.519999734,-0.24,-382.304791426,157.63,5701.199010340672,0.046911285534791,666.5999999999999,1821964.8,2.7332205220522057,159600.0
2025-04-08,126583.5,0,126483.5,132258.5,132983.5,-0.04366449037301945,131268.5,132411.0,2722.2233560088184,1,4,122867.48,25780.0,18470,-0.02532981530343,-0.0149333333333333,41.159999734,-0.24,-381.81491338600006,157.63,5701.199010340672,0.046911285534791,666.5999999999999,1821964.8,2.7332205220522057,159600.0
2025-04-09,116272.2,1,126583.5,126483.5,132258.5,0.0007906169579430244,130238.5,131723.5,3393.762661118141,2,4,124853.985,25995.0,18470,-0.02532981530343,-0.0149333333333333,43.279999694,-0.24,-380.540139306,157.63,5701.199010340672,0.046911285534791,666.5999999999999,1821964.8,2.7332205220522057,159600.0
2025-04-10,116983.5,0,116272.2,126583.5,126483.5,-0.08145848392563015,126916.23999999999,129879.87,6688.515402389301,3,4,124218.6,25960.0,17240,-0.0594653573376977,-0.1039501039501039,46.639999694,-0.24,-377.324063506,157.63,5701.199010340672,0.046911285534791,666.5999999999999,1821964.8,2.7332205220522057,159600.0
2025-04-11,118133.5,0,116983.5,116272.2,126583.5,0.006117541424347284,123716.23999999999,128237.37,6884.632037225963,4,4,126023.04,25740.0,17240,-0.0594653573376977,-0.1039501039501039,47.939999714,-0.24,-377.558788506,157.63,5701.199010340672,0.046911285534791,666.5999999999999,1821964.8,2.7332205220522057,159600.0
2025-04-14,124650.0,0,118133.5,116983.5,116272.2,0.009830446174033058,120891.23999999999,126679.87,5193.416220369538,0,4,129835.035,25715.0,17240,-0.0594653573376977,-0.1039501039501039,54.759999944,-0.24,-374.347519936,157.63,5701.199010340672,0.046911285534791,666.5999999999999,1821964.8,2.7332205220522057,159600.0
2025-04-15,129750.0,0,124650.0,118133.5,116983.5,0.05516216822493192,120524.54,125896.51999999999,4745.230461526326,1,4,135291.936,25824.0,17240,-0.0594653573376977,-0.1039501039501039,55.699999924,-0.24,-375.274328996,157.63,5701.199010340672,0.046911285534791,666.5999999999999,1821964.8,2.7332205220522057,159600.0
2025-04-16,131716.5,0,129750.0,124650.0,118133.5,0.04091456077015643,121157.84,125698.17,5840.83940910872,2,4,137718.6,25790.0,17240,-0.0594653573376977,-0.1039501039501039,58.71999992400001,-0.24,-373.599619556,157.63,5701.199010340672,0.046911285534791,666.5999999999999,1821964.8,2.7332205220522057,159600.0
2025-04-17,133066.5,0,131716.5,129750.0,124650.0,0.015156069364161917,124246.7,125581.47000000002,6640.259074388461,3,4,138939.57,25830.0,17030,-0.0480715483510341,-0.1390293225480283,60.599999854,-0.24,-371.790364766,157.63,5701.199010340672,0.046911285534791,666.5999999999999,1821964.8,2.7332205220522057,159600.0
2025-04-18,132716.5,0,133066.5,131716.5,129750.0,0.010249285397045949,127463.3,125589.77000000002,6117.074102461007,4,4,136341.849,25837.0,17030,-0.0480715483510341,-0.1390293225480283,64.060000234,-0.24,-369.254489346,157.63,5701.199010340672,0.046911285534791,666.5999999999999,1821964.8,2.7332205220522057,159600.0
2025-04-21,129350.0,0,132716.5,133066.5,131716.5,-0.0026302638154607205,130379.9,125635.57000000002,3452.9895272067993,0,4,136806.225,25925.0,17030,-0.0480715483510341,-0.1390293225480283,66.260000264,-0.24,-370.450995936,157.63,5701.199010340672,0.046911285534791,666.5999999999999,1821964.8,2.7332205220522057,159600.0
2025-04-22,128816.5,0,129350.0,132716.5,133066.5,-0.025366099919753804,131319.9,125922.22000000002,1695.8395192352527,1,4,136521.267,25871.0,17030,-0.0480715483510341,-0.1390293225480283,66.780000264,-0.24,-370.926033096,157.63,5701.199010340672,0.046911285534791,666.5999999999999,1821964.8,2.7332205220522057,159600.0
2025-04-23,128700.0,0,128816.5,129350.0,132716.5,-0.004124468496327749,131133.2,126145.52000000002,1944.9696527195485,2,4,136498.005,25965.0,17030,-0.0480715483510341,-0.1390293225480283,68.360000284,-0.24,-369.756249876,157.63,5701.199010340672,0.046911285534791,666.5999999999999,1821964.8,2.7332205220522057,159600.0
2025-04-24,130166.5,0,128700.0,128816.5,129350.0,-0.000904387248527927,130529.9,127388.3,2173.2462297217594,3,4,139385.19,25995.0,17520,-0.0206819452207936,-0.1322436849925705,72.300000434,-0.24,-365.799414566,157.63,5701.199010340672,0.046911285534791,666.5999999999999,1821964.8,2.7332205220522057,159600.0
2025-04-25,131816.5,0,130166.5,128700.0,128816.5,0.011394716394716342,129949.9,128706.6,1651.3416287975324,4,4,141259.383,26029.0,17520,-0.0206819452207936,-0.1322436849925705,83.140001074,-0.24,-354.702655486,157.63,5701.199010340672,0.046911285534791,666.5999999999999,1821964.8,2.7332205220522057,159600.0
2025-04-28,130366.5,0,131816.5,130166.5,128700.0,0.01267607256859482,129769.9,130074.9,1282.1697138053291,0,4,140906.4225,26021.5,17520,-0.0206819452207936,-0.1322436849925705,86.520001134,-0.24,-354.09407854600005,157.63,5701.199010340672,0.046911285534791,666.5999999999999,1821964.8,2.7332205220522057,159600.0
2025-04-29,130466.5,0,130366.5,131816.5,130166.5,-0.011000140346618226,129973.2,130646.55,1279.5309492152555,1,4,140738.0,26000.0,17520,-0.0206819452207936,-0.1322436849925705,86.520001134,-0.24,-355.621565326,157.63,5701.199010340672,0.046911285534791,666.5999999999999,1821964.8,2.7332205220522057,159600.0
2025-04-30,130466.5,0,130466.5,130366.5,131816.5,0.0007670682268834383,130303.2,130718.2,1107.890766276071,2,4,137774.49,26005.0,17520,-0.0206819452207936,-0.1322436849925705,86.900001154,-0.24,-357.085482626,157.63,5701.199010340672,0.046911285534791,666.5999999999999,1821964.8,2.7332205220522057,159600.0
2025-05-01,130466.5,0,130466.5,130466.5,130366.5,0.0,130656.5,130593.2,659.9242380757598,3,5,139620.845,26005.0,17520,-0.0206819452207936,-0.1322436849925705,90.040001154,-0.06,-354.72059370600005,157.63,5701.199010340672,0.046911285534791,666.5999999999999,1821964.8,2.7332205220522057,159600.0
2025-05-02,130466.5,0,130466.5,130466.5,130466.5,0.0,130716.5,130333.2,616.4414002968065,4,5,133301.63,26005.0,17520,-0.0206819452207936,-0.1322436849925705,95.520001554,-0.06,-349.264377686,157.63,5701.199010340672,0.046911285534791,666.5999999999999,1821964.8,2.7332205220522057,159600.0
2025-05-05,129466.5,0,130466.5,130466.5,130466.5,0.0,130446.5,130108.2,44.72135954795962,0,5,137592.455,26005.0,17350,-0.0606388738494856,-0.0982328482328482,118.780002394,-0.06,-324.530294706,157.63,5701.199010340672,0.046911285534791,666.5999999999999,1821964.8,2.7332205220522057,159600.0
2025-05-06,128316.5,0,129466.5,130466.5,130466.5,-0.007664802842108909,130266.5,130119.85,447.21359549995793,1,5,137341.1325,25957.5,17350,-0.0606388738494856,-0.0982328482328482,125.720002334,-0.06,-317.615405266,169.1,5854.760496747486,0.0269349458119756,666.5999999999999,1821964.8,2.7332205220522057,159600.0
2025-05-07,128116.5,0,128316.5,129466.5,130466.5,-0.008882606697485418,129836.5,130069.85,953.6770941990795,2,5,136464.156,25963.5,17350,-0.0606388738494856,-0.0982328482328482,133.000002454,-0.06,-309.416023986,169.1,5854.760496747486,0.0269349458119756,666.5999999999999,1821964.8,2.7332205220522057,159600.0
2025-05-08,127816.5,0,128116.5,128316.5,129466.5,-0.0015586460042161798,129366.5,130011.5,1128.6053340295712,3,5,136017.5375,25962.5,16800,-0.0904168922577152,-0.1181102362204724,137.420002662,-0.06,-304.96900017800004,169.1,5854.760496747486,0.0269349458119756,666.5999999999999,1821964.8,2.7332205220522057,159600.0
2025-05-09,121291.5,0,127816.5,128116.5,128316.5,-0.0023416187610495465,128836.5,129776.5,1104.8755586037732,4,5,136697.8275,25963.5,16800,-0.0904168922577152,-0.1181102362204724,143.100002722,-0.06,-299.232121898,169.1,5854.760496747486,0.0269349458119756,666.5999999999999,1821964.8,2.7332205220522057,159600.0
2025-05-12,128000.0,1,121291.5,127816.5,128116.5,-0.05104974709837928,127001.5,128724.0,3252.5759022657717,0,5,135763.641,25978.5,16800,-0.0904168922577152,-0.1181102362204724,171.400003742,-0.06,-271.70478615800005,169.1,5854.760496747486,0.0269349458119756,666.5999999999999,1821964.8,2.7332205220522057,159600.0
2025-05-13,125750.0,0,128000.0,121291.5,127816.5,0.05530890458111237,126708.2,128487.35,3033.465542906331,1,5,131205.492,25971.0,16800,-0.0904168922577152,-0.1181102362204724,176.520003874,-0.06,-265.80271044600005,169.1,5854.760496747486,0.0269349458119756,666.5999999999999,1821964.8,2.7332205220522057,159600.0
2025-05-14,128216.5,0,125750.0,128000.0,121291.5,-0.017578125,126194.9,128015.7,2907.825076410202,2,5,133156.5335,25961.5,16800,-0.0904168922577152,-0.1181102362204724,188.280004474,-0.06,-253.540850846,169.1,5854.760496747486,0.0269349458119756,666.5999999999999,1821964.8,2.7332205220522057,159600.0
2025-05-15,125816.5,0,128216.5,125750.0,128000.0,0.01961431411530823,126214.9,127790.7,2924.641289970447,3,5,129909.3,25930.0,17220,-0.0011600928074245,-0.0970110120608285,192.480004366,-0.06,-248.746885874,169.1,5854.760496747486,0.0269349458119756,666.5999999999999,1821964.8,2.7332205220522057,159600.0
2025-05-16,126016.5,0,125816.5,128216.5,125750.0,-0.01871833968327008,125814.9,127325.7,2784.2282009562355,4,5,128985.0225,25947.5,17220,-0.0011600928074245,-0.0970110120608285,198.480004706,-0.06,-242.569176594,169.1,5854.760496747486,0.0269349458119756,666.5999999999999,1821964.8,2.7332205220522057,159600.0
2025-05-19,124116.5,0,126016.5,125816.5,128216.5,0.0015896166242106435,126759.9,126880.7,1237.1415339402372,0,5,126108.0975,25921.5,17220,-0.0011600928074245,-0.0970110120608285,211.680004526,-0.06,-228.501204474,169.1,5854.760496747486,0.0269349458119756,666.5999999999999,1821964.8,2.7332205220522057,159600.0
2025-05-20,126216.5,0,124116.5,126016.5,125816.5,-0.015077390659159695,125983.2,126345.7,1462.487418749303,1,5,129036.9175,25947.5,17220,-0.0011600928074245,-0.0970110120608285,217.860004386,-0.06,-222.56989931400005,169.1,5854.760496747486,0.0269349458119756,666.5999999999999,1821964.8,2.7332205220522057,159600.0
2025-05-21,125316.5,0,126216.5,124116.5,126016.5,0.016919587645478185,126076.5,126135.7,1458.7666023048373,2,5,127330.91,25970.0,17220,-0.0011600928074245,-0.0970110120608285,232.060004546,-0.06,-207.813723994,169.1,5854.760496747486,0.0269349458119756,666.5999999999999,1821964.8,2.7332205220522057,159600.0
2025-05-22,124716.5,0,125316.5,126216.5,124116.5,-0.007130604952601316,125496.5,125855.7,840.8329203831161,3,5,127345.619,25973.0,17400,0.0217263652378156,-0.0870933892969569,246.400003746,-0.06,-192.776062414,169.1,5854.760496747486,0.0269349458119756,666.5999999999999,1821964.8,2.7332205220522057,159600.0
2025-05-23,122716.5,0,124716.5,125316.5,126216.5,-0.0047878770951950145,125276.5,125545.7,879.2041856133304,4,5,124349.5055,25976.5,17400,0.0217263652378156,-0.0870933892969569,258.460004226,-0.06,-180.548300374,169.1,5854.760496747486,0.0269349458119756,666.5999999999999,1821964.8,2.7332205220522057,159600.0
2025-05-26,122216.5,0,122716.5,124716.5,125316.5,-0.016036370488267337,124616.5,125688.2,1315.2946437965904,0,5,124319.66,25954.0,17400,0.0217263652378156,-0.0870933892969569,278.540003996,-0.06,-162.015082204,169.1,5854.760496747486,0.0269349458119756,666.5999999999999,1821964.8,2.7332205220522057,159600.0
2025-05-27,122216.5,0,122216.5,122716.5,124716.5,-0.0040744317186360846,124236.5,125109.85,1710.847743079436,1,5,124120.875,25912.5,17400,0.0217263652378156,-0.0870933892969569,288.980004296,-0.06,-152.039792104,169.1,5854.760496747486,0.0269349458119756,666.5999999999999,1821964.8,2.7332205220522057,159600.0
2025-05-28,121916.5,0,122216.5,122216.5,122716.5,0.0,123436.5,124756.5,1472.073367736812,2,5,121604.91,25917.5,17400,0.0217263652378156,-0.0870933892969569,300.560004616,-0.06,-139.061727904,169.1,5854.760496747486,0.0269349458119756,666.5999999999999,1821964.8,2.7332205220522057,159600.0
2025-05-29,119816.5,0,121916.5,122216.5,122216.5,-0.002454660377281259,122756.5,124126.5,1132.6958991715294,3,5,118579.02,25970.0,17130,-0.0222602739726027,-0.096042216358839,311.700004016,-0.06,-125.79132174400002,169.1,5854.760496747486,0.0269349458119756,666.5999999999999,1821964.8,2.7332205220522057,159600.0
2025-05-30,118316.5,0,119816.5,121916.5,122216.5,-0.01722490393014886,121776.5,123526.5,1132.6958991715294,4,5,117893.25,26025.0,17130,-0.0222602739726027,-0.096042216358839,316.940004296,-0.06,-118.01075318400002,169.1,5854.760496747486,0.0269349458119756,666.5999999999999,1821964.8,2.7332205220522057,159600.0
2025-06-02,117216.5,0,118316.5,119816.5,121916.5,-0.012519143857482096,120896.5,122756.5,1756.9860557215586,0,6,116133.9545,26021.5,17130,-0.0222602739726027,-0.096042216358839,330.160004884,0.02,-100.436424936,169.1,5854.760496747486,0.0269349458119756,666.5999999999999,1821964.8,2.7332205220522057,159600.0
2025-06-03,116183.2,0,117216.5,118316.5,119816.5,-0.009297097192699222,119896.5,122066.5,2187.921387984495,1,6,114657.745,26029.0,17130,-0.0222602739726027,-0.096042216358839,334.740005444,0.02,-94.661842256,169.1,5854.760496747486,0.0269349458119756,666.5999999999999,1821964.8,2.7332205220522057,159600.0
2025-06-04,113716.5,0,116183.2,117216.5,118316.5,-0.008815311837497286,118689.84,121063.17000000001,2251.3359984684653,2,6,113000.535,26055.0,17130,-0.0222602739726027,-0.096042216358839,343.66000558599995,0.02,-84.44368869400002,169.1,5854.760496747486,0.0269349458119756,666.5999999999999,1821964.8,2.7332205220522057,159600.0
2025-06-05,113816.5,0,113716.5,116183.2,117216.5,-0.021231124637641208,117049.84,119903.17000000001,2299.3929150973686,3,6,113334.98,26084.0,17420,0.0040345821325649,-0.0807387862796833,347.300005546,0.02,-79.97098445400002,169.1,5854.760496747486,0.0269349458119756,666.5999999999999,1821964.8,2.7332205220522057,159600.0
2025-06-06,115316.5,0,113816.5,113716.5,116183.2,0.0008793798613218051,115849.84,118813.17000000001,2046.2716774661071,4,6,115936.7125,26082.5,17420,0.0040345821325649,-0.0807387862796833,357.100005206,0.02,-68.42541669400002,156.24,5788.530465949821,-0.0113121673951408,666.5999999999999,1821964.8,2.7332205220522057,159600.0
2025-06-09,113716.5,0,115316.5,113816.5,113716.5,0.013179108477241908,115249.84,118073.17000000001,1512.3616558217636,0,6,113048.306,26054.0,17420,0.0040345821325649,-0.0807387862796833,376.180005596,0.02,-47.85622618400001,156.24,5788.530465949821,-0.0113121673951408,666.5999999999999,1821964.8,2.7332205220522057,159600.0
2025-06-10,115966.5,0,113716.5,115316.5,113816.5,-0.013874857457519041,114549.84,117223.17000000001,1138.2366968253725,1,6,114170.32,26042.5,17420,0.0040345821325649,-0.0807387862796833,387.800005716,0.02,-33.92741794400001,156.24,5788.530465949821,-0.0113121673951408,666.5999999999999,1821964.8,2.7332205220522057,159600.0
2025-06-11,113750.0,0,115966.5,113716.5,115316.5,0.019786046879740393,114506.5,116598.17000000001,1062.0734437881104,2,6,110631.1625,26012.5,17420,0.0040345821325649,-0.0807387862796833,413.720004716,0.02,-3.828039938000007,156.24,5788.530465949821,-0.0113121673951408,666.5999999999999,1821964.8,2.7332205220522057,159600.0
2025-06-12,111750.0,0,113750.0,115966.5,113716.5,-0.019113278403676937,114513.2,115781.51999999999,1055.9317923047565,3,6,110028.81,26030.0,17700,0.0535714285714286,-0.0343698854337152,441.360004316,0.02,28.34012854199999,156.24,5788.530465949821,-0.0113121673951408,666.5999999999999,1821964.8,2.7332205220522057,159600.0
2025-06-13,112066.5,0,111750.0,113750.0,115966.5,-0.01758241758241763,114099.9,114974.87,1639.7992788752933,4,6,110555.225,26037.5,17700,0.0535714285714286,-0.0343698854337152,456.300005296,0.02,46.15248462199999,156.24,5788.530465949821,-0.0113121673951408,666.5999999999999,1821964.8,2.7332205220522057,159600.0
2025-06-16,112216.5,0,112066.5,111750.0,113750.0,0.00283221476510076,113449.9,114349.87,1680.6149692894942,0,6,109827.9,26075.0,17700,0.0535714285714286,-0.0343698854337152,465.780005556,0.02,58.839674502,156.24,5788.530465949821,-0.0113121673951408,666.5999999999999,1821964.8,2.7332205220522057,159600.0
2025-06-17,111216.5,0,112216.5,112066.5,111750.0,0.0013384909852631743,113149.9,113849.87,1753.4299743645097,1,6,107399.4415,26061.5,17700,0.0535714285714286,-0.0343698854337152,476.320006356,0.02,69.63117122199999,156.24,5788.530465949821,-0.0113121673951408,666.5999999999999,1821964.8,2.7332205220522057,159600.0
2025-06-18,109666.5,0,111216.5,112216.5,112066.5,-0.008911345479497235,112199.9,113353.2,947.413149053737,2,6,106464.683,26081.5,17700,0.0535714285714286,-0.0343698854337152,488.740006016,0.02,82.94256360199998,156.24,5788.530465949821,-0.0113121673951408,666.5999999999999,1821964.8,2.7332205220522057,159600.0
2025-06-19,107366.5,0,109666.5,111216.5,112216.5,-0.013936780963256346,111383.2,112948.2,1033.2809153371188,3,6,99864.339,26101.5,19150,0.1120789779326365,0.0704304080491895,493.560005896,0.02,88.76412470199999,156.24,5788.530465949821,-0.0113121673951408,666.5999999999999,1821964.8,2.7332205220522057,159600.0
2025-06-20,103216.5,0,107366.5,109666.5,111216.5,-0.020972676250267885,110506.5,112303.2,2026.5117813622287,4,6,99913.472,26128.0,19150,0.1120789779326365,0.0704304080491895,505.440005896,0.02,102.194061382,156.24,5788.530465949821,-0.0113121673951408,666.5999999999999,1821964.8,2.7332205220522057,159600.0
2025-06-23,95716.5,0,103216.5,107366.5,109666.5,-0.03865265236363302,108736.5,111093.2,3587.2343107190413,0,6,96100.623,26128.5,19150,0.1120789779326365,0.0704304080491895,529.400005856,0.02,132.788891882,156.24,5788.530465949821,-0.0113121673951408,666.5999999999999,1821964.8,2.7332205220522057,159600.0
2025-06-24,98716.5,0,95716.5,103216.5,107366.5,-0.07266280100565314,105436.5,109293.2,6213.553733573076,1,6,100953.965,26215.0,19150,0.1120789779326365,0.0704304080491895,538.640006536,0.02,143.700034922,156.24,5788.530465949821,-0.0113121673951408,666.5999999999999,1821964.8,2.7332205220522057,159600.0
2025-06-25,94216.5,0,98716.5,95716.5,103216.5,0.03134255849304979,102936.5,107568.2,5808.033229932479,2,6,95101.78,26170.0,19150,0.1120789779326365,0.0704304080491895,546.540006536,0.02,153.23026244199997,156.24,5788.530465949821,-0.0113121673951408,666.5999999999999,1821964.8,2.7332205220522057,159600.0
2025-06-26,92216.5,0,94216.5,98716.5,95716.5,-0.045585084560331834,99846.5,105614.85,5429.963167462548,3,6,90862.47,26155.0,19340,0.1114942528735631,0.0810508664058133,557.0400064759999,0.02,164.86704754199997,156.24,5788.530465949821,-0.0113121673951408,666.5999999999999,1821964.8,2.7332205220522057,159600.0
2025-06-27,93616.5,0,92216.5,94216.5,98716.5,-0.021227704276851722,96816.5,103661.5,4292.43520626694,4,6,93901.4,26120.0,19340,0.1114942528735631,0.0810508664058133,568.080006736,0.02,177.64438718199995,156.24,5788.530465949821,-0.0113121673951408,666.5999999999999,1821964.8,2.7332205220522057,159600.0
2025-06-30,94016.5,0,93616.5,92216.5,94216.5,0.015181664886435797,94896.5,101816.5,2477.2969139769884,0,6,93759.335,26095.0,19340,0.1114942528735631,0.0810508664058133,584.7200067260001,0.02,197.563832712,156.24,5788.530465949821,-0.0113121673951408,666.5999999999999,1821964.8,2.7332205220522057,159600.0
2025-07-01,94466.5,0,94016.5,93616.5,92216.5,0.004272751064182012,94556.5,99996.5,2453.1612258471537,1,7,93145.703,26120.5,19340,0.1114942528735631,0.0810508664058133,589.720006546,-0.02,203.614378732,156.24,5788.530465949821,-0.0113121673951408,670.2,1814756.0,2.7077827514174873,159600.0
2025-07-02,95266.5,0,94466.5,94016.5,93616.5,0.004786393877670436,93706.5,98321.5,889.100669215759,2,7,94120.26,26130.0,19340,0.1114942528735631,0.0810508664058133,606.7800065460001,-0.02,222.834852052,156.24,5788.530465949821,-0.0113121673951408,670.2,1814756.0,2.7077827514174873,159600.0
2025-07-03,94466.5,0,95266.5,94466.5,94016.5,0.008468610565650181,93916.5,96881.5,1130.8182877898246,3,7,92929.67,26170.0,18400,0.0741389375364856,-0.0037899296155928,618.300006436,-0.02,236.640832802,156.24,5788.530465949821,-0.0113121673951408,670.2,1814756.0,2.7077827514174873,159600.0
2025-07-04,95216.5,0,94466.5,95266.5,94466.5,-0.008397495446982983,94366.5,95591.5,615.4266812544859,4,7,93507.8,26200.0,18400,0.0741389375364856,-0.0037899296155928,622.4800068359999,-0.02,242.507382982,156.24,5788.530465949821,-0.0113121673951408,670.2,1814756.0,2.7077827514174873,159600.0
2025-07-07,96016.5,0,95216.5,94466.5,95266.5,0.007939322405297045,94686.5,94791.5,539.2123885816336,0,7,94640.7,26180.0,18400,0.0741389375364856,-0.0037899296155928,647.340007464,-0.02,273.96415323,138.53,5797.44459683823,0.0015399644073474,670.2,1814756.0,2.7077827514174873,159600.0
2025-07-08,93716.5,0,96016.5,95216.5,94466.5,0.008401905131988574,95086.5,94821.5,648.6524493131207,1,7,90540.135,26145.0,18400,0.0741389375364856,-0.0037899296155928,648.600007724,-0.02,277.02609909,138.53,5797.44459683823,0.0015399644073474,670.2,1814756.0,2.7077827514174873,159600.0
2025-07-09,94516.5,0,93716.5,96016.5,95216.5,-0.02395421620242355,94936.5,94321.5,875.0714256561636,2,7,91681.58,26135.0,18400,0.0741389375364856,-0.0037899296155928,656.360008224,-0.02,285.32075309,138.53,5797.44459683823,0.0015399644073474,670.2,1814756.0,2.7077827514174873,159600.0
2025-07-10,107883.2,1,94516.5,93716.5,96016.5,0.00853638366776388,94786.5,94351.5,868.6195945291072,3,7,89133.99,26139.0,18830,0.0809414466130884,0.0922273781902551,659.880007984,-0.02,290.39383233,138.53,5797.44459683823,0.0015399644073474,670.2,1814756.0,2.7077827514174873,159600.0
2025-07-11,90416.5,1,107883.2,94516.5,93716.5,0.14142186813942526,97469.84,95918.17000000001,5882.975078818532,4,7,85498.873,26114.5,18830,0.0809414466130884,0.0922273781902551,665.680008164,-0.02,297.61714758999995,138.53,5797.44459683823,0.0015399644073474,670.2,1814756.0,2.7077827514174873,159600.0
2025-07-14,89866.5,0,90416.5,107883.2,94516.5,-0.1619037996648227,96509.84,95598.17000000001,6680.225428681272,0,7,82782.965,26114.5,18830,0.0809414466130884,0.0922273781902551,684.080007824,-0.02,319.68919595,138.53,5797.44459683823,0.0015399644073474,670.2,1814756.0,2.7077827514174873,159600.0
2025-07-15,92116.5,0,89866.5,90416.5,107883.2,-0.006082960521586189,95279.84,95183.17000000001,7328.50136644593,1,7,90523.125,26125.0,18830,0.0809414466130884,0.0922273781902551,686.780007784,-0.02,323.85310457,138.53,5797.44459683823,0.0015399644073474,670.2,1814756.0,2.7077827514174873,159600.0
2025-07-16,91366.5,0,92116.5,89866.5,90416.5,0.025037138421992733,94959.84,94948.17000000001,7447.791906196082,2,7,87795.8625,26137.5,18830,0.0809414466130884,0.0922273781902551,691.040007614,-0.02,328.69888968,138.53,5797.44459683823,0.0015399644073474,670.2,1814756.0,2.7077827514174873,159600.0
2025-07-17,91866.5,0,91366.5,92116.5,89866.5,-0.00814186383546922,94329.84,94558.17000000001,7625.769782651444,3,7,88839.36,26160.0,18790,0.0615819209039547,0.1033470346447444,694.940007134,-0.02,334.15706178,138.53,5797.44459683823,0.0015399644073474,670.2,1814756.0,2.7077827514174873,159600.0
2025-07-18,91866.5,0,91866.5,91366.5,92116.5,0.0054724652908888505,91126.5,94298.17000000001,958.7752604233478,4,7,86014.08,26160.0,18790,0.0615819209039547,0.1033470346447444,703.640006814,-0.02,344.79862678,138.53,5797.44459683823,0.0015399644073474,670.2,1814756.0,2.7077827514174873,159600.0
2025-07-21,93616.5,0,91866.5,91866.5,91366.5,0.0,91416.5,93963.17000000001,908.2951062291696,0,7,86903.52,26160.0,18790,0.0615819209039547,0.1033470346447444,738.980006784,-0.02,388.77972087,138.53,5797.44459683823,0.0015399644073474,670.2,1814756.0,2.7077827514174873,159600.0
2025-07-22,91616.5,0,93616.5,91866.5,91866.5,0.019049381439371293,92166.5,93723.17000000001,855.1315688242707,1,7,82754.42,26155.0,18790,0.0615819209039547,0.1033470346447444,750.0000074239999,-0.02,401.78171375,138.53,5797.44459683823,0.0015399644073474,670.2,1814756.0,2.7077827514174873,159600.0
2025-07-23,92916.5,0,91616.5,93616.5,91866.5,-0.021363755320910283,92066.5,93513.17000000001,890.9264840601936,2,7,85284.99,26145.0,18790,0.0615819209039547,0.1033470346447444,759.380007274,-0.02,412.37837874,138.53,5797.44459683823,0.0015399644073474,670.2,1814756.0,2.7077827514174873,159600.0
2025-07-24,95366.5,0,92916.5,91616.5,93616.5,0.01418958375401802,92376.5,93353.17000000001,855.4238715396352,3,7,85222.85,26150.0,19120,-0.0015665796344647,0.091324200913242,759.020007374,-0.02,413.2106053,138.53,5797.44459683823,0.0015399644073474,670.2,1814756.0,2.7077827514174873,159600.0
2025-07-25,95816.5,0,95366.5,92916.5,91616.5,0.026367760300915366,93076.5,92101.5,1513.0267677737424,4,7,86350.04,26135.0,19120,-0.0015665796344647,0.091324200913242,761.580007314,-0.02,417.98235104,138.53,5797.44459683823,0.0015399644073474,670.2,1814756.0,2.7077827514174873,159600.0
2025-07-28,96216.5,0,95816.5,95366.5,92916.5,0.004718638096186778,93866.5,92641.5,1737.8147196982359,0,7,83559.42,26145.0,19120,-0.0015665796344647,0.091324200913242,797.080007934,-0.02,462.67899866,138.53,5797.44459683823,0.0015399644073474,670.2,1814756.0,2.7077827514174873,159600.0
2025-07-29,97016.5,0,96216.5,95816.5,95366.5,0.004174646329181408,94386.5,93276.5,2011.7156856772426,1,7,85857.4,26200.0,19120,-0.0015665796344647,0.091324200913242,808.200008514,-0.02,476.82553976,138.53,5797.44459683823,0.0015399644073474,670.2,1814756.0,2.7077827514174873,159600.0
2025-07-30,97616.5,0,97016.5,96216.5,95816.5,0.008314582218226674,95466.5,93766.5,1549.193338482921,2,7,85257.475,26225.0,19120,-0.0015665796344647,0.091324200913242,815.1200084540001,-0.02,485.66965646,138.53,5797.44459683823,0.0015399644073474,670.2,1814756.0,2.7077827514174873,159600.0
2025-07-31,99066.5,0,97616.5,97016.5,96216.5,0.0061845150051795805,96406.5,94391.5,908.5703054799108,3,7,86311.035,26202.5,19060,-0.014477766287487,0.0878995433789955,816.340007654,-0.02,488.00983124,138.53,5797.44459683823,0.0015399644073474,670.2,1814756.0,2.7077827514174873,159600.0
2025-08-01,98866.5,0,99066.5,97616.5,97016.5,0.014854046190961645,97146.5,95111.5,1280.429615402525,4,8,86273.307,26199.0,19060,-0.014477766287487,0.0878995433789955,809.880007194,-0.04,481.60567752,138.53,5797.44459683823,0.0015399644073474,670.2,1814756.0,2.7077827514174873,159600.0
2025-08-04,99066.5,0,98866.5,99066.5,97616.5,-0.002018845926725965,97756.5,95811.5,1213.157038474351,0,8,84323.52,26220.0,19060,-0.014477766287487,0.0878995433789955,795.7400066939999,-0.04,467.67625372,138.53,5797.44459683823,0.0015399644073474,670.2,1814756.0,2.7077827514174873,159600.0
2025-08-05,100066.5,0,99066.5,98866.5,99066.5,0.0020229299105358756,98326.5,96356.5,949.6051811146875,1,8,86042.1555,26176.5,19060,-0.014477766287487,0.0878995433789955,791.780006822,-0.04,463.286201748,138.53,5797.44459683823,0.0015399644073474,670.2,1814756.0,2.7077827514174873,159600.0
2025-08-06,100816.5,0,100066.5,99066.5,98866.5,0.010094229633629936,98936.5,97201.5,874.3569065317997,2,8,86913.75,26250.0,19060,-0.014477766287487,0.0878995433789955,791.020006534,-0.04,462.56806162,106.45,5786.942226397369,-0.0018115516699527,670.2,1814756.0,2.7077827514174873,159600.0
2025-08-07,102166.5,0,100816.5,100066.5,99066.5,0.007495015814483308,99576.5,97991.5,836.9587803469526,3,8,85939.325,26225.0,18800,0.0217391304347827,0.0835734870317002,789.2400065339999,-0.04,461.09191906,106.45,5786.942226397369,-0.0018115516699527,670.2,1814756.0,2.7077827514174873,159600.0
2025-08-08,101216.5,0,102166.5,100816.5,100066.5,0.013390665218490971,100196.5,98671.5,1353.5139452550382,4,8,87033.8,26215.0,18800,0.0217391304347827,0.0835734870317002,787.980006194,-0.04,459.51872612,106.45,5786.942226397369,-0.0018115516699527,670.2,1814756.0,2.7077827514174873,159600.0
2025-08-11,103616.5,0,101216.5,102166.5,100816.5,-0.00929854697968513,100666.5,99211.5,1172.0708169730437,0,8,90318.9,26225.0,18800,0.0217391304347827,0.0835734870317002,776.3400052540001,-0.04,447.5039702,106.45,5786.942226397369,-0.0018115516699527,670.2,1814756.0,2.7077827514174873,159600.0
2025-08-12,106866.5,0,103616.5,101216.5,102166.5,0.023711549006337984,101576.5,99951.5,1369.0325050925046,1,8,94569.965,26233.0,18800,0.0217391304347827,0.0835734870317002,776.8000049540001,-0.04,447.7511578,106.45,5786.942226397369,-0.0018115516699527,670.2,1814756.0,2.7077827514174873,159600.0
2025-08-13,107616.5,0,106866.5,103616.5,101216.5,0.031365660874474566,102936.5,100936.5,2447.0901086800745,2,8,93416.12,26270.0,18800,0.0217391304347827,0.0835734870317002,784.100005454,-0.04,455.38823754,106.45,5786.942226397369,-0.0018115516699527,670.2,1814756.0,2.7077827514174873,159600.0
2025-08-14,111216.5,0,107616.5,106866.5,103616.5,0.007018102024488604,104296.5,101936.5,2833.4166654411874,3,8,97115.26,26290.0,18070,-0.0403611258629845,0.075595238095238,790.0400049140001,-0.04,461.88615108,106.45,5786.942226397369,-0.0018115516699527,670.2,1814756.0,2.7077827514174873,159600.0
2025-08-15,114366.5,0,111216.5,107616.5,106866.5,0.03345211933114345,106106.5,103151.5,3843.2408199330753,4,8,100174.71,26265.0,18070,-0.0403611258629845,0.075595238095238,793.520005294,-0.04,466.08531738,106.45,5786.942226397369,-0.0018115516699527,670.2,1814756.0,2.7077827514174873,159600.0
2025-08-18,117016.5,0,114366.5,111216.5,107616.5,0.02832313550597254,108736.5,104701.5,4147.680074451242,0,8,103582.61,26270.0,18070,-0.0403611258629845,0.075595238095238,813.720006514,-0.04,490.77384302,106.45,5786.942226397369,-0.0018115516699527,670.2,1814756.0,2.7077827514174873,159600.0
2025-08-19,116866.5,0,117016.5,114366.5,111216.5,0.023171120913904053,111416.5,106496.5,4337.193793226198,1,8,102438.5,26300.0,18070,-0.0403611258629845,0.075595238095238,801.620006194,-0.04,479.27782304,106.45,5786.942226397369,-0.0018115516699527,670.2,1814756.0,2.7077827514174873,159600.0
2025-08-20,119866.5,0,116866.5,117016.5,114366.5,-0.0012818705054415958,113416.5,108176.5,4007.6489367208624,2,8,108806.88,26320.0,18070,-0.0403611258629845,0.075595238095238,793.840006754,-0.04,471.07403682,106.45,5786.942226397369,-0.0018115516699527,670.2,1814756.0,2.7077827514174873,159600.0
2025-08-21,123316.5,0,119866.5,116866.5,117016.5,0.025670316129943194,115866.5,110081.5,3247.883926497352,3,8,116142.39,26390.0,17900,-0.0473656200106439,0.0394889663182345,790.040006454,-0.04,468.4490117,106.45,5786.942226397369,-0.0018115516699527,670.2,1814756.0,2.7077827514174873,159600.0
2025-08-22,124266.5,0,123316.5,119866.5,116866.5,0.028782019997246833,118286.5,112196.5,3420.270457142221,4,8,119474.9,26432.5,17900,-0.0473656200106439,0.0394889663182345,787.2600065739999,-0.04,465.70243028,106.45,5786.942226397369,-0.0018115516699527,670.2,1814756.0,2.7077827514174873,159600.0
2025-08-25,123733.5,0,124266.5,123316.5,119866.5,0.0077037541610409654,120266.5,114501.5,3449.0940839588384,0,8,122527.5,26350.0,17900,-0.0473656200106439,0.0394889663182345,791.600005694,-0.04,473.8820908,106.45,5786.942226397369,-0.0018115516699527,670.2,1814756.0,2.7077827514174873,159600.0
2025-08-26,121716.5,0,123733.5,124266.5,123316.5,-0.00428916884276942,121609.9,116513.2,3163.027473797827,1,8,122318.25,26305.0,17900,-0.0473656200106439,0.0394889663182345,791.640004934,-0.04,474.2657524,106.45,5786.942226397369,-0.0018115516699527,670.2,1814756.0,2.7077827514174873,159600.0
2025-08-27,121966.5,0,121716.5,123733.5,124266.5,-0.016301163387441586,122579.9,117998.2,1790.6696512757092,2,8,123651.85,26365.0,17900,-0.0473656200106439,0.0394889663182345,789.600005534,-0.04,472.09618018,106.45,5786.942226397369,-0.0018115516699527,670.2,1814756.0,2.7077827514174873,159600.0
2025-08-28,123416.5,0,121966.5,121716.5,123733.5,0.002053953243808415,122999.9,119433.2,1113.2959175348992,3,8,128681.64,26380.0,18350,-0.0402719665271966,0.0545977011494251,794.160005474,-0.04,476.47867824,106.45,5786.942226397369,-0.0018115516699527,670.2,1814756.0,2.7077827514174873,159600.0
2025-08-29,121966.5,0,123416.5,121966.5,121716.5,0.011888510369650662,123019.9,120653.2,1121.2750777574042,4,8,126811.0,26375.0,18350,-0.0402719665271966,0.0545977011494251,802.840004154,-0.04,485.93737984,106.45,5786.942226397369,-0.0018115516699527,670.2,1814756.0,2.7077827514174873,159600.0
2025-09-01,121966.5,0,121966.5,123416.5,121966.5,-0.011748834232051641,122559.9,121413.2,938.9716715640945,0,9,126851.175,26345.0,18350,-0.0402719665271966,0.0545977011494251,835.560003186,-0.14,519.340612952,106.45,5786.942226397369,-0.0018115516699527,670.2,1814756.0,2.7077827514174873,159600.0
2025-09-02,121966.5,0,121966.5,121966.5,123416.5,0.0,122206.5,121908.2,685.0182479320297,1,9,121924.66,26345.0,18350,-0.0402719665271966,0.0545977011494251,846.440004026,-0.14,531.4756222719999,106.45,5786.942226397369,-0.0018115516699527,670.2,1814756.0,2.7077827514174873,159600.0
2025-09-03,121966.5,0,121966.5,121966.5,121966.5,0.0,122256.5,122418.2,648.4597134748369,2,9,115891.655,26345.0,18350,-0.0402719665271966,0.0545977011494251,857.5000044459999,-0.14,543.262171892,106.45,5786.942226397369,-0.0018115516699527,670.2,1814756.0,2.7077827514174873,159600.0
2025-09-04,,0,121966.5,121966.5,121966.5,0.0,122256.5,122628.2,648.4597134748369,3,9,117529.925,26387.5,18470,-0.0309548793284365,0.0782253356684179,854.0200046059999,-0.14,539.337012072,106.45,5786.942226397369,-0.0018115516699527,670.2,1814756.0,2.7077827514174873,159600.0
2025-09-05,,0,,121966.5,121966.5,,121966.5,122551.72222222222,0.0,4,9,116485.46,26390.0,18470,-0.0309548793284365,0.0782253356684179,858.860004786,-0.14,544.465141892,106.45,5786.942226397369,-0.0018115516699527,670.2,1814756.0,2.7077827514174873,159600.0
2025-09-08,,0,,,121966.5,,121966.5,122337.375,0.0,0,9,113757.6,26400.0,18470,-0.0309548793284365,0.0782253356684179,877.700002606,-0.14,563.677830492,91.37,5493.597460873372,-0.0506908059641398,670.2,1814756.0,2.7077827514174873,159600.0
2025-09-09,114966.5,0,,,,,,122137.92857142857,,1,9,117018.45,26415.0,18470,-0.0309548793284365,0.0782253356684179,858.920003666,-0.14,542.9789006459999,91.37,5493.597460873372,-0.0506908059641398,670.2,1814756.0,2.7077827514174873,159600.0
2025-09-10,114466.5,0,114966.5,,,,,121173.64285714286,,2,9,115339.7625,26387.5,18470,-0.0309548793284365,0.0782253356684179,838.900003346,-0.14,520.4454982059999,91.37,5493.597460873372,-0.0506908059641398,670.2,1814756.0,2.7077827514174873,159600.0
2025-09-11,114466.5,0,114466.5,114966.5,,-0.004349092996655535,,120102.21428571429,,3,9,118170.415,26395.0,18640,-0.0085106382978723,0.0700344431687716,830.560002426,-0.14,510.672319426,91.37,5493.597460873372,-0.0506908059641398,670.2,1814756.0,2.7077827514174873,159600.0
2025-09-12,114466.5,0,114466.5,114466.5,114966.5,0.0,114633.16666666667,118823.64285714286,288.6751345948139,4,9,119365.7025,26402.5,18640,-0.0085106382978723,0.0700344431687716,826.7800021459999,-0.14,506.318434426,91.37,5493.597460873372,-0.0506908059641398,670.2,1814756.0,2.7077827514174873,159600.0
2025-09-15,119966.5,1,114466.5,114466.5,114466.5,0.0,114591.5,117752.21428571429,250.0000000000012,0,9,121397.385,26385.0,18640,-0.0085106382978723,0.0700344431687716,846.3000019059999,-0.14,527.335050066,91.37,5493.597460873372,-0.0506908059641398,670.2,1814756.0,2.7077827514174873,159600.0
2025-09-16,122166.5,0,119966.5,114466.5,114466.5,0.048048992499989174,115666.5,117466.5,2413.503677229434,1,9,127756.17,26385.0,18640,-0.0085106382978723,0.0700344431687716,839.9800021259999,-0.14,521.291533906,91.37,5493.597460873372,-0.0506908059641398,670.2,1814756.0,2.7077827514174873,159600.0
2025-09-17,120066.5,0,122166.5,119966.5,114466.5,0.018338452818078332,117106.5,117495.07142857143,3697.7019890737542,2,9,126134.7325,26382.5,18640,-0.0085106382978723,0.0700344431687716,847.580002586,-0.14,530.108737666,91.37,5493.597460873372,-0.0506908059641398,670.2,1814756.0,2.7077827514174873,159600.0
2025-09-18,116116.5,0,120066.5,122166.5,119966.5,-0.017189655101848667,118226.5,117223.64285714286,3543.021309560528,3,9,117368.75,26375.0,18700,0.0348644161593802,0.0564971751412428,855.400001986,-0.14,538.6949056660001,91.37,5493.597460873372,-0.0506908059641398,670.2,1814756.0,2.7077827514174873,159600.0
2025-09-19,116116.5,0,116116.5,120066.5,122166.5,-0.032898435450354646,118556.5,117085.25,3161.566067631673,4,9,117334.095,26385.0,18700,0.0348644161593802,0.0564971751412428,852.6600025260001,-0.14,536.896207506,91.37,5493.597460873372,-0.0506908059641398,670.2,1814756.0,2.7077827514174873,159600.0
2025-09-22,111116.5,0,116116.5,116116.5,120066.5,0.0,118886.5,116977.61111111111,2676.891854371409,0,9,109091.6375,26382.5,18700,0.0348644161593802,0.0564971751412428,874.6600016460001,-0.14,561.1336769459999,91.37,5493.597460873372,-0.0506908059641398,670.2,1814756.0,2.7077827514174873,159600.0
2025-09-23,112716.5,0,111116.5,116116.5,116116.5,-0.04306020246907205,117116.5,116391.5,4248.676264438137,1,9,113066.9,26417.5,18700,0.0348644161593802,0.0564971751412428,885.620002846,-0.14,573.168747226,91.37,5493.597460873372,-0.0506908059641398,670.2,1814756.0,2.7077827514174873,159600.0
2025-09-24,111466.5,0,112716.5,111116.5,116116.5,0.01439930163387082,115226.5,116166.5,3471.3830096951274,2,9,108797.56,26420.0,18700,0.0348644161593802,0.0564971751412428,879.660003146,-0.14,567.714552766,91.37,5493.597460873372,-0.0506908059641398,670.2,1814756.0,2.7077827514174873,159600.0
2025-09-25,112966.5,0,111466.5,112716.5,111116.5,-0.011089769465872368,113506.5,115866.5,2455.707637321674,3,9,111461.761,26419.0,18650,0.041899441340782,-0.0261096605744125,882.780002486,-0.14,572.150312026,91.37,5493.597460873372,-0.0506908059641398,670.2,1814756.0,2.7077827514174873,159600.0
2025-09-26,112566.5,0,112966.5,111466.5,112716.5,0.013456957920092494,112876.5,115716.5,1975.917508399579,4,9,107785.21,26405.0,18650,0.041899441340782,-0.0261096605744125,899.7200014059999,-0.14,590.6090919459999,91.37,5493.597460873372,-0.0506908059641398,670.2,1814756.0,2.7077827514174873,159600.0
2025-09-29,112566.5,0,112566.5,112966.5,111466.5,-0.0035408727366077475,112166.5,115526.5,820.8227579691002,0,9,110446.62,26410.0,18650,0.041899441340782,-0.0261096605744125,921.000002386,-0.14,616.1015753539999,91.37,5493.597460873372,-0.0506908059641398,670.2,1814756.0,2.7077827514174873,159600.0
2025-09-30,112566.5,0,112566.5,112566.5,112966.5,0.0,112456.5,114786.5,577.0615218501404,1,9,110281.254,26421.0,18650,0.041899441340782,-0.0261096605744125,909.500002606,-0.14,604.433490894,91.37,5493.597460873372,-0.0506908059641398,670.2,1814756.0,2.7077827514174873,159600.0
2025-10-01,112566.5,0,112566.5,112566.5,112566.5,0.0,112426.5,113826.5,563.9148871948673,2,10,110623.422,26427.0,18650,0.041899441340782,-0.0261096605744125,898.960002756,-0.28,592.8887300639999,91.37,5493.597460873372,-0.0506908059641398,670.2,1814756.0,2.7077827514174873,159600.0
2025-10-02,,0,112566.5,112566.5,112566.5,0.0,112646.5,113076.5,178.88543819998318,3,10,115887.08,26410.0,19030,0.0370572207084469,-0.0160289555325749,895.0200023660001,-0.28,588.219154334,91.37,5493.597460873372,-0.0506908059641398,670.2,1814756.0,2.7077827514174873,159600.0
2025-10-03,,0,,112566.5,112566.5,,112566.5,112738.72222222222,0.0,4,10,114160.5375,26395.5,19030,0.0370572207084469,-0.0160289555325749,890.480002586,-0.28,582.587677234,91.37,5493.597460873372,-0.0506908059641398,670.2,1814756.0,2.7077827514174873,159600.0
2025-10-06,,0,,,112566.5,,112566.5,112316.5,0.0,0,10,119294.882,26381.0,19030,0.0370572207084469,-0.0160289555325749,888.6400012580001,-0.28,581.4781698859999,76.4,5500.785340314136,0.0013084102888785,670.2,1814756.0,2.7077827514174873,159600.0
2025-10-07,,0,,,,,,112487.92857142857,,1,10,117693.36,26365.0,19030,0.0370572207084469,-0.0160289555325749,883.860000698,-0.28,576.597428946,76.4,5500.785340314136,0.0013084102888785,670.2,1814756.0,2.7077827514174873,159600.0
2025-10-08,,0,,,,,,112449.83333333333,,2,10,115689.62,26365.0,19030,0.0370572207084469,-0.0160289555325749,880.260000958,-0.28,572.376773666,76.4,5500.785340314136,0.0013084102888785,670.2,1814756.0,2.7077827514174873,159600.0
2025-10-09,,0,,,,,,112646.5,,3,10,118198.24,26360.0,18600,0.0070384407146724,0.0108695652173913,883.060000778,-0.28,575.336541506,76.4,5500.785340314136,0.0013084102888785,670.2,1814756.0,2.7077827514174873,159600.0
2025-10-10,114016.5,0,,,,,,,,4,10,117826.02,26347.5,18600,0.0070384407146724,0.0108695652173913,891.5600008179999,-0.28,584.970449546,76.4,5500.785340314136,0.0013084102888785,670.2,1814756.0,2.7077827514174873,159600.0
2025-10-13,113366.5,0,114016.5,,,,,,,0,10,115658.94,26340.0,18600,0.0070384407146724,0.0108695652173913,893.760002298,-0.28,588.5062392460001,76.4,5500.785340314136,0.0013084102888785,670.2,1814756.0,2.7077827514174873,159600.0
2025-10-14,114066.5,0,113366.5,114016.5,,-0.005700929251468034,,,,1,10,117683.115,26345.0,18600,0.0070384407146724,0.0108695652173913,896.080003158,-0.28,590.895029186,76.4,5500.785340314136,0.0013084102888785,670.2,1814756.0,2.7077827514174873,159600.0
2025-10-15,113366.5,0,114066.5,113366.5,114016.5,0.006174663591096197,113816.5,,390.51248379533274,2,10,116491.31,26355.5,18600,0.0070384407146724,0.0108695652173913,891.660003258,-0.28,585.669632266,76.4,5500.785340314136,0.0013084102888785,670.2,1814756.0,2.7077827514174873,159600.0
2025-10-16,114066.5,0,113366.5,114066.5,113366.5,-0.006136771094054749,113704.0,,390.2456491322698,3,10,117292.02,26340.0,18420,-0.011802575107296,-0.021773765268189,881.540003558,-0.28,575.1940040659999,76.4,5500.785340314136,0.0013084102888785,670.2,1814756.0,2.7077827514174873,159600.0
2025-10-17,114966.5,0,114066.5,113366.5,114066.5,0.006174663591096197,113776.5,113776.5,374.83329627982624,4,10,119139.54,26335.0,18420,-0.011802575107296,-0.021773765268189,876.220003098,-0.28,568.868526966,76.4,5500.785340314136,0.0013084102888785,670.2,1814756.0,2.7077827514174873,159600.0
2025-10-20,113966.5,0,114966.5,114066.5,113366.5,0.00789013426378471,113966.5,113974.83333333333,659.545297913646,0,10,117959.476,26342.0,18420,-0.011802575107296,-0.021773765268189,845.320002798,-0.28,535.571174286,76.4,5500.785340314136,0.0013084102888785,670.2,1814756.0,2.7077827514174873,159600.0
2025-10-21,114066.5,0,113966.5,114966.5,114066.5,-0.00869818599331107,114086.5,113973.64285714286,571.8391382198319,1,10,117592.92,26342.5,18420,-0.011802575107296,-0.021773765268189,836.2800027979999,-0.28,527.099602366,76.4,5500.785340314136,0.0013084102888785,670.2,1814756.0,2.7077827514174873,159600.0
2025-10-22,115216.5,0,114066.5,113966.5,114966.5,0.0008774508298490247,114086.5,113985.25,571.8391382198319,2,10,120492.882,26343.0,18420,-0.011802575107296,-0.021773765268189,826.540002098,-0.28,516.527438746,76.4,5500.785340314136,0.0013084102888785,670.2,1814756.0,2.7077827514174873,159600.0
2025-10-23,117716.5,0,115216.5,114066.5,113966.5,0.010081838225947104,114456.5,114122.05555555556,587.7924803874238,3,10,123675.165,26347.5,17880,-0.0438502673796791,-0.0484300159659393,826.660002066,-0.28,515.227726374,76.4,5500.785340314136,0.0013084102888785,670.2,1814756.0,2.7077827514174873,159600.0
2025-10-24,115216.5,0,117716.5,115216.5,114066.5,0.021698281062174196,115186.5,114481.5,1515.9980211068878,4,10,119046.972,26332.0,17880,-0.0438502673796791,-0.0484300159659393,812.120002466,-0.28,500.401986674,76.4,5500.785340314136,0.0013084102888785,670.2,1814756.0,2.7077827514174873,159600.0
2025-10-27,116316.5,0,115216.5,117716.5,115216.5,-0.021237464586527754,115236.5,114601.5,1511.0426863593232,0,10,119871.885,26305.0,17880,-0.0438502673796791,-0.0484300159659393,836.120001266,-0.28,527.856070834,76.4,5500.785340314136,0.0013084102888785,670.2,1814756.0,2.7077827514174873,159600.0
2025-10-28,115066.5,0,116316.5,115216.5,117716.5,0.009547243667356708,115706.5,114896.5,1376.7715859938423,1,10,117057.25,26305.0,17880,-0.0438502673796791,-0.0484300159659393,845.940001326,-0.28,538.7867096939999,76.4,5500.785340314136,0.0013084102888785,670.2,1814756.0,2.7077827514174873,159600.0
2025-10-29,115166.5,0,115066.5,116316.5,115216.5,-0.010746540688552408,115906.5,114996.5,1129.3803610830143,2,10,117554.52,26328.0,17880,-0.0438502673796791,-0.0484300159659393,858.7799999260001,-0.28,553.532002754,76.4,5500.785340314136,0.0013084102888785,670.2,1814756.0,2.7077827514174873,159600.0
2025-10-30,115966.5,0,115166.5,115066.5,116316.5,0.000869062672454568,115896.5,115176.5,1137.21150187641,3,10,121408.96,26336.0,19200,0.0294906166219839,0.0041841004184099,867.1600003460001,-0.28,563.578629794,76.4,5500.785340314136,0.0013084102888785,670.2,1814756.0,2.7077827514174873,159600.0
2025-10-31,117366.5,0,115966.5,115166.5,115066.5,0.006946464466663471,115546.5,115366.5,559.6874127582288,4,10,122197.53,26330.0,19200,0.0294906166219839,0.0041841004184099,877.9800007460001,-0.28,575.631204394,76.4,5500.785340314136,0.0013084102888785,670.2,1814756.0,2.7077827514174873,159600.0
2025-11-03,116266.5,0,117366.5,115966.5,115166.5,0.012072451958108577,115976.5,115606.5,939.6807968666807,0,11,119470.1,26315.0,19200,0.0294906166219839,0.0041841004184099,920.840001138,-0.4,625.1434723660001,76.4,5500.785340314136,0.0013084102888785,670.2,1814756.0,2.7077827514174873,159600.0
2025-11-04,118566.5,0,116266.5,117366.5,115966.5,-0.00937235071336373,115966.5,115836.5,935.4143466934853,1,11,123482.216,26312.0,19200,0.0294906166219839,0.0041841004184099,924.380001298,-0.4,630.0644737060001,76.4,5500.785340314136,0.0013084102888785,670.2,1814756.0,2.7077827514174873,159600.0
2025-11-05,118216.5,0,118566.5,116266.5,117366.5,0.01978213844916632,116666.5,116286.5,1322.8756555322952,2,11,123203.92,26320.0,19200,0.0294906166219839,0.0041841004184099,924.020001118,-0.4,630.766071226,76.4,5500.785340314136,0.0013084102888785,670.2,1814756.0,2.7077827514174873,159600.0
2025-11-06,118566.5,0,118216.5,118566.5,116266.5,-0.0029519299296175694,117276.5,116586.5,1150.2173707608488,3,11,123347.235,26322.5,19320,0.0152390961639516,0.0136411332633787,985.460000698,-0.4,695.441744246,76.04,5724.881641241452,0.0407389649046945,670.2,1814756.0,2.7077827514174873,159600.0
2025-11-07,116216.5,0,118566.5,118216.5,118566.5,0.0029606696188773096,117796.5,116671.5,985.900603509299,4,11,119206.95,26315.0,19320,0.0152390961639516,0.0136411332633787,1000.880000038,-0.4,711.196957506,76.04,5724.881641241452,0.0407389649046945,670.2,1814756.0,2.7077827514174873,159600.0
2025-11-10,118866.5,0,116216.5,118566.5,118216.5,-0.019820100956003617,117566.5,116771.5,1218.0927715079833,0,11,122288.88,26310.0,19320,0.0152390961639516,0.0136411332633787,979.660000042,-0.4,691.1870194300001,76.04,5724.881641241452,0.0407389649046945,670.2,1814756.0,2.7077827514174873,159600.0
2025-11-11,118266.5,0,118866.5,116216.5,118566.5,0.022802269901433858,118086.5,117026.5,1070.397122567134,1,11,121584.9,26300.0,19320,0.0152390961639516,0.0136411332633787,970.719999402,-0.4,682.77541889,76.04,5724.881641241452,0.0407389649046945,670.2,1814756.0,2.7077827514174873,159600.0
2025-11-12,117866.5,0,118266.5,118866.5,116216.5,-0.005047679539651573,118026.5,117346.5,1044.868412767847,2,11,121522.67,26315.0,19320,0.0152390961639516,0.0136411332633787,959.119999622,-0.4,671.29162831,76.04,5724.881641241452,0.0407389649046945,670.2,1814756.0,2.7077827514174873,159600.0
2025-11-13,112466.5,0,117866.5,118266.5,118866.5,-0.003382191914024668,117956.5,117616.5,1040.6728592598156,3,11,115065.93,26355.0,19860,0.0677419354838708,0.0563829787234042,949.899999282,-0.4,661.65828499,76.04,5724.881641241452,0.0407389649046945,670.2,1814756.0,2.7077827514174873,159600.0
2025-11-14,111966.5,0,112466.5,117866.5,118266.5,-0.04581454442101873,116736.5,117266.5,2581.5692901799093,4,11,114459.765,26355.0,19860,0.0677419354838708,0.0563829787234042,933.059999082,-0.4,643.50239073,76.04,5724.881641241452,0.0407389649046945,670.2,1814756.0,2.7077827514174873,159600.0
2025-11-17,104466.5,0,111966.5,112466.5,117866.5,-0.0044457682954479605,115886.5,116726.5,3373.721980246742,0,11,111276.05,26350.0,19860,0.0677419354838708,0.0563829787234042,932.639999242,-0.4,645.41320115,76.04,5724.881641241452,0.0407389649046945,670.2,1814756.0,2.7077827514174873,159600.0
2025-11-18,113116.5,0,104466.5,111966.5,112466.5,-0.06698432120321707,113006.5,115546.5,5603.391829954425,1,11,118149.465,26355.0,19860,0.0677419354838708,0.0563829787234042,933.259999282,-0.4,648.02159191,76.04,5724.881641241452,0.0407389649046945,670.2,1814756.0,2.7077827514174873,159600.0
2025-11-19,114166.5,0,113116.5,104466.5,111966.5,0.08280166369123121,111976.5,115001.5,4812.275968811431,2,11,120649.459,26383.0,19860,0.0677419354838708,0.0563829787234042,969.999998502,-0.4,685.72663471,76.04,5724.881641241452,0.0407389649046945,670.2,1814756.0,2.7077827514174873,159600.0
2025-11-20,112966.5,0,114166.5,113116.5,104466.5,0.0092824654228163,111236.5,114596.5,3872.918795947057,3,11,119118.532,26377.0,19820,0.0760043431053203,0.0968456004427227,978.779998642,-0.4,696.389242838,76.04,5724.881641241452,0.0407389649046945,670.2,1814756.0,2.7077827514174873,159600.0
2025-11-21,114066.5,0,112966.5,114166.5,113116.5,-0.010510964249582866,111336.5,114036.5,3918.800836990826,4,11,122147.256,26376.0,19820,0.0760043431053203,0.0968456004427227,975.47999911,-0.4,693.820157566,76.04,5724.881641241452,0.0407389649046945,670.2,1814756.0,2.7077827514174873,159600.0
2025-11-24,111466.5,0,114066.5,112966.5,114166.5,0.009737400025671361,111756.5,113821.5,4111.021770801026,0,11,118746.618,26353.0,19820,0.0760043431053203,0.0968456004427227,940.200000246,-0.4,658.104153742,76.04,5724.881641241452,0.0407389649046945,670.2,1814756.0,2.7077827514174873,159600.0
2025-11-25,110216.5,0,111466.5,114066.5,112966.5,-0.022793721206489148,113156.5,113081.5,1088.806686239573,1,11,117450.1015,26375.5,19820,0.0760043431053203,0.0968456004427227,930.820000246,-0.4,648.374317602,76.04,5724.881641241452,0.0407389649046945,670.2,1814756.0,2.7077827514174873,159600.0
2025-11-26,111616.5,0,110216.5,111466.5,114066.5,-0.011214131600077115,112576.5,112276.5,1710.40930773894,2,11,116410.422,26373.0,19820,0.0760043431053203,0.0968456004427227,921.020000026,-0.4,638.1145576419999,76.04,5724.881641241452,0.0407389649046945,670.2,1814756.0,2.7077827514174873,159600.0
2025-11-27,110966.5,0,111616.5,110216.5,111466.5,0.012702272345792132,112066.5,111651.5,1482.8182626336918,3,11,115449.9405,26376.5,18800,0.0514541387024609,0.0502793296089385,907.000001146,-0.4,623.442354802,76.04,5724.881641241452,0.0407389649046945,670.2,1814756.0,2.7077827514174873,159600.0
2025-11-28,111466.5,0,110966.5,111616.5,110216.5,-0.005823511756774313,111666.5,111501.5,1448.706319445042,4,11,115762.0695,26375.5,18800,0.0514541387024609,0.0502793296089385,892.420001146,-0.4,608.617885442,76.04,5724.881641241452,0.0407389649046945,670.2,1814756.0,2.7077827514174873,159600.0
2025-12-01,110716.5,0,111466.5,110966.5,111616.5,0.004505864382493785,111146.5,111451.5,575.1086853804244,0,12,116348.745,26365.0,18800,0.0514541387024609,0.0502793296089385,847.280000656,-0.51,564.661276412,76.04,5724.881641241452,0.0407389649046945,670.2,1814756.0,2.7077827514174873,59340.0
2025-12-02,106716.5,0,110716.5,111466.5,110966.5,-0.006728478960046247,110996.5,112076.5,568.5507892879932,1,12,112415.31,26370.0,18800,0.0514541387024609,0.0502793296089385,834.6600003760001,-0.51,551.9230191319999,76.04,5724.881641241452,0.0407389649046945,670.2,1814756.0,2.7077827514174873,59340.0
2025-12-03,104966.5,0,106716.5,110716.5,111466.5,-0.03612830969187064,110296.5,111436.5,2034.268910444241,2,12,109271.625,26375.0,18800,0.0514541387024609,0.0502793296089385,835.100000376,-0.51,554.002746632,76.04,5724.881641241452,0.0407389649046945,670.2,1814756.0,2.7077827514174873,59340.0
2025-12-04,103166.5,0,104966.5,106716.5,110716.5,-0.016398588784302337,108966.5,110516.5,2931.5098498896436,3,12,109050.2875,26372.5,18380,-0.0427083333333333,-0.0048727666486193,823.1800002040001,-0.51,542.04920478,76.04,5724.881641241452,0.0407389649046945,670.2,1814756.0,2.7077827514174873,59340.0
2025-12-05,103616.5,0,103166.5,104966.5,106716.5,-0.017148328276164304,107406.5,109536.5,3600.243047351109,4,12,109559.673,26374.5,18380,-0.0427083333333333,-0.0048727666486193,810.659999984,-0.51,528.85506738,76.04,5724.881641241452,0.0407389649046945,670.2,1814756.0,2.7077827514174873,59340.0
2025-12-08,102816.5,0,103616.5,103166.5,104966.5,0.004361881036964554,105836.5,108491.5,3057.899605938691,0,12,108023.28,26360.0,18380,-0.0427083333333333,-0.0048727666486193,771.6000018840001,-0.51,486.87809182,62.33,5824.803465425958,0.0174539545874066,670.2,1814756.0,2.7077827514174873,59340.0
2025-12-09,100433.5,0,102816.5,103616.5,103166.5,-0.007720778061409139,104256.5,107626.5,1598.984052453307,1,12,105914.48,26360.0,18380,-0.0427083333333333,-0.0048727666486193,764.1600026240001,-0.51,479.9620956,62.33,5824.803465425958,0.0174539545874066,670.2,1814756.0,2.7077827514174873,59340.0
2025-12-10,100966.5,0,100433.5,102816.5,103616.5,-0.023177213774053795,102999.9,106648.2,1650.4174623409663,2,12,106386.665,26372.5,18380,-0.0427083333333333,-0.0048727666486193,759.940002484,-0.51,477.15366992,62.33,5824.803465425958,0.0174539545874066,670.2,1814756.0,2.7077827514174873,59340.0
2025-12-11,101516.5,0,100966.5,100433.5,102816.5,0.005306994180228619,102199.9,105583.2,1410.9138173538415,3,12,107141.205,26357.0,18150,-0.0605590062111801,-0.0262875536480686,758.740002504,-0.51,476.65528822,62.33,5824.803465425958,0.0174539545874066,670.2,1814756.0,2.7077827514174873,59340.0
2025-12-12,100716.5,0,101516.5,100966.5,100433.5,0.005447351349209928,101869.9,104638.2,1318.2309357620109,4,12,106310.445,26327.5,18150,-0.0605590062111801,-0.0262875536480686,751.4200025240001,-0.51,469.61805114,62.33,5824.803465425958,0.0174539545874066,670.2,1814756.0,2.7077827514174873,59340.0
2025-12-15,96966.5,0,100716.5,101516.5,100966.5,-0.007880492333758538,101289.9,103563.2,941.8931998905092,0,12,103540.416,26306.0,18150,-0.0605590062111801,-0.0262875536480686,715.100002044,-0.51,433.23567012,62.33,5824.803465425958,0.0174539545874066,670.2,1814756.0,2.7077827514174873,59340.0
2025-12-16,94866.5,0,96966.5,100716.5,101516.5,-0.03723322395039541,100119.9,102188.2,1807.3067808205597,1,12,101437.28,26320.0,18150,-0.0605590062111801,-0.0262875536480686,702.680001704,-0.51,420.12156268,62.33,5824.803465425958,0.0174539545874066,670.2,1814756.0,2.7077827514174873,59340.0
2025-12-17,92866.5,0,94866.5,96966.5,100716.5,-0.021656964003031964,99006.5,101003.2,2931.1687088941117,2,12,99136.235,26345.0,18150,-0.0605590062111801,-0.0262875536480686,683.740002314,-0.51,400.69831759,62.33,5824.803465425958,0.0174539545874066,670.2,1814756.0,2.7077827514174873,59340.0
2025-12-18,89216.5,0,92866.5,94866.5,96966.5,-0.02108225769897698,97386.5,99793.2,3711.569748772071,3,12,96280.76,26335.0,17470,-0.120342396777442,-0.0657754010695187,674.200001514,-0.51,390.32082051,62.33,5824.803465425958,0.0174539545874066,670.2,1814756.0,2.7077827514174873,59340.0
2025-12-19,88866.5,0,89216.5,92866.5,94866.5,-0.039303731700882416,94926.5,98398.2,4316.740668606347,4,12,95243.85,26325.0,17470,-0.120342396777442,-0.0657754010695187,671.3000015140001,-0.51,387.54468115,62.33,5824.803465425958,0.0174539545874066,670.2,1814756.0,2.7077827514174873,59340.0
2025-12-22,91216.5,0,88866.5,89216.5,92866.5,-0.003923041141492889,92556.5,96923.2,3523.208764748404,0,12,95067.0625,26312.5,17470,-0.120342396777442,-0.0657754010695187,613.860000814,-0.51,326.08602059,62.33,5824.803465425958,0.0174539545874066,670.2,1814756.0,2.7077827514174873,59340.0
2025-12-23,92216.5,0,91216.5,88866.5,89216.5,0.026444160622956847,91406.5,95763.2,2519.2756895584043,1,12,97668.72,26340.0,17470,-0.120342396777442,-0.0657754010695187,606.800000614,-0.51,318.01856287,62.33,5824.803465425958,0.0174539545874066,670.2,1814756.0,2.7077827514174873,59340.0
2025-12-24,94716.5,0,92216.5,91216.5,88866.5,0.010962928856073084,90876.5,94941.5,1779.536456496459,2,12,99057.222,26331.0,17470,-0.120342396777442,-0.0657754010695187,592.320001044,-0.51,302.78060186,62.33,5824.803465425958,0.0174539545874066,670.2,1814756.0,2.7077827514174873,59340.0
2025-12-25,95916.5,0,94716.5,92216.5,91216.5,0.02711011586863532,91246.5,94316.5,2385.7912733514586,3,12,99831.76,26320.0,17250,-0.1296670030272452,-0.0750670241286863,571.7000020040001,-0.51,281.07412118,62.33,5824.803465425958,0.0174539545874066,670.2,1814756.0,2.7077827514174873,59340.0
2025-12-26,95816.5,0,95916.5,94716.5,92216.5,0.012669387065611604,92586.5,93756.5,2805.2629110299044,4,12,99680.04,26280.0,17250,-0.1296670030272452,-0.0750670241286863,554.7800008040001,-0.51,262.75347022,62.33,5824.803465425958,0.0174539545874066,670.2,1814756.0,2.7077827514174873,59340.0
2025-12-29,95716.5,0,95816.5,95916.5,94716.5,-0.001042573488398757,93976.5,93266.5,2145.4603235669433,0,12,99721.763,26291.0,17250,-0.1296670030272452,-0.0750670241286863,521.600001044,-0.51,225.271039472,62.33,5824.803465425958,0.0174539545874066,670.2,1814756.0,2.7077827514174873,59340.0
2025-12-30,96466.5,0,95716.5,95816.5,95916.5,-0.0010436615822952966,94876.5,93141.5,1563.0099167951475,1,12,100198.42,26285.0,17250,-0.1296670030272452,-0.0750670241286863,520.460001004,-0.51,224.422557272,62.33,5824.803465425958,0.0174539545874066,670.2,1814756.0,2.7077827514174873,59340.0
2025-12-31,97466.5,0,96466.5,95716.5,95816.5,0.007835639623262391,95726.5,93301.5,634.8228099241346,2,12,101461.695,26265.0,17250,-0.0824468085106383,-0.0750670241286863,519.860000994,-0.51,224.176378762,62.33,5824.803465425958,0.0174539545874066,670.2,1814756.0,2.7077827514174873,59340.0
