Ngay,available_from,rain_30d,rain_90d,rain_90d_anom,waterbal_90d,tmax_30d,hot_days_30d,oni,oni_chg_3m,enso
2020-01-01,2020-01-01,0.54,203.47999581599998,-28.23213297096794,-142.27162166800002,25.674666666666667,0.0,0.58,0.38999999999999996,1
2020-01-02,2020-01-02,0.54,188.599995816,-43.112132970967934,-157.76106400800003,25.814,0.0,0.58,0.38999999999999996,1
2020-01-03,2020-01-03,0.52,180.95999639599998,-50.752132390967944,-166.69135384800003,25.966666666666665,0.0,0.58,0.38999999999999996,1
2020-01-06,2020-01-06,0.58,176.779996386,-54.93213240096793,-170.17139427800004,26.47666666666667,0.0,0.58,0.38999999999999996,1
2020-01-07,2020-01-07,0.66,175.179996426,-56.53213236096792,-171.68660927800005,26.680666666666664,0.0,0.58,0.38999999999999996,1
2020-01-08,2020-01-08,0.66,174.399996408,-57.31213237896793,-172.21651877600002,26.805999999999997,0.0,0.58,0.38999999999999996,1
2020-01-09,2020-01-09,0.74,173.21999636799998,-58.49213241896794,-173.77612227600002,26.930999999999997,0.0,0.58,0.38999999999999996,1
2020-01-10,2020-01-10,0.62,170.27999636799998,-61.43213241896794,-177.19920229600004,27.055333333333333,0.0,0.58,0.38999999999999996,1
2020-01-13,2020-01-13,0.920000018,165.739996376,-65.97213241096793,-181.91552216800002,27.26966666666667,0.0,0.58,0.38999999999999996,1
2020-01-14,2020-01-14,0.920000018,165.19999636799997,-66.51213241896795,-183.41044301600002,27.298666666666666,0.0,0.58,0.38999999999999996,1
2020-01-15,2020-01-15,0.820000018,164.27999635799998,-67.43213242896795,-185.47554764600002,27.337333333333333,0.0,0.58,0.38999999999999996,1
2020-01-16,2020-01-16,0.820000018,160.259996178,-71.45213260896793,-190.38437832600005,27.403666666666666,0.0,0.58,0.38999999999999996,1
2020-01-17,2020-01-17,0.720000018,158.479996178,-73.23213260896793,-193.064292966,27.429,0.0,0.58,0.38999999999999996,1
2020-01-20,2020-01-20,0.660000018,157.659996168,-74.05213261896793,-195.08897801600003,27.539333333333335,0.0,0.58,0.38999999999999996,1
2020-01-21,2020-01-21,0.660000018,157.63999616799998,-74.07213261896794,-195.499096016,27.596999999999998,0.0,0.58,0.38999999999999996,1
2020-01-22,2020-01-22,0.580000018,157.63999616799998,-74.07213261896794,-195.53671023600003,27.66133333333333,0.0,0.58,0.38999999999999996,1
2020-01-23,2020-01-23,0.580000018,157.319996168,-74.39213261896793,-196.06708567600003,27.75433333333333,0.0,0.58,0.38999999999999996,1
2020-01-24,2020-01-24,0.580000018,155.25999625799997,-76.45213252896795,-198.947447966,27.81833333333333,0.0,0.58,0.38999999999999996,1
2020-01-27,2020-01-27,1.240000038,155.099996278,-76.61213250896793,-198.93574258600003,28.066,0.0,0.58,0.38999999999999996,1
2020-01-28,2020-01-28,1.520000058,138.219996518,-93.49213226896794,-217.25088508600004,28.08133333333333,0.0,0.58,0.38999999999999996,1
2020-01-29,2020-01-29,2.980000118,107.839996778,-123.87213200896792,-249.807033866,28.05366666666667,0.0,0.58,0.38999999999999996,1
2020-01-30,2020-01-30,3.920000146,104.599996946,-127.11213184096792,-253.10881019800001,28.017000000000003,0.0,0.58,0.38999999999999996,1
2020-01-31,2020-01-31,3.880000146,91.239996966,-140.47213182096792,-267.836055798,28.015333333333334,0.0,0.58,0.38999999999999996,1
2020-02-03,2020-02-03,3.880000146,86.459996706,-14.91976777680236,-280.347858778,28.091666666666665,0.0,0.66,0.43000000000000005,1
2020-02-04,2020-02-04,3.880000146,85.099996686,-16.27976779680236,-283.301866818,28.18,0.0,0.66,0.43000000000000005,1
2020-02-05,2020-02-05,3.820000146,84.619996666,-16.759767816802352,-285.501196378,28.179,0.0,0.66,0.43000000000000005,1
2020-02-06,2020-02-06,3.740000146,84.579996666,-16.79976781680236,-287.269642338,28.212666666666667,0.0,0.66,0.43000000000000005,1
2020-02-07,2020-02-07,3.740000146,84.579996666,-16.79976781680236,-289.705827778,28.29733333333333,0.0,0.66,0.43000000000000005,1
2020-02-10,2020-02-10,4.400000128,9.120000206,-92.25976427680236,-371.450936054,28.084999999999997,0.0,0.66,0.43000000000000005,1
2020-02-11,2020-02-11,4.400000128,8.340000206,-93.03976427680236,-373.064902174,28.15333333333333,0.0,0.66,0.43000000000000005,1
2020-02-12,2020-02-12,5.200000128,9.140000206,-92.23976427680236,-373.091874334,28.276,0.0,0.66,0.43000000000000005,1
2020-02-13,2020-02-13,5.340000128,9.280000206,-92.09976427680236,-374.362420274,28.421333333333337,0.0,0.66,0.43000000000000005,1
2020-02-14,2020-02-14,6.500000138,10.360000216,-91.01976426680235,-374.141711044,28.494666666666664,0.0,0.66,0.43000000000000005,1
2020-02-17,2020-02-17,7.540000178,10.620000236,-90.75976424680236,-376.97522472400004,28.701,0.0,0.66,0.43000000000000005,1
2020-02-18,2020-02-18,7.540000178,10.620000236,-90.75976424680236,-378.192803584,28.664,0.0,0.66,0.43000000000000005,1
2020-02-19,2020-02-19,7.540000178,10.620000236,-90.75976424680236,-379.758413184,28.651666666666664,0.0,0.66,0.43000000000000005,1
2020-02-20,2020-02-20,7.540000178,10.620000236,-90.75976424680236,-380.870631504,28.583333333333332,0.0,0.66,0.43000000000000005,1
2020-02-21,2020-02-21,7.540000178,9.500000235999998,-91.87976424680235,-383.669675164,28.46066666666667,0.0,0.66,0.43000000000000005,1
2020-02-24,2020-02-24,7.360000178,9.120000216,-92.25976426680236,-388.816234284,28.189,0.0,0.66,0.43000000000000005,1
2020-02-25,2020-02-25,6.980000158,9.120000216,-92.25976426680236,-390.305534904,28.209333333333333,0.0,0.66,0.43000000000000005,1
2020-02-26,2020-02-26,6.880000158,8.680000195999998,-92.69976428680236,-392.47707652400004,28.235000000000003,0.0,0.66,0.43000000000000005,1
2020-02-27,2020-02-27,6.6000001379999995,8.660000195999999,-92.71976428680236,-394.336564124,28.247000000000003,0.0,0.66,0.43000000000000005,1
2020-02-28,2020-02-28,5.140000078,8.620000196,-92.75976428680235,-396.55987656400004,28.32766666666667,0.0,0.66,0.43000000000000005,1
2020-03-02,2020-03-02,4.46000005,8.880000196000001,-59.13596826081721,-400.484542764,28.837666666666667,0.0,0.64,0.25,1
2020-03-03,2020-03-03,4.54000005,8.940000196000002,-59.075968260817206,-402.246867644,28.968333333333337,0.0,0.64,0.25,1
2020-03-04,2020-03-04,5.10000005,9.500000196,-58.5159682608172,-403.390463044,29.064333333333334,0.0,0.64,0.25,1
2020-03-05,2020-03-05,5.62000005,10.020000196000002,-57.99596826081721,-404.430401984,29.121333333333332,0.0,0.64,0.25,1
2020-03-06,2020-03-06,6.960000109999999,11.360000256000001,-56.655968200817206,-404.349170544,29.238333333333333,0.0,0.64,0.25,1
2020-03-09,2020-03-09,11.21999997,15.620000116,-52.395968340817205,-402.85059194400003,29.49233333333333,0.0,0.64,0.25,1
2020-03-10,2020-03-10,10.47999997,15.820000116,-52.1959683408172,-403.577013284,29.73033333333333,0.0,0.64,0.25,1
2020-03-11,2020-03-11,10.599999969999999,15.940000116,-52.075968340817205,-405.29930618400005,29.913999999999998,0.0,0.64,0.25,1
2020-03-12,2020-03-12,10.739999979999999,16.080000125999998,-51.935968330817204,-407.34854807400006,30.041666666666668,1.0,0.64,0.25,1
2020-03-13,2020-03-13,9.93999998,16.060000126,-51.95596833081721,-409.75732505400003,30.16,2.0,0.64,0.25,1
2020-03-16,2020-03-16,8.41999997,16.040000126,-51.97596833081721,-416.945845414,30.241666666666667,2.0,0.64,0.25,1
2020-03-17,2020-03-17,7.719999929999999,15.940000126,-52.075968330817204,-419.030797914,30.246666666666666,2.0,0.64,0.25,1
2020-03-18,2020-03-18,7.679999929999999,15.900000126,-52.1159683308172,-421.062109914,30.414333333333335,2.0,0.64,0.25,1
2020-03-19,2020-03-19,7.73999993,15.960000125999999,-52.05596833081721,-422.010459694,30.592,2.0,0.64,0.25,1
2020-03-20,2020-03-20,7.73999993,15.940000126,-52.075968330817204,-424.261215994,30.750666666666667,2.0,0.64,0.25,1
2020-03-23,2020-03-23,8.09999993,16.220000126,-51.7959683308172,-428.572401774,31.32633333333333,2.0,0.64,0.25,1
2020-03-24,2020-03-24,8.17999993,16.300000126,-51.715968330817205,-429.865038194,31.49433333333333,2.0,0.64,0.25,1
2020-03-25,2020-03-25,8.45999993,16.580000126,-51.435968330817204,-430.900317514,31.601,2.0,0.64,0.25,1
2020-03-26,2020-03-26,8.89999995,17.020000146,-50.995968310817204,-431.29409033400003,31.67033333333333,2.0,0.64,0.25,1
2020-03-27,2020-03-27,9.11999995,17.240000146,-50.775968310817206,-431.923381154,31.759666666666664,2.0,0.64,0.25,1
2020-03-30,2020-03-30,11.42000003,19.560000226,-48.455968230817206,-432.425158654,31.977999999999998,3.0,0.64,0.25,1
2020-03-31,2020-03-31,11.62000003,19.960000226000002,-48.0559682308172,-432.94883451400005,32.025333333333336,3.0,0.64,0.25,1
2020-04-01,2020-04-01,11.78000003,20.120000226000002,-90.32716721070557,-434.854766374,32.11666666666667,4.0,0.63,0.050000000000000044,1
2020-04-02,2020-04-02,11.70000003,20.120000226000002,-90.32716721070557,-436.70290081400003,32.169333333333334,4.0,0.63,0.050000000000000044,1
2020-04-03,2020-04-03,11.14000003,20.120000226000002,-90.32716721070557,-439.16639927400007,32.242333333333335,5.0,0.63,0.050000000000000044,1
2020-04-06,2020-04-06,7.74000015,21.540000226,-88.90716721070557,-443.647657934,32.46033333333334,7.0,0.63,0.050000000000000044,1
2020-04-07,2020-04-07,14.24000033,28.620000426,-81.82716701070557,-436.509227294,32.36833333333333,7.0,0.63,0.050000000000000044,1
2020-04-08,2020-04-08,24.26000051,39.140000626,-71.30716681070557,-425.314191574,32.330333333333336,7.0,0.63,0.050000000000000044,1
2020-04-09,2020-04-09,24.78000051,39.980000626,-70.46716681070558,-424.30394845399996,32.239333333333335,7.0,0.63,0.050000000000000044,1
2020-04-10,2020-04-10,31.260000589999997,46.260000688,-64.18716674870558,-418.32777733200004,32.196333333333335,7.0,0.63,0.050000000000000044,1
2020-04-13,2020-04-13,47.760001020000004,62.980001128,-47.46716630870557,-400.014896092,31.802000000000003,5.0,0.63,0.050000000000000044,1
2020-04-14,2020-04-14,48.06000102,63.280001127999995,-47.167166308705575,-399.296216672,31.7,5.0,0.63,0.050000000000000044,1
2020-04-15,2020-04-15,49.120001020000004,64.340001128,-46.10716630870557,-398.5384883720001,31.640666666666668,5.0,0.63,0.050000000000000044,1
2020-04-16,2020-04-16,49.84000098,65.06000108799999,-45.38716634870558,-397.82477329200003,31.56833333333333,5.0,0.63,0.050000000000000044,1
2020-04-17,2020-04-17,51.84000098,67.06000108799999,-43.38716634870558,-396.06451783200004,31.505,5.0,0.63,0.050000000000000044,1
2020-04-20,2020-04-20,58.44000105,73.720001158,-36.72716627870557,-388.75721068200005,31.430333333333333,5.0,0.63,0.050000000000000044,1
2020-04-21,2020-04-21,58.36000105,73.720001158,-36.72716627870557,-389.981682062,31.474,6.0,0.63,0.050000000000000044,1
2020-04-22,2020-04-22,58.94000105,74.580001158,-35.86716627870557,-389.84953516200005,31.51833333333333,7.0,0.63,0.050000000000000044,1
2020-04-23,2020-04-23,58.980001050000006,74.70000115799999,-35.74716627870558,-390.787325962,31.549666666666667,7.0,0.63,0.050000000000000044,1
2020-04-24,2020-04-24,60.82000105,76.640001158,-33.807166278705566,-389.01023878200004,31.477333333333334,7.0,0.63,0.050000000000000044,1
2020-04-27,2020-04-27,60.160001030000004,77.140001138,-33.30716629870557,-391.93861528200006,31.316,7.0,0.63,0.050000000000000044,1
2020-04-28,2020-04-28,60.24000103,75.780001078,-34.66716635870557,-395.197672782,31.220000000000002,6.0,0.63,0.050000000000000044,1
2020-04-29,2020-04-29,59.22000097000001,74.86000105,-35.587166386705576,-398.65890897,31.201666666666668,6.0,0.63,0.050000000000000044,1
2020-04-30,2020-04-30,58.98000097,75.06000105,-35.38716638670557,-399.69385553,31.17366666666667,6.0,0.63,0.050000000000000044,1
2020-05-01,2020-05-01,58.82000097,75.06000105,-184.93946240088712,-400.78086949000004,31.14966666666667,6.0,0.53,-0.13,1
2020-05-04,2020-05-04,60.28000102,76.5200011,-183.4794623508871,-400.41281474,31.134333333333334,6.0,0.53,-0.13,1
2020-05-05,2020-05-05,61.70000108,78.02000115999999,-181.9794622908871,-398.47235324,31.111666666666668,5.0,0.53,-0.13,1
2020-05-06,2020-05-06,61.90000115,79.70000123,-180.2994622208871,-396.80037743,31.127,6.0,0.53,-0.13,1
2020-05-07,2020-05-07,55.86000096,80.74000124,-179.2594622108871,-394.82782174,31.259999999999998,7.0,0.53,-0.13,1
2020-05-08,2020-05-08,46.800000839999996,82.28000132,-177.7194621308871,-393.68948278,31.355000000000004,7.0,0.53,-0.13,1
2020-05-11,2020-05-11,32.32000055,82.88000129,-177.1194621608871,-397.20058726999997,31.74266666666667,9.0,0.53,-0.13,1
2020-05-12,2020-05-12,28.540000390000003,83.58000136999999,-176.41946208088712,-397.07160907,31.86,10.0,0.53,-0.13,1
2020-05-13,2020-05-13,25.980000378,83.620001378,-176.37946207288712,-398.20341084200004,32.082,11.0,0.53,-0.13,1
2020-05-14,2020-05-14,25.880000378000002,82.66000136800001,-177.3394620828871,-400.219957952,32.242,11.0,0.53,-0.13,1
2020-05-15,2020-05-15,25.640000398,83.180001388,-176.8194620628871,-400.28811565200004,32.35933333333333,11.0,0.53,-0.13,1
2020-05-18,2020-05-18,46.659999868,107.900000808,-152.0994626428871,-371.724832312,32.278333333333336,11.0,0.53,-0.13,1
2020-05-19,2020-05-19,52.559999848000004,118.24000080799999,-141.75946264288712,-359.836987792,32.220333333333336,11.0,0.53,-0.13,1
2020-05-20,2020-05-20,59.319999748,125.500000728,-134.4994627228871,-351.23524097200004,32.11033333333333,11.0,0.53,-0.13,1
2020-05-21,2020-05-21,62.499999808,128.680000788,-131.3194626628871,-347.145324992,31.937333333333335,10.0,0.53,-0.13,1
2020-05-22,2020-05-22,64.799999828,131.84000080799998,-128.15946264288712,-342.936533512,31.819333333333336,9.0,0.53,-0.13,1
2020-05-25,2020-05-25,92.460000096,162.240001076,-97.75946237488711,-307.20255544400004,31.593666666666667,9.0,0.53,-0.13,1
2020-05-26,2020-05-26,95.95999995599999,166.420000956,-93.57946249488711,-301.864806384,31.567999999999998,9.0,0.53,-0.13,1
2020-05-27,2020-05-27,105.719999696,176.260000696,-83.73946275488711,-290.16956168400003,31.529666666666667,9.0,0.53,-0.13,1
2020-05-28,2020-05-28,116.339999296,186.980000296,-73.01946315488712,-277.267757704,31.458333333333332,9.0,0.53,-0.13,1
2020-05-29,2020-05-29,139.859999296,210.500000296,-49.49946315488711,-252.47218104400002,31.368333333333332,9.0,0.53,-0.13,1
2020-06-01,2020-06-01,166.53999959599997,237.92000061599998,-208.27888898640003,-221.88724886400001,30.980999999999998,8.0,0.3,-0.34,0
2020-06-02,2020-06-02,174.899999376,246.16000041599997,-200.03888918640004,-212.74770062400003,30.833666666666666,7.0,0.3,-0.34,0
2020-06-03,2020-06-03,180.639999254,251.54000030400002,-194.6588892984,-206.75826275600002,30.674333333333333,6.0,0.3,-0.34,0
2020-06-04,2020-06-04,183.37999919400002,254.44000024399998,-191.75888935840004,-202.74509325600002,30.506333333333334,6.0,0.3,-0.34,0
2020-06-05,2020-06-05,184.999999164,254.640000464,-191.55888913840002,-202.237942956,30.347333333333335,5.0,0.3,-0.34,0
2020-06-08,2020-06-08,192.939999324,265.160000644,-181.03888895840004,-189.01140949600003,29.864666666666665,4.0,0.3,-0.34,0
2020-06-09,2020-06-09,196.719999524,268.960000844,-177.23888875840004,-183.70759609600003,29.641666666666666,3.0,0.3,-0.34,0
2020-06-10,2020-06-10,218.199998924,290.340000234,-155.8588893684,-160.092109486,29.428666666666665,2.0,0.3,-0.34,0
2020-06-11,2020-06-11,228.919998604,302.559999994,-143.6388896084,-145.385413986,29.229666666666667,1.0,0.3,-0.34,0
2020-06-12,2020-06-12,244.77999779599998,318.51999919400004,-127.67889040839998,-127.060584266,29.027,0.0,0.3,-0.34,0
2020-06-15,2020-06-15,264.43999819600003,349.499998754,-96.69889084840003,-87.41179766600001,28.509,0.0,0.3,-0.34,0
2020-06-16,2020-06-16,260.799997376,356.019998634,-90.17889096840003,-78.03380434600003,28.484666666666666,0.0,0.3,-0.34,0
2020-06-17,2020-06-17,261.639997736,361.799998614,-84.39889098840001,-69.90656268600002,28.36233333333333,0.0,0.3,-0.34,0
2020-06-18,2020-06-18,255.119997796,365.619998674,-80.57889092840003,-63.86412974600002,28.29733333333333,0.0,0.3,-0.34,0
2020-06-19,2020-06-19,252.659997924,370.419998722,-75.77889088040001,-57.167551018000026,28.247333333333337,0.0,0.3,-0.34,0
2020-06-22,2020-06-22,247.759997144,389.919998422,-56.278891180400024,-32.80849073800002,28.17866666666667,0.0,0.3,-0.34,0
2020-06-23,2020-06-23,243.959996996,391.579998482,-54.61889112040001,-29.99908999800002,28.14333333333333,0.0,0.3,-0.34,0
2020-06-24,2020-06-24,243.919997706,397.25999883199995,-48.938890770400064,-23.178483368000023,28.17933333333333,0.0,0.3,-0.34,0
2020-06-25,2020-06-25,247.319997586,404.619998592,-41.578891010400014,-14.698688268000021,28.129,0.0,0.3,-0.34,0
2020-06-26,2020-06-26,242.379997986,408.25999871199997,-37.938890890400046,-10.23181166800002,28.08833333333333,0.0,0.3,-0.34,0
2020-06-29,2020-06-29,235.739998646,442.279998912,-3.918890690400019,32.540167631999985,27.735333333333333,0.0,0.3,-0.34,0
2020-06-30,2020-06-30,234.899998726,451.97999939199997,5.781109789599952,46.23634105199998,27.562999999999995,0.0,0.3,-0.34,0
2020-07-01,2020-07-01,244.17999840599998,470.399998992,-137.79962533931717,69.00806469199999,27.385,0.0,0.01,-0.62,0
2020-07-02,2020-07-02,255.899999766,490.920000152,-117.27962417931718,93.71286017199998,27.262999999999995,0.0,0.01,-0.62,0
2020-07-03,2020-07-03,263.000000078,503.920000352,-104.2796239793172,111.31341525199998,27.106333333333332,0.0,0.01,-0.62,0
2020-07-06,2020-07-06,282.019999818,528.460000032,-79.73962429931714,140.331449712,27.013666666666666,0.0,0.01,-0.62,0
2020-07-07,2020-07-07,285.159999878,524.2199999720001,-83.97962435931709,135.66168933199998,27.007,0.0,0.01,-0.62,0
2020-07-08,2020-07-08,286.399999818,526.779999952,-81.41962437931716,138.10103647199998,27.016333333333332,0.0,0.01,-0.62,0
2020-07-09,2020-07-09,288.359999998,526.060000252,-82.13962407931717,137.71125947199997,27.002,0.0,0.01,-0.62,0
2020-07-10,2020-07-10,278.680000798,529.200000272,-78.99962405931717,141.06036745199998,27.007666666666662,0.0,0.01,-0.62,0
2020-07-13,2020-07-13,259.140002458,537.3800005319999,-70.81962379931724,149.12227907199997,27.06433333333333,0.0,0.01,-0.62,0
2020-07-14,2020-07-14,252.980002998,543.640000472,-64.55962385931718,156.659574672,27.079333333333334,0.0,0.01,-0.62,0
2020-07-15,2020-07-15,249.220002618,548.880000392,-59.319623939317125,162.62459719199998,27.139666666666663,0.0,0.01,-0.62,0
2020-07-16,2020-07-16,249.560002758,553.740000412,-54.45962391931721,167.976425112,27.178333333333335,0.0,0.01,-0.62,0
2020-07-17,2020-07-17,248.200002858,556.500000462,-51.69962386931718,170.64045250199996,27.231,0.0,0.01,-0.62,0
2020-07-20,2020-07-20,259.70000369,581.9800013619999,-26.219622969317243,200.071721562,27.226333333333333,0.0,0.01,-0.62,0
2020-07-21,2020-07-21,258.44000379,584.960001222,-23.239623109317222,204.84625006199997,27.205333333333336,0.0,0.01,-0.62,0
2020-07-22,2020-07-22,256.56000393,587.500001302,-20.699623029317195,209.235481982,27.172,0.0,0.01,-0.62,0
2020-07-23,2020-07-23,277.76000381,608.5200012419999,0.32037691068273944,231.362538322,27.146333333333335,0.0,0.01,-0.62,0
2020-07-24,2020-07-24,279.72000346,616.100001262,7.900376930682796,240.862111622,27.061,0.0,0.01,-0.62,0
2020-07-27,2020-07-27,294.16000218,648.6999995020001,40.5003751706829,278.64970810200003,27.089,0.0,0.01,-0.62,0
2020-07-28,2020-07-28,290.2200015,659.039999442,50.84037511068277,291.078217902,27.182666666666666,0.0,0.01,-0.62,0
2020-07-29,2020-07-29,292.46000116,675.759999102,67.56037477068287,310.01516406199994,27.33066666666667,0.0,0.01,-0.62,0
2020-07-30,2020-07-30,295.52000022,688.679998642,80.4803743106828,325.819391082,27.424333333333333,0.0,0.01,-0.62,0
2020-07-31,2020-07-31,307.94000162000003,718.659999622,110.4603752906828,360.189326222,27.395666666666667,0.0,0.01,-0.62,0
2020-08-03,2020-08-03,342.24000092,796.100000132,84.07435387298926,447.626751492,27.333666666666666,0.0,-0.23,-0.76,0
2020-08-04,2020-08-04,341.88000176,802.280000842,90.25435458298932,456.84065952199995,27.244666666666667,0.0,-0.23,-0.76,0
2020-08-05,2020-08-05,345.88000266,818.480001732,106.45435547298928,475.05410865199997,27.222333333333335,0.0,-0.23,-0.76,0
2020-08-06,2020-08-06,370.40000252,847.820001652,135.79435539298925,506.469353732,27.18,0.0,-0.23,-0.76,0
2020-08-07,2020-08-07,371.28000224,850.620001382,138.59435512298933,511.32053396199996,27.112666666666666,0.0,-0.23,-0.76,0
2020-08-10,2020-08-10,382.40000188,882.140001722,170.11435546298924,550.8450751219999,26.868333333333332,0.0,-0.23,-0.76,0
2020-08-11,2020-08-11,384.70000159999995,887.200001454,175.1743551949893,558.556520814,26.811999999999998,0.0,-0.23,-0.76,0
2020-08-12,2020-08-12,396.74000024,908.2400003939999,196.2143541349892,582.788294294,26.716666666666665,0.0,-0.23,-0.76,0
2020-08-13,2020-08-13,397.50000006,915.5000001340001,203.47435387498933,593.0350813939999,26.66,0.0,-0.23,-0.76,0
2020-08-14,2020-08-14,400.76000078,914.4200015939999,202.3943553349892,592.645531674,26.590666666666667,0.0,-0.23,-0.76,0
2020-08-17,2020-08-17,394.33999976,911.400000954,199.37435469498928,588.943648914,26.550666666666665,0.0,-0.23,-0.76,0
2020-08-18,2020-08-18,399.25999964000005,915.860001034,203.83435477498927,593.476973194,26.509666666666664,0.0,-0.23,-0.76,0
2020-08-19,2020-08-19,403.55999934,923.040000894,211.01435463498922,601.815279314,26.433666666666667,0.0,-0.23,-0.76,0
2020-08-20,2020-08-20,405.45999917999995,925.620000574,213.59435431498923,606.528069474,26.293,0.0,-0.23,-0.76,0
2020-08-21,2020-08-21,405.39999926,909.720000334,197.6943540749893,590.332548234,26.267,0.0,-0.23,-0.76,0
2020-08-24,2020-08-24,379.83999889999996,902.7000003259999,190.67435406698917,584.0024728259999,26.253,0.0,-0.23,-0.76,0
2020-08-25,2020-08-25,361.46000062,894.380000566,182.3543543069893,574.892647526,26.327,0.0,-0.23,-0.76,0
2020-08-26,2020-08-26,354.26000088,886.620001086,174.59435482698927,566.452010546,26.351333333333333,0.0,-0.23,-0.76,0
2020-08-27,2020-08-27,348.68000065999996,867.860000806,155.8343545469893,548.367721406,26.320333333333334,0.0,-0.23,-0.76,0
2020-08-28,2020-08-28,335.52000121,863.720001016,151.69435475698924,545.111414256,26.268666666666665,0.0,-0.23,-0.76,0
2020-08-31,2020-08-31,261.60000149,851.980001116,139.9543548569893,534.4443896959999,26.612666666666666,0.0,-0.23,-0.76,0
2020-09-01,2020-09-01,251.14000109,856.240000828,77.45066706549437,539.5792497680001,26.682000000000002,0.0,-0.36,-0.6599999999999999,0
2020-09-02,2020-09-02,273.43999909,886.160000028,107.37066626549438,570.112901348,26.758,0.0,-0.36,-0.6599999999999999,0
2020-09-03,2020-09-03,299.51999603,916.799997708,138.01066394549434,601.2230453279999,26.85333333333333,0.0,-0.36,-0.6599999999999999,0
2020-09-04,2020-09-04,291.51999473,919.419997208,140.6306634454944,603.387422268,26.898666666666664,0.0,-0.36,-0.6599999999999999,0
2020-09-07,2020-09-07,262.35999467,930.4199969279999,151.6306631654943,615.255689508,27.037333333333333,0.0,-0.36,-0.6599999999999999,0
2020-09-08,2020-09-08,258.75999479,913.699997468,134.91066370549436,597.8533400480001,27.145,0.0,-0.36,-0.6599999999999999,0
2020-09-09,2020-09-09,257.59999531,910.8199984280001,132.03066466549444,594.5124688279999,27.209333333333333,0.0,-0.36,-0.6599999999999999,0
2020-09-10,2020-09-10,270.87999537,913.299999028,134.51066526549437,596.637155288,27.267666666666667,0.0,-0.36,-0.6599999999999999,0
2020-09-11,2020-09-11,267.99999683,923.879999528,145.09066576549435,606.826039888,27.34766666666667,0.0,-0.36,-0.6599999999999999,0
2020-09-14,2020-09-14,280.09999701000004,926.9200005480001,148.13066678549444,607.396741168,27.50333333333333,0.0,-0.36,-0.6599999999999999,0
2020-09-15,2020-09-15,275.93999750999996,927.480000408,148.6906666454944,606.999547088,27.49233333333333,0.0,-0.36,-0.6599999999999999,0
2020-09-16,2020-09-16,274.13999681,930.4199999680001,151.63066620549444,610.760024948,27.461000000000002,0.0,-0.36,-0.6599999999999999,0
2020-09-17,2020-09-17,275.67999669,938.8799998000001,160.09066603749443,622.06957026,27.32033333333333,0.0,-0.36,-0.6599999999999999,0
2020-09-18,2020-09-18,313.83999237,977.0999953999999,198.31066163749426,662.97089192,27.245,0.0,-0.36,-0.6599999999999999,0
2020-09-21,2020-09-21,345.17999403000005,1009.13999712,230.35066335749434,699.69484082,27.261000000000003,0.0,-0.36,-0.6599999999999999,0
2020-09-22,2020-09-22,351.83999417,1013.2999967100001,234.51066294749444,704.20364267,27.285000000000004,0.0,-0.36,-0.6599999999999999,0
2020-09-23,2020-09-23,371.01999353,1026.39999627,247.61066250749434,716.96252337,27.314,0.0,-0.36,-0.6599999999999999,0
2020-09-24,2020-09-24,381.33999383,1033.33999641,254.55066264749428,723.85916255,27.243333333333332,0.0,-0.36,-0.6599999999999999,0
2020-09-25,2020-09-25,386.71999481,1035.1399978700001,256.3506641074945,725.5479014499999,27.167666666666666,0.0,-0.36,-0.6599999999999999,0
2020-09-28,2020-09-28,390.25999474,1011.67999663,232.89066286749437,699.09173167,27.084,0.0,-0.36,-0.6599999999999999,0
2020-09-29,2020-09-29,386.09999484,995.79999713,217.01066336749432,682.77405599,26.994333333333334,0.0,-0.36,-0.6599999999999999,0
2020-09-30,2020-09-30,388.21999424,984.29999559,205.51066182749435,670.71656981,26.938666666666666,0.0,-0.36,-0.6599999999999999,0
2020-10-01,2020-10-01,392.31999544,985.5599961900001,172.2557498924249,670.83697281,26.932666666666666,0.0,-0.53,-0.54,-1
2020-10-02,2020-10-02,370.63999623999996,986.3199962499999,173.0157499524247,671.44834833,26.941666666666666,0.0,-0.53,-0.54,-1
2020-10-05,2020-10-05,365.3600001,1002.89999743,189.59575113242477,691.29349577,26.776666666666667,0.0,-0.53,-0.54,-1
2020-10-06,2020-10-06,366.46000094,1010.73999825,197.43575195242477,701.10292515,26.728666666666665,0.0,-0.53,-0.54,-1
2020-10-07,2020-10-07,406.07999914000004,1048.13999607,234.83574977242483,741.120949718,26.596999999999998,0.0,-0.53,-0.54,-1
2020-10-08,2020-10-08,408.23999901999997,1043.2599956899999,229.95574939242465,737.632774538,26.50133333333333,0.0,-0.53,-0.54,-1
2020-10-09,2020-10-09,413.77999856,1053.77999575,240.47574945242468,750.3559385980001,26.428,0.0,-0.53,-0.54,-1
2020-10-12,2020-10-12,450.80000258,1117.0400000099999,303.73575371242464,818.397813886,26.13633333333333,0.0,-0.53,-0.54,-1
2020-10-13,2020-10-13,444.9800023,1115.66000005,302.3557537524248,818.724277186,26.033,0.0,-0.53,-0.54,-1
2020-10-14,2020-10-14,436.2200019,1113.57999969,300.2757533924248,818.924900286,25.951999999999998,0.0,-0.53,-0.54,-1
2020-10-15,2020-10-15,473.94000246,1153.22000001,339.9157537124247,860.370167506,25.893000000000004,0.0,-0.53,-0.54,-1
2020-10-16,2020-10-16,539.96000144,1208.43999801,395.13575171242474,918.052752596,25.799333333333333,0.0,-0.53,-0.54,-1
2020-10-19,2020-10-19,503.26000516000005,1243.15999841,429.85575211242485,959.8817372020001,25.853666666666665,0.0,-0.53,-0.54,-1
2020-10-20,2020-10-20,517.48000582,1263.11999893,449.81575263242485,981.330413702,25.862000000000002,0.0,-0.53,-0.54,-1
2020-10-21,2020-10-21,512.94000554,1244.31999885,431.01575255242483,963.459236622,25.782333333333334,0.0,-0.53,-0.54,-1
2020-10-22,2020-10-22,503.44000561999997,1237.01999887,423.7157525724249,955.2248547019999,25.757,0.0,-0.53,-0.54,-1
2020-10-23,2020-10-23,484.54000628,1235.3999987099999,422.09575241242464,954.599269542,25.679,0.0,-0.53,-0.54,-1
2020-10-26,2020-10-26,468.04000528,1205.28000077,391.9757544724248,926.3719810020001,25.658666666666665,0.0,-0.53,-0.54,-1
2020-10-27,2020-10-27,468.62000526,1191.78000119,378.4757548924247,913.958032942,25.645333333333333,0.0,-0.53,-0.54,-1
2020-10-28,2020-10-28,516.22000264,1232.37999905,419.0757527524247,956.8977053919999,25.428333333333335,0.0,-0.53,-0.54,-1
2020-10-29,2020-10-29,516.72000238,1204.57999789,391.27575159242474,927.158778712,25.465666666666667,0.0,-0.53,-0.54,-1
2020-10-30,2020-10-30,509.44000286,1159.2599985900001,345.9557522924249,879.127800852,25.49866666666667,0.0,-0.53,-0.54,-1
2020-11-02,2020-11-02,462.18000127000005,1120.53999662,429.75738747925004,837.025046162,25.363333333333333,0.0,-0.85,-0.62,-1
2020-11-03,2020-11-03,449.86000087,1103.29999572,412.51738657925,819.098517282,25.349666666666664,0.0,-0.85,-0.62,-1
2020-11-04,2020-11-04,440.34000081,1072.83999572,382.05738657924996,788.158124862,25.371666666666666,0.0,-0.85,-0.62,-1
2020-11-05,2020-11-05,434.36000001,1073.81999602,383.03738687925,788.9156073620001,25.365333333333336,0.0,-0.85,-0.62,-1
2020-11-06,2020-11-06,406.66000184999996,1075.09999566,384.31738651925014,791.156474422,25.377333333333333,0.0,-0.85,-0.62,-1
2020-11-09,2020-11-09,370.47999997000005,1062.2599963,371.47738715925004,778.172052542,25.355666666666664,0.0,-0.85,-0.62,-1
2020-11-10,2020-11-10,396.17999377,1116.73999316,425.95738401925007,833.854393816,25.293,0.0,-0.85,-0.62,-1
2020-11-11,2020-11-11,394.09999349000003,1113.6399934400001,422.85738429925016,830.1310197759999,25.297333333333334,0.0,-0.85,-0.62,-1
2020-11-12,2020-11-12,390.1199936,1105.0199928700001,414.23738372925015,820.951590526,25.329,0.0,-0.85,-0.62,-1
2020-11-13,2020-11-13,385.33999394,1101.6599928500002,410.87738370925024,816.864893446,25.349666666666668,0.0,-0.85,-0.62,-1
2020-11-16,2020-11-16,243.41999380000001,1073.85999305,383.07738390925,790.614563506,25.601,0.0,-0.85,-0.62,-1
2020-11-17,2020-11-17,233.539994,1063.5199931299999,372.7373839892499,779.149887886,25.702666666666666,0.0,-0.85,-0.62,-1
2020-11-18,2020-11-18,220.2399942,1057.93999343,367.15738428925,771.294384806,25.781333333333333,0.0,-0.85,-0.62,-1
2020-11-19,2020-11-19,197.8199936,1055.53999327,364.75738412925,768.3684899460001,25.835333333333335,0.0,-0.85,-0.62,-1
2020-11-20,2020-11-20,195.39999368000002,1053.5199932500002,362.73738410925023,766.764018546,25.88333333333333,0.0,-0.85,-0.62,-1
2020-11-23,2020-11-23,188.97999356000003,1047.27999351,356.49738436924997,760.445263146,25.949,0.0,-0.85,-0.62,-1
2020-11-24,2020-11-24,186.37999356,1044.4199933900002,353.6373842492502,758.114678366,25.97533333333333,0.0,-0.85,-0.62,-1
2020-11-25,2020-11-25,183.03999356,1039.6399936700002,348.8573845292502,752.709720506,25.975666666666665,0.0,-0.85,-0.62,-1
2020-11-26,2020-11-26,179.61999348,1035.8799934600002,345.0973843192502,748.159120976,25.99566666666667,0.0,-0.85,-0.62,-1
2020-11-27,2020-11-27,126.09999608000001,1032.5799934600002,341.7973843192502,744.7755478160001,26.166999999999998,0.0,-0.85,-0.62,-1
2020-11-30,2020-11-30,164.97999785000002,1053.87999536,363.0973862192501,772.1111023139999,25.85033333333333,0.0,-0.85,-0.62,-1
2020-12-01,2020-12-01,168.11999767,1023.03999598,551.4162336735644,742.215820494,25.752333333333336,0.0,-1.12,-0.7600000000000001,-1
2020-12-02,2020-12-02,168.07999767,989.09999826,517.4762359535646,708.5680007939999,25.712666666666667,0.0,-1.12,-0.7600000000000001,-1
2020-12-03,2020-12-03,168.07999767,979.85999866,508.2362363535645,699.782466994,25.632,0.0,-1.12,-0.7600000000000001,-1
2020-12-04,2020-12-04,167.65999767,973.3599985799999,501.73623627356443,693.932388254,25.521666666666665,0.0,-1.12,-0.7600000000000001,-1
2020-12-07,2020-12-07,144.15999745000002,957.83999864,486.2162363335645,680.9445673739999,25.332333333333334,0.0,-1.12,-0.7600000000000001,-1
2020-12-08,2020-12-08,144.13999745,948.4999979199999,476.87623561356446,672.628134074,25.271,0.0,-1.12,-0.7600000000000001,-1
2020-12-09,2020-12-09,140.55999701000002,931.93999794,460.31623563356453,657.7272751539999,25.247333333333337,0.0,-1.12,-0.7600000000000001,-1
2020-12-10,2020-12-10,65.34000121,914.07999754,442.45623523356454,640.915854854,25.387,0.0,-1.12,-0.7600000000000001,-1
2020-12-11,2020-12-11,62.02000117,906.91999724,435.29623493356456,634.2234781139999,25.404333333333334,0.0,-1.12,-0.7600000000000001,-1
2020-12-14,2020-12-14,63.2600012,880.03999714,408.4162348335645,609.030156154,25.512666666666668,0.0,-1.12,-0.7600000000000001,-1
2020-12-15,2020-12-15,62.7200013,874.01999754,402.3962352335645,602.623492014,25.483,0.0,-1.12,-0.7600000000000001,-1
2020-12-16,2020-12-16,62.8000013,860.97999766,389.3562353535645,587.257501974,25.441333333333333,0.0,-1.12,-0.7600000000000001,-1
2020-12-17,2020-12-17,62.920001299999996,812.6000020600001,340.9762397535646,536.5900431939999,25.376333333333335,0.0,-1.12,-0.7600000000000001,-1
2020-12-18,2020-12-18,62.9000013,786.40000066,314.77623835356457,508.600543934,25.275333333333332,0.0,-1.12,-0.7600000000000001,-1
2020-12-21,2020-12-21,60.78000136,759.1600006399999,287.5362383335644,482.474550814,24.77766666666667,0.0,-1.12,-0.7600000000000001,-1
2020-12-22,2020-12-22,61.40000132,739.10000128,267.47623897356453,464.19207825399997,24.642666666666667,0.0,-1.12,-0.7600000000000001,-1
2020-12-23,2020-12-23,64.5200014,730.46000108,258.8362387735645,457.022687394,24.563,0.0,-1.12,-0.7600000000000001,-1
2020-12-24,2020-12-24,66.94000141999999,724.64,253.0162376935645,451.753996434,24.527666666666665,0.0,-1.12,-0.7600000000000001,-1
2020-12-25,2020-12-25,67.10000142,718.18000026,246.55623795356456,445.025033794,24.48966666666667,0.0,-1.12,-0.7600000000000001,-1
2020-12-28,2020-12-28,64.36000143999999,707.08000006,235.4562377535645,430.97173249400004,24.608,0.0,-1.12,-0.7600000000000001,-1
2020-12-29,2020-12-29,36.48000004,698.06000044,226.43623813356447,420.617470594,24.778666666666666,0.0,-1.12,-0.7600000000000001,-1
2020-12-30,2020-12-30,22.31999972,683.8799996399999,212.25623733356446,405.61932909399997,24.830666666666666,0.0,-1.12,-0.7600000000000001,-1
2020-12-31,2020-12-31,21.25999992,673.65999966,202.03623735356456,395.999883514,24.739666666666665,0.0,-1.12,-0.7600000000000001,-1
2021-01-01,2021-01-01,21.439999919999998,651.6999988599999,419.987870073032,375.45939927399996,24.580333333333332,0.0,-1.2,-0.6699999999999999,-1
2021-01-04,2021-01-04,22.53999992,619.2999976,387.58786881303206,341.417360614,24.629,0.0,-1.2,-0.6699999999999999,-1
2021-01-05,2021-01-05,22.599999920000002,576.0799994,344.3678706130321,296.296382346,24.654333333333334,0.0,-1.2,-0.6699999999999999,-1
2021-01-06,2021-01-06,19.51999996,569.11999958,337.4078707930321,288.619195666,24.704333333333334,0.0,-1.2,-0.6699999999999999,-1
2021-01-07,2021-01-07,19.55999996,554.27999932,322.5678705330321,271.85791438599995,24.761,0.0,-1.2,-0.6699999999999999,-1
2021-01-08,2021-01-08,17.60000014,528.63999712,296.92786833303205,244.88979384599998,24.793999999999997,0.0,-1.2,-0.6699999999999999,-1
2021-01-11,2021-01-11,15.18000014,467.01999488,235.3078660930321,178.794100278,24.471,0.0,-1.2,-0.6699999999999999,-1
2021-01-12,2021-01-12,13.140000160000001,462.23999522,230.5278664330321,172.480386598,24.276666666666667,0.0,-1.2,-0.6699999999999999,-1
2021-01-13,2021-01-13,12.02000014,418.11999482,186.40786603303206,126.734728838,24.148,0.0,-1.2,-0.6699999999999999,-1
2021-01-14,2021-01-14,11.28000012,345.33999622,113.62786743303207,51.169506647999995,24.125999999999998,0.0,-1.2,-0.6699999999999999,-1
2021-01-15,2021-01-15,11.060000120000002,317.27999522000005,85.56786643303212,19.834207381999992,24.134666666666664,0.0,-1.2,-0.6699999999999999,-1
2021-01-18,2021-01-18,10.70000012,271.29999502000004,39.587866233032116,-31.32808053800001,24.052,0.0,-1.2,-0.6699999999999999,-1
2021-01-19,2021-01-19,10.5600001,266.97999516,35.267866373032064,-36.200975938000006,24.099666666666668,0.0,-1.2,-0.6699999999999999,-1
2021-01-20,2021-01-20,11.06000008,266.7799951,35.067866313032084,-35.82505727800001,24.243666666666666,0.0,-1.2,-0.6699999999999999,-1
2021-01-21,2021-01-21,11.18000012,265.73999512000006,34.02786633303214,-36.663792138000005,24.332666666666668,0.0,-1.2,-0.6699999999999999,-1
2021-01-22,2021-01-22,11.08000024,264.5799952,32.86786641303206,-37.85834839800001,24.40666666666667,0.0,-1.2,-0.6699999999999999,-1
2021-01-25,2021-01-25,9.46000018,256.21999508000005,24.507866293032123,-48.72616481800001,24.564,0.0,-1.2,-0.6699999999999999,-1
2021-01-26,2021-01-26,9.680000159999999,203.07999768,-28.632131106967933,-105.514350388,24.55366666666667,0.0,-1.2,-0.6699999999999999,-1
2021-01-27,2021-01-27,9.78000016,200.13999784,-31.572130946967917,-109.55778992800002,24.544,0.0,-1.2,-0.6699999999999999,-1
2021-01-28,2021-01-28,9.78000016,198.39999774,-33.31213104696792,-112.009262688,24.502999999999997,0.0,-1.2,-0.6699999999999999,-1
2021-01-29,2021-01-29,9.70000016,196.99999773,-34.712131056967934,-114.46116263800002,24.505666666666666,0.0,-1.2,-0.6699999999999999,-1
2021-02-01,2021-02-01,7.240000139999999,196.77999773,95.40023324719763,-117.132299118,25.041,0.0,-1.08,-0.2300000000000001,-1
2021-02-02,2021-02-02,7.240000139999999,196.35999773,94.98023324719765,-118.95340755800001,25.108999999999998,0.0,-1.08,-0.2300000000000001,-1
2021-02-03,2021-02-03,6.160000139999999,191.09999772999998,89.72023324719763,-125.99313485800002,25.158666666666665,0.0,-1.08,-0.2300000000000001,-1
2021-02-04,2021-02-04,6.18000014,175.59999769,74.22023320719765,-143.909394898,25.217666666666666,0.0,-1.08,-0.2300000000000001,-1
2021-02-05,2021-02-05,6.440000159999999,170.11999757,68.74023308719765,-150.299464418,25.29866666666667,0.0,-1.08,-0.2300000000000001,-1
2021-02-08,2021-02-08,7.00000012,89.48000147,-11.899763012802353,-237.03073575200003,25.641,0.0,-1.08,-0.2300000000000001,-1
2021-02-09,2021-02-09,7.2800001199999995,84.78000143,-16.59976305280236,-242.21941137200002,25.777666666666665,0.0,-1.08,-0.2300000000000001,-1
2021-02-10,2021-02-10,13.20000018,90.10000146,-11.279763022802356,-236.19646216200002,25.871333333333332,0.0,-1.08,-0.2300000000000001,-1
2021-02-11,2021-02-11,13.780000179999998,90.68000146,-10.699763022802358,-235.60781530200003,26.063666666666666,0.0,-1.08,-0.2300000000000001,-1
2021-02-12,2021-02-12,13.96000018,89.24000152,-12.139762962802351,-238.126232742,26.176333333333332,0.0,-1.08,-0.2300000000000001,-1
2021-02-15,2021-02-15,13.96000018,87.8000016,-13.579762882802356,-243.54253372200003,26.334999999999997,0.0,-1.08,-0.2300000000000001,-1
2021-02-16,2021-02-16,13.96000018,87.6400016,-13.739762882802353,-244.94777418200002,26.476666666666667,0.0,-1.08,-0.2300000000000001,-1
2021-02-17,2021-02-17,13.96000018,87.4400016,-13.939762882802356,-246.49413562200002,26.610333333333333,0.0,-1.08,-0.2300000000000001,-1
2021-02-18,2021-02-18,13.94000018,85.52000166,-15.859762822802352,-249.32992456200003,26.66133333333333,0.0,-1.08,-0.2300000000000001,-1
2021-02-19,2021-02-19,13.3600002,85.20000164,-16.17976284280236,-250.284023042,26.62,0.0,-1.08,-0.2300000000000001,-1
2021-02-22,2021-02-22,9.02,85.02000164,-16.359762842802354,-254.30875044200002,26.759666666666664,0.0,-1.08,-0.2300000000000001,-1
2021-02-23,2021-02-23,8.42000004,85.02000164,-16.359762842802354,-255.921705062,26.847333333333335,0.0,-1.08,-0.2300000000000001,-1
2021-02-24,2021-02-24,8.42000004,85.02000164,-16.359762842802354,-257.500456942,26.921,0.0,-1.08,-0.2300000000000001,-1
2021-02-25,2021-02-25,8.12000004,85.10000164,-16.279762842802356,-258.622322982,27.049666666666667,0.0,-1.08,-0.2300000000000001,-1
2021-02-26,2021-02-26,8.02000004,82.16000164,-19.219762842802353,-263.883307242,27.189,0.0,-1.08,-0.2300000000000001,-1
2021-03-01,2021-03-01,11.060000027999997,39.760000088,-28.255968368817207,-315.13022335200003,27.68,0.0,-0.91,0.21000000000000008,-1
2021-03-02,2021-03-02,12.240000067999999,40.940000127999994,-27.07596832881721,-315.22259529200005,27.806666666666665,0.0,-0.91,0.21000000000000008,-1
2021-03-03,2021-03-03,12.280000067999998,40.98000012799999,-27.035968328817212,-316.54738391200004,27.868,0.0,-0.91,0.21000000000000008,-1
2021-03-04,2021-03-04,12.280000067999998,40.98000012799999,-27.035968328817212,-318.51230117200004,28.007,0.0,-0.91,0.21000000000000008,-1
2021-03-05,2021-03-05,12.280000067999998,40.98000012799999,-27.035968328817212,-321.320392212,28.184,0.0,-0.91,0.21000000000000008,-1
2021-03-08,2021-03-08,11.960000047999998,37.920000168,-30.095968288817204,-332.98509465200004,28.540000000000003,0.0,-0.91,0.21000000000000008,-1
2021-03-09,2021-03-09,11.360000087999998,35.960000348,-32.055968108817204,-337.96899463200003,28.572,0.0,-0.91,0.21000000000000008,-1
2021-03-10,2021-03-10,12.080000108,36.220000368,-31.795968088817204,-340.03522045200003,28.651666666666664,0.0,-0.91,0.21000000000000008,-1
2021-03-11,2021-03-11,12.420000117999999,35.180000377999995,-32.83596807881721,-342.903059562,28.70966666666667,0.0,-0.91,0.21000000000000008,-1
2021-03-12,2021-03-12,6.5000000579999995,34.880000378,-33.13596807881721,-345.507388142,28.83,0.0,-0.91,0.21000000000000008,-1
2021-03-15,2021-03-15,5.760000058,31.000000358,-37.015968098817204,-356.836071822,29.213666666666665,0.0,-0.91,0.21000000000000008,-1
2021-03-16,2021-03-16,5.760000058,30.780000358,-37.23596809881721,-359.330940442,29.341,0.0,-0.91,0.21000000000000008,-1
2021-03-17,2021-03-17,5.760000058,30.640000357999998,-37.37596809881721,-361.96061340200004,29.484333333333332,0.0,-0.91,0.21000000000000008,-1
2021-03-18,2021-03-18,5.980000066,30.720000366,-37.295968090817205,-364.46728173400004,29.653666666666666,1.0,-0.91,0.21000000000000008,-1
2021-03-19,2021-03-19,6.120000066,30.780000366,-37.23596809081721,-366.44744123400005,29.90266666666667,2.0,-0.91,0.21000000000000008,-1
2021-03-22,2021-03-22,7.540000066,31.340000386,-36.675968070817206,-373.40375807400005,30.52466666666667,2.0,-0.91,0.21000000000000008,-1
2021-03-23,2021-03-23,7.540000066,28.140000305999997,-39.87596815081721,-379.464019054,30.568666666666665,2.0,-0.91,0.21000000000000008,-1
2021-03-24,2021-03-24,8.520000066,26.600000286,-41.41596817081721,-383.082164894,30.565,2.0,-0.91,0.21000000000000008,-1
2021-03-25,2021-03-25,8.980000066,26.900000286,-41.115968170817204,-385.573882534,30.576666666666664,2.0,-0.91,0.21000000000000008,-1
2021-03-26,2021-03-26,9.080000066,26.960000285999996,-41.05596817081721,-387.34276699400004,30.623333333333335,2.0,-0.91,0.21000000000000008,-1
2021-03-29,2021-03-29,8.740000056,26.940000276,-41.075968180817206,-392.147224724,30.87333333333333,5.0,-0.91,0.21000000000000008,-1
2021-03-30,2021-03-30,8.300000056,26.980000276,-41.03596818081721,-393.711539704,30.935333333333336,5.0,-0.91,0.21000000000000008,-1
2021-03-31,2021-03-31,6.740000088,25.240000256,-42.7759682008172,-397.70302228400004,31.000666666666667,5.0,-0.91,0.21000000000000008,-1
2021-04-01,2021-04-01,9.260000008000002,28.760000215999998,-81.68716722070558,-396.693530624,31.05666666666667,5.0,-0.79,0.4099999999999999,-1
2021-04-02,2021-04-02,19.140000208000004,38.660000416,-71.78716702070557,-387.91486724400005,31.117666666666665,5.0,-0.79,0.4099999999999999,-1
2021-04-05,2021-04-05,20.800000208,39.180000416,-71.26716702070557,-394.83601536400005,31.108,5.0,-0.79,0.4099999999999999,-1
2021-04-06,2021-04-06,20.800000208,39.180000416,-71.26716702070557,-397.588412304,31.115666666666666,5.0,-0.79,0.4099999999999999,-1
2021-04-07,2021-04-07,20.780000208,39.140000416,-71.30716702070558,-399.389902824,31.188333333333333,5.0,-0.79,0.4099999999999999,-1
2021-04-08,2021-04-08,23.140000268,41.500000476,-68.94716696070557,-397.29712490400004,31.191333333333333,5.0,-0.79,0.4099999999999999,-1
2021-04-09,2021-04-09,22.660000256000004,41.740000484,-68.70716695270556,-399.054531256,31.247666666666667,5.0,-0.79,0.4099999999999999,-1
2021-04-12,2021-04-12,27.840000326000002,47.560000564,-62.88716687270557,-396.851373356,31.329,5.0,-0.79,0.4099999999999999,-1
2021-04-13,2021-04-13,28.820000346,48.540000584,-61.90716685270557,-396.828050496,31.362666666666666,5.0,-0.79,0.4099999999999999,-1
2021-04-14,2021-04-14,29.660000346,49.380000584,-61.06716685270557,-396.586634596,31.324666666666666,5.0,-0.79,0.4099999999999999,-1
2021-04-15,2021-04-15,30.840000446,50.560000684,-59.88716675270557,-396.281916156,31.365333333333332,5.0,-0.79,0.4099999999999999,-1
2021-04-16,2021-04-16,31.960000466000004,51.680000704,-58.76716673270557,-395.910894336,31.359666666666666,5.0,-0.79,0.4099999999999999,-1
2021-04-19,2021-04-19,42.76000011800001,64.100000364,-46.347167072705574,-387.158318336,31.162,3.0,-0.79,0.4099999999999999,-1
2021-04-20,2021-04-20,48.599999878000006,69.500000144,-40.94716729270557,-381.406832896,31.017,3.0,-0.79,0.4099999999999999,-1
2021-04-21,2021-04-21,67.799999878,87.960000144,-22.487167292705564,-362.977317936,30.982333333333333,3.0,-0.79,0.4099999999999999,-1
2021-04-22,2021-04-22,88.180000678,105.24000074399999,-5.207166692705584,-344.961161456,30.908666666666665,3.0,-0.79,0.4099999999999999,-1
2021-04-23,2021-04-23,99.760000878,117.30000094399999,6.85283350729442,-332.990037396,30.837333333333333,3.0,-0.79,0.4099999999999999,-1
2021-04-26,2021-04-26,108.500000948,125.760001064,15.312833627294424,-323.825087196,30.508333333333333,2.0,-0.79,0.4099999999999999,-1
2021-04-27,2021-04-27,110.500000848,127.660000964,17.212833527294435,-322.101459376,30.348333333333333,1.0,-0.79,0.4099999999999999,-1
2021-04-28,2021-04-28,110.760000848,127.920000964,17.472833527294426,-322.58131639600003,30.22533333333333,0.0,-0.79,0.4099999999999999,-1
2021-04-29,2021-04-29,110.720000848,128.000000964,17.55283352729444,-323.41031339600005,30.134,0.0,-0.79,0.4099999999999999,-1
2021-04-30,2021-04-30,112.84000088799999,130.640001004,20.19283356729443,-320.86623383600005,30.044,0.0,-0.79,0.4099999999999999,-1
2021-05-03,2021-05-03,105.400000688,137.580000964,-122.41946248688711,-316.184706576,29.99433333333333,0.0,-0.71,0.3700000000000001,-1
2021-05-04,2021-05-04,104.560000688,137.640000964,-122.35946248688711,-317.563501056,30.063333333333333,0.0,-0.71,0.3700000000000001,-1
2021-05-05,2021-05-05,105.080000688,138.080000964,-121.91946248688711,-318.25308635600004,30.093333333333337,0.0,-0.71,0.3700000000000001,-1
2021-05-06,2021-05-06,105.560000688,138.300000944,-121.6994625068871,-318.69241193600004,30.068666666666665,0.0,-0.71,0.3700000000000001,-1
2021-05-07,2021-05-07,106.18000068799999,138.920000944,-121.0794625068871,-318.85667859600005,30.057000000000002,0.0,-0.71,0.3700000000000001,-1
2021-05-10,2021-05-10,106.30000055,141.560000914,-118.4394625368871,-320.231386766,30.242666666666665,0.0,-0.71,0.3700000000000001,-1
2021-05-11,2021-05-11,107.90000029,138.40000067399998,-121.59946277688712,-324.881811866,30.253333333333334,0.0,-0.71,0.3700000000000001,-1
2021-05-12,2021-05-12,107.92000023,141.700000614,-118.2994628368871,-321.336546146,30.223999999999997,0.0,-0.71,0.3700000000000001,-1
2021-05-13,2021-05-13,111.52000013,146.100000534,-113.8994629168871,-316.817662786,30.175333333333334,0.0,-0.71,0.3700000000000001,-1
2021-05-14,2021-05-14,120.36000073,155.780001134,-104.2194623168871,-306.43789518600005,30.180666666666664,0.0,-0.71,0.3700000000000001,-1
2021-05-17,2021-05-17,127.760001,165.980001544,-94.0194619068871,-294.749176776,30.050333333333334,0.0,-0.71,0.3700000000000001,-1
2021-05-18,2021-05-18,137.46000114,176.16000172399998,-83.83946172688712,-283.579110456,30.017666666666667,0.0,-0.71,0.3700000000000001,-1
2021-05-19,2021-05-19,154.7400026,204.90000278399998,-55.099460666887126,-254.45050423600003,30.045999999999996,0.0,-0.71,0.3700000000000001,-1
2021-05-20,2021-05-20,152.20000281999998,208.340002764,-51.659460686887115,-251.03393893600003,30.08866666666667,0.0,-0.71,0.3700000000000001,-1
2021-05-21,2021-05-21,142.26000252,217.600002464,-42.39946098688711,-240.276450756,30.09433333333333,0.0,-0.71,0.3700000000000001,-1
2021-05-24,2021-05-24,175.46000016,286.800001144,26.800537693112915,-162.89869707600002,29.978999999999996,0.0,-0.71,0.3700000000000001,-1
2021-05-25,2021-05-25,188.02000106,304.380002044,44.380538593112874,-142.555091376,29.898999999999997,0.0,-0.71,0.3700000000000001,-1
2021-05-26,2021-05-26,203.64000221999999,321.280003244,61.280539793112894,-123.22623949600002,29.786666666666665,0.0,-0.71,0.3700000000000001,-1
2021-05-27,2021-05-27,212.54000291999998,332.180003844,72.18054039311289,-111.23247813600003,29.758,0.0,-0.71,0.3700000000000001,-1
2021-05-28,2021-05-28,213.68000302,333.180003924,73.1805404731129,-109.99213625600002,29.72266666666667,0.0,-0.71,0.3700000000000001,-1
2021-05-31,2021-05-31,216.92000284,341.300003736,81.3005402851129,-99.78032126400002,29.576666666666664,0.0,-0.71,0.3700000000000001,-1
2021-06-01,2021-06-01,220.82000286,346.080003756,-100.11888584640002,-93.90818226400002,29.507666666666662,0.0,-0.55,0.36,-1
2021-06-02,2021-06-02,222.86000288,348.160003776,-98.03888582640002,-90.05761322400002,29.387999999999998,0.0,-0.55,0.36,-1
2021-06-03,2021-06-03,226.36000274,351.720003636,-94.47888596640001,-83.94204662400003,29.226999999999997,0.0,-0.55,0.36,-1
2021-06-04,2021-06-04,228.70000280000002,354.58000369599995,-91.61888590640007,-79.28327666400003,29.13633333333333,0.0,-0.55,0.36,-1
2021-06-07,2021-06-07,251.30000236,379.120003236,-67.07888636640001,-45.80512996400003,28.586,0.0,-0.55,0.36,-1
2021-06-08,2021-06-08,261.14000178,389.240002636,-56.95888696640003,-32.95862238400002,28.345333333333333,0.0,-0.55,0.36,-1
2021-06-09,2021-06-09,265.74000203,394.88000282599995,-51.31888677640006,-24.858932354000025,28.14966666666667,0.0,-0.55,0.36,-1
2021-06-10,2021-06-10,276.66000361,408.560004226,-37.638885376400026,-7.981079334000025,27.959999999999997,0.0,-0.55,0.36,-1
2021-06-11,2021-06-11,282.54000427,418.300004826,-27.898884776399996,5.480371205999977,27.790333333333333,0.0,-0.55,0.36,-1
2021-06-14,2021-06-14,291.70000397,443.420005026,-2.778884576400003,39.80851893599998,27.270666666666667,0.0,-0.55,0.36,-1
2021-06-15,2021-06-15,295.5800036,448.780004626,2.5811150235999776,47.71021347599998,27.09466666666667,0.0,-0.55,0.36,-1
2021-06-16,2021-06-16,298.3400032,458.340004678,12.141115075599998,60.17375890799998,26.961333333333332,0.0,-0.55,0.36,-1
2021-06-17,2021-06-17,297.52000297999996,467.560004638,21.361115035599994,71.07573156799998,26.854333333333333,0.0,-0.55,0.36,-1
2021-06-18,2021-06-18,275.64000192,473.140004638,26.941115035599978,77.37122476799998,26.807333333333336,0.0,-0.55,0.36,-1
2021-06-21,2021-06-21,269.94000236,488.84000483799997,42.641115235599955,98.39154906799997,26.692333333333334,0.0,-0.55,0.36,-1
2021-06-22,2021-06-22,244.46000466,496.82000493799995,50.62111533559994,107.53394858799999,26.727,0.0,-0.55,0.36,-1
2021-06-23,2021-06-23,227.06000398,504.880005058,58.68111545559998,117.43599820799999,26.793666666666663,0.0,-0.55,0.36,-1
2021-06-24,2021-06-24,214.500002888,509.800004866,63.60111526359998,124.20513101599998,26.854666666666667,0.0,-0.55,0.36,-1
2021-06-25,2021-06-25,202.92000176800002,515.0600049359999,68.86111533359991,131.72389208599998,26.895666666666667,0.0,-0.55,0.36,-1
2021-06-28,2021-06-28,193.820001188,522.300004896,76.1011152936,143.82786012599996,26.865999999999996,0.0,-0.55,0.36,-1
2021-06-29,2021-06-29,192.640001138,524.160004846,77.96111524359998,146.739880476,26.86433333333333,0.0,-0.55,0.36,-1
2021-06-30,2021-06-30,194.360001078,526.400004806,80.20111520359995,150.27572391599998,26.832666666666668,0.0,-0.55,0.36,-1
2021-07-01,2021-07-01,192.020001058,518.960004606,-89.2396197253172,142.681962536,26.827,0.0,-0.39,0.4,0
2021-07-02,2021-07-02,194.520001258,522.780004826,-85.4196195053172,148.06143563599997,26.825,0.0,-0.39,0.4,0
2021-07-05,2021-07-05,197.340001478,541.6400047660001,-66.55961956531712,173.93048781599998,26.879666666666665,0.0,-0.39,0.4,0
2021-07-06,2021-07-06,211.980001418,559.240004766,-48.95961956531721,194.92802963599996,26.843,0.0,-0.39,0.4,0
2021-07-07,2021-07-07,223.440001738,579.420004706,-28.779619625317196,216.92061591599997,26.834000000000003,0.0,-0.39,0.4,0
2021-07-08,2021-07-08,224.880001718,591.4600040979999,-16.739620233317282,232.65687016799998,26.805333333333333,0.0,-0.39,0.4,0
2021-07-09,2021-07-09,228.960002278,601.000004858,-7.199619473317171,244.29251234799997,26.840666666666667,0.0,-0.39,0.4,0
2021-07-12,2021-07-12,211.920000178,616.380004258,8.180379926682804,261.039550308,27.255666666666666,0.0,-0.39,0.4,0
2021-07-13,2021-07-13,224.420000238,633.140004458,24.94038012668284,278.473355548,27.340666666666667,0.0,-0.39,0.4,0
2021-07-14,2021-07-14,229.159999918,641.740004498,33.54038016668278,288.62723930799996,27.360666666666663,0.0,-0.39,0.4,0
2021-07-15,2021-07-15,239.600000318,656.420004478,48.22038014668283,305.013099088,27.387999999999998,0.0,-0.39,0.4,0
2021-07-16,2021-07-16,248.420000498,674.5200046980001,66.32038036668291,325.96320338799995,27.354,0.0,-0.39,0.4,0
2021-07-19,2021-07-19,267.200001058,697.700006178,89.50038184668279,353.985407808,27.081,0.0,-0.39,0.4,0
2021-07-20,2021-07-20,271.580001958,686.8600069779999,78.6603826466827,343.331853708,27.041,0.0,-0.39,0.4,0
2021-07-21,2021-07-21,275.94000195800004,676.600006118,68.40038178668283,332.53763074799997,27.007333333333335,0.0,-0.39,0.4,0
2021-07-22,2021-07-22,276.460002018,673.520006078,65.32038174668287,330.351020688,26.919666666666668,0.0,-0.39,0.4,0
2021-07-23,2021-07-23,284.640002698,687.1600068380001,78.96038250668289,345.97125292799996,26.825,0.0,-0.39,0.4,0
2021-07-26,2021-07-26,309.26000539,715.780009538,107.58038520668276,377.78639184799994,26.625666666666667,0.0,-0.39,0.4,0
2021-07-27,2021-07-27,314.44000540999997,723.280009538,115.08038520668276,387.065566308,26.578666666666667,0.0,-0.39,0.4,0
2021-07-28,2021-07-28,319.56000557,731.140009618,122.94038528668284,396.905000228,26.566666666666666,0.0,-0.39,0.4,0
2021-07-29,2021-07-29,327.98000637999996,739.300010338,131.1003860066828,406.75761604799993,26.50066666666667,0.0,-0.39,0.4,0
2021-07-30,2021-07-30,328.5200065,739.800010418,131.60038608668287,408.97832956799994,26.456666666666667,0.0,-0.39,0.4,0
2021-08-02,2021-08-02,340.980007,760.2400111579999,48.214364898989174,436.68230358799997,26.235333333333337,0.0,-0.3,0.41,0
2021-08-03,2021-08-03,341.74000664,768.960010778,56.93436451898924,447.977191948,26.140666666666668,0.0,-0.3,0.41,0
2021-08-04,2021-08-04,337.34000674,773.4200108179999,61.394364558989196,454.99039444799996,26.125333333333334,0.0,-0.3,0.41,0
2021-08-05,2021-08-05,329.04000604,782.100010118,70.07436385898927,465.748355408,26.163999999999998,0.0,-0.3,0.41,0
2021-08-06,2021-08-06,309.92000592,784.660010018,72.63436375898925,471.146856188,26.194999999999997,0.0,-0.3,0.41,0
2021-08-09,2021-08-09,295.86000564,791.300010148,79.27436388898923,481.725363598,26.316,0.0,-0.3,0.41,0
2021-08-10,2021-08-10,294.02000576,791.940010248,79.9143639889893,482.78602299799996,26.27733333333333,0.0,-0.3,0.41,0
2021-08-11,2021-08-11,288.90000635999996,793.760010488,81.7343642289893,485.208776798,26.229666666666667,0.0,-0.3,0.41,0
2021-08-12,2021-08-12,275.16000596000003,787.9400096879999,75.91436342898919,479.686399258,26.212666666666667,0.0,-0.3,0.41,0
2021-08-13,2021-08-13,277.40000562,798.260009508,86.23436324898933,491.715212238,26.172000000000004,0.0,-0.3,0.41,0
2021-08-16,2021-08-16,248.68000547,793.2000092679999,81.17436300898919,489.478640818,26.23,0.0,-0.3,0.41,0
2021-08-17,2021-08-17,230.42000485,766.500008188,54.47436192898931,462.27118671799997,26.35,0.0,-0.3,0.41,0
2021-08-18,2021-08-18,219.70000492999998,765.2000082879999,53.17436202898921,460.97126989799995,26.518666666666668,0.0,-0.3,0.41,0
2021-08-19,2021-08-19,217.54000395,762.140008408,50.114362148989244,457.262333378,26.590999999999998,0.0,-0.3,0.41,0
2021-08-20,2021-08-20,223.28000395,769.160008268,57.13436200898923,463.19991243799996,26.677666666666664,0.0,-0.3,0.41,0
2021-08-23,2021-08-23,206.62000263,714.320009008,2.294362748989329,404.039200958,27.016000000000002,0.0,-0.3,0.41,0
2021-08-24,2021-08-24,201.06000109000001,710.280007968,-1.7456382910107777,398.97962841799995,27.072999999999997,0.0,-0.3,0.41,0
2021-08-25,2021-08-25,204.02000081,707.260007428,-4.765638831010733,396.58367471799994,27.057000000000002,0.0,-0.3,0.41,0
2021-08-26,2021-08-26,211.35999981000003,720.960006328,8.934360068989236,411.860592558,27.029999999999998,0.0,-0.3,0.41,0
2021-08-27,2021-08-27,220.65999913000002,734.040005888,22.01435962898927,425.762176618,27.030000000000005,0.0,-0.3,0.41,0
2021-08-30,2021-08-30,238.19999937,763.040006888,51.014360628989266,456.466471398,27.127,0.0,-0.3,0.41,0
2021-08-31,2021-08-31,238.49999873,768.2000067079999,56.174360448989205,461.88118387799994,27.134666666666668,0.0,-0.3,0.41,0
2021-09-01,2021-09-01,239.85999831,773.740006728,-5.049327034505609,467.332912938,27.166333333333334,0.0,-0.35,0.20000000000000007,0
2021-09-02,2021-09-02,249.27999763000003,789.540005608,10.750671845494367,483.923984218,27.19633333333333,0.0,-0.35,0.20000000000000007,0
2021-09-03,2021-09-03,252.49999759000002,787.180005808,8.390672045494398,481.362510818,27.218333333333337,0.0,-0.35,0.20000000000000007,0
2021-09-06,2021-09-06,295.79999821,822.020006528,43.23067276549432,516.370665798,27.107666666666667,0.0,-0.35,0.20000000000000007,0
2021-09-07,2021-09-07,303.49999861,827.340006728,48.550672965494414,521.702220538,27.044666666666664,0.0,-0.35,0.20000000000000007,0
2021-09-08,2021-09-08,317.09999833,831.740004868,52.95067110549439,525.4594591179999,27.013666666666666,0.0,-0.35,0.20000000000000007,0
2021-09-09,2021-09-09,325.91999829,835.3200042679999,56.5306705054943,529.051991158,26.933333333333334,0.0,-0.35,0.20000000000000007,0
2021-09-10,2021-09-10,330.99999795,831.820004488,53.03067072549436,525.556860948,26.80166666666667,0.0,-0.35,0.20000000000000007,0
2021-09-13,2021-09-13,389.73999906999995,896.120005088,117.33067132549434,594.49686322,26.558333333333334,0.0,-0.35,0.20000000000000007,0
2021-09-14,2021-09-14,398.59999898999996,898.760005228,119.97067146549432,596.93089312,26.550333333333334,0.0,-0.35,0.20000000000000007,0
2021-09-15,2021-09-15,401.49999878000006,897.180005068,118.39067130549438,595.1712259000001,26.533,0.0,-0.35,0.20000000000000007,0
2021-09-16,2021-09-16,403.05999882000003,893.920005088,115.1306713254944,591.8399453999999,26.497333333333334,0.0,-0.35,0.20000000000000007,0
2021-09-17,2021-09-17,413.51999856,900.4200045480001,121.63067078549443,598.32439382,26.475,0.0,-0.35,0.20000000000000007,0
2021-09-20,2021-09-20,423.77999931,916.620005118,137.83067135549436,617.29655913,26.22033333333333,0.0,-0.35,0.20000000000000007,0
2021-09-21,2021-09-21,442.19999583,938.2400017179999,159.45066795549428,639.6445861899999,26.171666666666667,0.0,-0.35,0.20000000000000007,0
2021-09-22,2021-09-22,457.29999679,957.1200029099999,178.3306691474943,659.518189622,26.12633333333333,0.0,-0.35,0.20000000000000007,0
2021-09-23,2021-09-23,495.42000003,1002.78000623,223.9906724674944,707.468470102,25.982000000000003,0.0,-0.35,0.20000000000000007,0
2021-09-24,2021-09-24,524.58000077,1037.8600069699999,259.0706732074942,745.0461450019999,25.892666666666667,0.0,-0.35,0.20000000000000007,0
2021-09-27,2021-09-27,497.84000346,1054.34000827,275.55067450749436,762.524299262,25.956999999999997,0.0,-0.35,0.20000000000000007,0
2021-09-28,2021-09-28,481.90000287000004,1049.02000836,270.2306745974944,756.156516052,25.998333333333335,0.0,-0.35,0.20000000000000007,0
2021-09-29,2021-09-29,479.54000253,1050.56000836,271.77067459749435,757.9783347319999,26.011666666666667,0.0,-0.35,0.20000000000000007,0
2021-09-30,2021-09-30,502.52000268999996,1076.20000814,297.4106743774943,783.783359272,26.028,0.0,-0.35,0.20000000000000007,0
2021-10-01,2021-10-01,511.60000408999997,1092.4400094,279.1357631024248,801.234670352,26.009,0.0,-0.45,-0.06,0
2021-10-04,2021-10-04,515.20000485,1106.34001018,293.0357638824248,812.753417392,26.104333333333333,0.0,-0.45,-0.06,0
2021-10-05,2021-10-05,498.14000469,1087.50001042,274.19576412242486,792.816664012,26.189666666666668,0.0,-0.45,-0.06,0
2021-10-06,2021-10-06,509.98000601,1107.1200108199998,293.8157645224246,813.5266235720001,26.048333333333336,0.0,-0.45,-0.06,0
2021-10-07,2021-10-07,514.60000599,1112.9800104400001,299.6757641424249,820.790007586,25.977,0.0,-0.45,-0.06,0
2021-10-08,2021-10-08,504.40000609,1117.3600100600001,304.05576376242493,827.3775026259999,25.901333333333334,0.0,-0.45,-0.06,0
2021-10-11,2021-10-11,474.08000604999995,1114.84001056,301.5357642624249,830.056016686,26.105666666666664,0.0,-0.45,-0.06,0
2021-10-12,2021-10-12,465.20000875000005,1122.22001152,308.91576522242485,838.404076846,26.156,0.0,-0.45,-0.06,0
2021-10-13,2021-10-13,464.66000549,1121.18001026,307.8757639624248,839.116245286,26.091,0.0,-0.45,-0.06,0
2021-10-14,2021-10-14,469.92000569000004,1120.2600104199998,306.9557641224246,838.683710026,26.009999999999998,0.0,-0.45,-0.06,0
2021-10-15,2021-10-15,477.62000588999996,1127.8000101399998,314.4957638424246,847.3556886060001,25.921333333333333,0.0,-0.45,-0.06,0
2021-10-18,2021-10-18,517.2000031599999,1145.04000568,331.7357593824247,864.113866846,25.750999999999998,0.0,-0.45,-0.06,0
2021-10-19,2021-10-19,510.14000246,1140.8200057200002,327.51575942242494,859.419295846,25.907,0.0,-0.45,-0.06,0
2021-10-20,2021-10-20,499.72000254,1139.88000564,326.5757593424248,857.479593906,25.94,0.0,-0.45,-0.06,0
2021-10-21,2021-10-21,474.18000582,1127.78000484,314.4757585424247,843.950123906,25.984333333333332,0.0,-0.45,-0.06,0
2021-10-22,2021-10-22,455.90000483999995,1119.82000426,306.5157579624247,834.8946709659999,26.031000000000002,0.0,-0.45,-0.06,0
2021-10-25,2021-10-25,367.13999953999996,1104.28000232,290.9757560224248,822.3052842860001,26.124000000000002,0.0,-0.45,-0.06,0
2021-10-26,2021-10-26,367.83999957,1103.92000222,290.6157559224248,822.857543216,26.04733333333333,0.0,-0.45,-0.06,0
2021-10-27,2021-10-27,405.23999797,1131.59999986,318.2957535624248,852.151567416,25.86766666666667,0.0,-0.45,-0.06,0
2021-10-28,2021-10-28,407.83999799599997,1128.339999856,315.03575355842486,848.021589872,25.830666666666666,0.0,-0.45,-0.06,0
2021-10-29,2021-10-29,408.139998036,1125.8799999359999,312.57575363842466,845.367448212,25.798000000000002,0.0,-0.45,-0.06,0
2021-11-01,2021-11-01,341.719996926,1111.719999546,420.9373904052501,830.955173482,25.755333333333333,0.0,-0.63,-0.33,-1
2021-11-02,2021-11-02,336.19999646599996,1106.819999506,416.03739036524996,824.4572111619999,25.762666666666668,0.0,-0.63,-0.33,-1
2021-11-03,2021-11-03,320.29999606599995,1097.600000206,406.81739106525004,814.581656622,25.740666666666666,0.0,-0.63,-0.33,-1
2021-11-04,2021-11-04,317.499995826,1095.0800003260001,404.29739118525015,810.964094222,25.74,0.0,-0.63,-0.33,-1
2021-11-05,2021-11-05,286.499996006,1092.280000226,401.4973910852501,808.0276000219999,25.929333333333332,0.0,-0.63,-0.33,-1
2021-11-08,2021-11-08,260.719995926,1084.960000266,394.17739112525,799.7106253019999,26.238333333333337,0.0,-0.63,-0.33,-1
2021-11-09,2021-11-09,257.119995926,1079.360000126,388.57739098524996,794.973935142,26.241666666666667,0.0,-0.63,-0.33,-1
2021-11-10,2021-11-10,245.09999614599997,1084.780000746,393.9973916052501,802.099650702,26.177,0.0,-0.63,-0.33,-1
2021-11-11,2021-11-11,239.519995056,1084.340000956,393.55739181525007,803.141000822,26.098333333333336,0.0,-0.63,-0.33,-1
2021-11-12,2021-11-12,232.819996336,1087.220000896,396.43739175525013,806.258275982,26.147,0.0,-0.63,-0.33,-1
2021-11-15,2021-11-15,212.979997226,1106.900001916,416.1173927752501,831.806027182,26.139666666666663,0.0,-0.63,-0.33,-1
2021-11-16,2021-11-16,174.940000286,1107.0000018160001,416.21739267525015,834.127707082,26.159333333333333,0.0,-0.63,-0.33,-1
2021-11-17,2021-11-17,175.860000256,1103.3600019859998,412.57739284524985,831.427389232,26.13366666666667,0.0,-0.63,-0.33,-1
2021-11-18,2021-11-18,172.240000076,1089.780001846,398.99739270525004,818.951141992,26.076666666666664,0.0,-0.63,-0.33,-1
2021-11-19,2021-11-19,164.519999996,1088.0200018459998,397.2373927052498,817.7301762919999,26.072,0.0,-0.63,-0.33,-1
2021-11-22,2021-11-22,156.140000636,1064.020001806,373.23739266525,794.955308592,26.103,0.0,-0.63,-0.33,-1
2021-11-23,2021-11-23,149.580000236,1056.140001746,365.3573926052501,787.153232652,26.116666666666667,0.0,-0.63,-0.33,-1
2021-11-24,2021-11-24,148.26000023600002,1041.1800027460001,350.39739360525016,771.573980052,26.118333333333332,0.0,-0.63,-0.33,-1
2021-11-25,2021-11-25,140.80000025599998,1024.060003346,333.27739420525006,755.061466352,26.089000000000002,0.0,-0.63,-0.33,-1
2021-11-26,2021-11-26,102.580001856,1005.660003286,314.87739414525004,736.830403292,26.14033333333333,0.0,-0.63,-0.33,-1
2021-11-29,2021-11-29,145.98000211,1028.680002786,337.89739364524996,766.1464556599999,25.691,0.0,-0.63,-0.33,-1
2021-11-30,2021-11-30,148.90000217000002,1028.800003106,338.0173939652501,767.8624674,25.624333333333333,0.0,-0.63,-0.33,-1
2021-12-01,2021-12-01,147.80000225,1010.240004166,538.6162418595645,749.0493329999999,25.509333333333334,0.0,-0.76,-0.41000000000000003,-1
2021-12-02,2021-12-02,147.76000225,1002.080004166,530.4562418595644,740.4844974,25.378666666666668,0.0,-0.76,-0.41000000000000003,-1
2021-12-03,2021-12-03,147.68000225,983.180003166,511.5562408595645,720.61274592,25.23,0.0,-0.76,-0.41000000000000003,-1
2021-12-06,2021-12-06,145.06000232,931.000003896,459.3762415895645,666.02311349,24.769000000000002,0.0,-0.76,-0.41000000000000003,-1
2021-12-07,2021-12-07,142.16000238,912.9200043559999,441.29624204956446,647.6352564099999,24.627666666666666,0.0,-0.76,-0.41000000000000003,-1
2021-12-08,2021-12-08,140.76000238,899.800004356,428.17624204956456,633.7734002699999,24.52733333333333,0.0,-0.76,-0.41000000000000003,-1
2021-12-09,2021-12-09,139.96000236,888.320004536,416.6962422295646,620.08996425,24.49266666666667,0.0,-0.76,-0.41000000000000003,-1
2021-12-10,2021-12-10,130.68000194,849.860004136,378.23624182956456,578.878654198,24.501333333333335,0.0,-0.76,-0.41000000000000003,-1
2021-12-13,2021-12-13,103.42000199,796.160003536,324.5362412295645,522.9985195979999,24.507,0.0,-0.76,-0.41000000000000003,-1
2021-12-14,2021-12-14,84.48000079,788.3800037359999,316.75624142956445,515.9816896379999,24.529999999999998,0.0,-0.76,-0.41000000000000003,-1
2021-12-15,2021-12-15,80.94000062,784.7800037159999,313.1562414095644,513.0416805379999,24.559333333333335,0.0,-0.76,-0.41000000000000003,-1
2021-12-16,2021-12-16,78.94000064,772.4200038959999,300.79624158956443,500.689149618,24.648000000000003,0.0,-0.76,-0.41000000000000003,-1
2021-12-17,2021-12-17,76.40000065000001,769.4600040659999,297.8362417595644,497.35506940799996,24.647666666666666,0.0,-0.76,-0.41000000000000003,-1
2021-12-20,2021-12-20,77.34000085800001,716.9200070740001,245.2962447675646,444.460868116,24.323666666666668,0.0,-0.76,-0.41000000000000003,-1
2021-12-21,2021-12-21,75.440000828,693.4200060740001,221.7962437675646,420.70019829599994,24.285,0.0,-0.76,-0.41000000000000003,-1
2021-12-22,2021-12-22,75.240000838,643.840002614,172.21624030756453,369.258428576,24.246,0.0,-0.76,-0.41000000000000003,-1
2021-12-23,2021-12-23,78.000000838,609.560001814,137.9362395075645,333.210229236,24.265,0.0,-0.76,-0.41000000000000003,-1
2021-12-24,2021-12-24,78.320000828,593.720000604,122.09623829756453,316.59685724599996,24.287666666666667,0.0,-0.76,-0.41000000000000003,-1
2021-12-27,2021-12-27,68.200001188,590.040000624,118.41623831756448,315.763667066,24.522333333333336,0.0,-0.76,-0.41000000000000003,-1
2021-12-28,2021-12-28,56.94000114800001,586.400000644,114.77623833756451,313.276332766,24.53166666666667,0.0,-0.76,-0.41000000000000003,-1
2021-12-29,2021-12-29,30.260000548,556.420000644,84.79623833756449,283.647777626,24.627000000000002,0.0,-0.76,-0.41000000000000003,-1
2021-12-30,2021-12-30,21.040000348,538.239999364,66.61623705756455,265.48806882599996,24.643666666666665,0.0,-0.76,-0.41000000000000003,-1
2021-12-31,2021-12-31,20.940000348,510.459999524,38.83623721756453,237.30209926599997,24.651666666666664,0.0,-0.76,-0.41000000000000003,-1
2022-01-03,2022-01-03,20.980000348,485.259998424,253.54786963703208,212.39221814599998,24.872666666666664,0.0,-0.91,-0.46,-1
2022-01-04,2022-01-04,23.460000538,455.939998824,224.22787003703206,180.42379484599996,24.956,0.0,-0.91,-0.46,-1
2022-01-05,2022-01-05,24.680000578,441.079998484,209.36786969703206,163.756315372,25.060333333333332,0.0,-0.91,-0.46,-1
2022-01-06,2022-01-06,25.140000608,433.659998874,201.94787008703207,154.76788618199998,25.171,0.0,-0.91,-0.46,-1
2022-01-07,2022-01-07,25.000000608,426.479998914,194.7678701270321,145.79444052199997,25.249000000000002,0.0,-0.91,-0.46,-1
2022-01-10,2022-01-10,26.960000648,385.579997634,153.86786884703207,101.02021278199997,25.510333333333335,0.0,-0.91,-0.46,-1
2022-01-11,2022-01-11,26.960000648,370.81999889400004,139.1078701070321,83.56503014199998,25.554,0.0,-0.91,-0.46,-1
2022-01-12,2022-01-12,26.900000648000002,353.139998494,121.42786970703207,64.31332128199998,25.613333333333333,0.0,-0.91,-0.46,-1
2022-01-13,2022-01-13,26.900000648000002,337.65999849400004,105.94786970703211,47.104977341999984,25.627666666666666,0.0,-0.91,-0.46,-1
2022-01-14,2022-01-14,26.900000648000002,320.819998494,89.10786970703208,28.480695781999984,25.601666666666667,0.0,-0.91,-0.46,-1
2022-01-17,2022-01-17,26.340000640000003,273.000001574,41.287872787032086,-23.384801398000008,25.658,0.0,-0.91,-0.46,-1
2022-01-18,2022-01-18,17.16000024,264.480001494,32.7678727070321,-32.61100487800001,25.869000000000003,0.0,-0.91,-0.46,-1
2022-01-19,2022-01-19,17.14000024,259.880001494,28.167872707032075,-37.58863121800001,25.854333333333333,0.0,-0.91,-0.46,-1
2022-01-20,2022-01-20,17.12000024,254.640001474,22.927872687032078,-43.15438005800001,25.859333333333336,0.0,-0.91,-0.46,-1
2022-01-21,2022-01-21,15.6400003,247.02000177399998,15.307872987032056,-52.82529207800001,25.926,0.0,-0.91,-0.46,-1
2022-01-24,2022-01-24,11.800000338,232.580001422,0.8678726350320858,-71.6164152,26.15866666666667,0.0,-0.91,-0.46,-1
2022-01-25,2022-01-25,12.120000338,194.940003042,-36.77212574496792,-112.02771438,26.235333333333333,0.0,-0.91,-0.46,-1
2022-01-26,2022-01-26,9.520000377999999,191.720003006,-39.99212578096791,-116.22467817600001,26.331666666666663,0.0,-0.91,-0.46,-1
2022-01-27,2022-01-27,9.140000358,187.400002966,-44.312125820967935,-122.205619896,26.459333333333333,0.0,-0.91,-0.46,-1
2022-01-28,2022-01-28,8.900000358,185.140003016,-46.572125770967915,-125.56294638600002,26.590666666666667,0.0,-0.91,-0.46,-1
2022-01-31,2022-01-31,11.300000418,180.020003016,-51.69212577096792,-132.289930486,27.037,0.0,-0.91,-0.46,-1
2022-02-01,2022-02-01,11.500000438,180.14000303600002,78.76023855319767,-132.799582146,27.15,0.0,-0.87,-0.24,-1
2022-02-02,2022-02-02,11.500000438,179.260003036,77.88023855319764,-134.465939446,27.289,0.0,-0.87,-0.24,-1
2022-02-03,2022-02-03,9.040000238000001,178.480003056,77.10023857319763,-136.13473580600004,27.379,0.0,-0.87,-0.24,-1
2022-02-04,2022-02-04,7.700000198,177.440003096,76.06023861319764,-137.542228146,27.378,0.0,-0.87,-0.24,-1
2022-02-07,2022-02-07,7.700000188,173.18000313599998,71.80023865319762,-143.81509016600003,27.422000000000004,0.0,-0.87,-0.24,-1
2022-02-08,2022-02-08,7.0200001379999994,164.520002716,63.140238233197636,-154.598698946,27.514999999999997,0.0,-0.87,-0.24,-1
2022-02-09,2022-02-09,7.140000128,153.20000270600002,51.82023822319766,-169.339311726,27.579333333333334,0.0,-0.87,-0.24,-1
2022-02-10,2022-02-10,7.780000136,145.780002694,44.40023821119763,-178.966344738,27.660666666666664,0.0,-0.87,-0.24,-1
2022-02-11,2022-02-11,7.8000001359999995,138.12000277400003,36.74023829119767,-188.81648857800002,27.752000000000002,0.0,-0.87,-0.24,-1
2022-02-14,2022-02-14,15.740000135999999,121.34000142400001,19.96023694119765,-210.76549536800002,28.055999999999997,0.0,-0.87,-0.24,-1
2022-02-15,2022-02-15,16.860000096,119.900001394,18.520236911197642,-212.99568735800003,28.092,0.0,-0.87,-0.24,-1
2022-02-16,2022-02-16,20.080000156,120.840001654,19.460237171197647,-212.64085147800003,28.127666666666666,0.0,-0.87,-0.24,-1
2022-02-17,2022-02-17,24.100000376,124.060001874,22.680237391197636,-209.614303818,28.193666666666665,0.0,-0.87,-0.24,-1
2022-02-18,2022-02-18,26.380000316,120.86000141400001,19.480236931197652,-213.68417817800002,28.308333333333334,0.0,-0.87,-0.24,-1
2022-02-21,2022-02-21,35.700000436,126.72000157400001,25.34023709119765,-208.33900043800003,28.296,0.0,-0.87,-0.24,-1
2022-02-22,2022-02-22,35.960000435999994,127.180001574,25.800237091197644,-209.07505857800004,28.295666666666666,0.0,-0.87,-0.24,-1
2022-02-23,2022-02-23,35.280000408,127.060001574,25.68023709119764,-211.00266345800003,28.24233333333333,0.0,-0.87,-0.24,-1
2022-02-24,2022-02-24,34.440000387999994,126.800001574,25.42023709119765,-212.35226079800003,28.12633333333333,0.0,-0.87,-0.24,-1
2022-02-25,2022-02-25,34.440000387999994,112.160001954,10.780237471197637,-229.685032376,27.993,0.0,-0.87,-0.24,-1
2022-02-28,2022-02-28,34.720000387999995,64.660001094,-36.71976338880236,-286.09371730600003,27.864333333333335,0.0,-0.87,-0.24,-1
2022-03-01,2022-03-01,33.600000388,64.660001094,-3.3559673628172106,-287.683026986,27.913999999999998,0.0,-0.82,-0.05999999999999994,-1
2022-03-02,2022-03-02,33.080000328,65.340001094,-2.675967362817204,-288.52103178600004,27.948333333333334,0.0,-0.82,-0.05999999999999994,-1
2022-03-03,2022-03-03,33.080000308,65.540001094,-2.475967362817201,-290.202016166,27.995333333333335,0.0,-0.82,-0.05999999999999994,-1
2022-03-04,2022-03-04,33.480000307999994,65.960001094,-2.0559673628171993,-291.431232646,28.081666666666663,0.0,-0.82,-0.05999999999999994,-1
2022-03-07,2022-03-07,34.520000288,66.900001064,-1.1159673928172111,-296.837422616,28.493,0.0,-0.82,-0.05999999999999994,-1
2022-03-08,2022-03-08,34.540000288,66.820001064,-1.1959673928172094,-299.159608116,28.595666666666666,0.0,-0.82,-0.05999999999999994,-1
2022-03-09,2022-03-09,33.800000288,67.020001064,-0.9959673928172066,-300.746330676,28.63133333333333,0.0,-0.82,-0.05999999999999994,-1
2022-03-10,2022-03-10,33.180000288,67.020001064,-0.9959673928172066,-302.528765656,28.645666666666667,0.0,-0.82,-0.05999999999999994,-1
2022-03-11,2022-03-11,32.920000288000004,67.020001064,-0.9959673928172066,-305.126808856,28.677666666666667,0.0,-0.82,-0.05999999999999994,-1
2022-03-14,2022-03-14,37.1000003,72.440001084,4.424032627182797,-305.1205363760001,28.921666666666667,0.0,-0.82,-0.05999999999999994,-1
2022-03-15,2022-03-15,34.28000032,72.820001104,4.804032647182794,-306.600341076,29.00333333333333,0.0,-0.82,-0.05999999999999994,-1
2022-03-16,2022-03-16,30.46000032,72.860001104,4.8440326471828,-307.99827875600005,29.117333333333338,0.0,-0.82,-0.05999999999999994,-1
2022-03-17,2022-03-17,30.52000036,74.020001104,6.004032647182797,-308.081378616,29.25766666666667,0.0,-0.82,-0.05999999999999994,-1
2022-03-18,2022-03-18,35.28000004,81.700000836,13.684032379182796,-301.25358240400004,29.377333333333333,0.0,-0.82,-0.05999999999999994,-1
2022-03-21,2022-03-21,34.95999998,81.160000436,13.144031979182799,-306.85654120400005,29.554666666666666,0.0,-0.82,-0.05999999999999994,-1
2022-03-22,2022-03-22,43.45999998,91.600000556,23.584032099182792,-297.075906944,29.62333333333333,0.0,-0.82,-0.05999999999999994,-1
2022-03-23,2022-03-23,48.519999948,97.240000684,29.22403222718279,-292.126521296,29.708666666666666,0.0,-0.82,-0.05999999999999994,-1
2022-03-24,2022-03-24,52.239999878000006,101.100000624,33.0840321671828,-289.06791417600004,29.767999999999997,0.0,-0.82,-0.05999999999999994,-1
2022-03-25,2022-03-25,54.519999778,101.600000524,33.58403206718279,-289.61613817600005,29.86433333333333,0.0,-0.82,-0.05999999999999994,-1
2022-03-28,2022-03-28,64.319999638,107.92000038399999,39.904031927182785,-287.494426496,30.362666666666666,0.0,-0.82,-0.05999999999999994,-1
2022-03-29,2022-03-29,65.479999658,108.84000040400001,40.8240319471828,-288.139589376,30.422,0.0,-0.82,-0.05999999999999994,-1
2022-03-30,2022-03-30,75.29999999799999,118.920000744,50.9040322871828,-278.031192976,30.410999999999998,0.0,-0.82,-0.05999999999999994,-1
2022-03-31,2022-03-31,106.89999979800001,150.620000544,82.60403208718279,-244.206359956,30.199666666666666,0.0,-0.82,-0.05999999999999994,-1
2022-04-01,2022-04-01,120.200000398,164.580001144,54.132833707294424,-229.597138616,30.087666666666667,0.0,-0.79,0.12,-1
2022-04-04,2022-04-04,123.140000418,166.660000944,56.21283350729442,-228.44562955600003,29.533,0.0,-0.79,0.12,-1
2022-04-05,2022-04-05,123.200000418,165.420000904,54.972833467294436,-229.758945036,29.357000000000003,0.0,-0.79,0.12,-1
2022-04-06,2022-04-06,123.980000438,165.74000089400002,55.29283345729445,-230.32224078600004,29.21466666666667,0.0,-0.79,0.12,-1
2022-04-07,2022-04-07,124.040000438,165.860000894,55.412833457294425,-230.98262922600003,29.149333333333335,0.0,-0.79,0.12,-1
2022-04-08,2022-04-08,124.240000438,165.740000914,55.29283347729444,-232.27755296600003,29.048000000000002,0.0,-0.79,0.12,-1
2022-04-11,2022-04-11,121.240000468,165.54000088400002,55.09283344729445,-235.68674735600004,28.954333333333334,0.0,-0.79,0.12,-1
2022-04-12,2022-04-12,121.82000049800001,166.98000091400002,56.532833477294446,-234.95192734600002,28.87066666666667,0.0,-0.79,0.12,-1
2022-04-13,2022-04-13,124.020000478,169.560000914,59.11283347729443,-232.80680858600002,28.809666666666665,0.0,-0.79,0.12,-1
2022-04-14,2022-04-14,128.860000378,174.78000083400002,64.33283339729445,-227.65455992600002,28.76366666666667,0.0,-0.79,0.12,-1
2022-04-15,2022-04-15,136.560000178,182.76000063400002,72.31283319729445,-219.07533844600002,28.699666666666666,0.0,-0.79,0.12,-1
2022-04-18,2022-04-18,141.52000067800003,197.960000834,87.51283339729443,-204.98266840600002,28.398000000000003,0.0,-0.79,0.12,-1
2022-04-19,2022-04-19,140.340000718,199.160000854,88.71283341729443,-205.23888962600003,28.36366666666667,0.0,-0.79,0.12,-1
2022-04-20,2022-04-20,139.720000638,203.760000834,93.31283339729444,-200.69823498600002,28.338,0.0,-0.79,0.12,-1
2022-04-21,2022-04-21,131.480000778,207.440001034,96.99283359729444,-197.511312846,28.378,0.0,-0.79,0.12,-1
2022-04-22,2022-04-22,123.64000065,207.860001034,97.41283359729442,-197.43138496600002,28.399333333333335,0.0,-0.79,0.12,-1
2022-04-25,2022-04-25,127.18000098,217.180001166,106.73283372929444,-190.266668454,28.584333333333333,0.0,-0.79,0.12,-1
2022-04-26,2022-04-26,122.52000124,220.32000122600002,109.87283378929445,-186.51271101400002,28.553333333333335,0.0,-0.79,0.12,-1
2022-04-27,2022-04-27,122.78000122,221.560001246,111.11283380929444,-185.118959834,28.613333333333333,0.0,-0.79,0.12,-1
2022-04-28,2022-04-28,121.88000120000001,221.820001246,111.37283380929443,-185.91517233400003,28.713,0.0,-0.79,0.12,-1
2022-04-29,2022-04-29,125.30000114,235.320001526,124.87283408929443,-170.93973462800002,28.689333333333334,0.0,-0.79,0.12,-1
2022-05-02,2022-05-02,129.70000019999998,285.920000906,25.92053745511288,-117.62598178800002,28.854,0.0,-0.86,0.010000000000000009,-1
2022-05-03,2022-05-03,142.34000072,298.800001426,38.80053797511289,-103.26998782800001,28.944333333333336,0.0,-0.86,0.010000000000000009,-1
2022-05-04,2022-05-04,149.48000052,307.10000122599996,47.100537775112855,-93.72186942800002,29.073333333333334,0.0,-0.86,0.010000000000000009,-1
2022-05-05,2022-05-05,154.00000075999998,311.720001466,51.72053801511288,-89.17260610800001,29.158,0.0,-0.86,0.010000000000000009,-1
2022-05-06,2022-05-06,154.60000073999998,313.100001466,53.100538015112875,-88.25522522800001,29.21466666666667,0.0,-0.86,0.010000000000000009,-1
2022-05-09,2022-05-09,161.90000090599997,319.600001652,59.6005382011129,-82.64167440200002,29.334333333333333,0.0,-0.86,0.010000000000000009,-1
2022-05-10,2022-05-10,162.420000926,320.400001672,60.40053822111287,-81.775256822,29.351333333333333,0.0,-0.86,0.010000000000000009,-1
2022-05-11,2022-05-11,166.620001036,324.380001784,64.3805383331129,-77.57612095,29.353666666666665,0.0,-0.86,0.010000000000000009,-1
2022-05-12,2022-05-12,174.780000526,333.960001304,73.9605378531129,-66.60317065000002,29.275333333333332,0.0,-0.86,0.010000000000000009,-1
2022-05-13,2022-05-13,176.660000626,337.780001404,77.78053795311291,-63.00948375000001,29.246666666666666,0.0,-0.86,0.010000000000000009,-1
2022-05-16,2022-05-16,175.900002126,355.340002884,95.3405394331129,-44.880334950000005,29.198666666666668,0.0,-0.86,0.010000000000000009,-1
2022-05-17,2022-05-17,185.340002006,362.88000268400003,102.88053923311293,-36.54839947000001,29.151333333333337,0.0,-0.86,0.010000000000000009,-1
2022-05-18,2022-05-18,192.900002006,366.76000246399997,106.76053901311286,-32.33070267000001,29.111333333333334,0.0,-0.86,0.010000000000000009,-1
2022-05-19,2022-05-19,212.66000258600002,385.440003124,125.44053967311288,-12.898945050000005,29.031666666666663,0.0,-0.86,0.010000000000000009,-1
2022-05-20,2022-05-20,224.000003606,398.68000422399996,138.68054077311285,0.35269102999999014,28.967666666666666,0.0,-0.86,0.010000000000000009,-1
2022-05-23,2022-05-23,256.560004146,432.30000474400003,172.30054129311293,36.266851589999995,28.519999999999996,0.0,-0.86,0.010000000000000009,-1
2022-05-24,2022-05-24,253.460003986,435.080004764,175.08054131311292,39.77154530999999,28.377999999999997,0.0,-0.86,0.010000000000000009,-1
2022-05-25,2022-05-25,255.560004026,438.300004804,178.30054135311292,43.69650950999999,28.27,0.0,-0.86,0.010000000000000009,-1
2022-05-26,2022-05-26,265.660003806,451.540004644,191.54054119311292,58.587166929999995,28.084,0.0,-0.86,0.010000000000000009,-1
2022-05-27,2022-05-27,279.360004006,466.460004864,206.46054141311288,75.30532588999999,27.871666666666666,0.0,-0.86,0.010000000000000009,-1
2022-05-30,2022-05-30,271.200004186,491.24000512400005,231.24054167311294,105.17573293,27.52333333333333,0.0,-0.86,0.010000000000000009,-1
2022-05-31,2022-05-31,265.660004206,497.740005004,237.7405415531129,112.20879120999999,27.578666666666663,0.0,-0.86,0.010000000000000009,-1
2022-06-01,2022-06-01,253.280004346,506.120004944,59.9211153416,121.95045649,27.613,0.0,-0.95,-0.13,-1
2022-06-02,2022-06-02,252.860004506,518.180005624,71.98111602160003,135.84169971,27.601999999999997,0.0,-0.95,-0.13,-1
2022-06-03,2022-06-03,249.80000464600002,522.420005584,76.22111598160001,141.27075116999998,27.591,0.0,-0.95,-0.13,-1
2022-06-06,2022-06-06,253.14000445599999,533.8800054339999,87.68111583159993,156.61132388,27.459333333333333,0.0,-0.95,-0.13,-1
2022-06-07,2022-06-07,254.900003946,539.7600052739999,93.56111567159991,163.85123488,27.46533333333333,0.0,-0.95,-0.13,-1
2022-06-08,2022-06-08,256.62000379,543.0400051539999,96.8411155515999,168.81255702,27.40233333333333,0.0,-0.95,-0.13,-1
2022-06-09,2022-06-09,259.40000378999997,546.880005174,100.68111557159995,174.19234716,27.387333333333334,0.0,-0.95,-0.13,-1
2022-06-10,2022-06-10,266.14000327,554.0000047740001,107.80111517160009,182.02996263999998,27.354,0.0,-0.95,-0.13,-1
2022-06-13,2022-06-13,257.840003008,564.400004532,118.20111492960001,194.561710738,27.371333333333332,0.0,-0.95,-0.13,-1
2022-06-14,2022-06-14,250.800002968,565.6600044920001,119.46111488960008,196.605951378,27.33833333333333,0.0,-0.95,-0.13,-1
2022-06-15,2022-06-15,243.820001908,568.640004432,122.44111482959994,200.455811638,27.372666666666664,0.0,-0.95,-0.13,-1
2022-06-16,2022-06-16,236.96000206800002,564.560004712,118.36111510960001,196.45219839799998,27.389999999999997,0.0,-0.95,-0.13,-1
2022-06-17,2022-06-17,234.500002268,568.920004952,122.72111534959998,201.088496878,27.423333333333332,0.0,-0.95,-0.13,-1
2022-06-20,2022-06-20,194.519999428,562.140004552,115.94111494960003,193.11848983800002,27.636333333333333,0.0,-0.95,-0.13,-1
2022-06-21,2022-06-21,182.739999788,557.9400043840001,111.74111478160006,188.45531287,27.676666666666666,0.0,-0.95,-0.13,-1
2022-06-22,2022-06-22,184.360000048,564.4200049140001,118.22111531160004,195.48989573999998,27.771,0.0,-0.95,-0.13,-1
2022-06-23,2022-06-23,192.220001168,572.780006154,126.58111655160002,204.14296182,27.80566666666667,0.0,-0.95,-0.13,-1
2022-06-24,2022-06-24,203.640001468,586.3800064740001,140.18111687160007,218.55145606,27.799,0.0,-0.95,-0.13,-1
2022-06-27,2022-06-27,185.920000888,598.580006154,152.38111655159997,231.86211848,28.132,0.0,-0.95,-0.13,-1
2022-06-28,2022-06-28,184.100000628,595.700005714,149.50111611159997,228.62629496,28.226666666666667,0.0,-0.95,-0.13,-1
2022-06-29,2022-06-29,188.06000020800002,572.400005534,126.20111593159999,203.38935569999998,28.252333333333336,0.0,-0.95,-0.13,-1
2022-06-30,2022-06-30,190.840000738,568.380005344,122.18111574159997,199.24112849,28.194666666666667,0.0,-0.95,-0.13,-1
2022-07-01,2022-07-01,194.840001978,577.820006524,-30.37961780731723,211.09448453,28.073666666666668,0.0,-0.9,-0.10999999999999999,-1
2022-07-04,2022-07-04,189.940001078,594.7600063240001,-13.439618007317108,228.45043370999997,28.020666666666667,0.0,-0.9,-0.10999999999999999,-1
2022-07-05,2022-07-05,196.48000104800002,600.940006304,-7.259618027317174,235.24941547,28.014333333333337,0.0,-0.9,-0.10999999999999999,-1
2022-07-06,2022-07-06,198.98000136800002,608.820006364,0.6203820326828691,244.14958968999997,28.033,0.0,-0.9,-0.10999999999999999,-1
2022-07-07,2022-07-07,198.440001408,613.960006244,5.760381912682874,251.35403524999998,28.01066666666667,0.0,-0.9,-0.10999999999999999,-1
2022-07-08,2022-07-08,214.22000112799998,632.740005824,24.540381492682855,271.99605514999996,27.98733333333333,0.0,-0.9,-0.10999999999999999,-1
2022-07-11,2022-07-11,242.460001878,677.580006184,69.38038185268283,325.91331041,27.500999999999998,0.0,-0.9,-0.10999999999999999,-1
2022-07-12,2022-07-12,258.18000233000004,696.820006584,88.62038225268282,346.88265207,27.409666666666666,0.0,-0.9,-0.10999999999999999,-1
2022-07-13,2022-07-13,268.22000270999996,703.760006864,95.56038253268287,355.34416123,27.299,0.0,-0.9,-0.10999999999999999,-1
2022-07-14,2022-07-14,277.52000415,706.6200084640001,98.4203841326829,359.25570543,27.211333333333336,0.0,-0.9,-0.10999999999999999,-1
2022-07-15,2022-07-15,279.96000415000003,699.680008184,91.48038385268285,351.84164283,27.185333333333336,0.0,-0.9,-0.10999999999999999,-1
2022-07-18,2022-07-18,288.18000433,719.120008524,110.92038419268283,375.95445144999997,27.066666666666666,0.0,-0.9,-0.10999999999999999,-1
2022-07-19,2022-07-19,293.76000525,725.560009284,117.36038495268281,383.14729989,26.999666666666666,0.0,-0.9,-0.10999999999999999,-1
2022-07-20,2022-07-20,310.94000531,741.600009084,133.40038475268284,401.70644103,26.880333333333336,0.0,-0.9,-0.10999999999999999,-1
2022-07-21,2022-07-21,316.92000509,751.2200088239999,143.02038449268275,413.07917211,26.807666666666666,0.0,-0.9,-0.10999999999999999,-1
2022-07-22,2022-07-22,317.68000457,758.600008764,150.4003844326828,421.20923526999997,26.822000000000003,0.0,-0.9,-0.10999999999999999,-1
2022-07-25,2022-07-25,290.80000371,758.960008464,150.76038413268282,420.71668558999994,26.916,0.0,-0.9,-0.10999999999999999,-1
2022-07-26,2022-07-26,289.18000365000006,762.880008384,154.68038405268283,425.24323343,26.901666666666667,0.0,-0.9,-0.10999999999999999,-1
2022-07-27,2022-07-27,291.56000341,768.2600083640001,160.06038403268292,432.36906662999996,26.880666666666666,0.0,-0.9,-0.10999999999999999,-1
2022-07-28,2022-07-28,289.76000383,760.160008404,151.9603840726828,423.46837118400003,26.848333333333336,0.0,-0.9,-0.10999999999999999,-1
2022-07-29,2022-07-29,287.04000409,746.300008484,138.10038415268286,409.131898204,26.852666666666664,0.0,-0.9,-0.10999999999999999,-1
2022-08-01,2022-08-01,281.6400026,726.840008424,14.814362164989234,388.810514584,27.073666666666668,0.0,-0.78,0.07999999999999996,-1
2022-08-02,2022-08-02,282.04000274,723.100008844,11.074362584989217,385.10967150399995,27.074,0.0,-0.78,0.07999999999999996,-1
2022-08-03,2022-08-03,284.46000272000003,725.220008284,13.194362024989232,388.667353584,27.036,0.0,-0.78,0.07999999999999996,-1
2022-08-04,2022-08-04,284.82000268,731.160008244,19.134361984989255,396.41084560400003,26.985333333333333,0.0,-0.78,0.07999999999999996,-1
2022-08-05,2022-08-05,281.12000239,733.240008214,21.214361954989272,399.999498594,26.915000000000003,0.0,-0.78,0.07999999999999996,-1
2022-08-08,2022-08-08,308.22000271,794.160008008,82.13436174898925,467.697144636,26.671666666666667,0.0,-0.78,0.07999999999999996,-1
2022-08-09,2022-08-09,306.06000311,805.420007888,93.39436162898926,481.69411826199996,26.627666666666666,0.0,-0.78,0.07999999999999996,-1
2022-08-10,2022-08-10,302.12000277,804.9200084280001,92.89436216898935,481.920471662,26.652333333333335,0.0,-0.78,0.07999999999999996,-1
2022-08-11,2022-08-11,294.10000289,814.2600088480001,102.23436258898937,493.017414122,26.64,0.0,-0.78,0.07999999999999996,-1
2022-08-12,2022-08-12,284.08000271000003,810.1400084280001,98.11436216898937,488.98124176199997,26.712333333333333,0.0,-0.78,0.07999999999999996,-1
2022-08-15,2022-08-15,283.36000126,805.580007518,93.55436125898927,483.69164807199996,26.74366666666667,0.0,-0.78,0.07999999999999996,-1
2022-08-16,2022-08-16,289.38000118,810.160007698,98.13436143898923,487.998074852,26.767333333333337,0.0,-0.78,0.07999999999999996,-1
2022-08-17,2022-08-17,285.0800012,791.5400071380001,79.51436087898935,468.93228839200003,26.726333333333336,0.0,-0.78,0.07999999999999996,-1
2022-08-18,2022-08-18,281.18000036,782.7400060379999,70.7143597789892,459.58734195200003,26.733999999999998,0.0,-0.78,0.07999999999999996,-1
2022-08-19,2022-08-19,273.08000038,778.540005118,66.51435885898923,455.801712692,26.716333333333335,0.0,-0.78,0.07999999999999996,-1
2022-08-22,2022-08-22,278.40000169999996,784.2600062380001,72.23435997898935,461.352665292,26.614,0.0,-0.78,0.07999999999999996,-1
2022-08-23,2022-08-23,292.9200015,796.140005998,84.11435973898926,473.110409732,26.584000000000003,0.0,-0.78,0.07999999999999996,-1
2022-08-24,2022-08-24,293.40000148,786.700006138,74.67435987898932,461.98858017199996,26.555,0.0,-0.78,0.07999999999999996,-1
2022-08-25,2022-08-25,297.72000174,781.240006118,69.21435985898927,456.422977112,26.453,0.0,-0.78,0.07999999999999996,-1
2022-08-26,2022-08-26,296.7200016,774.200005898,62.174359638989245,448.799947652,26.401000000000003,0.0,-0.78,0.07999999999999996,-1
2022-08-29,2022-08-29,292.56000137999996,771.860005798,59.83435953898925,444.38218215200004,26.485000000000003,0.0,-0.78,0.07999999999999996,-1
2022-08-30,2022-08-30,291.9200012,774.440005878,62.41435961898924,446.218356292,26.521333333333335,0.0,-0.78,0.07999999999999996,-1
2022-08-31,2022-08-31,292.92000148,766.900005398,54.874359138989234,438.006293872,26.552,0.0,-0.78,0.07999999999999996,-1
2022-09-01,2022-09-01,293.2200016,766.520005798,-12.269327964505578,437.118977912,26.613333333333333,0.0,-0.76,0.18999999999999995,-1
2022-09-02,2022-09-02,294.96000189999995,769.360005698,-9.429328064505626,440.176868232,26.651,0.0,-0.76,0.18999999999999995,-1
2022-09-05,2022-09-05,315.46000276999996,799.480006888,20.690673125494413,473.021773822,26.711333333333336,0.0,-0.76,0.18999999999999995,-1
2022-09-06,2022-09-06,306.84000393,807.760006768,28.970673005494405,482.537665102,26.771666666666665,0.0,-0.76,0.18999999999999995,-1
2022-09-07,2022-09-07,283.86000253000003,818.620006748,39.8306729854944,496.207308702,26.860333333333337,0.0,-0.76,0.18999999999999995,-1
2022-09-08,2022-09-08,273.90000309,813.180007708,34.390673945494314,491.570558582,26.986666666666668,0.0,-0.76,0.18999999999999995,-1
2022-09-09,2022-09-09,271.82000323,816.400007878,37.61067411549436,495.46919425199997,27.106666666666666,0.0,-0.76,0.18999999999999995,-1
2022-09-12,2022-09-12,272.36000301,826.9200086999999,48.13067493749429,507.182017094,27.185333333333336,0.0,-0.76,0.18999999999999995,-1
2022-09-13,2022-09-13,268.08000326999996,828.0000088200001,49.21067505749443,508.30425937399997,27.200333333333333,0.0,-0.76,0.18999999999999995,-1
2022-09-14,2022-09-14,270.42000366999997,839.04000912,60.2506753574944,520.046525394,27.186999999999998,0.0,-0.76,0.18999999999999995,-1
2022-09-15,2022-09-15,274.72000409000003,850.3800095199999,71.5906757574943,532.659486294,27.137666666666668,0.0,-0.76,0.18999999999999995,-1
2022-09-16,2022-09-16,286.40000375,859.66000928,80.87067551749442,543.376017154,27.113666666666667,0.0,-0.76,0.18999999999999995,-1
2022-09-19,2022-09-19,278.820002778,873.720009508,94.93067574549434,561.4516528620001,27.139666666666663,0.0,-0.76,0.18999999999999995,-1
2022-09-20,2022-09-20,291.160003238,880.280009448,101.49067568549435,569.043659722,27.09433333333333,0.0,-0.76,0.18999999999999995,-1
2022-09-21,2022-09-21,290.860002818,882.900007888,104.11067412549437,572.446197662,27.044999999999998,0.0,-0.76,0.18999999999999995,-1
2022-09-22,2022-09-22,293.100004078,885.6000086079999,106.8106748454943,576.156124162,26.96233333333333,0.0,-0.76,0.18999999999999995,-1
2022-09-23,2022-09-23,296.48000401800005,880.680009208,101.89067544549437,572.578946582,26.878333333333334,0.0,-0.76,0.18999999999999995,-1
2022-09-26,2022-09-26,303.960002718,892.080008148,113.29067438549441,588.500760982,26.785333333333334,0.0,-0.76,0.18999999999999995,-1
2022-09-27,2022-09-27,315.940002818,901.880008288,123.09067452549436,600.6794252899999,26.576666666666668,0.0,-0.76,0.18999999999999995,-1
2022-09-28,2022-09-28,344.30000191799996,925.320006978,146.5306732154944,624.99229872,26.415,0.0,-0.76,0.18999999999999995,-1
2022-09-29,2022-09-29,345.740002498,925.340006398,146.55067263549438,623.78700004,26.291999999999998,0.0,-0.76,0.18999999999999995,-1
2022-09-30,2022-09-30,345.280002458,919.840006538,141.05067277549438,618.04915434,26.226666666666667,0.0,-0.76,0.18999999999999995,-1
2022-10-03,2022-10-03,334.360003368,921.940007568,108.63576127042484,621.09994379,26.13266666666667,0.0,-0.87,0.030000000000000027,-1
2022-10-04,2022-10-04,322.360003338,916.600007498,103.29576120042475,616.90240202,26.099333333333334,0.0,-0.87,0.030000000000000027,-1
2022-10-05,2022-10-05,315.420002178,916.460007658,103.15576136042478,616.37909498,26.149,0.0,-0.87,0.030000000000000027,-1
2022-10-06,2022-10-06,308.040002518,901.580008158,88.27576186042484,601.3177689600001,26.18166666666667,0.0,-0.87,0.030000000000000027,-1
2022-10-07,2022-10-07,299.54000277800003,891.6200080179999,78.31576172042469,589.30922826,26.293666666666663,0.0,-0.87,0.030000000000000027,-1
2022-10-10,2022-10-10,310.200001268,864.200006878,50.895760580424735,559.00014058,26.18866666666667,0.0,-0.87,0.030000000000000027,-1
2022-10-11,2022-10-11,317.36000070800003,866.680006718,53.37576042042474,561.76702568,26.08533333333333,0.0,-0.87,0.030000000000000027,-1
2022-10-12,2022-10-12,306.920000788,856.320005338,43.01575904042477,550.4212118,26.065666666666665,0.0,-0.87,0.030000000000000027,-1
2022-10-13,2022-10-13,306.40000060799997,854.4400052780001,41.13575898042484,549.97814174,25.949,0.0,-0.87,0.030000000000000027,-1
2022-10-14,2022-10-14,326.78000148800004,880.5600064180001,67.25576012042484,578.891754568,25.748666666666665,0.0,-0.87,0.030000000000000027,-1
2022-10-17,2022-10-17,300.9800019,868.4400061380001,55.13575984042484,566.3113914679999,25.793,0.0,-0.87,0.030000000000000027,-1
2022-10-18,2022-10-18,291.50000181999997,850.0800061780001,36.77575988042486,546.281002568,25.813333333333333,0.0,-0.87,0.030000000000000027,-1
2022-10-19,2022-10-19,285.90000183,842.700006248,29.395759950424804,537.651498278,25.842666666666666,0.0,-0.87,0.030000000000000027,-1
2022-10-20,2022-10-20,275.44000163,838.040006508,24.735760210424814,533.639179478,25.860666666666667,0.0,-0.87,0.030000000000000027,-1
2022-10-21,2022-10-21,262.36000205,831.6200065679999,18.315760270424676,527.0865765379999,25.89966666666667,0.0,-0.87,0.030000000000000027,-1
2022-10-24,2022-10-24,241.24000113,832.780006488,19.475760190424808,530.610233918,26.08133333333333,0.0,-0.87,0.030000000000000027,-1
2022-10-25,2022-10-25,231.02000120999998,830.9200065279999,17.615760230424712,529.3225665179999,26.12,0.0,-0.87,0.030000000000000027,-1
2022-10-26,2022-10-26,229.14000169,831.4600060079999,18.155759710424718,530.301377858,26.147333333333332,0.0,-0.87,0.030000000000000027,-1
2022-10-27,2022-10-27,215.60000202999998,830.440006228,17.135759930424797,531.1490287979999,26.23633333333333,0.0,-0.87,0.030000000000000027,-1
2022-10-28,2022-10-28,182.40000293,819.260006228,5.955759930424733,519.735406898,26.321,0.0,-0.87,0.030000000000000027,-1
2022-10-31,2022-10-31,155.58000137,799.280005888,-14.024240409575214,498.91160775799995,26.382,0.0,-0.87,0.030000000000000027,-1
2022-11-01,2022-11-01,151.28000131,792.660006208,101.87739706725006,491.290134798,26.351333333333333,0.0,-0.97,-0.18999999999999995,-1
2022-11-02,2022-11-02,148.30000136,785.420006248,94.63739710725008,483.086793398,26.287,0.0,-0.97,-0.18999999999999995,-1
2022-11-03,2022-11-03,149.22000177,784.700006878,93.91739773724998,482.44323698799997,26.263666666666666,0.0,-0.97,-0.18999999999999995,-1
2022-11-04,2022-11-04,152.78000211,783.6600070579999,92.87739791724994,481.256165168,26.219999999999995,0.0,-0.97,-0.18999999999999995,-1
2022-11-07,2022-11-07,135.60000187,713.1000070580001,22.317397917250105,403.66419155399996,26.198333333333334,0.0,-0.97,-0.18999999999999995,-1
2022-11-08,2022-11-08,128.74000231,704.040006998,13.257397857249998,392.743301534,26.224666666666668,0.0,-0.97,-0.18999999999999995,-1
2022-11-09,2022-11-09,120.34000248999999,690.440006478,-0.3426026627499823,377.48825215399995,26.311666666666664,0.0,-0.97,-0.18999999999999995,-1
2022-11-10,2022-11-10,106.00000245,688.6000064579999,-2.18260268275003,375.730790234,26.42233333333333,0.0,-0.97,-0.18999999999999995,-1
2022-11-11,2022-11-11,105.70000243,684.9800062280001,-5.802602912749876,372.02734052399995,26.459,0.0,-0.97,-0.18999999999999995,-1
2022-11-14,2022-11-14,69.08000143,654.360006468,-36.42260267274992,341.339468844,26.823999999999998,0.0,-0.97,-0.18999999999999995,-1
2022-11-15,2022-11-15,63.04000107,652.540006428,-38.24260271275,339.141380204,26.880999999999997,0.0,-0.97,-0.18999999999999995,-1
2022-11-16,2022-11-16,59.22000075,646.480006528,-44.30260261274998,332.929569944,26.932000000000002,0.0,-0.97,-0.18999999999999995,-1
2022-11-17,2022-11-17,58.80000072,635.800006518,-54.98260262274994,321.094584674,26.983333333333334,0.0,-0.97,-0.18999999999999995,-1
2022-11-18,2022-11-18,57.440000909999995,622.1600055179999,-68.62260362275003,305.511968254,27.051,0.0,-0.97,-0.18999999999999995,-1
2022-11-21,2022-11-21,115.60000001,653.840005078,-36.94260406274998,344.373052422,26.692,0.0,-0.97,-0.18999999999999995,-1
2022-11-22,2022-11-22,120.94000115,664.600006058,-26.182603082750006,356.85859472199996,26.62633333333333,0.0,-0.97,-0.18999999999999995,-1
2022-11-23,2022-11-23,129.52000145,664.580006198,-26.20260294274999,356.559810862,26.58566666666667,0.0,-0.97,-0.18999999999999995,-1
2022-11-24,2022-11-24,130.26000157000001,664.460006498,-26.322602642749985,356.589841902,26.573999999999998,0.0,-0.97,-0.18999999999999995,-1
2022-11-25,2022-11-25,127.30000197,660.4000063780001,-30.38260276274991,353.20749276199996,26.59333333333333,0.0,-0.97,-0.18999999999999995,-1
2022-11-28,2022-11-28,137.86000205,653.8400068779999,-36.94260226275003,350.264989682,26.696,0.0,-0.97,-0.18999999999999995,-1
2022-11-29,2022-11-29,137.88000205,648.920006678,-41.86260246274992,345.497062702,26.743,0.0,-0.97,-0.18999999999999995,-1
2022-11-30,2022-11-30,138.02000205,644.080006338,-46.70260280274999,341.101063062,26.753666666666668,0.0,-0.97,-0.18999999999999995,-1
2022-12-01,2022-12-01,137.90000204999998,635.600006358,163.9762440515645,332.126640222,26.779666666666667,0.0,-0.94,-0.17999999999999994,-1
2022-12-02,2022-12-02,138.62000205,621.2800067779999,149.65624447156443,318.259718722,26.78633333333333,0.0,-0.94,-0.17999999999999994,-1
2022-12-05,2022-12-05,129.96000115,588.100005678,116.47624337156452,285.92233450199996,26.785666666666668,0.0,-0.94,-0.17999999999999994,-1
2022-12-06,2022-12-06,129.12000115,573.980005678,102.35624337156452,270.099440762,26.733,0.0,-0.94,-0.17999999999999994,-1
2022-12-07,2022-12-07,129.800001118,569.000005086,97.3762427795645,265.62550114999993,26.659333333333333,0.0,-0.94,-0.17999999999999994,-1
2022-12-08,2022-12-08,129.840001118,562.060004886,90.43624257956452,258.81528284999996,26.610333333333333,0.0,-0.94,-0.17999999999999994,-1
2022-12-09,2022-12-09,129.640001118,560.180004876,88.55624256956452,258.06427235999996,26.531333333333336,0.0,-0.94,-0.17999999999999994,-1
2022-12-12,2022-12-12,126.140000978,536.560004276,64.93624196956449,235.39974621999997,26.308333333333334,0.0,-0.94,-0.17999999999999994,-1
2022-12-13,2022-12-13,125.180000978,521.620003956,49.996241649564524,220.14006704,26.218999999999998,0.0,-0.94,-0.17999999999999994,-1
2022-12-14,2022-12-14,125.220000978,504.860003356,33.23624104956451,202.89091001999998,26.103333333333335,0.0,-0.94,-0.17999999999999994,-1
2022-12-15,2022-12-15,124.820000978,490.960003656,19.336241349564546,187.94374123999998,26.01966666666667,0.0,-0.94,-0.17999999999999994,-1
2022-12-16,2022-12-16,123.660000986,483.860003636,12.236241329564507,180.6319576,25.971,0.0,-0.94,-0.17999999999999994,-1
2022-12-19,2022-12-19,92.560000546,447.880003386,-23.743758920435482,143.94392012999998,25.609666666666666,0.0,-0.94,-0.17999999999999994,-1
2022-12-20,2022-12-20,64.600001546,434.620003806,-37.00375850043548,130.17959098999998,25.710666666666665,0.0,-0.94,-0.17999999999999994,-1
2022-12-21,2022-12-21,56.540001746,417.28000274600004,-54.343759560435444,112.08016566999999,25.735000000000003,0.0,-0.94,-0.17999999999999994,-1
2022-12-22,2022-12-22,41.980000786,410.10000282600004,-61.523759480435444,103.81682986999998,25.712,0.0,-0.94,-0.17999999999999994,-1
2022-12-23,2022-12-23,32.520000446,403.28000302600003,-68.34375928043545,95.62109468999999,25.61133333333333,0.0,-0.94,-0.17999999999999994,-1
2022-12-26,2022-12-26,16.619999826,363.280004006,-108.34375830043547,51.56183392199999,25.281,0.0,-0.94,-0.17999999999999994,-1
2022-12-27,2022-12-27,11.399999926,329.940004906,-141.68375740043547,16.936130841999983,25.185333333333336,0.0,-0.94,-0.17999999999999994,-1
2022-12-28,2022-12-28,9.239999926,317.34000430599997,-154.2837580004355,3.2373537419999807,25.12333333333333,0.0,-0.94,-0.17999999999999994,-1
2022-12-29,2022-12-29,9.219999926,312.860004146,-158.7637581604355,-1.9553722580000188,25.058333333333334,0.0,-0.94,-0.17999999999999994,-1
2022-12-30,2022-12-30,9.159999926000001,302.760003346,-168.86375896043546,-12.750050218000018,24.930333333333333,0.0,-0.94,-0.17999999999999994,-1
2023-01-02,2023-01-02,7.099999854,293.720003394,62.00787460703208,-20.45568653000002,24.748,0.0,-0.85,0.020000000000000018,-1
2023-01-03,2023-01-03,4.580000104,288.540003364,56.82787457703205,-25.286199100000015,24.72266666666667,0.0,-0.85,0.020000000000000018,-1
2023-01-04,2023-01-04,5.040000163999999,285.100003324,53.387874537032076,-27.884919240000016,24.637333333333334,0.0,-0.85,0.020000000000000018,-1
2023-01-05,2023-01-05,10.780000983999999,285.220003884,53.50787509703207,-25.535718010000018,24.502333333333333,0.0,-0.85,0.020000000000000018,-1
2023-01-06,2023-01-06,14.540001076,279.940004064,48.22787527703207,-29.54620308200002,24.380333333333333,0.0,-0.85,0.020000000000000018,-1
2023-01-09,2023-01-09,35.340000876,270.680004444,38.967875657032096,-36.11013708200002,24.026,0.0,-0.85,0.020000000000000018,-1
2023-01-10,2023-01-10,38.500000676,273.36000422399997,41.64787543703204,-32.33806356200002,24.005666666666666,0.0,-0.85,0.020000000000000018,-1
2023-01-11,2023-01-11,42.760000676000004,272.920004344,41.20787555703208,-33.41489014200002,24.044,0.0,-0.85,0.020000000000000018,-1
2023-01-12,2023-01-12,45.180000666000005,240.020003134,8.307874347032083,-68.45854540000002,24.102,0.0,-0.85,0.020000000000000018,-1
2023-01-13,2023-01-13,47.00000068599999,241.30000309399998,9.587874307032052,-66.48303276000001,24.130333333333333,0.0,-0.85,0.020000000000000018,-1
2023-01-16,2023-01-16,46.400000668,228.200002374,-3.512126412967916,-81.22092398000002,24.218000000000004,0.0,-0.85,0.020000000000000018,-1
2023-01-17,2023-01-17,46.060000607999996,225.400002564,-6.312126222967919,-83.70976415000001,24.378333333333334,0.0,-0.85,0.020000000000000018,-1
2023-01-18,2023-01-18,46.060000607999996,218.500002364,-13.212126422967913,-90.70832373000002,24.419,0.0,-0.85,0.020000000000000018,-1
2023-01-19,2023-01-19,46.060000607999996,218.320002364,-13.39212642296792,-90.07084735000001,24.370333333333335,0.0,-0.85,0.020000000000000018,-1
2023-01-20,2023-01-20,46.060000607999996,218.200002364,-13.512126422967924,-89.59935483000001,24.33233333333333,0.0,-0.85,0.020000000000000018,-1
2023-01-23,2023-01-23,46.620000618,204.880002494,-26.832126292967928,-103.21948694000001,24.663,0.0,-0.85,0.020000000000000018,-1
2023-01-24,2023-01-24,46.880000626,199.200002702,-32.51212608496792,-109.631742032,24.746666666666666,0.0,-0.85,0.020000000000000018,-1
2023-01-25,2023-01-25,46.860000626,194.54000260200002,-37.17212618496791,-115.87759779200002,24.695333333333334,0.0,-0.85,0.020000000000000018,-1
2023-01-26,2023-01-26,46.840000626,194.380002602,-37.33212618496793,-115.91351425200001,24.762666666666668,0.0,-0.85,0.020000000000000018,-1
2023-01-27,2023-01-27,47.020000636,194.12000261199998,-37.592126174967945,-116.77687762200001,24.75766666666667,0.0,-0.85,0.020000000000000018,-1
2023-01-30,2023-01-30,46.740000628000004,194.02000261199998,-37.69212617496794,-116.70070792200002,24.619000000000003,0.0,-0.85,0.020000000000000018,-1
2023-01-31,2023-01-31,46.220000616,194.12000262,-37.592126166967915,-117.06416463400001,24.737000000000002,0.0,-0.85,0.020000000000000018,-1
2023-02-01,2023-02-01,48.780000596,193.28000222,91.90023773719764,-118.35158531400002,24.828666666666667,0.0,-0.71,0.26,-1
2023-02-02,2023-02-02,50.700000566,186.46000182,85.08023733719764,-125.43964465400002,24.918,0.0,-0.71,0.26,-1
2023-02-03,2023-02-03,49.960000506,184.96000182,83.58023733719764,-127.06996439400001,25.028333333333332,0.0,-0.71,0.26,-1
2023-02-06,2023-02-06,34.459999786,183.68000182,82.30023733719764,-129.625641174,25.77266666666667,0.0,-0.71,0.26,-1
2023-02-07,2023-02-07,24.039999725999998,183.52000182,82.14023733719765,-130.079468934,26.005000000000003,0.0,-0.71,0.26,-1
2023-02-08,2023-02-08,19.279999846,183.96000184000002,82.58023735719766,-130.00305075400001,26.174333333333333,0.0,-0.71,0.26,-1
2023-02-09,2023-02-09,16.200000046,183.86000184,82.48023735719764,-130.62881751400002,26.314333333333334,0.0,-0.71,0.26,-1
2023-02-10,2023-02-10,11.940000046,180.8400017,79.46023721719763,-135.64898515400003,26.455333333333332,0.0,-0.71,0.26,-1
2023-02-13,2023-02-13,7.700000035999999,179.4000017,78.02023721719763,-140.17643823400002,26.885333333333335,0.0,-0.71,0.26,-1
2023-02-14,2023-02-14,7.900000035999999,178.2400017,76.86023721719764,-141.90842655400002,26.954333333333334,0.0,-0.71,0.26,-1
2023-02-15,2023-02-15,8.160000036,177.56000169,76.18023720719765,-143.146021084,26.975,0.0,-0.71,0.26,-1
2023-02-16,2023-02-16,8.160000036,176.12000168999998,74.74023720719762,-145.071569684,27.003333333333334,0.0,-0.71,0.26,-1
2023-02-17,2023-02-17,9.380000035999998,148.00000119,46.62023670719765,-175.85029709800003,27.075,0.0,-0.71,0.26,-1
2023-02-20,2023-02-20,12.980000104,101.02000149799998,-0.3597629848023729,-229.69174924400002,27.305666666666664,0.0,-0.71,0.26,-1
2023-02-21,2023-02-21,13.040000114,91.700001168,-9.679763314802358,-240.55517029400002,27.282666666666668,0.0,-0.71,0.26,-1
2023-02-22,2023-02-22,12.560000104,87.18000102799999,-14.199763454802365,-245.955797334,27.233,0.0,-0.71,0.26,-1
2023-02-23,2023-02-23,12.460000096,84.360000828,-17.01976365480236,-249.783325154,27.307333333333336,0.0,-0.71,0.26,-1
2023-02-24,2023-02-24,12.460000096,75.940000548,-25.439763934802357,-260.83149687400004,27.44333333333333,0.0,-0.71,0.26,-1
2023-02-27,2023-02-27,12.180000086,68.480000648,-32.89976383480236,-270.689816094,27.448333333333334,0.0,-0.71,0.26,-1
2023-02-28,2023-02-28,12.220000085999999,68.340000648,-33.03976383480236,-270.914573594,27.606999999999996,0.0,-0.71,0.26,-1
2023-03-01,2023-03-01,12.220000085999999,68.340000648,0.3240321911827948,-271.39438913400005,27.738666666666667,0.0,-0.54,0.3999999999999999,-1
2023-03-02,2023-03-02,12.040000077999998,67.540000648,-0.47596780881720235,-274.17214689400004,27.725666666666665,0.0,-0.54,0.3999999999999999,-1
2023-03-03,2023-03-03,9.220000078,65.10000052800001,-2.915967928817196,-279.71317379400006,27.667666666666666,0.0,-0.54,0.3999999999999999,-1
2023-03-06,2023-03-06,7.000000098,61.500000768,-6.515967688817206,-288.85129505400005,27.508666666666667,0.0,-0.54,0.3999999999999999,-1
2023-03-07,2023-03-07,7.000000098,60.5600008,-7.455967656817208,-292.245490162,27.475,0.0,-0.54,0.3999999999999999,-1
2023-03-08,2023-03-08,6.640000098,60.4800008,-7.535967656817206,-294.39963848200006,27.483999999999998,0.0,-0.54,0.3999999999999999,-1
2023-03-09,2023-03-09,6.600000098,60.4800008,-7.535967656817206,-296.698140742,27.401999999999997,0.0,-0.54,0.3999999999999999,-1
2023-03-10,2023-03-10,5.860000078,60.4800008,-7.535967656817206,-298.59127094200005,27.393333333333334,0.0,-0.54,0.3999999999999999,-1
2023-03-13,2023-03-13,5.760000078,60.4800008,-7.535967656817206,-303.947120082,27.238999999999997,0.0,-0.54,0.3999999999999999,-1
2023-03-14,2023-03-14,5.780000078,60.460000799999996,-7.555967656817209,-305.177656362,27.156000000000002,0.0,-0.54,0.3999999999999999,-1
2023-03-15,2023-03-15,5.760000078,60.3400008,-7.675967656817207,-307.11274318200003,27.132666666666662,0.0,-0.54,0.3999999999999999,-1
2023-03-16,2023-03-16,5.460000078,60.040000791999994,-7.975967664817212,-309.49116969,27.165000000000003,0.0,-0.54,0.3999999999999999,-1
2023-03-17,2023-03-17,5.220000078,59.780000782,-8.235967674817203,-311.91264316,27.336333333333332,0.0,-0.54,0.3999999999999999,-1
2023-03-20,2023-03-20,2.540000106,60.26000077,-7.755967686817208,-318.219090492,27.890666666666668,0.0,-0.54,0.3999999999999999,-1
2023-03-21,2023-03-21,1.360000058,60.38000077,-7.635967686817203,-319.989007872,28.078,1.0,-0.54,0.3999999999999999,-1
2023-03-22,2023-03-22,1.400000058,60.44000077,-7.575967686817208,-321.77809879200004,28.343333333333337,2.0,-0.54,0.3999999999999999,-1
2023-03-23,2023-03-23,1.260000048,60.44000077,-7.575967686817208,-323.15219299200004,28.569999999999997,3.0,-0.54,0.3999999999999999,-1
2023-03-24,2023-03-24,1.300000048,60.480000770000004,-7.535967686817202,-325.230267732,28.823,4.0,-0.54,0.3999999999999999,-1
2023-03-27,2023-03-27,2.660000038,61.92000075999999,-6.095967696817212,-329.420439642,29.493000000000002,6.0,-0.54,0.3999999999999999,-1
2023-03-28,2023-03-28,4.160000038,63.42000075999999,-4.595967696817212,-329.21472558199997,29.731333333333335,6.0,-0.54,0.3999999999999999,-1
2023-03-29,2023-03-29,5.259999998,64.52000072,-3.4959677368172066,-329.58085390200006,29.962333333333333,6.0,-0.54,0.3999999999999999,-1
2023-03-30,2023-03-30,6.4400000859999995,65.620000808,-2.395967648817205,-330.096847814,30.14,6.0,-0.54,0.3999999999999999,-1
2023-03-31,2023-03-31,8.400000086,67.36000080000001,-0.6559676568171966,-329.90070060200003,30.235333333333337,6.0,-0.54,0.3999999999999999,-1
2023-04-03,2023-04-03,14.040000026000001,71.82000069,-38.62716674670557,-330.604520492,30.714333333333336,6.0,-0.29,0.56,0
2023-04-04,2023-04-04,15.240000054000001,72.280000658,-38.167166778705564,-332.29580696400006,30.916,6.0,-0.29,0.56,0
2023-04-05,2023-04-05,18.080000074,68.79999985799999,-41.64716757870558,-338.125295394,31.055333333333333,6.0,-0.29,0.56,0
2023-04-06,2023-04-06,19.560000074,65.579999798,-44.86716763870557,-343.994185022,31.19,6.0,-0.29,0.56,0
2023-04-07,2023-04-07,19.700000074000002,60.799999958,-49.64716747870557,-353.208618522,31.305,6.0,-0.29,0.56,0
2023-04-10,2023-04-10,22.320000094,44.300000217999994,-66.14716721870558,-379.611181502,31.533333333333335,6.0,-0.29,0.56,0
2023-04-11,2023-04-11,25.959999974000002,43.660000098000005,-66.78716733870556,-381.547727382,31.635333333333335,6.0,-0.29,0.56,0
2023-04-12,2023-04-12,26.800000002,42.100000136,-68.34716730070556,-384.935913264,31.836333333333336,6.0,-0.29,0.56,0
2023-04-13,2023-04-13,27.300000002000004,40.760000116,-69.68716732070557,-388.51331522400005,31.999000000000002,6.0,-0.29,0.56,0
2023-04-14,2023-04-14,29.080000082,42.540000196,-67.90716724070558,-387.420844204,32.06966666666667,6.0,-0.29,0.56,0
2023-04-17,2023-04-17,43.860000242000005,57.560000376,-52.88716706070557,-372.466139704,32.041333333333334,6.0,-0.29,0.56,0
2023-04-18,2023-04-18,45.040000242000005,58.800000376,-51.64716706070557,-372.724154184,32.03,6.0,-0.29,0.56,0
2023-04-19,2023-04-19,46.340000234,60.540000395999996,-49.90716704070557,-372.611688264,32.01433333333333,6.0,-0.29,0.56,0
2023-04-20,2023-04-20,51.000000054000004,65.320000216,-45.12716722070557,-369.110491624,31.976333333333336,5.0,-0.29,0.56,0
2023-04-21,2023-04-21,54.02000005400001,68.400000216,-42.047167220705575,-367.25811524400007,31.899666666666665,4.0,-0.29,0.56,0
2023-04-24,2023-04-24,55.140000054000005,68.80000019799999,-41.64716723870558,-371.29445720200005,31.78666666666667,2.0,-0.29,0.56,0
2023-04-25,2023-04-25,54.98000006400001,69.120000208,-41.32716722870558,-373.397602312,31.777666666666665,2.0,-0.29,0.56,0
2023-04-26,2023-04-26,54.560000094,69.640000228,-40.807167208705565,-374.912133792,31.732333333333333,2.0,-0.29,0.56,0
2023-04-27,2023-04-27,54.320000114,70.72000023800001,-39.72716719870556,-375.49696214200003,31.734333333333332,2.0,-0.29,0.56,0
2023-04-28,2023-04-28,54.36000017400001,71.800000258,-38.64716717870557,-376.04304420200003,31.737000000000002,2.0,-0.29,0.56,0
2023-05-01,2023-05-01,53.900000516000006,74.48000068,-185.51946277088712,-378.00277268,31.817,3.0,-0.02,0.69,0
2023-05-02,2023-05-02,53.000000486000005,72.40000065000001,-187.5994628008871,-382.23928017,31.86,3.0,-0.02,0.69,0
2023-05-03,2023-05-03,50.920000546000004,72.04000067,-187.95946278088712,-384.38261387000006,31.885666666666665,3.0,-0.02,0.69,0
2023-05-04,2023-05-04,49.740000518,72.06000067000001,-187.93946278088708,-386.07620143,31.952333333333332,4.0,-0.02,0.69,0
2023-05-05,2023-05-05,47.580000498,72.66000067,-187.33946278088712,-386.72130973000003,32.01133333333333,4.0,-0.02,0.69,0
2023-05-08,2023-05-08,70.94000071800001,97.24000089,-162.7594625608871,-361.97683151000007,31.992666666666665,5.0,-0.02,0.69,0
2023-05-09,2023-05-09,86.120001498,114.12000167000001,-145.87946178088708,-343.46682159000005,31.918,5.0,-0.02,0.69,0
2023-05-10,2023-05-10,96.22000203799999,124.32000221000001,-135.6794612408871,-332.64424789000003,31.856999999999996,5.0,-0.02,0.69,0
2023-05-11,2023-05-11,100.060002018,131.78000207000002,-128.21946138088708,-323.45684915000004,31.759666666666664,5.0,-0.02,0.69,0
2023-05-12,2023-05-12,115.10000239,147.66000247,-112.33946098088711,-306.31728847000005,31.624000000000002,5.0,-0.02,0.69,0
2023-05-15,2023-05-15,123.96000233,161.72000263,-98.2794608208871,-290.50295975,31.277,5.0,-0.02,0.69,0
2023-05-16,2023-05-16,123.46000235,168.48000257,-91.5194608808871,-283.32648049000005,31.214333333333336,5.0,-0.02,0.69,0
2023-05-17,2023-05-17,123.00000220999999,172.40000255,-87.5994609008871,-278.89179697000003,31.17,5.0,-0.02,0.69,0
2023-05-18,2023-05-18,126.38000223,175.80000257,-84.1994608808871,-275.77699779,31.091666666666665,5.0,-0.02,0.69,0
2023-05-19,2023-05-19,126.840002218,175.720002558,-84.2794608928871,-277.269214542,31.033666666666665,5.0,-0.02,0.69,0
2023-05-22,2023-05-22,140.100002766,195.50000286800002,-64.49946058288708,-257.77127689200006,30.798999999999996,4.0,-0.02,0.69,0
2023-05-23,2023-05-23,145.10000272599999,201.400002828,-58.59946062288711,-252.34331951200002,30.69833333333333,4.0,-0.02,0.69,0
2023-05-24,2023-05-24,150.90000296600002,207.24000306800002,-52.759460382887085,-246.067276072,30.596,4.0,-0.02,0.69,0
2023-05-25,2023-05-25,156.940003056,213.600003168,-46.399460282887105,-237.58870831200002,30.398666666666664,3.0,-0.02,0.69,0
2023-05-26,2023-05-26,161.12000319600003,218.34000332800002,-41.65946012288708,-231.87408525200001,30.292666666666666,3.0,-0.02,0.69,0
2023-05-29,2023-05-29,197.28000389599998,257.120004068,-2.8794593828870916,-192.27016291200002,29.945666666666668,2.0,-0.02,0.69,0
2023-05-30,2023-05-30,201.74000374599999,263.820004328,3.820540877112876,-184.60105333200002,29.812,2.0,-0.02,0.69,0
2023-05-31,2023-05-31,207.46000348599998,269.900004088,9.900540637112897,-176.644284652,29.646333333333335,2.0,-0.02,0.69,0
2023-06-01,2023-06-01,216.320003776,279.500004348,-166.6988852544,-165.05342915200004,29.486333333333334,2.0,0.27,0.81,0
2023-06-02,2023-06-02,220.600003776,285.560004348,-160.6388852544,-157.72746577200002,29.327666666666666,2.0,0.27,0.81,0
2023-06-05,2023-06-05,247.640003896,314.10000448799997,-132.09888511440005,-124.22791871200003,28.772333333333332,0.0,0.27,0.81,0
2023-06-06,2023-06-06,255.120003656,330.560004448,-115.63888515440004,-104.78131627200003,28.579333333333334,0.0,0.27,0.81,0
2023-06-07,2023-06-07,247.88000426399998,338.520005056,-107.67888454640001,-93.89275294400002,28.413,0.0,0.27,0.81,0
2023-06-08,2023-06-08,234.800003284,343.060004876,-103.13888472640002,-86.80533472400002,28.354333333333333,0.0,0.27,0.81,0
2023-06-09,2023-06-09,232.400003664,350.940005796,-95.25888380640004,-76.89647264400001,28.283333333333335,0.0,0.27,0.81,0
2023-06-12,2023-06-12,231.200003264,378.66000577600005,-67.53888382639997,-43.46807516400002,28.05333333333333,0.0,0.27,0.81,0
2023-06-13,2023-06-13,229.600003264,384.100005816,-62.098883786399995,-34.63699362400002,27.982666666666667,0.0,0.27,0.81,0
2023-06-14,2023-06-14,231.54000348399998,387.800006036,-58.3988835664,-28.743654264000025,27.901,0.0,0.27,0.81,0
2023-06-15,2023-06-15,226.340003544,389.60000603599997,-56.59888356640005,-24.70475152400002,27.849,0.0,0.27,0.81,0
2023-06-16,2023-06-16,232.440003484,399.300005936,-46.898883666400025,-13.09206728400002,27.798666666666666,0.0,0.27,0.81,0
2023-06-19,2023-06-19,248.16000332800002,427.50000536799996,-18.698884234400055,20.46900142799998,27.566666666666666,0.0,0.27,0.81,0
2023-06-20,2023-06-20,247.220003128,435.42000556799997,-10.77888403440005,29.77839536799998,27.498666666666665,0.0,0.27,0.81,0
2023-06-21,2023-06-21,252.28000274800002,446.520005568,0.32111596559997224,42.45069174799998,27.454666666666665,0.0,0.27,0.81,0
2023-06-22,2023-06-22,252.820002948,452.92000572800004,6.72111612560002,50.662974607999985,27.396,0.0,0.27,0.81,0
2023-06-23,2023-06-23,256.980003108,463.02000612800003,16.82111652560002,62.294695347999976,27.410999999999998,0.0,0.27,0.81,0
2023-06-26,2023-06-26,258.280003928,486.020007018,39.821117415599986,88.94437129799998,27.408333333333335,0.0,0.27,0.81,0
2023-06-27,2023-06-27,252.820003428,494.300007078,48.101117475600006,98.65661419799997,27.37933333333333,0.0,0.27,0.81,0
2023-06-28,2023-06-28,263.920003808,514.60000779,68.40111818759993,119.65957118999998,27.375666666666667,0.0,0.27,0.81,0
2023-06-29,2023-06-29,266.840003348,522.26000759,76.06111798759997,128.34234966999998,27.368333333333332,0.0,0.27,0.81,0
2023-06-30,2023-06-30,275.660003508,537.0200075099999,90.8211179075999,144.73945515,27.388333333333335,0.0,0.27,0.81,0
2023-07-03,2023-07-03,279.00000438800004,555.0000087220001,-53.19961560931711,166.35257632199998,27.372,0.0,0.57,0.8599999999999999,1
2023-07-04,2023-07-04,273.38000434799994,558.420008662,-49.779615669317195,170.31898902199998,27.391000000000002,0.0,0.57,0.8599999999999999,1
2023-07-05,2023-07-05,270.440004108,564.9800085219999,-43.21961580931725,177.469606022,27.409,0.0,0.57,0.8599999999999999,1
2023-07-06,2023-07-06,260.000004168,570.860008542,-37.339615789317236,184.74731732199996,27.50066666666667,0.0,0.57,0.8599999999999999,1
2023-07-07,2023-07-07,255.14000338,573.9600083619999,-34.23961596931724,189.81498838199997,27.602333333333334,0.0,0.57,0.8599999999999999,1
2023-07-10,2023-07-10,250.14000272,583.740008742,-24.459615589317195,201.37512746199997,27.776000000000003,0.0,0.57,0.8599999999999999,1
2023-07-11,2023-07-11,247.1400024,589.960008334,-18.239615997317173,208.23260907399995,27.892,0.0,0.57,0.8599999999999999,1
2023-07-12,2023-07-12,247.56000262,598.920008394,-9.279615937317203,218.146114894,27.968000000000004,0.0,0.57,0.8599999999999999,1
2023-07-13,2023-07-13,261.7000023,616.720008034,8.520383702682807,236.66313001399996,28.072,0.0,0.57,0.8599999999999999,1
2023-07-14,2023-07-14,265.04000201,620.540007824,12.340383492682804,241.154372744,28.082333333333334,0.0,0.57,0.8599999999999999,1
2023-07-17,2023-07-17,293.30000313,667.4200083439999,59.22038401268276,294.208953884,27.856,0.0,0.57,0.8599999999999999,1
2023-07-18,2023-07-18,305.30000325,682.6400083240001,74.44038399268288,311.498950844,27.808666666666667,0.0,0.57,0.8599999999999999,1
2023-07-19,2023-07-19,306.98000325000004,683.480008564,75.28038423268276,313.966761504,27.756666666666668,0.0,0.57,0.8599999999999999,1
2023-07-20,2023-07-20,310.44000321,691.840008724,83.64038439268279,323.922130124,27.71966666666667,0.0,0.57,0.8599999999999999,1
2023-07-21,2023-07-21,311.34000315,703.7200086639999,95.52038433268274,337.58875056399995,27.708000000000002,0.0,0.57,0.8599999999999999,1
2023-07-24,2023-07-24,337.08000353,749.220009854,141.02038552268277,389.87711343399997,27.541999999999998,0.0,0.57,0.8599999999999999,1
2023-07-25,2023-07-25,339.76000240999997,763.180009354,154.98038502268287,406.396767374,27.441,0.0,0.57,0.8599999999999999,1
2023-07-26,2023-07-26,342.04000303,773.740009934,165.54038560268282,419.321336254,27.377333333333333,0.0,0.57,0.8599999999999999,1
2023-07-27,2023-07-27,354.30000361,794.240010514,186.04038618268282,442.39384435399995,27.317666666666664,0.0,0.57,0.8599999999999999,1
2023-07-28,2023-07-28,345.04000320999995,806.240010914,198.0403865826828,457.231340974,27.24233333333333,0.0,0.57,0.8599999999999999,1
2023-07-31,2023-07-31,351.14000321,844.700011314,236.5003869826828,505.492224734,27.04366666666667,0.0,0.57,0.8599999999999999,1
2023-08-01,2023-08-01,351.96000349,851.460011894,139.43436563498926,515.5399095539999,26.980999999999998,0.0,0.84,0.86,1
2023-08-02,2023-08-02,354.04000351,859.300011714,147.27436545498927,527.238054054,26.858,0.0,0.84,0.86,1
2023-08-03,2023-08-03,355.74000355,866.580011714,154.55436545498924,537.278182094,26.77433333333333,0.0,0.84,0.86,1
2023-08-04,2023-08-04,354.66000361,872.740011614,160.71436535498924,545.963898654,26.699,0.0,0.84,0.86,1
2023-08-07,2023-08-07,349.98000328,841.0400102839999,129.01436402498916,513.203136564,26.551333333333332,0.0,0.84,0.86,1
2023-08-08,2023-08-08,344.02000338,834.140009964,122.11436370498927,505.978608304,26.55466666666667,0.0,0.84,0.86,1
2023-08-09,2023-08-09,344.94000349000004,828.620010214,116.59436395498926,499.380346414,26.528666666666663,0.0,0.84,0.86,1
2023-08-10,2023-08-10,340.62000393,815.480009874,103.45436361498923,485.26857249399995,26.519333333333332,0.0,0.84,0.86,1
2023-08-11,2023-08-11,334.80000388999997,813.560009774,101.53436351498931,483.28725813399996,26.491666666666667,0.0,0.84,0.86,1
2023-08-14,2023-08-14,312.18000387999996,816.880009594,104.85436333498922,487.308642194,26.530666666666665,0.0,0.84,0.86,1
2023-08-15,2023-08-15,301.28000382,823.140009554,111.11436329498929,494.18875319399996,26.625333333333334,0.0,0.84,0.86,1
2023-08-16,2023-08-16,284.54000322,825.580009334,113.55436307498928,496.760313194,26.74433333333333,0.0,0.84,0.86,1
2023-08-17,2023-08-17,278.28000342,834.080009526,122.0543632669893,506.265115306,26.800666666666665,0.0,0.84,0.86,1
2023-08-18,2023-08-18,284.90000369999996,840.0400102780001,128.01436401898934,512.903143978,26.82633333333333,0.0,0.84,0.86,1
2023-08-21,2023-08-21,274.64000362,844.880010558,132.85436429898925,520.1621335579999,26.870333333333335,0.0,0.84,0.86,1
2023-08-22,2023-08-22,261.1000036,844.400010298,132.37436403898926,519.641881698,26.874666666666666,0.0,0.84,0.86,1
2023-08-23,2023-08-23,248.3200032,840.6000099979999,128.57436373898918,515.025599918,26.920666666666666,0.0,0.84,0.86,1
2023-08-24,2023-08-24,236.86000372,838.920009878,126.89436361898925,513.044586538,26.983,0.0,0.84,0.86,1
2023-08-25,2023-08-25,227.06000312,827.380010078,115.35436381898933,500.823036898,27.075,0.0,0.84,0.86,1
2023-08-28,2023-08-28,208.32000212,822.3600093379999,110.33436307898921,496.283449198,27.206333333333337,0.0,0.84,0.86,1
2023-08-29,2023-08-29,199.50000154,822.880009398,110.85436313898924,496.55767279799994,27.275,0.0,0.84,0.86,1
2023-08-30,2023-08-30,192.10000134,820.4800088779999,108.4543626189892,494.444604478,27.325333333333333,0.0,0.84,0.86,1
2023-08-31,2023-08-31,199.44000016,830.3000082780001,118.27436201898934,505.685260698,27.33833333333333,0.0,0.84,0.86,1
2023-09-01,2023-09-01,205.08000117999998,838.120009078,59.33067531549432,513.853215818,27.390333333333334,0.0,1.12,0.8500000000000001,1
2023-09-04,2023-09-04,216.54000022,828.7800079179999,49.990674155494276,504.628121858,27.416666666666668,0.0,1.12,0.8500000000000001,1
2023-09-05,2023-09-05,233.9400002,842.4400073099999,63.65067354749431,518.15542579,27.4,0.0,1.12,0.8500000000000001,1
2023-09-06,2023-09-06,236.34000031,842.58000731,63.79067354749441,518.2148546499999,27.375666666666667,0.0,1.12,0.8500000000000001,1
2023-09-07,2023-09-07,242.27999996999998,844.02000627,65.23067250749432,519.49259763,27.382666666666662,0.0,1.12,0.8500000000000001,1
2023-09-08,2023-09-08,245.99999986,841.08000607,62.29067230749433,516.62752915,27.362000000000002,0.0,1.12,0.8500000000000001,1
2023-09-11,2023-09-11,265.1600004,846.68000659,67.89067282749431,520.41830919,27.153000000000002,0.0,1.12,0.8500000000000001,1
2023-09-12,2023-09-12,265.38000062,851.5600067299999,72.7706729674943,525.15887405,27.107333333333333,0.0,1.12,0.8500000000000001,1
2023-09-13,2023-09-13,265.76000172,856.30000777,77.51067400749434,530.55543447,27.016666666666666,0.0,1.12,0.8500000000000001,1
2023-09-14,2023-09-14,265.54000162,856.24000769,77.45067392749434,531.03182929,26.950333333333333,0.0,1.12,0.8500000000000001,1
2023-09-15,2023-09-15,266.04000163999996,843.88000799,65.09067422749433,518.7308858099999,26.875333333333334,0.0,1.12,0.8500000000000001,1
2023-09-18,2023-09-18,263.34000068,857.0800078499999,78.29067408749427,534.11471027,26.782,0.0,1.12,0.8500000000000001,1
2023-09-19,2023-09-19,266.80000028,857.36000785,78.57067408749435,534.2436325499999,26.824666666666666,0.0,1.12,0.8500000000000001,1
2023-09-20,2023-09-20,264.78000022000003,856.84000783,78.05067406749436,533.07405975,26.887333333333334,0.0,1.12,0.8500000000000001,1
2023-09-21,2023-09-21,265.4000004,852.82000759,74.03067382749441,529.5155275899999,26.905666666666665,0.0,1.12,0.8500000000000001,1
2023-09-22,2023-09-22,270.6600006,856.06000733,77.27067356749433,532.38009181,26.928,0.0,1.12,0.8500000000000001,1
2023-09-25,2023-09-25,289.18000176,855.8400078699999,77.05067410749427,536.26222556,26.689999999999998,0.0,1.12,0.8500000000000001,1
2023-09-26,2023-09-26,291.60000077999996,844.94000667,66.15067290749437,526.4948111799999,26.648,0.0,1.12,0.8500000000000001,1
2023-09-27,2023-09-27,296.34000108,851.8600070699999,73.0706733074943,534.18705788,26.616666666666667,0.0,1.12,0.8500000000000001,1
2023-09-28,2023-09-28,298.40000132,845.62000721,66.8306734474944,528.07293408,26.594333333333335,0.0,1.12,0.8500000000000001,1
2023-09-29,2023-09-29,309.46000218,852.70000673,73.9106729674944,534.90081338,26.635666666666665,0.0,1.12,0.8500000000000001,1
2023-10-02,2023-10-02,308.20000411999996,872.42000825,59.115761952424805,555.6591800399999,26.798333333333336,0.0,1.37,0.8000000000000002,1
2023-10-03,2023-10-03,308.62000420000004,871.78000847,58.475762172424766,556.0377215,26.786,0.0,1.37,0.8000000000000002,1
2023-10-04,2023-10-04,304.60000496,873.38000871,60.07576241242475,558.71582188,26.81133333333333,0.0,1.37,0.8000000000000002,1
2023-10-05,2023-10-05,289.36000509999997,876.6600090300001,63.355762732424864,562.5321694,26.859333333333332,0.0,1.37,0.8000000000000002,1
2023-10-06,2023-10-06,293.92000542,880.24000901,66.93576271242478,567.4980839599999,26.851000000000003,0.0,1.37,0.8000000000000002,1
2023-10-09,2023-10-09,286.00000532,879.14000919,65.83576289242478,570.90403352,26.669333333333334,0.0,1.37,0.8000000000000002,1
2023-10-10,2023-10-10,283.10000532000004,877.4000091300001,64.09576283242484,570.07649966,26.731666666666666,0.0,1.37,0.8000000000000002,1
2023-10-11,2023-10-11,280.76000488,865.74000917,52.43576287242479,558.76596226,26.788999999999998,0.0,1.37,0.8000000000000002,1
2023-10-12,2023-10-12,284.64000484,871.1600095599999,57.855763262424716,563.96805957,26.84466666666667,0.0,1.37,0.8000000000000002,1
2023-10-13,2023-10-13,288.4000042,866.3400098,53.03576350242474,558.98213091,26.89466666666667,0.0,1.37,0.8000000000000002,1
2023-10-16,2023-10-16,298.06000448000003,845.70000954,32.39576324242478,537.8597997100001,26.858666666666668,0.0,1.37,0.8000000000000002,1
2023-10-17,2023-10-17,319.70000597999996,868.64001078,55.33576448242479,561.7578309099999,26.813,0.0,1.37,0.8000000000000002,1
2023-10-18,2023-10-18,315.62000574,862.2600103799999,48.95576408242471,555.4207844099999,26.767666666666667,0.0,1.37,0.8000000000000002,1
2023-10-19,2023-10-19,310.44000614,856.46001084,43.15576454242478,549.8004071099999,26.722666666666665,0.0,1.37,0.8000000000000002,1
2023-10-20,2023-10-20,308.180006,847.60000984,34.295763542424766,539.98014055,26.697999999999997,0.0,1.37,0.8000000000000002,1
2023-10-23,2023-10-23,322.28000534,831.6400095399999,18.33576324242472,524.13972399,26.611666666666665,0.0,1.37,0.8000000000000002,1
2023-10-24,2023-10-24,326.02000582,829.90000888,16.595762582424754,522.2046732700001,26.706333333333337,0.0,1.37,0.8000000000000002,1
2023-10-25,2023-10-25,312.40000422,813.94000848,0.6357621824247417,506.17290247,26.782,0.0,1.37,0.8000000000000002,1
2023-10-26,2023-10-26,304.64000454,804.5400080000001,-8.764238297575162,495.87474431,26.834,0.0,1.37,0.8000000000000002,1
2023-10-27,2023-10-27,291.58000438000005,796.24000758,-17.064238717575222,486.53277349,26.865999999999996,0.0,1.37,0.8000000000000002,1
2023-10-30,2023-10-30,260.74000337999996,769.52000692,-43.784239377575204,455.25363821,26.919666666666668,0.0,1.37,0.8000000000000002,1
2023-10-31,2023-10-31,256.92000341799996,762.960007118,-50.3442391795752,447.099308088,26.880666666666666,0.0,1.37,0.8000000000000002,1
2023-11-01,2023-11-01,239.460002458,756.140007158,65.35739801725003,439.24245928799996,26.913999999999998,0.0,1.6,0.7600000000000001,1
2023-11-02,2023-11-02,235.380002278,752.500007138,61.71739799725003,435.214771188,26.937,0.0,1.6,0.7600000000000001,1
2023-11-03,2023-11-03,230.320002218,751.4600073979999,60.67739825724993,434.588229308,26.966666666666665,0.0,1.6,0.7600000000000001,1
2023-11-06,2023-11-06,217.04000182800002,745.580007418,54.79739827725007,429.723932768,27.12066666666667,0.0,1.6,0.7600000000000001,1
2023-11-07,2023-11-07,217.48000182799998,748.540007228,57.75739808725007,434.716879258,27.122333333333334,0.0,1.6,0.7600000000000001,1
2023-11-08,2023-11-08,214.500001808,753.020007068,62.23739792725007,440.369934798,27.186666666666667,0.0,1.6,0.7600000000000001,1
2023-11-09,2023-11-09,209.980001748,752.5800069879999,61.797397847249954,440.42563253799995,27.240666666666666,0.0,1.6,0.7600000000000001,1
2023-11-10,2023-11-10,202.880001988,748.8000072680001,58.01739812725009,437.219283958,27.235666666666667,0.0,1.6,0.7600000000000001,1
2023-11-13,2023-11-13,171.480001288,727.440007108,36.65739796725006,417.144859086,27.237,0.0,1.6,0.7600000000000001,1
2023-11-14,2023-11-14,157.70000032800002,723.5800071479999,32.79739800724997,413.870681686,27.273666666666664,0.0,1.6,0.7600000000000001,1
2023-11-15,2023-11-15,146.340000856,713.760006976,22.97739783525003,404.638696934,27.337666666666667,0.0,1.6,0.7600000000000001,1
2023-11-16,2023-11-16,119.619999396,703.360006476,12.577397335249998,395.224994994,27.365666666666662,0.0,1.6,0.7600000000000001,1
2023-11-17,2023-11-17,114.779999646,693.7400060660001,2.957396925250123,385.936686084,27.316333333333333,0.0,1.6,0.7600000000000001,1
2023-11-20,2023-11-20,97.75999924599999,672.3600054860001,-18.422603654749878,364.541090564,27.096666666666668,0.0,1.6,0.7600000000000001,1
2023-11-21,2023-11-21,90.979999446,669.9600057060001,-20.822603434749908,362.10935782399997,27.050666666666665,0.0,1.6,0.7600000000000001,1
2023-11-22,2023-11-22,72.339999854,667.120005674,-23.662603466749943,359.96272085199996,27.038333333333334,0.0,1.6,0.7600000000000001,1
2023-11-23,2023-11-23,62.259999914,665.1000056739999,-25.682603466750038,358.582914852,27.005999999999997,0.0,1.6,0.7600000000000001,1
2023-11-24,2023-11-24,57.139999654,658.720005634,-32.06260350674995,353.170601712,26.937,0.0,1.6,0.7600000000000001,1
2023-11-27,2023-11-27,46.379999774,632.900005354,-57.882603786749996,328.23672329199997,26.772666666666666,0.0,1.6,0.7600000000000001,1
2023-11-28,2023-11-28,41.599999354000005,625.700005614,-65.08260352674995,320.474498032,26.69333333333333,0.0,1.6,0.7600000000000001,1
2023-11-29,2023-11-29,39.739999454,609.8200062139999,-80.96260292675004,303.20283011199996,26.724666666666664,0.0,1.6,0.7600000000000001,1
2023-11-30,2023-11-30,39.799999456,597.680005394,-93.10260374674999,290.36831105199997,26.766000000000002,0.0,1.6,0.7600000000000001,1
2023-12-01,2023-12-01,38.859999416,586.520005994,114.89624368756455,278.491472612,26.755000000000003,0.0,1.83,0.71,1
2023-12-04,2023-12-04,35.139999255999996,549.040006434,77.41624412756454,240.765724592,26.630666666666666,0.0,1.83,0.71,1
2023-12-05,2023-12-05,32.699999306,544.760006634,73.1362443275645,235.95300541199998,26.609333333333332,0.0,1.83,0.71,1
2023-12-06,2023-12-06,32.159999306,535.460006754,63.836244447564525,226.56766929199998,26.601333333333333,0.0,1.83,0.71,1
2023-12-07,2023-12-07,27.259999385999997,529.800006754,58.17624444756456,220.58814507199997,26.63,0.0,1.83,0.71,1
2023-12-08,2023-12-08,20.059999486,520.560006614,48.93624430756455,211.57747573199998,26.630666666666666,0.0,1.83,0.71,1
2023-12-11,2023-12-11,15.819999556,491.220006064,19.596243757564537,179.206017522,26.701,0.0,1.83,0.71,1
2023-12-12,2023-12-12,14.199999556000002,484.66000502400004,13.036242717564562,171.34065712199998,26.698333333333334,0.0,1.83,0.71,1
2023-12-13,2023-12-13,12.819999696,474.720005184,3.0962428775645208,160.70780008199998,26.758,0.0,1.83,0.71,1
2023-12-14,2023-12-14,9.619999856,467.160005364,-4.463756942435452,152.08967522199998,26.816333333333333,0.0,1.83,0.71,1
2023-12-15,2023-12-15,8.939999828,453.340005164,-18.28375714243549,137.374797662,26.884666666666664,0.0,1.83,0.71,1
2023-12-18,2023-12-18,7.699999978,426.720005364,-44.90375694243551,110.42955218199998,27.10033333333333,0.0,1.83,0.71,1
2023-12-19,2023-12-19,7.759999978000001,420.86000522399996,-50.76375708243552,105.11248784199998,27.150666666666666,0.0,1.83,0.71,1
2023-12-20,2023-12-20,7.939999998,414.900005084,-56.723757222435495,99.74530062199999,27.146666666666665,0.0,1.83,0.71,1
2023-12-21,2023-12-21,7.999999998,407.300005104,-64.3237572024355,92.83074354199998,27.101000000000003,0.0,1.83,0.71,1
2023-12-22,2023-12-22,8.19999999,402.820005184,-68.80375712243546,89.58652088799998,26.933666666666667,0.0,1.83,0.71,1
2023-12-25,2023-12-25,8.460000130000001,367.76000442400004,-103.86375788243544,52.62050271799999,26.650333333333332,0.0,1.83,0.71,1
2023-12-26,2023-12-26,8.06000013,351.22000422400004,-120.40375808243544,35.33262303799999,26.60666666666667,0.0,1.83,0.71,1
2023-12-27,2023-12-27,8.18000013,342.680004164,-128.94375814243546,26.57073519799999,26.63066666666667,0.0,1.83,0.71,1
2023-12-28,2023-12-28,8.46000013,324.700003564,-146.9237587424355,8.940846897999986,26.675666666666665,0.0,1.83,0.71,1
2023-12-29,2023-12-29,9.220000129999999,309.70000296399996,-161.92375934243552,-6.3011576620000165,26.686,0.0,1.83,0.71,1
2024-01-01,2024-01-01,8.14000011,279.08000190399997,47.36787311703205,-39.171161882000014,26.753,0.0,1.99,0.6199999999999999,1
2024-01-02,2024-01-02,6.18000019,271.580001644,39.86787285703207,-47.05566534200001,26.84766666666667,0.0,1.99,0.6199999999999999,1
2024-01-03,2024-01-03,5.52000017,265.200001504,33.487872717032076,-53.941926662000014,26.82133333333333,0.0,1.99,0.6199999999999999,1
2024-01-04,2024-01-04,5.12000015,255.960001364,24.24787257703207,-64.63183858200001,26.797000000000004,0.0,1.99,0.6199999999999999,1
2024-01-05,2024-01-05,5.1000001500000005,254.300001284,22.587872497032066,-67.88094422200002,26.755333333333336,0.0,1.99,0.6199999999999999,1
2024-01-08,2024-01-08,5.6000001600000004,232.56000146399998,0.8478726770320577,-93.11551758200002,26.759666666666668,0.0,1.99,0.6199999999999999,1
2024-01-09,2024-01-09,5.760000160000001,224.80000170399998,-6.912127082967942,-101.49757736200002,26.787666666666667,0.0,1.99,0.6199999999999999,1
2024-01-10,2024-01-10,5.760000160000001,212.340001384,-19.37212740296792,-114.60319188200002,26.752000000000002,0.0,1.99,0.6199999999999999,1
2024-01-11,2024-01-11,5.760000160000001,202.02000098399998,-29.692127802967946,-126.03966660200003,26.75433333333333,0.0,1.99,0.6199999999999999,1
2024-01-12,2024-01-12,5.74000016,190.040001144,-41.67212764296792,-139.35577846200002,26.756666666666668,0.0,1.99,0.6199999999999999,1
2024-01-15,2024-01-15,5.20000016,132.25999954399998,-99.45212924296794,-203.09773276200002,26.567,0.0,1.99,0.6199999999999999,1
2024-01-16,2024-01-16,5.340000160000001,127.399999784,-104.31212900296792,-209.19692936200002,26.559,0.0,1.99,0.6199999999999999,1
2024-01-17,2024-01-17,4.920000160000001,121.19999938400001,-110.51212940296791,-216.14001100200002,26.59433333333333,0.0,1.99,0.6199999999999999,1
2024-01-18,2024-01-18,4.940000159999999,117.61999938400001,-114.09212940296791,-220.109024642,26.65,0.0,1.99,0.6199999999999999,1
2024-01-19,2024-01-19,4.76000014,110.459999384,-121.25212940296792,-228.48165826200002,26.773333333333333,0.0,1.99,0.6199999999999999,1
2024-01-22,2024-01-22,3.2000000400000004,74.580000024,-157.1321287629679,-267.74711780200005,27.349,0.0,1.99,0.6199999999999999,1
2024-01-23,2024-01-23,2.9200000200000003,68.899999824,-162.8121289629679,-274.815715102,27.479666666666667,0.0,1.99,0.6199999999999999,1
2024-01-24,2024-01-24,2.9200000200000003,66.039999904,-165.6721288829679,-278.000125742,27.545333333333335,0.0,1.99,0.6199999999999999,1
2024-01-25,2024-01-25,2.9200000200000003,62.559999864,-169.15212892296793,-282.037891662,27.557333333333336,0.0,1.99,0.6199999999999999,1
2024-01-26,2024-01-26,2.80000002,57.35999992399999,-174.35212886296793,-287.647963302,27.54733333333333,0.0,1.99,0.6199999999999999,1
2024-01-29,2024-01-29,1.46000002,49.419999585999996,-182.29212920096793,-298.50631866000003,27.453333333333333,0.0,1.99,0.6199999999999999,1
2024-01-30,2024-01-30,1.2800000200000001,48.279999546,-183.43212924096792,-300.4878762,27.476,0.0,1.99,0.6199999999999999,1
2024-01-31,2024-01-31,1.26000002,44.959999646,-186.75212914096792,-305.13531554,27.533333333333335,0.0,1.99,0.6199999999999999,1
2024-02-01,2024-02-01,1.6200000200000002,42.879999446,-58.49976503680236,-308.17795142000006,27.615666666666662,0.0,2.06,0.45999999999999996,1
2024-02-02,2024-02-02,1.8000000200000001,42.459999446,-58.91976503680236,-309.2091778,27.741333333333333,0.0,2.06,0.45999999999999996,1
2024-02-05,2024-02-05,1.58000001,34.459999566,-66.91976491680236,-321.88261768,28.156333333333336,0.0,2.06,0.45999999999999996,1
2024-02-06,2024-02-06,1.54000001,27.279999666,-74.09976481680236,-330.49221552,28.290333333333333,0.0,2.06,0.45999999999999996,1
2024-02-07,2024-02-07,1.62000001,24.199999726,-77.17976475680236,-334.40612972,28.394666666666662,0.0,2.06,0.45999999999999996,1
2024-02-08,2024-02-08,2.200000018,24.119999734,-77.25976474880235,-335.656952792,28.45133333333333,0.0,2.06,0.45999999999999996,1
2024-02-09,2024-02-09,2.260000018,23.839999734,-77.53976474880236,-336.617838252,28.498666666666665,0.0,2.06,0.45999999999999996,1
2024-02-12,2024-02-12,2.260000018,17.620000034,-83.75976444880236,-347.58314288,28.434,0.0,2.06,0.45999999999999996,1
2024-02-13,2024-02-13,2.280000018,16.760000006,-84.61976447680236,-350.152424428,28.495,0.0,2.06,0.45999999999999996,1
2024-02-14,2024-02-14,2.280000018,14.920000166,-86.45976431680236,-353.800619948,28.622,0.0,2.06,0.45999999999999996,1
2024-02-15,2024-02-15,2.180000018,14.800000156,-86.57976432680236,-355.08238621800007,28.751666666666665,0.0,2.06,0.45999999999999996,1
2024-02-16,2024-02-16,2.1800000180000003,14.800000156,-86.57976432680236,-356.504883058,28.810333333333336,0.0,2.06,0.45999999999999996,1
2024-02-19,2024-02-19,2.2200000180000004,14.760000136,-86.61976434680236,-360.151227658,29.032666666666668,0.0,2.06,0.45999999999999996,1
2024-02-20,2024-02-20,2.2200000180000004,14.540000128,-86.83976435480236,-361.78532470600004,29.160666666666668,0.0,2.06,0.45999999999999996,1
2024-02-21,2024-02-21,2.2200000180000004,14.540000128,-86.83976435480236,-363.318259526,29.276666666666664,0.0,2.06,0.45999999999999996,1
2024-02-22,2024-02-22,2.440000018,14.200000188,-87.17976429480235,-366.156170346,29.461333333333336,0.0,2.06,0.45999999999999996,1
2024-02-23,2024-02-23,2.460000018,13.840000168,-87.53976431480235,-369.010029866,29.695666666666668,0.0,2.06,0.45999999999999996,1
2024-02-26,2024-02-26,2.7200000380000002,13.700000188,-87.67976429480235,-375.03715630600004,30.145333333333333,0.0,2.06,0.45999999999999996,1
2024-02-27,2024-02-27,3.819999998,14.800000148,-86.57976433480236,-375.060666366,30.244666666666667,0.0,2.06,0.45999999999999996,1
2024-02-28,2024-02-28,3.819999998,13.440000128000001,-87.93976435480235,-378.02451070600006,30.334999999999997,0.0,2.06,0.45999999999999996,1
2024-02-29,2024-02-29,3.819999998,13.240000128,-88.13976435480235,-379.715057866,30.400333333333332,0.0,2.06,0.45999999999999996,1
2024-03-01,2024-03-01,3.819999998,13.220000128,-54.7959683288172,-381.832991466,30.442333333333334,0.0,1.92,0.08999999999999986,1
2024-03-04,2024-03-04,5.2600000080000004,12.180000178,-55.835968278817205,-388.40881383600004,30.428333333333335,0.0,1.92,0.08999999999999986,1
2024-03-05,2024-03-05,5.700000028000001,12.620000198,-55.395968258817206,-389.34789651600005,30.471666666666668,0.0,1.92,0.08999999999999986,1
2024-03-06,2024-03-06,6.080000018,13.280000198,-54.73596825881721,-390.461783856,30.549666666666667,1.0,1.92,0.08999999999999986,1
2024-03-07,2024-03-07,6.300000018,13.520000198000002,-54.4959682588172,-392.205855136,30.633666666666667,2.0,1.92,0.08999999999999986,1
2024-03-08,2024-03-08,6.160000018,13.380000188,-54.63596826881721,-394.32990928600003,30.637333333333338,2.0,1.92,0.08999999999999986,1
2024-03-11,2024-03-11,5.36000001,13.380000188,-54.63596826881721,-398.99005574600005,30.855666666666668,2.0,1.92,0.08999999999999986,1
2024-03-12,2024-03-12,5.52000003,13.520000208,-54.495968248817206,-400.49245742600004,31.033666666666665,2.0,1.92,0.08999999999999986,1
2024-03-13,2024-03-13,5.60000003,13.600000208,-54.41596824881721,-401.770720626,31.228,2.0,1.92,0.08999999999999986,1
2024-03-14,2024-03-14,5.84000004,13.660000218,-54.355968238817205,-403.227779696,31.339000000000002,2.0,1.92,0.08999999999999986,1
2024-03-15,2024-03-15,5.84000004,13.320000218,-54.6959682388172,-405.798089656,31.456000000000003,3.0,1.92,0.08999999999999986,1
2024-03-18,2024-03-18,5.74000004,12.780000218,-55.23596823881721,-413.451486236,31.772,6.0,1.92,0.08999999999999986,1
2024-03-19,2024-03-19,5.74000004,12.600000198,-55.4159682588172,-416.788425116,31.77266666666667,6.0,1.92,0.08999999999999986,1
2024-03-20,2024-03-20,5.88000006,12.640000198,-55.37596825881721,-418.85893351600004,31.698,6.0,1.92,0.08999999999999986,1
2024-03-21,2024-03-21,6.0000000600000005,12.340000198,-55.67596825881721,-421.56113096200005,31.647,6.0,1.92,0.08999999999999986,1
2024-03-22,2024-03-22,6.0000000600000005,11.420000118,-56.5959683388172,-425.28495092200006,31.670666666666666,6.0,1.92,0.08999999999999986,1
2024-03-25,2024-03-25,6.6200000800000005,12.000000117999999,-56.0159683388172,-430.398748462,31.79933333333333,8.0,1.92,0.08999999999999986,1
2024-03-26,2024-03-26,6.66000008,11.920000118,-56.0959683388172,-433.495664862,31.927333333333333,9.0,1.92,0.08999999999999986,1
2024-03-27,2024-03-27,7.36000007,12.600000128000001,-55.4159683288172,-434.98951509200003,32.001333333333335,10.0,1.92,0.08999999999999986,1
2024-03-28,2024-03-28,13.56000009,19.140000108,-48.87596834881721,-428.990669292,32.091,10.0,1.92,0.08999999999999986,1
2024-03-29,2024-03-29,15.37999989,20.659999907999996,-47.35596854881721,-428.55038077200004,32.17733333333334,10.0,1.92,0.08999999999999986,1
2024-04-01,2024-04-01,29.58000067,34.560000688,-75.88716674870557,-417.625024352,32.426,11.0,1.62,-0.3699999999999999,1
2024-04-02,2024-04-02,31.460000648,37.420000666,-73.02716677070558,-415.416619354,32.48266666666667,11.0,1.62,-0.3699999999999999,1
2024-04-03,2024-04-03,30.720000648000003,37.780000676,-72.66716676070557,-415.72250422400003,32.48266666666667,11.0,1.62,-0.3699999999999999,1
2024-04-04,2024-04-04,30.720000648,38.240000696,-72.20716674070556,-416.09537528400006,32.49433333333334,12.0,1.62,-0.3699999999999999,1
2024-04-05,2024-04-05,30.320000657999998,37.980000686000004,-72.46716675070556,-417.87414711400004,32.529333333333334,12.0,1.62,-0.3699999999999999,1
2024-04-08,2024-04-08,30.460000658,38.080000686,-72.36716675070556,-423.073163554,32.815666666666665,14.0,1.62,-0.3699999999999999,1
2024-04-09,2024-04-09,30.460000658,38.080000686,-72.36716675070556,-425.32939839400007,32.884,15.0,1.62,-0.3699999999999999,1
2024-04-10,2024-04-10,30.480000657999998,38.100000686,-72.34716675070557,-427.606778094,32.92733333333333,15.0,1.62,-0.3699999999999999,1
2024-04-11,2024-04-11,30.320000638,38.100000686,-72.34716675070557,-429.72984035400003,32.98166666666667,16.0,1.62,-0.3699999999999999,1
2024-04-12,2024-04-12,30.500000637999996,38.360000686,-72.08716675070556,-431.18416669400006,33.034666666666666,17.0,1.62,-0.3699999999999999,1
2024-04-15,2024-04-15,30.660000628,38.580000686,-71.86716675070556,-436.802429034,33.25966666666667,18.0,1.62,-0.3699999999999999,1
2024-04-16,2024-04-16,30.660000628,38.580000686,-71.86716675070556,-439.074736874,33.31366666666666,18.0,1.62,-0.3699999999999999,1
2024-04-17,2024-04-17,31.060000627999997,38.900000686,-71.54716675070557,-440.254106254,33.35166666666667,18.0,1.62,-0.3699999999999999,1
2024-04-18,2024-04-18,31.800000647999997,39.640000706,-70.80716673070557,-439.978111714,33.40566666666667,18.0,1.62,-0.3699999999999999,1
2024-04-19,2024-04-19,32.000000658,40.100000736,-70.34716670070557,-440.712640004,33.53366666666666,19.0,1.62,-0.3699999999999999,1
2024-04-22,2024-04-22,37.560000878,45.840000956,-64.60716648070557,-436.887868464,33.63633333333333,20.0,1.62,-0.3699999999999999,1
2024-04-23,2024-04-23,38.000000888,46.480000976,-63.96716646070557,-437.457838684,33.65633333333333,20.0,1.62,-0.3699999999999999,1
2024-04-24,2024-04-24,37.72000087799999,46.800000976,-63.64716646070557,-438.477749464,33.708999999999996,20.0,1.62,-0.3699999999999999,1
2024-04-25,2024-04-25,38.200000878,47.320000976,-63.12716646070557,-439.300086744,33.733333333333334,20.0,1.62,-0.3699999999999999,1
2024-04-26,2024-04-26,38.240000908,48.320001016,-62.12716642070557,-438.838802884,33.75633333333333,20.0,1.62,-0.3699999999999999,1
2024-04-29,2024-04-29,29.420001208,49.220001056,-61.22716638070557,-441.70233244400004,33.975,22.0,1.62,-0.3699999999999999,1
2024-04-30,2024-04-30,24.480001008,49.700001056,-60.74716638070557,-442.71189156400004,34.047666666666665,23.0,1.62,-0.3699999999999999,1
2024-05-01,2024-05-01,17.700000468,50.640001136,-209.3594623148871,-442.80121226400007,34.117333333333335,24.0,1.26,-0.8,1
2024-05-02,2024-05-02,18.20000047,53.820001116,-206.1794623348871,-439.953327144,34.14666666666667,25.0,1.26,-0.8,1
2024-05-03,2024-05-03,20.12000046,56.100001116,-203.89946233488712,-437.06360726400004,34.147666666666666,25.0,1.26,-0.8,1
2024-05-06,2024-05-06,30.50000079,66.860001466,-193.1394619848871,-424.96635471400003,33.840333333333334,22.0,1.26,-0.8,1
2024-05-07,2024-05-07,32.18000079,68.720001466,-191.27946198488712,-423.74931663399997,33.747,21.0,1.26,-0.8,1
2024-05-08,2024-05-08,33.78000083,69.660001498,-190.33946195288712,-423.899505202,33.61,20.0,1.26,-0.8,1
2024-05-09,2024-05-09,35.02000085,70.84000151800001,-189.1594619328871,-423.702783182,33.57866666666667,19.0,1.26,-0.8,1
2024-05-10,2024-05-10,35.58000085,71.420001518,-188.5794619328871,-424.426614522,33.586333333333336,20.0,1.26,-0.8,1
2024-05-13,2024-05-13,40.860000878,77.080001546,-182.9194619048871,-420.75857911400004,33.52133333333333,20.0,1.26,-0.8,1
2024-05-14,2024-05-14,46.080001078,82.56000174600001,-177.4394617048871,-415.66870279400007,33.449,20.0,1.26,-0.8,1
2024-05-15,2024-05-15,49.660000878,86.060001546,-173.9394619048871,-412.14328147400005,33.379,19.0,1.26,-0.8,1
2024-05-16,2024-05-16,56.060001218,92.460001886,-167.53946156488712,-405.424378234,33.290333333333336,18.0,1.26,-0.8,1
2024-05-17,2024-05-17,71.340001818,108.140002486,-151.8594609648871,-388.456018554,33.172999999999995,17.0,1.26,-0.8,1
2024-05-20,2024-05-20,98.800002788,137.840003526,-122.1594599248871,-355.009954674,32.80466666666667,16.0,1.26,-0.8,1
2024-05-21,2024-05-21,100.90000246800001,142.040003406,-117.9594600448871,-348.379935654,32.62533333333333,16.0,1.26,-0.8,1
2024-05-22,2024-05-22,101.800002488,145.200003426,-114.79946002488711,-344.451729614,32.525999999999996,15.0,1.26,-0.8,1
2024-05-23,2024-05-23,112.020003668,156.04000462599998,-103.95945882488712,-331.731711054,32.34066666666667,14.0,1.26,-0.8,1
2024-05-24,2024-05-24,113.200003678,157.540004636,-102.45945881488711,-329.443258124,32.19466666666667,13.0,1.26,-0.8,1
2024-05-27,2024-05-27,120.160003758,164.780004776,-95.21945867488711,-320.959964644,31.817999999999998,10.0,1.26,-0.8,1
2024-05-28,2024-05-28,126.720003398,171.860004436,-88.13945901488711,-312.27054760400006,31.65733333333333,9.0,1.26,-0.8,1
2024-05-29,2024-05-29,132.90000305799998,178.300004116,-81.69945933488711,-303.454787124,31.42733333333333,8.0,1.26,-0.8,1
2024-05-30,2024-05-30,143.780003478,189.660004536,-70.3394589148871,-289.379384184,31.172666666666668,7.0,1.26,-0.8,1
2024-05-31,2024-05-31,144.440003458,191.720004596,-68.27945885488711,-285.225305584,30.938666666666666,6.0,1.26,-0.8,1
2024-06-03,2024-06-03,146.360003598,202.380004686,-243.8188849164,-271.47837367400007,30.643666666666665,5.0,0.82,-1.1,1
2024-06-04,2024-06-04,145.060003438,204.64000488599999,-241.55888471640003,-268.404170934,30.669,5.0,0.82,-1.1,1
2024-06-05,2024-06-05,153.120003398,213.680004846,-232.5188847564,-257.250930174,30.56433333333333,5.0,0.82,-1.1,1
2024-06-06,2024-06-06,154.840003408,217.40000485599998,-228.79888474640003,-251.85310338400004,30.500333333333334,5.0,0.82,-1.1,1
2024-06-07,2024-06-07,158.34000348799998,222.580004976,-223.61888462640002,-244.790851464,30.409,5.0,0.82,-1.1,1
2024-06-10,2024-06-10,180.74000352800002,247.520005016,-198.67888458640002,-214.20388814400002,29.950333333333333,3.0,0.82,-1.1,1
2024-06-11,2024-06-11,182.14000334000002,249.680004836,-196.51888476640002,-211.20515908400003,29.793999999999997,2.0,0.82,-1.1,1
2024-06-12,2024-06-12,179.48000336,250.720004866,-195.4788847364,-209.47049161400003,29.656333333333333,1.0,0.82,-1.1,1
2024-06-13,2024-06-13,177.56000319,254.280004896,-191.9188847064,-204.25539202400003,29.558666666666667,0.0,0.82,-1.1,1
2024-06-14,2024-06-14,178.90000347,259.220004976,-186.97888462640003,-197.86263478400002,29.48033333333333,0.0,0.82,-1.1,1
2024-06-17,2024-06-17,155.50000205,270.400005296,-175.7988843064,-181.18651416400004,29.359333333333332,0.0,0.82,-1.1,1
2024-06-18,2024-06-18,153.04000229,273.980005576,-172.21888402640002,-176.365818044,29.37933333333333,0.0,0.82,-1.1,1
2024-06-19,2024-06-19,151.66000233,283.500005796,-162.69888380640003,-165.63575246400003,29.36433333333333,0.0,0.82,-1.1,1
2024-06-20,2024-06-20,159.86000291000002,295.900006256,-150.29888334640003,-150.46088038400003,29.367,0.0,0.82,-1.1,1
2024-06-21,2024-06-21,169.84000195,309.200005316,-136.99888428640003,-134.47059222400003,29.206666666666667,0.0,0.82,-1.1,1
2024-06-24,2024-06-24,199.04000226,352.080006836,-94.11888276640002,-82.14437504400001,28.762333333333334,0.0,0.82,-1.1,1
2024-06-25,2024-06-25,201.6000023,357.560006886,-88.63888271640002,-74.30788981400002,28.658666666666665,0.0,0.82,-1.1,1
2024-06-26,2024-06-26,207.58000220000002,358.800006886,-87.39888271640001,-72.31188651400001,28.55966666666667,0.0,0.82,-1.1,1
2024-06-27,2024-06-27,206.26000276000002,362.740007306,-83.45888229640002,-67.67269587400001,28.530000000000005,0.0,0.82,-1.1,1
2024-06-28,2024-06-28,210.66000282,372.980007086,-73.21888251640001,-56.33796389400002,28.537,0.0,0.82,-1.1,1
2024-07-01,2024-07-01,210.000002628,370.760006696,-237.43961763531718,-57.38749386400002,28.599333333333334,0.0,0.49,-1.1300000000000001,0
2024-07-02,2024-07-02,218.12000242800002,380.180006486,-228.01961784531716,-47.02132699400002,28.577999999999996,0.0,0.49,-1.1300000000000001,0
2024-07-03,2024-07-03,226.100003028,397.760007066,-210.43961726531717,-27.929433194000016,28.514666666666667,0.0,0.49,-1.1300000000000001,0
2024-07-04,2024-07-04,231.380003188,405.700007416,-202.49961691531718,-17.408600944000014,28.360333333333333,0.0,0.49,-1.1300000000000001,0
2024-07-05,2024-07-05,224.74000320800002,408.360007396,-199.83961693531717,-12.448517284000019,28.332666666666668,0.0,0.49,-1.1300000000000001,0
2024-07-08,2024-07-08,243.580002298,443.420006956,-164.77961737531717,28.492615155999978,28.255666666666666,0.0,0.49,-1.1300000000000001,0
2024-07-09,2024-07-09,245.240003038,457.62000735600003,-150.57961697531715,46.110614015999985,28.220666666666666,0.0,0.49,-1.1300000000000001,0
2024-07-10,2024-07-10,248.760003178,465.96000755600005,-142.23961677531713,57.01542167599998,28.249000000000002,0.0,0.49,-1.1300000000000001,0
2024-07-11,2024-07-11,255.00000359799998,474.180007796,-134.0196165353172,67.65175635599998,28.179,0.0,0.49,-1.1300000000000001,0
2024-07-12,2024-07-12,264.820003318,485.160007556,-123.0396167753172,81.63304337599997,28.077,0.0,0.49,-1.1300000000000001,0
2024-07-15,2024-07-15,296.16000386800005,527.3800083360001,-80.81961599531712,136.384498256,27.493333333333332,0.0,0.49,-1.1300000000000001,0
2024-07-16,2024-07-16,298.640003708,534.460008376,-73.73961595531716,146.323961756,27.372333333333334,0.0,0.49,-1.1300000000000001,0
2024-07-17,2024-07-17,311.700003708,550.300008356,-57.89961597531715,164.79913461599998,27.221999999999998,0.0,0.49,-1.1300000000000001,0
2024-07-18,2024-07-18,326.50000360800004,568.480008526,-39.719615805317176,186.161502966,27.097333333333335,0.0,0.49,-1.1300000000000001,0
2024-07-19,2024-07-19,328.460003448,578.920008566,-29.279615765317203,199.52097090599997,26.959999999999997,0.0,0.49,-1.1300000000000001,0
2024-07-22,2024-07-22,339.560003928,625.0400089460001,16.840384614682876,255.00770034599998,26.782,0.0,0.49,-1.1300000000000001,0
2024-07-23,2024-07-23,335.50000272799997,640.060008546,31.860384214682767,272.738237826,26.820666666666668,0.0,0.49,-1.1300000000000001,0
2024-07-24,2024-07-24,333.68000273800004,647.560008696,39.36038436468277,282.642712296,26.832,0.0,0.49,-1.1300000000000001,0
2024-07-25,2024-07-25,340.82000195800003,660.1400079360001,51.94038360468289,297.170792796,26.802333333333333,0.0,0.49,-1.1300000000000001,0
2024-07-26,2024-07-26,348.160001838,675.9000077960001,67.70038346468289,316.628464176,26.697999999999997,0.0,0.49,-1.1300000000000001,0
2024-07-29,2024-07-29,358.08000129,702.460007176,94.2603828446828,352.600072196,26.411333333333335,0.0,0.49,-1.1300000000000001,0
2024-07-30,2024-07-30,357.24000113,706.660007176,98.46038284468284,359.023146976,26.372,0.0,0.49,-1.1300000000000001,0
2024-07-31,2024-07-31,360.64000099,713.200007216,105.00038288468284,366.64142789600004,26.333000000000002,0.0,0.49,-1.1300000000000001,0
2024-08-01,2024-08-01,356.70000131,716.7600073360001,4.73436107698933,370.701036496,26.298333333333336,0.0,0.22,-1.04,0
2024-08-02,2024-08-02,344.440000618,716.9000072440001,4.87436098498938,370.64398822399994,26.337,0.0,0.22,-1.04,0
2024-08-05,2024-08-05,357.700001618,742.440007824,30.414361564989235,399.153158184,26.386666666666667,0.0,0.22,-1.04,0
2024-08-06,2024-08-06,348.42000201800005,749.040008184,37.014361924989316,407.510620104,26.365666666666666,0.0,0.22,-1.04,0
2024-08-07,2024-08-07,348.820001858,757.2200079639999,45.194361704989205,417.24280310399996,26.344333333333335,0.0,0.22,-1.04,0
2024-08-08,2024-08-08,337.840001538,759.8800080440001,47.85436178498935,421.795788084,26.37933333333333,0.0,0.22,-1.04,0
2024-08-09,2024-08-09,332.640001378,762.140008084,50.11436182498926,425.372798864,26.396333333333335,0.0,0.22,-1.04,0
2024-08-12,2024-08-12,309.600001838,763.240007996,51.214361736989304,430.439121236,26.573,0.0,0.22,-1.04,0
2024-08-13,2024-08-13,293.380000316,761.520008274,49.49436201498929,429.542411074,26.713,0.0,0.22,-1.04,0
2024-08-14,2024-08-14,286.180000836,757.500007954,45.474361694989284,426.291321874,26.886000000000003,0.0,0.22,-1.04,0
2024-08-15,2024-08-15,283.180000716,746.300007274,34.27436101498927,414.859468494,26.977333333333334,0.0,0.22,-1.04,0
2024-08-16,2024-08-16,269.740000676,736.940006434,24.91436017498927,405.291103714,27.09466666666667,0.0,0.22,-1.04,0
2024-08-19,2024-08-19,224.539999886,721.720006384,9.694360124989316,386.414808644,27.507333333333335,0.0,0.22,-1.04,0
2024-08-20,2024-08-20,215.420000286,720.040006364,8.014360104989237,384.91442348399994,27.639666666666667,0.0,0.22,-1.04,0
2024-08-21,2024-08-21,198.85999991399999,711.880005192,-0.14564106701072888,375.94557913200003,27.755999999999997,0.0,0.22,-1.04,0
2024-08-22,2024-08-22,185.80000023399998,712.660005102,0.6343588429892861,376.740758862,27.87066666666667,0.0,0.22,-1.04,0
2024-08-23,2024-08-23,183.120000024,715.840005022,3.8143587629892863,380.37776690199996,27.959333333333333,0.0,0.22,-1.04,0
2024-08-26,2024-08-26,184.040000564,739.3800049820001,27.354358722989332,405.14555662199996,28.263333333333332,0.0,0.22,-1.04,0
2024-08-27,2024-08-27,180.16000168399998,745.260005862,33.23435960298923,410.24159972200005,28.358333333333334,0.0,0.22,-1.04,0
2024-08-28,2024-08-28,188.800001264,747.480004962,35.454358702989225,411.572730182,28.381666666666664,0.0,0.22,-1.04,0
2024-08-29,2024-08-29,195.900001404,758.1200051220001,46.09435886298934,422.079160742,28.358,0.0,0.22,-1.04,0
2024-08-30,2024-08-30,200.700001604,771.3400052220001,59.31435896298933,436.235395622,28.31833333333333,0.0,0.22,-1.04,0
2024-09-02,2024-09-02,215.160002096,793.780006042,14.990672279494333,461.391983002,28.159333333333336,0.0,0.08,-0.74,0
2024-09-03,2024-09-03,214.700001376,794.600005482,15.810671719494394,462.881609222,28.096333333333334,0.0,0.08,-0.74,0
2024-09-04,2024-09-04,227.320000656,814.920005072,36.130671309494346,484.911352352,28.013666666666666,0.0,0.08,-0.74,0
2024-09-05,2024-09-05,233.140001856,823.840006552,45.05067278949434,495.180040932,27.938666666666666,0.0,0.08,-0.74,0
2024-09-06,2024-09-06,237.68000203600002,830.0800061919999,51.29067242949429,502.583786112,27.85033333333333,0.0,0.08,-0.74,0
2024-09-09,2024-09-09,248.660002056,830.720006812,51.93067304949432,505.054396672,27.707666666666668,0.0,0.08,-0.74,0
2024-09-10,2024-09-10,253.54000207599998,839.400006972,60.610673209494394,515.534140932,27.68,0.0,0.08,-0.74,0
2024-09-11,2024-09-11,256.160001856,841.8400066620001,63.05067289949443,519.4970058419999,27.671333333333333,0.0,0.08,-0.74,0
2024-09-12,2024-09-12,260.980001718,843.6000065220001,64.81067275949442,521.853898522,27.660333333333334,0.0,0.08,-0.74,0
2024-09-13,2024-09-13,268.94000129799997,851.2800060019999,72.4906722394943,531.140535022,27.572333333333333,0.0,0.08,-0.74,0
2024-09-16,2024-09-16,312.40000365799995,892.540007762,113.75067399949432,578.5934624419999,27.247,0.0,0.08,-0.74,0
2024-09-17,2024-09-17,332.000002968,903.240006882,124.45067311949435,590.752098542,27.145666666666667,0.0,0.08,-0.74,0
2024-09-18,2024-09-18,351.700003748,913.560007222,134.77067345949433,602.1912008620001,26.971999999999998,0.0,0.08,-0.74,0
2024-09-19,2024-09-19,358.080003868,908.280008282,129.4906745194944,596.343660722,26.889,0.0,0.08,-0.74,0
2024-09-20,2024-09-20,371.84000504,910.260008882,131.47067511949433,598.508414382,26.794666666666668,0.0,0.08,-0.74,0
2024-09-23,2024-09-23,414.4000049,931.380007682,152.5906739194944,621.125235902,26.375,0.0,0.08,-0.74,0
2024-09-24,2024-09-24,407.16000492,928.8600079619999,150.0706741994943,619.241376522,26.300333333333334,0.0,0.08,-0.74,0
2024-09-25,2024-09-25,397.06000554,930.1800077620001,151.39067399949442,620.624702222,26.319,0.0,0.08,-0.74,0
2024-09-26,2024-09-26,390.4200054,925.020008442,146.2306746794943,615.372431242,26.345000000000002,0.0,0.08,-0.74,0
2024-09-27,2024-09-27,383.50000608,930.380008634,151.59067487149434,621.391756014,26.36466666666667,0.0,0.08,-0.74,0
2024-09-30,2024-09-30,361.40000549999996,924.020008694,145.23067493149438,616.095976534,26.55366666666667,0.0,0.08,-0.74,0
2024-10-01,2024-10-01,346.42000556,909.540008154,96.2357618564248,601.243327154,26.566333333333333,0.0,-0.07,-0.56,0
2024-10-02,2024-10-02,349.68000514,912.080007994,98.77576169642475,603.2168768939999,26.56533333333333,0.0,-0.07,-0.56,0
2024-10-03,2024-10-03,345.66000576,915.520008034,102.21576173642484,606.9381093339999,26.623333333333335,0.0,-0.07,-0.56,0
2024-10-04,2024-10-04,325.64000622000003,910.6600084940001,97.35576219642485,602.2975118339999,26.681333333333335,0.0,-0.07,-0.56,0
2024-10-07,2024-10-07,311.24000422,889.760007954,76.45576165642478,582.886910614,26.80566666666667,0.0,-0.07,-0.56,0
2024-10-08,2024-10-08,315.46000463999997,890.8800078940001,77.57576159642485,584.712941334,26.798000000000002,0.0,-0.07,-0.56,0
2024-10-09,2024-10-09,309.98000446000003,885.7000076740001,72.39576137642484,579.2811177140001,26.818666666666665,0.0,-0.07,-0.56,0
2024-10-10,2024-10-10,302.46000426,877.0400079140001,63.73576161642484,569.556668714,26.849666666666668,0.0,-0.07,-0.56,0
2024-10-11,2024-10-11,303.20000438,868.960008074,55.65576177642481,560.629093194,26.868333333333332,0.0,-0.07,-0.56,0
2024-10-14,2024-10-14,282.24000225000003,849.180006404,35.875760106424764,535.668017244,27.022000000000002,0.0,-0.07,-0.56,0
2024-10-15,2024-10-15,277.26000085000004,847.600005604,34.29575930642477,533.0345250439999,27.101999999999997,0.0,-0.07,-0.56,0
2024-10-16,2024-10-16,275.16000165,841.2000058039999,27.895759506424724,525.696719084,27.158333333333335,0.0,-0.07,-0.56,0
2024-10-17,2024-10-17,264.76000271,839.540006144,26.2357598464248,523.477746304,27.200666666666667,0.0,-0.07,-0.56,0
2024-10-18,2024-10-18,247.84000167,824.080005304,10.775759006424778,506.75785766399997,27.259666666666668,0.0,-0.07,-0.56,0
2024-10-21,2024-10-21,221.62000084,803.500006194,-9.80424010357524,483.454290434,27.402333333333335,0.0,-0.07,-0.56,0
2024-10-22,2024-10-22,208.58000152,801.4000063240001,-11.904239973575159,481.61614692399996,27.486,0.0,-0.07,-0.56,0
2024-10-23,2024-10-23,197.860001328,788.420007052,-24.88423924557526,468.017892692,27.52833333333333,0.0,-0.07,-0.56,0
2024-10-24,2024-10-24,192.160001076,772.8600071999999,-40.44423909757529,450.41371882,27.570333333333334,0.0,-0.07,-0.56,0
2024-10-25,2024-10-25,185.220001056,766.32000716,-46.98423913757517,442.42947591999996,27.540333333333333,0.0,-0.07,-0.56,0
2024-10-28,2024-10-28,218.66000021600001,785.8800075,-27.424238797575185,465.88412407399994,26.910666666666668,0.0,-0.07,-0.56,0
2024-10-29,2024-10-29,215.259999916,779.86000746,-33.4442388375752,461.705717614,26.777666666666665,0.0,-0.07,-0.56,0
2024-10-30,2024-10-30,209.15999997600002,776.48000736,-36.824238937575274,459.173221034,26.69833333333333,0.0,-0.07,-0.56,0
2024-10-31,2024-10-31,215.399999716,780.5000072519999,-32.80423904557529,463.779568446,26.662,0.0,-0.07,-0.56,0
2024-11-01,2024-11-01,221.13999913600003,785.980006372,95.19739723125008,470.599219346,26.62,0.0,-0.17,-0.39,0
2024-11-04,2024-11-04,234.139999136,780.7600055319999,89.97739639124995,467.28694446599997,26.491333333333333,0.0,-0.17,-0.39,0
2024-11-05,2024-11-05,230.279999516,774.020005812,83.23739667125005,461.29650120599996,26.491,0.0,-0.17,-0.39,0
2024-11-06,2024-11-06,220.67999925600003,772.600005672,81.81739653124998,460.785682766,26.437333333333335,0.0,-0.17,-0.39,0
2024-11-07,2024-11-07,211.75999911600002,770.000005632,79.21739649125004,459.24965112599995,26.39,0.0,-0.17,-0.39,0
2024-11-08,2024-11-08,208.599999106,767.240005622,76.45739648125004,456.97634519599995,26.299333333333333,0.0,-0.17,-0.39,0
2024-11-11,2024-11-11,196.65999972600002,759.380005544,68.59739640325006,449.2865824379999,26.241,0.0,-0.17,-0.39,0
2024-11-12,2024-11-12,220.100001996,785.760007724,94.97739858325008,477.433870538,26.169666666666668,0.0,-0.17,-0.39,0
2024-11-13,2024-11-13,219.06000207600002,785.060007764,94.27739862325006,477.63412185799996,26.11133333333333,0.0,-0.17,-0.39,0
2024-11-14,2024-11-14,204.440002876,782.300007804,91.51739866324999,474.974384678,26.137999999999998,0.0,-0.17,-0.39,0
2024-11-15,2024-11-15,193.240002476,780.800007784,90.01739864324998,473.85785983799997,26.173000000000002,0.0,-0.17,-0.39,0
2024-11-18,2024-11-18,173.24000204600003,775.9000077540001,85.11739861325009,469.35322466799994,26.301,0.0,-0.17,-0.39,0
2024-11-19,2024-11-19,163.540001466,774.3200077460001,83.53739860525013,468.28571847999996,26.313666666666666,0.0,-0.17,-0.39,0
2024-11-20,2024-11-20,154.44000186600002,772.140007826,81.35739868525002,466.90368304,26.337666666666667,0.0,-0.17,-0.39,0
2024-11-21,2024-11-21,148.840001586,767.120007886,76.33739874525008,462.56253632,26.379666666666665,0.0,-0.17,-0.39,0
2024-11-22,2024-11-22,148.580001578,760.840007806,70.05739866525005,456.73349442,26.389000000000003,0.0,-0.17,-0.39,0
2024-11-25,2024-11-25,143.64000156999998,718.900007606,28.117398465250062,415.25174671999997,26.517999999999997,0.0,-0.17,-0.39,0
2024-11-26,2024-11-26,115.18000277,705.320008086,14.537398945250061,401.18926533999996,26.767,0.0,-0.17,-0.39,0
2024-11-27,2024-11-27,102.64000177000001,692.6200078659999,1.8373987252499546,387.78925028,26.903333333333332,0.0,-0.17,-0.39,0
2024-11-28,2024-11-28,98.9000018,678.0600076559999,-12.722601484750044,372.52970201,26.937333333333335,0.0,-0.17,-0.39,0
2024-11-29,2024-11-29,96.44000178,667.000007256,-23.782601884749965,360.79546476999997,26.878,0.0,-0.17,-0.39,0
2024-12-02,2024-12-02,61.560002579999995,631.780007256,160.1562449495645,325.38359685,26.868000000000002,0.0,-0.21,-0.29,0
2024-12-03,2024-12-03,56.400002660000006,609.6800076559999,138.05624534956445,302.78676986999994,26.894333333333332,0.0,-0.21,-0.29,0
2024-12-04,2024-12-04,49.060002360000006,596.680006036,125.05624372956453,289.77271994999995,26.870333333333335,0.0,-0.21,-0.29,0
2024-12-05,2024-12-05,46.38000228000001,582.720006056,111.09624374956451,274.85477690999994,26.868666666666666,0.0,-0.21,-0.29,0
2024-12-06,2024-12-06,46.22000226,578.1400057359999,106.51624342956444,270.09794413,26.916333333333334,0.0,-0.21,-0.29,0
2024-12-09,2024-12-09,45.380002250000004,554.460005616,82.83624330956451,246.04650084999997,26.942,0.0,-0.21,-0.29,0
2024-12-10,2024-12-10,47.70000219,552.240005956,80.61624364956452,244.89177938999998,26.834,0.0,-0.21,-0.29,0
2024-12-11,2024-12-11,56.84000241,555.240006236,83.61624392956452,250.45684267,26.687333333333335,0.0,-0.21,-0.29,0
2024-12-12,2024-12-12,30.04000003,546.8600064560001,75.23624414956458,242.74598304999998,26.651999999999997,0.0,-0.21,-0.29,0
2024-12-13,2024-12-13,30.24000009,531.540004416,59.91624210956451,227.06223534999998,26.594333333333335,0.0,-0.21,-0.29,0
2024-12-16,2024-12-16,42.500001770000004,491.080006576,19.456244269564536,186.70004964999998,26.014333333333333,0.0,-0.21,-0.29,0
2024-12-17,2024-12-17,42.500001770000004,468.360005776,-3.2637565304355007,162.12344969,25.911333333333335,0.0,-0.21,-0.29,0
2024-12-18,2024-12-18,42.640001778,460.46000566400005,-11.16375664243543,153.799035918,25.828,0.0,-0.21,-0.29,0
2024-12-19,2024-12-19,41.520001758,444.000004464,-27.623757842435452,136.45662063799998,25.732333333333333,0.0,-0.21,-0.29,0
2024-12-20,2024-12-20,41.420001758000005,417.48000446400005,-54.143757842435434,108.61493305799999,25.603,0.0,-0.21,-0.29,0
2024-12-23,2024-12-23,40.680001758,381.400004404,-90.22375790243547,70.460778158,25.21333333333333,0.0,-0.21,-0.29,0
2024-12-24,2024-12-24,41.440001758,375.60000438400004,-96.02375792243544,66.75219516799999,25.035333333333334,0.0,-0.21,-0.29,0
2024-12-25,2024-12-25,44.780001938,373.260004144,-98.36375816243549,66.563410928,24.880333333333336,0.0,-0.21,-0.29,0
2024-12-26,2024-12-26,45.340001938,367.160003944,-104.4637583624355,61.33470708799998,24.835,0.0,-0.21,-0.29,0
2024-12-27,2024-12-27,46.660001938,367.96000392400003,-103.66375838243545,63.52671998799998,24.811666666666664,0.0,-0.21,-0.29,0
2024-12-30,2024-12-30,46.320001938,348.800003634,-122.82375867243547,44.984810557999985,24.837333333333333,0.0,-0.21,-0.29,0
2024-12-31,2024-12-31,46.060001938,338.300003454,-133.3237588524355,36.09386235799998,24.697000000000003,0.0,-0.21,-0.29,0
2025-01-01,2025-01-01,46.640001938,332.760003434,101.04787464703207,31.130944537999987,24.632333333333335,0.0,-0.3,-0.22999999999999998,0
2025-01-02,2025-01-02,44.940001938,328.98000337400003,97.26787458703211,28.164358897999982,24.58466666666667,0.0,-0.3,-0.22999999999999998,0
2025-01-03,2025-01-03,43.880001958,327.080003454,95.36787466703208,27.15387790599998,24.497666666666664,0.0,-0.3,-0.22999999999999998,0
2025-01-06,2025-01-06,42.040002038000004,299.76000341400004,68.04787462703212,-2.5796646140000163,24.287,0.0,-0.3,-0.22999999999999998,0
2025-01-07,2025-01-07,42.000002038,296.460003394,64.74787460703209,-6.013151234000016,24.298333333333336,0.0,-0.3,-0.22999999999999998,0
2025-01-08,2025-01-08,42.000002038,294.00000339400003,62.28787460703211,-8.434075634000017,24.316,0.0,-0.3,-0.22999999999999998,0
2025-01-09,2025-01-09,38.220001978,287.26000355400004,55.54787476703211,-15.817575814000016,24.404333333333334,0.0,-0.3,-0.22999999999999998,0
2025-01-10,2025-01-10,28.520001757999996,282.020003894,50.30787510703209,-21.366918914000017,24.392999999999997,0.0,-0.3,-0.22999999999999998,0
2025-01-13,2025-01-13,20.980001838,256.960004884,25.247876097032076,-46.36550308400002,24.171666666666667,0.0,-0.3,-0.22999999999999998,0
2025-01-14,2025-01-14,10.200000247999998,245.720004494,14.00787570703207,-57.45237983400002,24.299666666666667,0.0,-0.3,-0.22999999999999998,0
2025-01-15,2025-01-15,9.500000228,235.820004094,4.107875307032089,-67.73723029400001,24.42866666666667,0.0,-0.3,-0.22999999999999998,0
2025-01-16,2025-01-16,9.500000228,230.020004334,-1.6921244529679313,-73.94886115400001,24.384666666666664,0.0,-0.3,-0.22999999999999998,0
2025-01-17,2025-01-17,9.320000219999999,225.200004044,-6.512124742967927,-79.054588824,24.335,0.0,-0.3,-0.22999999999999998,0
2025-01-20,2025-01-20,9.340000219999999,199.280003564,-32.432125222967926,-108.40978644400002,24.499333333333333,0.0,-0.3,-0.22999999999999998,0
2025-01-21,2025-01-21,9.320000219999999,198.680003556,-33.03212523096792,-109.53900873200001,24.616,0.0,-0.3,-0.22999999999999998,0
2025-01-22,2025-01-22,9.12000022,198.360003548,-33.352125238967915,-110.18562780000002,24.76966666666667,0.0,-0.3,-0.22999999999999998,0
2025-01-23,2025-01-23,7.840000219999999,198.22000354800002,-33.4921252389679,-110.62214826000002,24.987333333333332,0.0,-0.3,-0.22999999999999998,0
2025-01-24,2025-01-24,4.50000004,192.920003548,-38.79212523896791,-117.80630764000001,25.199666666666666,0.0,-0.3,-0.22999999999999998,0
2025-01-27,2025-01-27,2.48000003,148.060003768,-83.65212501896792,-171.925905774,25.313333333333333,0.0,-0.3,-0.22999999999999998,0
2025-01-28,2025-01-28,2.48000003,145.600003748,-86.11212503896792,-175.66181779400003,25.328,0.0,-0.3,-0.22999999999999998,0
2025-01-29,2025-01-29,2.4000000299999997,135.800003948,-95.91212483896791,-186.42610963400003,25.285666666666664,0.0,-0.3,-0.22999999999999998,0
2025-01-30,2025-01-30,2.14000001,119.300004328,-112.41212445896792,-204.26699751400002,25.37633333333333,0.0,-0.3,-0.22999999999999998,0
2025-01-31,2025-01-31,1.5600000100000002,109.760004528,-121.95212425896793,-214.91741195400002,25.464,0.0,-0.3,-0.22999999999999998,0
2025-02-03,2025-02-03,1.18000001,91.540004248,-9.839760234802355,-238.926503734,25.942333333333334,0.0,-0.42,-0.24999999999999997,0
2025-02-04,2025-02-04,1.18000001,89.720004308,-11.659760174802358,-241.90224031400004,25.962333333333333,0.0,-0.42,-0.24999999999999997,0
2025-02-05,2025-02-05,1.18000001,89.180004308,-12.199760174802364,-243.86187035400002,25.997666666666667,0.0,-0.42,-0.24999999999999997,0
2025-02-06,2025-02-06,1.18000001,89.040004298,-12.339760184802358,-245.47279498400002,26.033333333333335,0.0,-0.42,-0.24999999999999997,0
2025-02-07,2025-02-07,1.18000001,88.560004298,-12.819760184802362,-246.54288284400002,26.043666666666663,0.0,-0.42,-0.24999999999999997,0
2025-02-10,2025-02-10,1.24000001,57.840001978000004,-43.539762504802354,-279.317909724,26.09766666666667,0.0,-0.42,-0.24999999999999997,0
2025-02-11,2025-02-11,4.559999810000001,57.380001818,-43.99976266480236,-279.957026064,26.244333333333334,0.0,-0.42,-0.24999999999999997,0
2025-02-12,2025-02-12,5.859999838,58.380001846,-42.99976263680236,-279.134888956,26.4,0.0,-0.42,-0.24999999999999997,0
2025-02-13,2025-02-13,5.899999828,58.380001846,-42.99976263680236,-279.45273187600003,26.499666666666666,0.0,-0.42,-0.24999999999999997,0
2025-02-14,2025-02-14,6.259999836,58.260001834,-43.11976264880236,-280.04722906800004,26.63266666666667,0.0,-0.42,-0.24999999999999997,0
2025-02-17,2025-02-17,7.659999836,58.520001814,-42.85976266880236,-281.283449748,27.104,0.0,-0.42,-0.24999999999999997,0
2025-02-18,2025-02-18,9.759999836,60.520001814,-40.85976266880236,-279.926120728,27.175333333333334,0.0,-0.42,-0.24999999999999997,0
2025-02-19,2025-02-19,10.759999836,61.200001814,-40.17976266880236,-279.584334348,27.215,0.0,-0.42,-0.24999999999999997,0
2025-02-20,2025-02-20,11.499999876,61.600001854000006,-39.77976262880235,-279.910879908,27.271333333333338,0.0,-0.42,-0.24999999999999997,0
2025-02-21,2025-02-21,12.079999876,61.880001854,-39.49976262880236,-280.542668368,27.287666666666667,0.0,-0.42,-0.24999999999999997,0
2025-02-24,2025-02-24,14.699999886,64.02000186400001,-37.35976261880235,-277.567681178,26.953666666666667,0.0,-0.42,-0.24999999999999997,0
2025-02-25,2025-02-25,14.799999886,64.100001864,-37.27976261880235,-277.682204398,26.949333333333335,0.0,-0.42,-0.24999999999999997,0
2025-02-26,2025-02-26,14.879999886,64.040001854,-37.33976262880236,-277.637966068,27.060333333333336,0.0,-0.42,-0.24999999999999997,0
2025-02-27,2025-02-27,15.299999886,64.460001854,-36.91976262880236,-278.59403026800004,27.239333333333335,0.0,-0.42,-0.24999999999999997,0
2025-02-28,2025-02-28,15.599999886,64.320001854,-37.05976262880236,-280.553248608,27.468,0.0,-0.42,-0.24999999999999997,0
2025-03-03,2025-03-03,15.619999886,61.880001834,-6.135966622817207,-288.950005208,27.91866666666667,0.0,-0.45,-0.24000000000000002,0
2025-03-04,2025-03-04,16.299999906,61.460001874,-6.555966582817206,-291.30635888800003,27.965333333333334,0.0,-0.45,-0.24000000000000002,0
2025-03-05,2025-03-05,18.939999706000002,64.100001674,-3.9159667828172076,-289.840735008,28.07633333333333,0.0,-0.45,-0.24000000000000002,0
2025-03-06,2025-03-06,20.099999724,63.600001772,-4.4159666848172066,-292.19030877,28.280000000000005,0.0,-0.45,-0.24000000000000002,0
2025-03-07,2025-03-07,20.579999744000002,63.800001791999996,-4.215966664817209,-293.28685599,28.358666666666668,0.0,-0.45,-0.24000000000000002,0
2025-03-10,2025-03-10,22.399999694,61.800001682,-6.215966774817204,-298.28674948,28.464333333333332,0.0,-0.45,-0.24000000000000002,0
2025-03-11,2025-03-11,22.499999694,52.200001462,-15.815966994817202,-311.04594960000003,28.682000000000002,0.0,-0.45,-0.24000000000000002,0
2025-03-12,2025-03-12,23.479999694,51.280001642,-16.735966814817203,-314.60328508000003,28.871333333333332,0.0,-0.45,-0.24000000000000002,0
2025-03-13,2025-03-13,20.159999894000002,47.300001622,-20.715966834817202,-321.17307766000005,29.00766666666667,0.0,-0.45,-0.24000000000000002,0
2025-03-14,2025-03-14,18.779999866,45.620001542,-22.39596691481721,-325.23393604000006,29.122666666666667,0.0,-0.45,-0.24000000000000002,0
2025-03-17,2025-03-17,19.799999877999998,36.279999942,-31.735968514817202,-342.54967858000003,29.279,0.0,-0.45,-0.24000000000000002,0
2025-03-18,2025-03-18,19.179999878,36.119999934,-31.895968522817206,-344.563728848,29.24566666666667,0.0,-0.45,-0.24000000000000002,0
2025-03-19,2025-03-19,19.119999877999998,36.119999934,-31.895968522817206,-345.90472246800005,29.177,0.0,-0.45,-0.24000000000000002,0
2025-03-20,2025-03-20,17.019999878,36.119999934,-31.895968522817206,-347.146057368,29.105000000000004,0.0,-0.45,-0.24000000000000002,0
2025-03-21,2025-03-21,16.019999878,36.119999934,-31.895968522817206,-348.75883382800004,29.117666666666665,0.0,-0.45,-0.24000000000000002,0
2025-03-24,2025-03-24,14.559999838000001,34.619999934,-33.395968522817206,-359.66850911800003,29.306,0.0,-0.45,-0.24000000000000002,0
2025-03-25,2025-03-25,13.419999818,31.279999754,-36.7359687028172,-366.445146678,29.500999999999998,0.0,-0.45,-0.24000000000000002,0
2025-03-26,2025-03-26,12.059999828,30.739999754000003,-37.2759687028172,-369.61907549800003,29.724333333333334,0.0,-0.45,-0.24000000000000002,0
2025-03-27,2025-03-27,12.039999828000001,29.479999754,-38.5359687028172,-372.97686083800005,29.891000000000002,0.0,-0.45,-0.24000000000000002,0
2025-03-28,2025-03-28,14.519999788,31.879999704,-36.135968752817206,-371.758929928,30.04866666666667,0.0,-0.45,-0.24000000000000002,0
2025-03-31,2025-03-31,16.299999818,34.039999714000004,-33.9759687428172,-375.617263778,29.981333333333335,0.0,-0.45,-0.24000000000000002,0
2025-04-01,2025-04-01,16.419999818,33.579999713999996,-76.86716772270557,-377.422272338,29.866666666666667,0.0,-0.24,0.06,0
2025-04-02,2025-04-02,21.639999818,38.579999714,-71.86716772270557,-374.065510458,29.720000000000002,0.0,-0.24,0.06,0
2025-04-03,2025-04-03,20.979999797999998,38.559999714,-71.88716772270557,-376.578664086,29.682000000000002,0.0,-0.24,0.06,0
2025-04-04,2025-04-04,18.499999998,38.619999714,-71.82716772270557,-378.332364146,29.67033333333334,0.0,-0.24,0.06,0
2025-04-07,2025-04-07,17.75999998,39.519999734,-70.92716770270556,-382.304791426,29.946,0.0,-0.24,0.06,0
2025-04-08,2025-04-08,17.96000004,41.159999734,-69.28716770270557,-381.81491338600006,30.137999999999998,0.0,-0.24,0.06,0
2025-04-09,2025-04-09,19.699999990000002,43.279999694000004,-67.16716774270557,-380.540139306,30.309,0.0,-0.24,0.06,0
2025-04-10,2025-04-10,22.95999999,46.639999694000004,-63.807167742705566,-377.324063506,30.302666666666667,0.0,-0.24,0.06,0
2025-04-11,2025-04-11,23.22000001,47.939999714,-62.50716772270557,-377.558788506,30.330333333333332,0.0,-0.24,0.06,0
2025-04-14,2025-04-14,31.02000025,54.759999944,-55.68716749270557,-374.347519936,30.263333333333335,0.0,-0.24,0.06,0
2025-04-15,2025-04-15,30.08000023,55.699999924000004,-54.747167512705566,-375.274328996,30.273000000000003,0.0,-0.24,0.06,0
2025-04-16,2025-04-16,31.94000021,58.71999992400001,-51.72716751270556,-373.599619556,30.372,0.0,-0.24,0.06,0
2025-04-17,2025-04-17,33.80000014,60.599999854,-49.847167582705566,-371.79036476600004,30.457333333333334,0.0,-0.24,0.06,0
2025-04-18,2025-04-18,37.28000052,64.060000234,-46.38716720270557,-369.254489346,30.63266666666667,0.0,-0.24,0.06,0
2025-04-21,2025-04-21,39.48000055,66.260000264,-44.18716717270557,-370.450995936,31.182666666666666,1.0,-0.24,0.06,0
2025-04-22,2025-04-22,40.000000549999996,66.780000264,-43.667167172705575,-370.926033096,31.295333333333335,1.0,-0.24,0.06,0
2025-04-23,2025-04-23,41.580000569999996,68.360000284,-42.087167152705575,-369.75624987599997,31.300333333333334,1.0,-0.24,0.06,0
2025-04-24,2025-04-24,45.52000072,72.300000434,-38.14716700270557,-365.799414566,31.30166666666667,1.0,-0.24,0.06,0
2025-04-25,2025-04-25,56.38000136000001,83.140001074,-27.307166362705573,-354.702655486,31.245333333333335,1.0,-0.24,0.06,0
2025-04-28,2025-04-28,56.340001459999996,86.520001134,-23.927166302705572,-354.09407854600005,31.234666666666666,1.0,-0.24,0.06,0
2025-04-29,2025-04-29,55.10000143,86.520001134,-23.927166302705572,-355.621565326,31.29733333333333,1.0,-0.24,0.06,0
2025-04-30,2025-04-30,55.000001450000006,86.900001154,-23.547166282705575,-357.085482626,31.441333333333333,1.0,-0.24,0.06,0
2025-05-01,2025-05-01,58.02000145,90.040001154,-169.95946229688712,-354.72059370600005,31.562,1.0,-0.06,0.36,0
2025-05-02,2025-05-02,58.260001849999995,95.52000155399999,-164.47946189688713,-349.264377686,31.69066666666667,1.0,-0.06,0.36,0
2025-05-05,2025-05-05,80.98000269,118.780002394,-141.2194610568871,-324.530294706,31.609666666666666,1.0,-0.06,0.36,0
2025-05-06,2025-05-06,87.38000260999999,125.72000233399999,-134.27946111688712,-317.615405266,31.560999999999996,1.0,-0.06,0.36,0
2025-05-07,2025-05-07,94.66000273,133.000002454,-126.99946099688711,-309.416023986,31.480333333333338,1.0,-0.06,0.36,0
2025-05-08,2025-05-08,97.44000293799999,137.420002662,-122.5794607888871,-304.96900017800004,31.430000000000003,1.0,-0.06,0.36,0
2025-05-09,2025-05-09,101.00000303799999,143.100002722,-116.8994607288871,-299.232121898,31.36366666666667,1.0,-0.06,0.36,0
2025-05-12,2025-05-12,126.640003838,171.400003742,-88.59945970888711,-271.70478615800005,31.23033333333333,1.0,-0.06,0.36,0
2025-05-13,2025-05-13,131.340003958,176.520003874,-83.47945957688711,-265.80271044600005,31.155666666666665,1.0,-0.06,0.36,0
2025-05-14,2025-05-14,139.420004358,188.280004474,-71.7194589768871,-253.540850846,31.08233333333333,1.0,-0.06,0.36,0
2025-05-15,2025-05-15,143.040004278,192.480004366,-67.5194590848871,-248.74688587400001,31.012,1.0,-0.06,0.36,0
2025-05-16,2025-05-16,146.740004618,198.480004706,-61.51945874488712,-242.569176594,30.958666666666666,1.0,-0.06,0.36,0
2025-05-19,2025-05-19,155.480004108,211.680004526,-48.3194589248871,-228.50120447400002,30.783666666666665,1.0,-0.06,0.36,0
2025-05-20,2025-05-20,162.580003968,217.86000438599999,-42.13945906488712,-222.56989931400003,30.663000000000004,1.0,-0.06,0.36,0
2025-05-21,2025-05-21,177.300004158,232.06000454600002,-27.93945890488709,-207.81372399400001,30.54366666666667,0.0,-0.06,0.36,0
2025-05-22,2025-05-22,191.700003358,246.40000374599998,-13.599459704887124,-192.77606241400002,30.423,0.0,-0.06,0.36,0
2025-05-23,2025-05-23,202.32000381799998,258.460004226,-1.5394592248870822,-180.548300374,30.316666666666666,0.0,-0.06,0.36,0
2025-05-26,2025-05-26,207.160002768,278.540003996,18.54054054511289,-162.015082204,30.077333333333335,0.0,-0.06,0.36,0
2025-05-27,2025-05-27,217.66000306799998,288.980004296,28.9805408451129,-152.039792104,30.031333333333333,0.0,-0.06,0.36,0
2025-05-28,2025-05-28,229.340003368,300.560004616,40.56054116511291,-139.061727904,29.894333333333336,0.0,-0.06,0.36,0
2025-05-29,2025-05-29,240.780002768,311.700004016,51.700540565112874,-125.79132174400002,29.713000000000005,0.0,-0.06,0.36,0
2025-05-30,2025-05-30,245.640003028,316.940004296,56.94054084511288,-118.01075318400002,29.499333333333333,0.0,-0.06,0.36,0
2025-06-02,2025-06-02,242.060002916,330.160004884,-116.03888471840003,-100.43642493600001,29.06566666666667,0.0,0.02,0.47000000000000003,0
2025-06-03,2025-06-03,239.640002756,334.74000544399996,-111.45888415840005,-94.66184225600001,28.939000000000004,0.0,0.02,0.47000000000000003,0
2025-06-04,2025-06-04,244.980002916,343.66000558599995,-102.53888401640006,-84.44368869400002,28.859666666666666,0.0,0.02,0.47000000000000003,0
2025-06-05,2025-06-05,242.160002956,347.300005546,-98.8988840564,-79.97098445400002,28.766000000000002,0.0,0.02,0.47000000000000003,0
2025-06-06,2025-06-06,244.680002496,357.100005206,-89.09888439640002,-68.42541669400002,28.708666666666666,0.0,0.02,0.47000000000000003,0
2025-06-09,2025-06-09,248.860002208,376.180005596,-70.01888400640001,-47.85622618400001,28.39466666666667,0.0,0.02,0.47000000000000003,0
2025-06-10,2025-06-10,251.240002328,387.800005716,-58.39888388640003,-33.92741794400001,28.241,0.0,0.02,0.47000000000000003,0
2025-06-11,2025-06-11,262.480000868,413.720004716,-32.47888488640001,-3.828039938000007,28.037333333333333,0.0,0.02,0.47000000000000003,0
2025-06-12,2025-06-12,283.620000308,441.360004316,-4.8388852864,28.34012854199999,27.844333333333335,0.0,0.02,0.47000000000000003,0
2025-06-13,2025-06-13,285.860000688,456.300005296,10.10111569359998,46.15248462199999,27.683333333333337,0.0,0.02,0.47000000000000003,0
2025-06-16,2025-06-16,281.320000768,465.780005556,19.581115953599976,58.839674501999994,27.543,0.0,0.02,0.47000000000000003,0
2025-06-17,2025-06-17,290.380001568,476.320006356,30.121116753600006,69.63117122199999,27.50133333333333,0.0,0.02,0.47000000000000003,0
2025-06-18,2025-06-18,294.080001368,488.740006016,42.54111641359998,82.94256360199998,27.452999999999996,0.0,0.02,0.47000000000000003,0
2025-06-19,2025-06-19,291.72000138799996,493.560005896,47.36111629359999,88.76412470199999,27.396333333333335,0.0,0.02,0.47000000000000003,0
2025-06-20,2025-06-20,288.66000118799997,505.440005896,59.24111629359999,102.19406138199999,27.355666666666664,0.0,0.02,0.47000000000000003,0
2025-06-23,2025-06-23,279.90000152799996,529.400005856,83.20111625359999,132.788891882,27.195666666666668,0.0,0.02,0.47000000000000003,0
2025-06-24,2025-06-24,279.760002288,538.640006536,92.44111693359997,143.700034922,27.161333333333335,0.0,0.02,0.47000000000000003,0
2025-06-25,2025-06-25,280.040002368,546.540006536,100.34111693359995,153.23026244199997,27.059666666666665,0.0,0.02,0.47000000000000003,0
2025-06-26,2025-06-26,282.580001968,557.0400064759999,110.8411168735999,164.86704754199997,26.94266666666667,0.0,0.02,0.47000000000000003,0
2025-06-27,2025-06-27,282.40000190800004,568.080006736,121.88111713359996,177.64438718199997,26.867666666666665,0.0,0.02,0.47000000000000003,0
2025-06-30,2025-06-30,278.860002048,584.7200067260001,138.52111712360005,197.56383271199996,26.82033333333333,0.0,0.02,0.47000000000000003,0
2025-07-01,2025-07-01,287.02000183999996,589.720006546,-18.479617785317146,203.61437873199998,26.79866666666667,0.0,-0.02,0.22,0
2025-07-02,2025-07-02,297.60000146000004,606.7800065460001,-1.4196177853170866,222.834852052,26.809,0.0,-0.02,0.22,0
2025-07-03,2025-07-03,302.06000099,618.300006436,10.100382104682808,236.64083280199998,26.779,0.0,-0.02,0.22,0
2025-07-04,2025-07-04,296.52000123,622.4800068359999,14.280382504682734,242.507382982,26.724666666666668,0.0,-0.02,0.22,0
2025-07-07,2025-07-07,301.580002218,647.340007464,39.140383132682814,273.96415322999997,26.58833333333333,0.0,-0.02,0.22,0
2025-07-08,2025-07-08,297.96000251799995,648.600007724,40.400383392682784,277.02609909,26.568666666666665,0.0,-0.02,0.22,0
2025-07-09,2025-07-09,303.140002618,656.360008224,48.16038389268283,285.32075309,26.558333333333334,0.0,-0.02,0.22,0
2025-07-10,2025-07-10,295.30000227799997,659.880007984,51.68038365268285,290.39383233,26.592333333333332,0.0,-0.02,0.22,0
2025-07-11,2025-07-11,276.560003458,665.680008164,57.48038383268283,297.61714758999995,26.697333333333336,0.0,-0.02,0.22,0
2025-07-14,2025-07-14,254.78000249800002,684.080007824,75.88038349268277,319.68919595,26.992666666666665,0.0,-0.02,0.22,0
2025-07-15,2025-07-15,256.820002318,686.780007784,78.58038345268278,323.85310456999997,26.938666666666666,0.0,-0.02,0.22,0
2025-07-16,2025-07-16,259.060002198,691.040007614,82.84038328268286,328.69888968,26.858333333333334,0.0,-0.02,0.22,0
2025-07-17,2025-07-17,255.900001298,694.940007134,86.7403828026828,334.15706178,26.781333333333336,0.0,-0.02,0.22,0
2025-07-18,2025-07-18,254.08000133800002,703.640006814,95.44038248268282,344.79862678,26.698666666666668,0.0,-0.02,0.22,0
2025-07-21,2025-07-21,261.260001178,738.980006784,130.78038245268283,388.77972086999995,26.400666666666666,0.0,-0.02,0.22,0
2025-07-22,2025-07-22,265.780002238,750.0000074239999,141.80038309268275,401.78171375,26.360333333333337,0.0,-0.02,0.22,0
2025-07-23,2025-07-23,275.500002138,759.380007274,151.18038294268285,412.37837874,26.339,0.0,-0.02,0.22,0
2025-07-24,2025-07-24,276.760002198,759.020007374,150.8203830426828,413.2106053,26.291666666666668,0.0,-0.02,0.22,0
2025-07-25,2025-07-25,274.380002178,761.580007314,153.38038298268282,417.98235103999997,26.262999999999998,0.0,-0.02,0.22,0
2025-07-28,2025-07-28,280.04000257800004,797.080007934,188.88038360268285,462.67899866,26.177333333333333,0.0,-0.02,0.22,0
2025-07-29,2025-07-29,287.200003438,808.200008514,200.00038418268286,476.82553976,26.159,0.0,-0.02,0.22,0
2025-07-30,2025-07-30,288.420003178,815.1200084540001,206.9203841226829,485.66965646,26.152,0.0,-0.02,0.22,0
2025-07-31,2025-07-31,284.88000295800003,816.340007654,208.14038332268285,488.00983124,26.167000000000005,0.0,-0.02,0.22,0
2025-08-01,2025-08-01,270.22000281799995,809.880007194,97.85436093498924,481.60567752,26.218000000000004,0.0,-0.04,0.019999999999999997,0
2025-08-04,2025-08-04,252.18000266800001,795.7400066939999,83.7143604349892,467.67625372,26.469333333333335,0.0,-0.04,0.019999999999999997,0
2025-08-05,2025-08-05,246.280002688,791.780006822,79.75436056298929,463.286201748,26.541,0.0,-0.04,0.019999999999999997,0
2025-08-06,2025-08-06,241.120002008,791.020006534,78.99436027498928,462.56806162,26.603,0.0,-0.04,0.019999999999999997,0
2025-08-07,2025-08-07,241.640001848,789.2400065339999,77.21436027498919,461.09191906,26.685,0.0,-0.04,0.019999999999999997,0
2025-08-08,2025-08-08,235.980001368,787.980006194,75.95435993498927,459.51872612,26.764000000000003,0.0,-0.04,0.019999999999999997,0
2025-08-11,2025-08-11,239.540001128,776.3400052540001,64.31435899498933,447.50397019999997,26.914666666666665,0.0,-0.04,0.019999999999999997,0
2025-08-12,2025-08-12,244.080001708,776.8000049540001,64.77435869498936,447.7511578,26.93466666666667,0.0,-0.04,0.019999999999999997,0
2025-08-13,2025-08-13,243.060001908,784.100005454,72.07435919498926,455.38823754,26.925,0.0,-0.04,0.019999999999999997,0
2025-08-14,2025-08-14,250.000001748,790.0400049140001,78.01435865498934,461.88615108,26.951,0.0,-0.04,0.019999999999999997,0
2025-08-15,2025-08-15,253.140002328,793.520005294,81.49435903498932,466.08531738,26.966333333333335,0.0,-0.04,0.019999999999999997,0
2025-08-18,2025-08-18,266.320003248,813.720006514,101.6943602549893,490.77384302,26.929,0.0,-0.04,0.019999999999999997,0
2025-08-19,2025-08-19,254.200002268,801.620006194,89.59435993498926,479.27782304,26.994666666666667,0.0,-0.04,0.019999999999999997,0
2025-08-20,2025-08-20,246.560003328,793.840006754,81.81436049498927,471.07403681999995,27.112000000000002,0.0,-0.04,0.019999999999999997,0
2025-08-21,2025-08-21,242.360002848,790.040006454,78.01436019498931,468.4490117,27.110999999999997,0.0,-0.04,0.019999999999999997,0
2025-08-22,2025-08-22,231.860002908,787.2600065739999,75.2343603149892,465.70243028,27.12633333333333,0.0,-0.04,0.019999999999999997,0
2025-08-25,2025-08-25,231.78000184799998,791.600005694,79.57435943498922,473.88209079999996,27.136,0.0,-0.04,0.019999999999999997,0
2025-08-26,2025-08-26,231.620000268,791.640004934,79.61435867498926,474.26575239999994,27.167333333333335,0.0,-0.04,0.019999999999999997,0
2025-08-27,2025-08-27,233.30000036799998,789.600005534,77.57435927498932,472.09618018000003,27.142666666666667,0.0,-0.04,0.019999999999999997,0
2025-08-28,2025-08-28,231.599999988,794.160005474,82.13435921498922,476.47867823999997,27.131666666666664,0.0,-0.04,0.019999999999999997,0
2025-08-29,2025-08-29,235.559998928,802.840004154,90.81435789498926,485.93737983999995,27.103333333333335,0.0,-0.04,0.019999999999999997,0
2025-09-01,2025-09-01,272.359999268,835.560003186,56.77066942349438,519.340612952,26.949333333333335,0.0,-0.14,-0.16,0
2025-09-02,2025-09-02,290.740000368,846.440004026,67.65067026349436,531.4756222719999,26.87,0.0,-0.14,-0.16,0
2025-09-03,2025-09-03,303.920000708,857.5000044459999,78.7106706834943,543.262171892,26.811999999999998,0.0,-0.14,-0.16,0
2025-09-04,2025-09-04,306.92000028,854.0200046059999,75.2306708434943,539.337012072,26.78233333333333,0.0,-0.14,-0.16,0
2025-09-05,2025-09-05,316.16000055999996,858.860004786,80.07067102349436,544.465141892,26.734333333333332,0.0,-0.14,-0.16,0
2025-09-08,2025-09-08,344.57999878,877.700002606,98.91066884349436,563.677830492,26.488999999999997,0.0,-0.14,-0.16,0
2025-09-09,2025-09-09,342.2799991,858.920003666,80.13066990349432,542.9789006459999,26.426666666666666,0.0,-0.14,-0.16,0
2025-09-10,2025-09-10,346.1799984,838.900003346,60.110669583494314,520.4454982059999,26.407,0.0,-0.14,-0.16,0
2025-09-11,2025-09-11,339.61999815999997,830.560002426,51.77066866349435,510.672319426,26.416666666666668,0.0,-0.14,-0.16,0
2025-09-12,2025-09-12,328.93999773999997,826.7800021459999,47.99066838349427,506.318434426,26.442333333333334,0.0,-0.14,-0.16,0
2025-09-15,2025-09-15,327.79999798,846.3000019059999,67.51066814349429,527.335050066,26.523666666666664,0.0,-0.14,-0.16,0
2025-09-16,2025-09-16,320.19999726000003,839.9800021259999,61.1906683634943,521.291533906,26.578333333333333,0.0,-0.14,-0.16,0
2025-09-17,2025-09-17,325.57999746,847.580002586,68.79066882349434,530.108737666,26.583666666666666,0.0,-0.14,-0.16,0
2025-09-18,2025-09-18,342.43999698,855.400001986,76.61066822349437,538.6949056660001,26.57633333333333,0.0,-0.14,-0.16,0
2025-09-19,2025-09-19,344.83999802,852.6600025260001,73.87066876349445,536.896207506,26.48966666666667,0.0,-0.14,-0.16,0
2025-09-22,2025-09-22,369.95999724,874.6600016460001,95.87066788349443,561.1336769459999,26.46333333333333,0.0,-0.14,-0.16,0
2025-09-23,2025-09-23,375.71999864,885.620002846,106.8306690834944,573.168747226,26.43766666666666,0.0,-0.14,-0.16,0
2025-09-24,2025-09-24,370.63999942,879.660003146,100.87066938349437,567.714552766,26.442,0.0,-0.14,-0.16,0
2025-09-25,2025-09-25,373.53999946,882.780002486,103.99066872349431,572.150312026,26.41633333333333,0.0,-0.14,-0.16,0
2025-09-26,2025-09-26,386.37999845999997,899.7200014059999,120.9306676434943,590.6090919459999,26.384333333333334,0.0,-0.14,-0.16,0
2025-09-29,2025-09-29,392.4400001,921.000002386,142.21066862349437,616.1015753539999,26.322666666666667,0.0,-0.14,-0.16,0
2025-09-30,2025-09-30,388.55999992,909.500002606,130.71066884349432,604.433490894,26.289,0.0,-0.14,-0.16,0
2025-10-01,2025-10-01,365.46000056,898.960002756,85.65575645842478,592.8887300639999,26.342666666666666,0.0,-0.28,-0.26,0
2025-10-02,2025-10-02,345.09999957,895.0200023660001,81.71575606842487,588.219154334,26.427333333333333,0.0,-0.28,-0.26,0
2025-10-03,2025-10-03,334.37999921,890.480002586,77.17575628842474,582.587677234,26.454,0.0,-0.28,-0.26,0
2025-10-06,2025-10-06,322.21999869,888.6400012580001,75.33575496042488,581.4781698859999,26.341666666666665,0.0,-0.28,-0.26,0
2025-10-07,2025-10-07,307.32000063000004,883.860000698,70.5557544004248,576.597428946,26.425666666666665,0.0,-0.28,-0.26,0
2025-10-08,2025-10-08,297.86000063,880.260000958,66.95575466042476,572.376773666,26.478666666666665,0.0,-0.28,-0.26,0
2025-10-09,2025-10-09,300.70000057,883.060000778,69.7557544804248,575.336541506,26.48166666666667,0.0,-0.28,-0.26,0
2025-10-10,2025-10-10,305.84000129000003,891.5600008179999,78.25575452042472,584.970449546,26.449,0.0,-0.28,-0.26,0
2025-10-13,2025-10-13,320.12000263000004,893.760002298,80.4557560004248,588.5062392460001,26.291333333333334,0.0,-0.28,-0.26,0
2025-10-14,2025-10-14,315.62000265,896.080003158,82.77575686042474,590.895029186,26.279999999999998,0.0,-0.28,-0.26,0
2025-10-15,2025-10-15,301.26000265000005,891.660003258,78.35575696042474,585.669632266,26.301000000000002,0.0,-0.28,-0.26,0
2025-10-16,2025-10-16,295.64000276999997,881.540003558,68.23575726042475,575.1940040659999,26.310333333333336,0.0,-0.28,-0.26,0
2025-10-17,2025-10-17,284.32000238999996,876.220003098,62.91575680042479,568.868526966,26.396333333333335,0.0,-0.28,-0.26,0
2025-10-20,2025-10-20,263.06000211,845.320002798,32.0157565004248,535.571174286,26.490333333333336,0.0,-0.28,-0.26,0
2025-10-21,2025-10-21,254.56000221,836.2800027979999,22.975756500424723,527.099602366,26.511666666666667,0.0,-0.28,-0.26,0
2025-10-22,2025-10-22,228.64000264999999,826.540002098,13.235755800424727,516.527438746,26.608,0.0,-0.28,-0.26,0
2025-10-23,2025-10-23,215.420001398,826.660002066,13.355755768424729,515.227726374,26.74966666666667,0.0,-0.28,-0.26,0
2025-10-24,2025-10-24,209.700001198,812.120002466,-1.1842438315752588,500.401986674,26.760666666666665,0.0,-0.28,-0.26,0
2025-10-27,2025-10-27,211.020001838,836.120001266,22.815754968424812,527.856070834,26.755333333333336,0.0,-0.28,-0.26,0
2025-10-28,2025-10-28,215.42000263800003,845.940001326,32.635755028424796,538.7867096939999,26.815333333333335,0.0,-0.28,-0.26,0
2025-10-29,2025-10-29,222.66000049800002,858.7799999260001,45.475753628424854,553.532002754,26.814666666666668,0.0,-0.28,-0.26,0
2025-10-30,2025-10-30,227.880000558,867.1600003460001,53.85575404842484,563.578629794,26.792666666666666,0.0,-0.28,-0.26,0
2025-10-31,2025-10-31,240.160000918,877.9800007460001,64.67575444842487,575.631204394,26.741,0.0,-0.28,-0.26,0
2025-11-03,2025-11-03,271.12000186800003,920.8400011379999,230.05739199724997,625.1434723660001,26.52,0.0,-0.4,-0.36000000000000004,0
2025-11-04,2025-11-04,274.100001868,924.380001298,233.59739215725006,630.0644737060001,26.566666666666666,0.0,-0.4,-0.36000000000000004,0
2025-11-05,2025-11-05,277.020001708,924.0200011180001,233.23739197725013,630.766071226,26.583000000000002,0.0,-0.4,-0.36000000000000004,0
2025-11-06,2025-11-06,337.580001368,985.460000698,294.6773915572501,695.441744246,26.428333333333335,0.0,-0.4,-0.36000000000000004,0
2025-11-07,2025-11-07,358.440000628,1000.8800000379999,310.09739089724997,711.196957506,26.387666666666668,0.0,-0.4,-0.36000000000000004,0
2025-11-10,2025-11-10,333.060000172,979.660000042,288.87739090125,691.1870194300001,26.554,0.0,-0.4,-0.36000000000000004,0
2025-11-11,2025-11-11,325.09999939200003,970.719999402,279.93739026125,682.77541889,26.59433333333333,0.0,-0.4,-0.36000000000000004,0
2025-11-12,2025-11-12,315.359999072,959.119999622,268.33739048125005,671.29162831,26.610333333333333,0.0,-0.4,-0.36000000000000004,0
2025-11-13,2025-11-13,306.959998452,949.899999282,259.11739014125,661.65828499,26.605999999999998,0.0,-0.4,-0.36000000000000004,0
2025-11-14,2025-11-14,303.999998452,933.059999082,242.27738994125002,643.50239073,26.50766666666667,0.0,-0.4,-0.36000000000000004,0
2025-11-17,2025-11-17,322.319999262,932.639999242,241.85739010125008,645.41320115,26.221,0.0,-0.4,-0.36000000000000004,0
2025-11-18,2025-11-18,325.959999062,933.2599992820001,242.4773901412501,648.02159191,26.108,0.0,-0.4,-0.36000000000000004,0
2025-11-19,2025-11-19,367.03999855200004,969.999998502,279.21738936125007,685.72663471,25.999333333333333,0.0,-0.4,-0.36000000000000004,0
2025-11-20,2025-11-20,374.35999875199997,978.779998642,287.99738950125004,696.389242838,25.855,0.0,-0.4,-0.36000000000000004,0
2025-11-21,2025-11-21,376.87999922,975.47999911,284.69738996925,693.820157566,25.713,0.0,-0.4,-0.36000000000000004,0
2025-11-24,2025-11-24,363.19999894800003,940.2000002460001,249.4173911052501,658.104153742,25.626666666666665,0.0,-0.4,-0.36000000000000004,0
2025-11-25,2025-11-25,351.479998748,930.820000246,240.03739110524998,648.374317602,25.573,0.0,-0.4,-0.36000000000000004,0
2025-11-26,2025-11-26,316.499998748,921.020000026,230.23739088525008,638.1145576419999,25.555,0.0,-0.4,-0.36000000000000004,0
2025-11-27,2025-11-27,296.619998748,907.000001146,216.21739200525008,623.442354802,25.471666666666668,0.0,-0.4,-0.36000000000000004,0
2025-11-28,2025-11-28,277.320000548,892.420001146,201.63739200525004,608.617885442,25.38533333333333,0.0,-0.4,-0.36000000000000004,0
2025-12-01,2025-12-01,248.579999978,847.280000656,375.6562383495645,564.661276412,25.428333333333335,0.0,-0.51,-0.37,-1
2025-12-02,2025-12-02,226.380000098,834.6600003760001,363.0362380695646,551.9230191319999,25.52333333333333,0.0,-0.51,-0.37,-1
2025-12-03,2025-12-03,221.179999518,835.100000376,363.47623806956454,554.002746632,25.464,0.0,-0.51,-0.37,-1
2025-12-04,2025-12-04,214.959999466,823.1800002040001,351.5562378975646,542.04920478,25.430999999999997,0.0,-0.51,-0.37,-1
2025-12-05,2025-12-05,211.419999586,810.659999984,339.03623767756454,528.85506738,25.38266666666667,0.0,-0.51,-0.37,-1
2025-12-08,2025-12-08,120.960000678,771.6000018840001,299.9762395775646,486.87809182,25.247,0.0,-0.51,-0.37,-1
2025-12-09,2025-12-09,118.40000069,764.1600026240001,292.5362403175646,479.9620956,25.108666666666668,0.0,-0.51,-0.37,-1
2025-12-10,2025-12-10,119.900000602,759.940002484,288.31624017756457,477.15366992,25.008333333333333,0.0,-0.51,-0.37,-1
2025-12-11,2025-12-11,116.960000842,758.740002504,287.11624019756454,476.65528822,24.987666666666666,0.0,-0.51,-0.37,-1
2025-12-12,2025-12-12,115.940000822,751.4200025240001,279.7962402175646,469.61805114000003,24.956666666666667,0.0,-0.51,-0.37,-1
2025-12-15,2025-12-15,115.92000082199999,715.100002044,243.47623973756453,433.23567012,24.936333333333334,0.0,-0.51,-0.37,-1
2025-12-16,2025-12-16,98.260000222,702.680001704,231.05623939756453,420.12156268,25.066,0.0,-0.51,-0.37,-1
2025-12-17,2025-12-17,93.54000005200001,683.740002314,212.1162400075645,400.69831759000004,25.112333333333332,0.0,-0.51,-0.37,-1
2025-12-18,2025-12-18,85.78000025200001,674.200001514,202.57623920756447,390.32082051,25.163,0.0,-0.51,-0.37,-1
2025-12-19,2025-12-19,41.200000852,671.3000015140001,199.6762392075646,387.54468115000003,25.284,0.0,-0.51,-0.37,-1
2025-12-22,2025-12-22,25.620000236,613.860000814,142.23623850756456,326.08602059,25.662333333333333,0.0,-0.51,-0.37,-1
2025-12-23,2025-12-23,25.220000228,606.800000614,135.17623830756457,318.01856287,25.70566666666667,0.0,-0.51,-0.37,-1
2025-12-24,2025-12-24,25.660000258000004,592.320001044,120.69623873756456,302.78060186,25.723333333333336,0.0,-0.51,-0.37,-1
2025-12-25,2025-12-25,27.260000218,571.7000020040001,100.07623969756463,281.07412118,25.801,0.0,-0.51,-0.37,-1
2025-12-26,2025-12-26,27.260000218,554.7800008040001,83.15623849756463,262.75347022,25.814666666666664,0.0,-0.51,-0.37,-1
2025-12-29,2025-12-29,25.920000218,521.600001044,49.97623873756453,225.271039472,26.030333333333335,0.0,-0.51,-0.37,-1
2025-12-30,2025-12-30,23.720000258,520.460001004,48.83623869756451,224.422557272,26.009666666666668,0.0,-0.51,-0.37,-1
2025-12-31,2025-12-31,17.679999908,519.860000994,48.23623868756448,224.17637876199998,25.976999999999997,0.0,-0.51,-0.37,-1
